mbid,name,mb_type,area,begin_area,life_begin,score,query_area,fetched_at,is_colorado
465167d6-c5aa-41b6-baf8-b9a05fbc7f52,Curtis Schweitzer,Person,Colorado,,,100,area:Colorado,2026-09-16T02:02:40.586573+00:00,1
bab2a9be-2ac1-47bc-b110-d0a658ab98fa,asukrai,Person,Colorado,,,98,area:Colorado,2026-09-16T02:02:40.586573+00:00,1
243755cf-9327-44ca-b526-b68d28f01fe3,Paul McCusker,Person,Colorado,Uniontown,1958-10-03,97,area:Colorado,2026-09-16T02:02:40.586573+00:00,1
3b8996d9-499c-4a05-abdb-2170cd8b736e,Vic Dillahay,Person,Colorado,Scottsbluff,1979-11-04,96,area:Colorado,2026-09-16T02:02:40.586573+00:00,1
7eab3636-df6c-4c4c-9a7f-532c91e8e669,young scrolls,Person,Colorado Springs,,,94,area:Colorado,2026-09-16T02:02:40.586573+00:00,1
fb13c1b2-7962-45b0-9d57-0be39398ce1b,Richy Mitch & The Coal Miners,Group,Colorado Springs,Colorado Springs,2015,93,area:Colorado,2026-09-16T02:02:40.586573+00:00,1
1ad5aa2d-b66d-4da5-a937-3cccfa053a84,Cheshyre,Person,Colorado Springs,Colorado Springs,,93,area:Colorado,2026-09-16T02:02:40.586573+00:00,1
e56b914a-dfde-4d31-af77-a39e2bf31239,Kakofonous A. Dischord,Person,Colorado,,,92,area:Colorado,2026-09-16T02:02:40.586573+00:00,1
37f3f6d7-130b-4e61-9009-f00608c21552,Night Beds,Group,Colorado Springs,,,92,area:Colorado,2026-09-16T02:02:40.586573+00:00,1
ad96ea85-40a5-448c-adf8-9b71984d6bae,Titan Force,Group,Colorado Springs,Colorado Springs,1983,91,area:Colorado,2026-09-16T02:02:40.586573+00:00,1
a1beaa07-9dad-4d7d-99a8-40fdd2fe3e04,Fragile Silhouette,Group,Colorado Springs,,,91,area:Colorado,2026-09-16T02:02:40.586573+00:00,1
086b40fb-b6ab-489b-8192-547387b19311,Cat Boy Sound,Person,Colorado,,,91,area:Colorado,2026-09-16T02:02:40.586573+00:00,1
cfa42933-9407-4993-8494-eb2d1d713b60,Intergalactic Funk Cowboy,Group,Colorado,,,90,area:Colorado,2026-09-16T02:02:40.586573+00:00,1
a676bb4b-76b2-4459-89e1-aee4ad292657,Comrades,Group,Colorado Springs,Richmond,2008,89,area:Colorado,2026-09-16T02:02:40.586573+00:00,1
0c8c508c-64df-43b7-8d43-89fa89460069,The Bluegrass Patriots,Group,Colorado,Fort Collins,1980,89,area:Colorado,2026-09-16T02:02:40.586573+00:00,1
740d1669-5622-4b62-aa63-505de4b8229f,Atlus,Person,Colorado,Denver,1992-08-07,88,area:Colorado,2026-09-16T02:02:40.586573+00:00,1
d4185b44-d2db-447c-80b0-cc1da207a19b,Crown Magnetar,Group,Colorado Springs,Colorado Springs,2017,88,area:Colorado,2026-09-16T02:02:40.586573+00:00,1
d9a7d3f6-0841-447e-88d7-7320e2e324f3,Nine Twenty Nine,Group,Colorado Springs,,,88,area:Colorado,2026-09-16T02:02:40.586573+00:00,1
9212b17d-2863-4fd5-bb4a-d29f57232bda,Nathan Ryan,Person,Colorado Springs,,,88,area:Colorado,2026-09-16T02:02:40.586573+00:00,1
0a42375e-3c37-4e25-a298-3514d1a5c71d,Brady Bouldin,Person,Colorado Springs,,,88,area:Colorado,2026-09-16T02:02:40.586573+00:00,1
f081c198-479a-4866-8ef2-a67ef2a6733c,.foundation,Person,Colorado,,,87,area:Colorado,2026-09-16T02:02:40.586573+00:00,1
f30dd6d9-b615-4073-9bc1-43fce8bd1624,Beth Quist,Person,Colorado,,,87,area:Colorado,2026-09-16T02:02:40.586573+00:00,1
e5e32e4c-0b17-4df9-9fcd-c05ef4edd975,Try Redemption,Group,Colorado Springs,,2000,87,area:Colorado,2026-09-16T02:02:40.586573+00:00,1
a20a6e7c-8697-458d-896e-f591f522be55,Ludlow,Group,Colorado,,,87,area:Colorado,2026-09-16T02:02:40.586573+00:00,1
ae040397-792c-4c0b-b96d-a49d0abcccae,False Idols,,Colorado,Colorado,,87,area:Colorado,2026-09-16T02:02:40.586573+00:00,1
022ad930-1c74-4918-ba7b-8eba5c7bae14,Scott Jackson,Person,Colorado,,,87,area:Colorado,2026-09-16T02:02:40.586573+00:00,1
98a3536a-f55d-4ce7-88ec-0649d3b0b8d6,Strung Short,Group,Colorado Springs,Colorado Springs,2018-02,87,area:Colorado,2026-09-16T02:02:40.586573+00:00,1
7ae1d39d-9a83-47ba-acd5-38600861303b,Cosmic Sans 愛,,Colorado Springs,,,87,area:Colorado,2026-09-16T02:02:40.586573+00:00,1
568e84a5-a906-4379-aaf1-fa4635b713a2,Saga of Sorrow,Group,Colorado,Colorado,2013,87,area:Colorado,2026-09-16T02:02:40.586573+00:00,1
c0cc6f09-259b-4c1d-b0fc-817655e0fddf,C Reider,Person,Colorado,,,87,area:Colorado,2026-09-16T02:02:40.586573+00:00,1
6f74d341-6b6c-423f-8615-9938a57eee83,Mouth for War,Group,Colorado Springs,Colorado Springs,,86,area:Colorado,2026-09-16T02:02:40.586573+00:00,1
e03cb420-82ee-4ecb-9174-a4ed0f74267e,Autumn Creatures,Group,Colorado Springs,,,86,area:Colorado,2026-09-16T02:02:40.586573+00:00,1
ebe5b706-6162-4583-b987-2b26d1f7d6e5,Watson & Edge,Group,Colorado Springs,,,86,area:Colorado,2026-09-16T02:02:40.586573+00:00,1
3cabcc1d-c2b3-4675-9f02-4deca058150d,Josh Blackburn,Person,Colorado,,,86,area:Colorado,2026-09-16T02:02:40.586573+00:00,1
379c2062-ed4c-4637-ad44-eae02de6d348,Dullsville,Group,Colorado Springs,,,86,area:Colorado,2026-09-16T02:02:40.586573+00:00,1
3bc870ef-50d4-4c97-afec-dc1dbdedd657,Dust Lord,Group,Colorado Springs,,,85,area:Colorado,2026-09-16T02:02:40.586573+00:00,1
c72ed198-2a5a-409a-8963-b5e141c45277,Foolish Things,Group,Colorado,,1998,85,area:Colorado,2026-09-16T02:02:40.586573+00:00,1
bb7f625d-d65f-4d4f-b983-bb341e8d37f9,Astral Construct,,Colorado Springs,,,85,area:Colorado,2026-09-16T02:02:40.586573+00:00,1
670f9402-ec96-4f46-8270-bb00ea2f8725,Minogame,Person,Colorado,,,85,area:Colorado,2026-09-16T02:02:40.586573+00:00,1
71a1c775-f0ab-44bf-afd4-0d273f033e08,Clarion Void,Group,Colorado Springs,,,85,area:Colorado,2026-09-16T02:02:40.586573+00:00,1
6f1a6ca8-60fe-43d0-98e1-86d6cf230670,Execration,Group,Colorado Springs,,2006,85,area:Colorado,2026-09-16T02:02:40.586573+00:00,1
83a4ca5b-2ea5-4bc7-b37d-5a0e61d6352b,Fogweaver,Group,Colorado,Colorado,2019,85,area:Colorado,2026-09-16T02:02:40.586573+00:00,1
9c88c3be-c2bc-43c5-aab1-835b1c621f13,† Blood W⚤lf †,Person,Colorado,,,85,area:Colorado,2026-09-16T02:02:40.586573+00:00,1
aa0f39e0-ab45-4ca3-aa41-8121d92e3e37,Grass It Up,Group,Colorado,,2004,85,area:Colorado,2026-09-16T02:02:40.586573+00:00,1
761c4f45-224e-49ff-980e-6816309f7d6a,Sean Ashe,Person,Colorado Springs,,1993,85,area:Colorado,2026-09-16T02:02:40.586573+00:00,1
e11a84f1-06ca-409c-b8b0-90ffa616017d,Giant Zero,Person,Colorado,,,85,area:Colorado,2026-09-16T02:02:40.586573+00:00,1
d6622717-12b3-491f-ab3b-2a93482ca30a,Joanna Maurer,Person,Colorado,,,85,area:Colorado,2026-09-16T02:02:40.586573+00:00,1
96159cc6-901e-4800-bec4-ee296760ccae,Randy Ludwig,Person,Colorado Springs,St. Louis,1973-08-15,85,area:Colorado,2026-09-16T02:02:40.586573+00:00,1
612ed1fe-e238-460a-941c-aab7a3462b3c,10 TO THE CHEST,Group,Colorado Springs,Colorado Springs,2022,85,area:Colorado,2026-09-16T02:02:40.586573+00:00,1
6859a7c4-85ef-4bfd-9af5-4a108c0ac9c8,Skylar Gray,Person,Colorado Springs,,1982,85,area:Colorado,2026-09-16T02:02:40.586573+00:00,1
584dcb0e-427d-444d-821a-a935a9608603,H E R B,Person,Colorado Springs,,,85,area:Colorado,2026-09-16T02:02:40.586573+00:00,1
a5b113aa-d519-443c-859c-c109ef203752,DerpyGrooves,Person,Colorado Springs,,,85,area:Colorado,2026-09-16T02:02:40.586573+00:00,1
b1cea296-8603-4d94-8a66-d6422422693c,Victoria Hansen,Person,Colorado Springs,,,85,area:Colorado,2026-09-16T02:02:40.586573+00:00,1
4e0281b9-4c39-4f69-98e8-4c1e2a833260,Roadside Therapy,Group,Colorado Springs,Colorado Springs,2014,85,area:Colorado,2026-09-16T02:02:40.586573+00:00,1
d9313214-8572-4098-9cfa-9d1ac3159692,Laura McElroy,Person,Colorado Springs,,,84,area:Colorado,2026-09-16T02:02:40.586573+00:00,1
d9688a1b-e554-4fd4-aae4-c295ca38ad16,Cycles,Group,Colorado,,2015,84,area:Colorado,2026-09-16T02:02:40.586573+00:00,1
30bed477-00e2-4765-96e6-8a3a33cdbd46,SaintCi,Person,Colorado Springs,Colorado Springs,2002-04-20,84,area:Colorado,2026-09-16T02:02:40.586573+00:00,1
98520bc5-dc1e-4d59-93ff-e773c9d110cf,Sun of Grey,Group,Colorado Springs,,,84,area:Colorado,2026-09-16T02:02:40.586573+00:00,1
47caee24-c9a3-49a2-8456-825c12bcd02d,David Khaliqi,Person,Colorado Springs,,1971-10-18,84,area:Colorado,2026-09-16T02:02:40.586573+00:00,1
927822db-763a-43d9-9159-6d168bac4b7f,Spring Creek,Group,Colorado,,,84,area:Colorado,2026-09-16T02:02:40.586573+00:00,1
a5266af2-88b6-431c-a8ec-446fea0b0b0d,Moon Bros.,Person,Colorado,,,84,area:Colorado,2026-09-16T02:02:40.586573+00:00,1
12931a23-0852-41b3-bc90-18a4149cad3e,"Blind, the Thief",Group,Colorado Springs,,,84,area:Colorado,2026-09-16T02:02:40.586573+00:00,1
b606715d-164b-4834-8949-b4e99394c7d6,Luke Hall,Person,Colorado Springs,,,84,area:Colorado,2026-09-16T02:02:40.586573+00:00,1
d01f0572-db88-4d69-84b4-a8321e891d6f,Witch Hands,,Colorado Springs,,,84,area:Colorado,2026-09-16T02:02:40.586573+00:00,1
96314f49-e3ed-4329-b48f-deba7b6706e0,Fraxriel,Person,Colorado Springs,Colorado,2002-06-27,84,area:Colorado,2026-09-16T02:02:40.586573+00:00,1
e99aab82-380f-4598-b84e-b01da0fa68cb,Tape Girl,Person,Colorado,,,84,area:Colorado,2026-09-16T02:02:40.586573+00:00,1
e70d2809-c5a5-4f9d-967c-c63e3590f8ca,Broken Wrldd,Person,Colorado Springs,,,84,area:Colorado,2026-09-16T02:02:40.586573+00:00,1
d2c96a6a-0e7b-4d23-94b8-9a4d64c7a728,Dirty Kings,Group,Colorado Springs,,,84,area:Colorado,2026-09-16T02:02:40.586573+00:00,1
9b48598d-63b6-4e3b-a581-572a8dfa51a2,Oyarsa,Group,Colorado Springs,Colorado Springs,2022-06-25,84,area:Colorado,2026-09-16T02:02:40.586573+00:00,1
726edddc-c344-4202-a966-efb75bba3f9f,Molester,Group,Colorado Springs,,1995,84,area:Colorado,2026-09-16T02:02:40.586573+00:00,1
937b1fc2-c5ef-4a03-bb90-229dfc25d4de,Gabrielle Louise,Person,Colorado,,,84,area:Colorado,2026-09-16T02:02:40.586573+00:00,1
9179462d-fdb1-4874-be5a-33f876c2874f,Play Pretend,Group,Colorado Springs,Colorado Springs,2017-10-25,84,area:Colorado,2026-09-16T02:02:40.586573+00:00,1
bc568635-c6fb-4f40-818f-ec5c6d4593d8,Iridium,Group,Colorado Springs,,2014,84,area:Colorado,2026-09-16T02:02:40.586573+00:00,1
1aa0bd8d-517b-44c6-b006-17c488ae9c24,Viktoria Matthews,Person,Colorado Springs,,,84,area:Colorado,2026-09-16T02:02:40.586573+00:00,1
44f04bc7-8ad2-45e9-af91-39e72e31fdfa,The Cotton Soeterboek Band,Group,Colorado Springs,Colorado Springs,2003,84,area:Colorado,2026-09-16T02:02:40.586573+00:00,1
5eb80d99-b0b1-44e6-bd01-e9b5d7cb7c9c,Mike Colin,Person,Colorado,,,84,area:Colorado,2026-09-16T02:02:40.586573+00:00,1
298fbdf1-c404-4a6a-85a9-ef30a58604aa,Killed In Cali,Group,Colorado Springs,,2021-07-11,84,area:Colorado,2026-09-16T02:02:40.586573+00:00,1
c602c091-19d7-4f3a-82f3-636d318c5445,The Velveteers,Group,Colorado,Colorado,2014-09,84,area:Colorado,2026-09-16T02:02:40.586573+00:00,1
595c450d-034d-4404-a617-8a213cb74b3a,Still Valley,Group,Colorado Springs,Colorado Springs,2012,83,area:Colorado,2026-09-16T02:02:40.586573+00:00,1
66a8c875-0079-4440-a30d-031cb3980a44,Peyton,Person,Colorado Springs,Livingston,1994-04-28,83,area:Colorado,2026-09-16T02:02:40.586573+00:00,1
aa8413cd-6942-4bf6-9f92-c577c4fbcc43,Void Master,,Colorado,,,83,area:Colorado,2026-09-16T02:02:40.586573+00:00,1
31d3d3d3-5f07-45f7-a64d-cdc43f4a8379,New Interstates,Group,Colorado Springs,,2020,83,area:Colorado,2026-09-16T02:02:40.586573+00:00,1
43973176-9cd7-47b1-bf47-671d41313a3a,The Days on Earth,Group,Colorado Springs,Colorado Springs,2014,83,area:Colorado,2026-09-16T02:02:40.586573+00:00,1
ac2aacc7-8122-41c0-8f45-fb81529d3a42,Young For Now,Group,Colorado Springs,,2017,83,area:Colorado,2026-09-16T02:02:40.586573+00:00,1
c9b19fab-7702-40cd-b680-1e1b7f9ca949,Arjay Sharp,Person,Colorado Springs,Sacramento,1968,83,area:Colorado,2026-09-16T02:02:40.586573+00:00,1
cb45686c-63b3-49f5-be3e-724b9bb77279,The Sleights,Group,Colorado Springs,Colorado Springs,,83,area:Colorado,2026-09-16T02:02:40.586573+00:00,1
8db3c10b-a231-4128-97ea-a6c850f180d9,Charloux,Person,Colorado,,,83,area:Colorado,2026-09-16T02:02:40.586573+00:00,1
bf605dfd-03a4-4a28-9be8-49a622e75059,Cheap Perfume,Group,Colorado,,,83,area:Colorado,2026-09-16T02:02:40.586573+00:00,1
3ef8bb79-7269-4864-b021-8445c12b0731,Sentence,Person,Colorado,New York,,83,area:Colorado,2026-09-16T02:02:40.586573+00:00,1
f932d666-f865-4def-bfad-8836575d4a92,Painted Blossom,Person,Colorado Springs,,,83,area:Colorado,2026-09-16T02:02:40.586573+00:00,1
7189a310-7898-44ab-954a-c72dcad5b7b4,Castele,Group,Colorado Springs,Colorado Springs,2017,83,area:Colorado,2026-09-16T02:02:40.586573+00:00,1
082925bd-d256-4506-be5f-69124d277643,Dread Majesty,Group,Colorado Springs,,,83,area:Colorado,2026-09-16T02:02:40.586573+00:00,1
1412d5f4-1d15-4909-a967-2edd3a637d1a,Mr. Lang,,Colorado Springs,,,83,area:Colorado,2026-09-16T02:02:40.586573+00:00,1
1e05fd5a-9946-4aeb-9346-efc7148fd659,One Of These Nights,Group,Colorado Springs,,2021-10-20,83,area:Colorado,2026-09-16T02:02:40.586573+00:00,1
910b0d8d-2091-4491-bcc4-ac9870cd9d9d,MothMilk,Person,Colorado Springs,Colorado,2003-07-19,83,area:Colorado,2026-09-16T02:02:40.586573+00:00,1
5a48f0ff-270d-4d76-a4a3-5ae4479cb67e,Blood Orange Boy,Group,Colorado Springs,Colorado Springs,2022,83,area:Colorado,2026-09-16T02:02:40.586573+00:00,1
3497d558-2d40-4851-a61d-207164788a00,KEV//BOT,Person,Colorado,,,83,area:Colorado,2026-09-16T02:02:40.586573+00:00,1
525576bb-63e4-4bd2-a6ce-84826f6d74ba,Sarahbeth Taite,Person,Colorado,,,83,area:Colorado,2026-09-16T02:02:40.586573+00:00,1
3c8c19ef-25c0-4ba7-babd-c7ee39892963,Circumversor,Group,Colorado Springs,,,83,area:Colorado,2026-09-16T02:02:40.586573+00:00,1
862b5b32-d04f-4af1-9e04-fd6b1a30dde1,Darmea,Person,Colorado Springs,,,83,area:Colorado,2026-09-16T02:02:40.586573+00:00,1
802716e9-4313-4201-8472-7f80ad74da66,Numik,Person,Colorado Springs,,,83,area:Colorado,2026-09-16T02:02:40.586573+00:00,1
491ba139-8278-447a-a7d9-aa477cd47a31,Bree Lefler,Person,Colorado Springs,,,83,area:Colorado,2026-09-16T02:02:40.586573+00:00,1
0e48ed4b-aa74-4540-b4b1-d50f1d6be25b,black cavern,Group,Colorado Springs,,,83,area:Colorado,2026-09-16T02:02:40.586573+00:00,1
d80c9b24-4a1d-499b-84d9-29ba27a7f8f6,Sons and Brothers,Group,Colorado,Cañon City,1999,83,area:Colorado,2026-09-16T02:02:40.586573+00:00,1
8c694122-b120-44fb-b127-66fafab54d78,The Drunken Hearts,Group,Colorado,,,83,area:Colorado,2026-09-16T02:02:40.586573+00:00,1
02cce734-d7d6-45d7-8ab5-d7ada9464942,Wilderness,Person,Colorado Springs,Colorado Springs,1974-11-24,83,area:Colorado,2026-09-16T02:02:40.586573+00:00,1
c124951a-818b-493a-9c76-398928d31dcc,HyperSpace 愛 Ltd.,,Colorado Springs,,,83,area:Colorado,2026-09-16T02:02:40.586573+00:00,1
8b7bb6a1-1460-4624-91cf-947cfafbd5e1,Hank Cramer,Person,Colorado,,,83,area:Colorado,2026-09-16T02:02:40.586573+00:00,1
8d1d588c-8683-4dcf-80c2-af0c8ddcd4fb,Pennell,Group,Colorado Springs,Colorado Springs,2020-02-01,83,area:Colorado,2026-09-16T02:02:40.586573+00:00,1
a3e615b6-e145-4951-86a2-5b1d5d4a2a9a,Violet Valentine,,Colorado Springs,,,83,area:Colorado,2026-09-16T02:02:40.586573+00:00,1
4dbc5537-0fa7-4b09-bd41-a1593b0d8e73,Stephanie Summers,Person,Colorado Springs,,,83,area:Colorado,2026-09-16T02:02:40.586573+00:00,1
74977dd7-d72f-414c-9ee5-d163a99b087a,Series Break,Group,Colorado Springs,,2021,83,area:Colorado,2026-09-16T02:02:40.586573+00:00,1
b4460334-97a4-45cb-b15e-e27f4dd49048,Cory Ard,Person,Colorado Springs,,,83,area:Colorado,2026-09-16T02:02:40.586573+00:00,1
4e9e6f75-6638-49c4-a58c-effa3b01dac1,Doctor Nez,Person,Colorado Springs,,,83,area:Colorado,2026-09-16T02:02:40.586573+00:00,1
55124684-5a84-467d-9ab5-5a35dd348072,Mindless Vitality,Group,Colorado Springs,Colorado,2021,83,area:Colorado,2026-09-16T02:02:40.586573+00:00,1
0c5a295b-fc8c-4502-8b9e-512e32cdb7ff,Nova and the Ghost,Person,Colorado Springs,,,82,area:Colorado,2026-09-16T02:02:40.586573+00:00,1
567eed8a-fd40-46ba-9a4d-d2386a1ed221,Abby Burley,Person,Colorado Springs,,,82,area:Colorado,2026-09-16T02:02:40.586573+00:00,1
5bd30e84-0277-4c00-9e58-b4731b606b7e,Letters to the Living,,Colorado Springs,,,82,area:Colorado,2026-09-16T02:02:40.586573+00:00,1
fe77e08e-855d-4b4b-bd1a-f1282d14b1ac,Knock Blockers,Group,Colorado Springs,,,82,area:Colorado,2026-09-16T02:02:40.586573+00:00,1
638a048e-19ba-4f0e-82e9-2e6c6fd2d51e,Crotalus,Group,Colorado Springs,Colorado Springs,2017,82,area:Colorado,2026-09-16T02:02:40.586573+00:00,1
fb28abf7-0b9b-47de-95dd-1ba40d669559,Seth Weaver,Person,Colorado Springs,,,82,area:Colorado,2026-09-16T02:02:40.586573+00:00,1
43d7c8a1-9776-4801-b6a8-7c623bdadab3,Flash Trance,Person,Colorado Springs,,,82,area:Colorado,2026-09-16T02:02:40.586573+00:00,1
9ecc3d7f-5300-4295-8d23-ce1a0bf70de5,Harry Conklin,Person,Colorado Springs,,1962-04-04,82,area:Colorado,2026-09-16T02:02:40.586573+00:00,1
93c79345-cac2-47c4-b431-a242dc4705f7,Worry,Group,Colorado Springs,,,82,area:Colorado,2026-09-16T02:02:40.586573+00:00,1
b0af6904-54c8-4f49-a6a7-7593dbff466a,ÅÜßRÊÿ,Person,Colorado Springs,,,82,area:Colorado,2026-09-16T02:02:40.586573+00:00,1
85efa7d1-655e-4646-b954-e7ab19e42a45,King Akeem,Person,Colorado Springs,Cleveland,1993-04-03,82,area:Colorado,2026-09-16T02:02:40.586573+00:00,1
a7e06f0d-b0a1-4dfd-9d3a-73ab29599864,Antebellum,Group,Colorado Springs,,,82,area:Colorado,2026-09-16T02:02:40.586573+00:00,1
e09f4bfd-f459-46a4-851a-39ed5a8ece26,Ego Death,Person,Colorado,,,82,area:Colorado,2026-09-16T02:02:40.586573+00:00,1
4548d45e-521f-4476-8a5b-eb3d478c8e48,BigDru,Person,Colorado Springs,,1980-07-24,82,area:Colorado,2026-09-16T02:02:40.586573+00:00,1
ee36bf38-941e-48a8-9725-19194ab4ed3d,Mysterious Purple Cat,Person,Colorado Springs,,,82,area:Colorado,2026-09-16T02:02:40.586573+00:00,1
226b3f32-1c8a-4381-9206-8a9d4b7a9eb0,Brendan Hannigan,Person,Colorado Springs,,,82,area:Colorado,2026-09-16T02:02:40.586573+00:00,1
352bf6f9-521b-408f-aa88-cada70159528,Doom Scroll,Group,Colorado,Loveland,2020-12,82,area:Colorado,2026-09-16T02:02:40.586573+00:00,1
37038de4-73b3-4c4f-85e7-8450ac3e7442,luxury noise,Person,Colorado,,,82,area:Colorado,2026-09-16T02:02:40.586573+00:00,1
992c061e-41b0-49a4-b971-762232399af0,Lena Maude,Person,Colorado,,,82,area:Colorado,2026-09-16T02:02:40.586573+00:00,1
eea466d1-9dcc-472b-acec-3d3985ca9b03,THE SARGE MHX,Person,Colorado Springs,Bangkok,1984-03-20,82,area:Colorado,2026-09-16T02:02:40.586573+00:00,1
aeafbc60-ffd4-4476-a953-ed4e06ab901d,Brother Nasty,Person,Colorado Springs,,2000-12-22,82,area:Colorado,2026-09-16T02:02:40.586573+00:00,1
4f7c8f9b-e1e6-4538-9e1a-14751f1b0564,The Party Boys,Group,Colorado Springs,,,82,area:Colorado,2026-09-16T02:02:40.586573+00:00,1
380ac28a-5479-44b8-a481-f6267ca84766,Ozonic,Group,Colorado Springs,Colorado Springs,2015,82,area:Colorado,2026-09-16T02:02:40.586573+00:00,1
87674ab3-0fb9-430f-9b0a-d38a1a645658,GRANDMASTASKUNK,,Colorado Springs,Colorado Springs,1992-10-19,82,area:Colorado,2026-09-16T02:02:40.586573+00:00,1
5c7f44ab-b150-4760-89da-29e2adc0918b,Cataclysm,Group,Colorado Springs,Colorado Springs,2023-04-07,82,area:Colorado,2026-09-16T02:02:40.586573+00:00,1
b3d78d3d-dccf-4704-aac5-a21414f4634b,Squid Leader,Person,Colorado Springs,Mountain View,1977-01-03,82,area:Colorado,2026-09-16T02:02:40.586573+00:00,1
5026b62f-3109-49f5-afe1-b5ec7ddf133e,River of Slime,Group,Colorado Springs,,2020-01-03,82,area:Colorado,2026-09-16T02:02:40.586573+00:00,1
9ae77961-936e-46c8-aa74-c07ce87d4e13,The Rotund Spellcaster,Person,Colorado Springs,,,82,area:Colorado,2026-09-16T02:02:40.586573+00:00,1
7b72113b-59ce-4c6e-99d8-279a0e44ed38,The Long Enchanter,Person,Colorado Springs,,,82,area:Colorado,2026-09-16T02:02:40.586573+00:00,1
c458c1dc-d955-4c29-be87-fe91cbf75b7d,Mike Clark,,Colorado Springs,,,82,area:Colorado,2026-09-16T02:02:40.586573+00:00,1
b84948a4-79f3-4411-9dd8-d7ea56474b8c,XHale FADELife,Person,Colorado Springs,Mesa,1982-05-02,82,area:Colorado,2026-09-16T02:02:40.586573+00:00,1
3f4adc4a-f1f4-4fcc-8477-ec45e79c2f58,John Sanchez II,Person,Colorado Springs,,,82,area:Colorado,2026-09-16T02:02:40.586573+00:00,1
8dde1132-b0ca-4442-b2fb-8113fb90099f,The Lastcalls,Group,Colorado Springs,Colorado Springs,2024-01,82,area:Colorado,2026-09-16T02:02:40.586573+00:00,1
be576427-dc81-4f69-a605-04e25bf7048a,Gabriel Terkeurst,Person,Colorado Springs,,,82,area:Colorado,2026-09-16T02:02:40.586573+00:00,1
9f14c02a-e771-46d3-ac6f-bedf189ea2ec,Tomas Salgado,Person,Colorado Springs,,,82,area:Colorado,2026-09-16T02:02:40.586573+00:00,1
c47d5ce8-e6ed-47c2-81b7-60500aaac652,Zac Blum,Person,Colorado Springs,,,82,area:Colorado,2026-09-16T02:02:40.586573+00:00,1
d3bb663b-54bc-4dc8-b427-25c1ad909ca2,Taking Alpha,Group,Colorado Springs,,,82,area:Colorado,2026-09-16T02:02:40.586573+00:00,1
e9e35e95-0c71-4996-9b01-ab578b73d59e,Scott Vaughn,Person,Colorado Springs,,,82,area:Colorado,2026-09-16T02:02:40.586573+00:00,1
c35aa957-d116-4a4e-a3e1-874a29929892,Dead Heir,Group,Colorado Springs,,,82,area:Colorado,2026-09-16T02:02:40.586573+00:00,1
3f26a5c4-2e50-4b9f-b1fc-987743b4243c,Expatriate,Group,Colorado Springs,,1986,82,area:Colorado,2026-09-16T02:02:40.586573+00:00,1
964a6749-7dbb-4798-aa45-dbafce3beee9,me.EXE,Person,Colorado Springs,,,82,area:Colorado,2026-09-16T02:02:40.586573+00:00,1
af19c55e-d960-4ee3-b20f-d4ca044d4f3a,Rikard Stjernquist,Person,Colorado Springs,Stockholm,1968-03-07,82,area:Colorado,2026-09-16T02:02:40.586573+00:00,1
bb51a017-c144-48d6-8f7f-480f40789f7e,Mark Briody,Person,Colorado Springs,,1963-01-19,82,area:Colorado,2026-09-16T02:02:40.586573+00:00,1
7402eb79-650e-4c31-95a6-df7bbd39ef7e,The Rhythm Ratz,Group,Colorado Springs,Colorado Springs,2015-10,82,area:Colorado,2026-09-16T02:02:40.586573+00:00,1
4e752ef3-d5ac-4ab0-9298-e03848b24574,John Tetley,Person,Colorado Springs,,,82,area:Colorado,2026-09-16T02:02:40.586573+00:00,1
769f5197-3bc6-47be-be61-2a89b91c1b0e,Florissant,,Colorado Springs,,,82,area:Colorado,2026-09-16T02:02:40.586573+00:00,1
895709ed-c4ad-4660-948b-94f5a4a32958,Blistering Body Pus,Group,Colorado Springs,,,82,area:Colorado,2026-09-16T02:02:40.586573+00:00,1
bd4d7151-7000-42be-ba14-8fde5c13299f,Flounder,Group,Colorado Springs,,,82,area:Colorado,2026-09-16T02:02:40.586573+00:00,1
4fe40e09-f456-4cd5-a20d-bc2e31ac6370,Viewfinder,Group,Colorado Springs,Colorado Springs,,82,area:Colorado,2026-09-16T02:02:40.586573+00:00,1
b8de4e6a-5de1-4da7-bb6a-33e1da6d3c20,Nell Maynard,Person,Colorado Springs,Colorado Springs,1991-12-27,82,area:Colorado,2026-09-16T02:02:40.586573+00:00,1
33a26c30-e008-4fce-8fa6-c1aaad94570a,Bob Spath,Person,Colorado Springs,,,82,area:Colorado,2026-09-16T02:02:40.586573+00:00,1
1c03b4d7-c941-43ce-903e-32e714d34e78,Andy Barilla,Person,Colorado Springs,,1974-08-26,82,area:Colorado,2026-09-16T02:02:40.586573+00:00,1
6bbfe255-ed40-4969-9a6f-32f69de5b8dc,Mario Flores,Person,Colorado Springs,,,82,area:Colorado,2026-09-16T02:02:40.586573+00:00,1
dc614009-ec49-49b1-9ef5-1205c1633489,Stefan Flores,Person,Colorado Springs,,,82,area:Colorado,2026-09-16T02:02:40.586573+00:00,1
af6982aa-5427-473f-8eb3-79a51ccfb47a,John Flores,Person,Colorado Springs,,,82,area:Colorado,2026-09-16T02:02:40.586573+00:00,1
2f14624e-ea27-450e-97ae-3a0983cadcfd,Hemlockvale,Person,Colorado Springs,,,82,area:Colorado,2026-09-16T02:02:40.586573+00:00,1
a5607a6e-c0b8-4baf-be61-c348b1d95677,"Frank ""From the Bank"" Sanchez",Person,Colorado Springs,,,82,area:Colorado,2026-09-16T02:02:40.586573+00:00,1
efa7ce1e-e849-4d47-8c33-574fd713e8e4,NOISE RESORT,Group,Colorado Springs,,,82,area:Colorado,2026-09-16T02:02:40.586573+00:00,1
c484a0dc-887e-499d-8f9b-b78c314fd1e9,Rude Mood,Group,Colorado Springs,,,82,area:Colorado,2026-09-16T02:02:40.586573+00:00,1
93647d31-83d9-4ccd-9183-5c091855d38f,Xavier Alvarado,Person,Colorado Springs,Greenville,2011-06-30,82,area:Colorado,2026-09-16T02:02:40.586573+00:00,1
6977bdaf-78af-4d62-817b-86fca9c52f8c,Vagabond,Group,Colorado Springs,Colorado Springs,2026-02-07,82,area:Colorado,2026-09-16T02:02:40.586573+00:00,1
9e178725-16e1-4ae8-a626-042de67a30fe,Phoenix Sullens,Person,Colorado Springs,,,82,area:Colorado,2026-09-16T02:02:40.586573+00:00,1
df46cb05-5af3-4c02-9f43-448f9790ba6a,Rampant Defenestration,Group,Colorado Springs,,2022,82,area:Colorado,2026-09-16T02:02:40.586573+00:00,1
03a7a00e-0cf2-4742-9feb-9d89d4b1c1b3,Rookie Super Heroes,Group,Colorado Springs,,,82,area:Colorado,2026-09-16T02:02:40.586573+00:00,1
e67d09f7-dac2-4fad-8402-5271ed1f5a22,The Terra Surfers,Group,Colorado Springs,,,82,area:Colorado,2026-09-16T02:02:40.586573+00:00,1
270da9c5-2c0c-47c9-acd1-72eeeb3efafc,Nakimushi,Person,Colorado Springs,,,82,area:Colorado,2026-09-16T02:02:40.586573+00:00,1
6a9a7130-ceaa-4931-b24e-b7181139b394,Silver Moon Riders,,Colorado Springs,,2018-01-01,82,area:Colorado,2026-09-16T02:02:40.586573+00:00,1
229acfe2-e79a-4944-8518-783f774c03bb,Spike Whirley,Person,Colorado Springs,,,82,area:Colorado,2026-09-16T02:02:40.586573+00:00,1
1103d015-2719-4b2a-a229-9980985f31ba,Back Lip,Group,Colorado Springs,,,82,area:Colorado,2026-09-16T02:02:40.586573+00:00,1
e19d5fe5-a87d-45c1-b3c6-c0a03f2101b2,Sister Medusa,Group,Colorado Springs,,,82,area:Colorado,2026-09-16T02:02:40.586573+00:00,1
17f1c4cc-5c54-4a24-940f-575d70cf608c,FY5,Group,Colorado,,,82,area:Colorado,2026-09-16T02:02:40.586573+00:00,1
8a49d534-5a01-4af1-9a4d-5e780bccafec,Delmak-O,,Colorado,,,82,area:Colorado,2026-09-16T02:02:40.586573+00:00,1
4610e06a-739e-4257-ba66-4e329968fe66,Next to Blue,Person,Colorado,,,82,area:Colorado,2026-09-16T02:02:40.586573+00:00,1
9d87921d-420d-408c-ace5-56ffa6f24c02,Remember The Radio,Group,Colorado,,2010,82,area:Colorado,2026-09-16T02:02:40.586573+00:00,1
74ad080a-fcf6-4cc3-b09a-4361e876f11e,This Is the Giant,Group,Colorado,,,82,area:Colorado,2026-09-16T02:02:40.586573+00:00,1
2b489dc3-fca4-49b9-b18d-b4032d046c71,The Stanleytones Bluegrass Band,Group,Colorado,,1999,82,area:Colorado,2026-09-16T02:02:40.586573+00:00,1
e847128b-aeb6-4c2a-95e5-09dd86ab3eba,St. Martin's Chamber Choir,Choir,Colorado,Colorado,1994,82,area:Colorado,2026-09-16T02:02:40.586573+00:00,1
3c3f7c9c-745b-40ad-879d-5898913b1254,Snowspire,Person,Colorado,,,82,area:Colorado,2026-09-16T02:02:40.586573+00:00,1
f8474593-79e1-4349-8841-37dd51bde2d8,Prairiewolf,Group,Colorado,Colorado,2022,82,area:Colorado,2026-09-16T02:02:40.586573+00:00,1
8e033dd5-ca54-499f-ba23-2f18f2ab003a,The Fabulous Glittering Aquanazis,Group,Colorado,,1984-06,82,area:Colorado,2026-09-16T02:02:40.586573+00:00,1
e8f9b4bc-3035-45e9-9997-955392fb9c64,Sauna,,Colorado,,,82,area:Colorado,2026-09-16T02:02:40.586573+00:00,1
e4ab1b65-2cb1-46d5-be01-709b39d417f7,The ThreadBarons,Group,Colorado,,,82,area:Colorado,2026-09-16T02:02:40.586573+00:00,1
86c1caaa-1293-45fd-97cc-a0d7ec5f2d81,NightWraith,,Colorado,,,82,area:Colorado,2026-09-16T02:02:40.586573+00:00,1
474c0c3b-2602-47d2-9bdc-91aa2063dcac,The Rhythm Method,Group,Colorado,,1994,82,area:Colorado,2026-09-16T02:02:40.586573+00:00,1
59aec43b-0678-4021-b857-ad6f929287cf,Bob Boyle,Person,Colorado,,,82,area:Colorado,2026-09-16T02:02:40.586573+00:00,1
16384279-8194-47c7-b5d4-811e1db1dc47,BRM,Person,Aurora,,,82,area:Colorado,2026-09-16T02:02:40.586573+00:00,1
2adbaa47-0d4b-4210-97aa-3878b5ca1311,Mindz Eye,Group,Colorado,Colorado,2019-01-01,82,area:Colorado,2026-09-16T02:02:40.586573+00:00,1
c58be34f-6164-4166-8281-81ac4ce91af8,Kosnoco,Person,Colorado,,,82,area:Colorado,2026-09-16T02:02:40.586573+00:00,1
eee9bb72-baa6-4271-8f04-6f6134c1b8bf,The Real Lying Rohr,,Colorado,,,81,area:Colorado,2026-09-16T02:02:40.586573+00:00,1
d4b3d16b-88f6-4ecf-a7b3-f7f6364254c9,Snake Rattle Rattle Snake,,Colorado,,,81,area:Colorado,2026-09-16T02:02:40.586573+00:00,1
e112738a-3de9-4ff0-9977-08b6035af596,Sweet Nectar,Group,Colorado,Ault,,81,area:Colorado,2026-09-16T02:02:40.586573+00:00,1
7be9cf43-aca7-4312-b305-3eda45bcd836,Makeshift Gods,Group,Colorado,Colorado,1997,81,area:Colorado,2026-09-16T02:02:40.586573+00:00,1
efa4ec70-af37-432e-9c6b-97e4e4c5ef04,Kind Hearted Strangers,Group,Colorado,,,81,area:Colorado,2026-09-16T02:02:40.586573+00:00,1
cf79bc51-c491-4448-a8c1-a55322d3db24,Stillhouse Junkies,Group,Colorado,Durango,,81,area:Colorado,2026-09-16T02:02:40.586573+00:00,1
f2e0bae2-5274-45a6-b364-956ab1fcf411,The Big Motif,Group,Colorado,,,81,area:Colorado,2026-09-16T02:02:40.586573+00:00,1
043abb0a-6841-4e9d-bde4-e309805dda9c,One Way to Live,Group,Aurora,,,81,area:Colorado,2026-09-16T02:02:40.586573+00:00,1
10779e35-521b-4823-8b8f-9b32e6d5822f,Lost Tribes of the Moon,,Colorado,,,81,area:Colorado,2026-09-16T02:02:40.586573+00:00,1
a7e2ad28-40fb-4b5a-b0f6-eaa4dfd96e18,NeoИ,Person,Colorado,,,81,area:Colorado,2026-09-16T02:02:40.586573+00:00,1
227ff6d8-a090-459a-84e2-48b8c49cf594,Buffalo Tombs,Group,Colorado,Denver,,81,area:Colorado,2026-09-16T02:02:40.586573+00:00,1
87f4b7eb-7b63-4789-b0ad-3d0483c62ac8,Brood,Group,Aurora,,2000,81,area:Colorado,2026-09-16T02:02:40.586573+00:00,1
63d4d85a-6b15-4845-8fd6-406e8c77a87c,Stefan Weise,Person,Colorado,Bolzano,,81,area:Colorado,2026-09-16T02:02:40.586573+00:00,1
b087e8b2-c772-4fe1-8b58-5f0d707db9d3,Rodney Rice,Person,Colorado,Morgantown,,81,area:Colorado,2026-09-16T02:02:40.586573+00:00,1
7421e93b-0709-477f-8c29-bd5248d13e6c,We𝐵istics,Person,Colorado,,,81,area:Colorado,2026-09-16T02:02:40.586573+00:00,1
7a5e594a-dcc9-4ffd-813b-f332e81103b3,Global Hour,,Colorado,,,81,area:Colorado,2026-09-16T02:02:40.586573+00:00,1
c90f5c3f-a58b-48e5-9a47-ff7d5b6dc5f1,Teratanthropos,Group,Aurora,Aurora,2020,81,area:Colorado,2026-09-16T02:02:40.586573+00:00,1
ee19edac-b17b-41d9-944e-d846094faa0d,Dylan Rupe,Person,Colorado,,,81,area:Colorado,2026-09-16T02:02:40.586573+00:00,1
b1f904c7-a222-458c-9ef2-73be64dd61cb,Roka Hueka,Group,Colorado,,,81,area:Colorado,2026-09-16T02:02:40.586573+00:00,1
822bebca-86f8-49a7-8505-1bdc3c306e46,Aoratos,Group,Colorado,Monument,,81,area:Colorado,2026-09-16T02:02:40.586573+00:00,1
ae0b3ace-52be-43d5-a297-e95cf64a0648,The Jason Klobnak Quintet,Group,Colorado,Colorado,2013,81,area:Colorado,2026-09-16T02:02:40.586573+00:00,1
b5d21ec9-43cd-4b1e-ac9f-4de2115b522d,Rasmussen,Person,Colorado,,1976-10-05,81,area:Colorado,2026-09-16T02:02:40.586573+00:00,1
1eef5409-00eb-4d2a-a55e-cddf0cf9ae35,Divine Excruciation,Group,Aurora,,2020,81,area:Colorado,2026-09-16T02:02:40.586573+00:00,1
e0590e86-4cb5-4b67-87b0-94bdd66336ee,Caustic Soda,Group,Colorado,,,81,area:Colorado,2026-09-16T02:02:40.586573+00:00,1
aa2cba05-eba0-47b4-b8d8-fd573cd7ac74,Indigent Row,Group,Colorado,,2009-03-13,81,area:Colorado,2026-09-16T02:02:40.586573+00:00,1
1bf361f9-c6c0-47e1-b905-38f07dbfbd41,The Hamster Alliance,Person,Colorado,,,81,area:Colorado,2026-09-16T02:02:40.586573+00:00,1
160b49c0-1e48-4b64-9f2c-28e060679c9a,EOS,Person,Colorado,,,81,area:Colorado,2026-09-16T02:02:40.586573+00:00,1
2f933196-9b18-4c61-a0e9-7b89a6d9b8b0,Hot Tomatoes Dance Orchestra,Orchestra,Colorado,,,81,area:Colorado,2026-09-16T02:02:40.586573+00:00,1
89041f27-93ba-4648-8668-572a364a9b17,Jet Set Gypsies,Group,Colorado,,,81,area:Colorado,2026-09-16T02:02:40.586573+00:00,1
7b91356d-73fe-43c5-8702-473bf2245575,Mykie Frankenstein,,Colorado,,,81,area:Colorado,2026-09-16T02:02:40.586573+00:00,1
0d29e87e-8ff0-4c32-9391-d7373ed3697a,Yoko,Person,Colorado,,,80,area:Colorado,2026-09-16T02:02:40.586573+00:00,1
ee1f660d-0c9c-4b20-ba5d-47dec9d95ec4,Falcon Haptics,,Colorado,,,80,area:Colorado,2026-09-16T02:02:40.586573+00:00,1
358b57ff-e1fd-4c47-81f8-f1b8946e3054,Astrobear,Person,Colorado,,,80,area:Colorado,2026-09-16T02:02:40.586573+00:00,1
f6aec66b-ea99-4db3-978e-f53e080ab42d,The Fretliners,Group,Colorado,,,80,area:Colorado,2026-09-16T02:02:40.586573+00:00,1
7a65bd77-ed72-4dba-b7f3-b1718b07f5b7,S0MBRA,Person,Colorado,,,80,area:Colorado,2026-09-16T02:02:40.586573+00:00,1
57dfaca1-92e7-405f-ad74-39049cc972b8,Yung City,Person,Aurora,,2001-12-31,80,area:Colorado,2026-09-16T02:02:40.586573+00:00,1
49e6e185-dacc-4ee4-9d73-0fe98c13208e,The Hot Strings,Group,Colorado,,,80,area:Colorado,2026-09-16T02:02:40.586573+00:00,1
2a071114-cc9a-49cd-b3c1-dca7ec42d7a4,Raging Moses,Person,Colorado,,,80,area:Colorado,2026-09-16T02:02:40.586573+00:00,1
72966e4a-40b4-45da-b49a-9f0bbd83cc9a,Roe Family Band,Group,Colorado,,,80,area:Colorado,2026-09-16T02:02:40.586573+00:00,1
67eaaf2d-91d7-44a1-abb3-95961febe6ca,Die by the Sword,,Colorado,,,80,area:Colorado,2026-09-16T02:02:40.586573+00:00,1
2a0edee7-4c90-4e9f-a23f-542c6545433c,Freddi Gowdy,Person,Colorado,,,80,area:Colorado,2026-09-16T02:02:40.586573+00:00,1
7f43c0a9-6a63-450e-97be-45f82caf6e7b,Shulman Smith,Person,Colorado,,,80,area:Colorado,2026-09-16T02:02:40.586573+00:00,1
dc2f9aa7-07f3-4d23-b60c-2836e5dff0da,Sarah Snead,Person,Colorado,,,80,area:Colorado,2026-09-16T02:02:40.586573+00:00,1
14e88d6f-2927-4e7a-a0c1-b8e46641ac14,The Stubby Shillelaghs,Group,Colorado,,2010,80,area:Colorado,2026-09-16T02:02:40.586573+00:00,1
5ff37122-71ae-4666-8986-cbefa24dae85,EVoL_InTheory,Person,Colorado,,,80,area:Colorado,2026-09-16T02:02:40.586573+00:00,1
9e69d2aa-28f6-4ac0-8781-b64e8da12def,STRESSED,Group,Colorado,,,80,area:Colorado,2026-09-16T02:02:40.586573+00:00,1
169f899a-7eaf-4e12-bf49-dfb5960fc6fa,The Emmitt Sisters,Group,Colorado,Colorado,2018-01-01,80,area:Colorado,2026-09-16T02:02:40.586573+00:00,1
286eb3a8-de53-473e-b515-100b1ec6766b,Lonesome Traveler,Group,Colorado,,,80,area:Colorado,2026-09-16T02:02:40.586573+00:00,1
f8058512-37b0-4403-9c09-b889b558d79b,Root Sound,Person,Colorado,,,80,area:Colorado,2026-09-16T02:02:40.586573+00:00,1
d551d707-4f5f-453d-8943-7fe208469842,John Adams,Person,Colorado,Utrecht,1958-12-30,80,area:Colorado,2026-09-16T02:02:40.586573+00:00,1
0e51ff4b-952f-44b3-a20c-608017c9ded2,Ken Seaman,Person,Colorado,Missouri,1942-06-08,80,area:Colorado,2026-09-16T02:02:40.586573+00:00,1
d7f2eee3-e775-4e25-825b-e1ac2f3b0d0e,Michael Hornbuckle,Person,Colorado,,,80,area:Colorado,2026-09-16T02:02:40.586573+00:00,1
6d16a30b-556d-4297-a38e-94e18e6b5100,Mother Folkers,Group,Colorado,,,80,area:Colorado,2026-09-16T02:02:40.586573+00:00,1
dc02765c-c829-40f0-bc38-1d57e02847ec,Tim Hanauer,Person,Colorado,,,80,area:Colorado,2026-09-16T02:02:40.586573+00:00,1
f96ffedb-8099-4a46-97f9-9e6fe8e570a9,Defiance Stringband,Group,Colorado,,,80,area:Colorado,2026-09-16T02:02:40.586573+00:00,1
e5c58d23-5a84-4907-bb02-7789777fef11,Bass Physics,Group,Colorado,Denver,2012-08-20,80,area:Colorado,2026-09-16T02:02:40.586573+00:00,1
88490231-af28-4045-8b28-7587c589a109,Millennial Axiom,,Colorado,,,80,area:Colorado,2026-09-16T02:02:40.586573+00:00,1
bb7a988c-153d-4e7a-adca-bf6382bc5e20,Auvenil,Person,Colorado,,,80,area:Colorado,2026-09-16T02:02:40.586573+00:00,1
3d06fdb1-4723-4d02-9684-5758d766dbe9,Austin Young Band,Group,Colorado,,,80,area:Colorado,2026-09-16T02:02:40.586573+00:00,1
4d6f5ddc-2fa3-45d4-9500-c32090b1aa71,Animal Logic,Group,Colorado,,,80,area:Colorado,2026-09-16T02:02:40.586573+00:00,1
115c52cc-1d82-4d4e-bb33-cd507e133fbc,VOLORES,Group,Colorado,,,80,area:Colorado,2026-09-16T02:02:40.586573+00:00,1
0a374885-e6de-4647-b92b-bd2ab74c6676,Wolfblitzer,,Colorado,,,80,area:Colorado,2026-09-16T02:02:40.586573+00:00,1
44196967-d667-4b0f-b9ee-c4e961c2abd3,Sara Emmitt,Person,Colorado,Colorado,,80,area:Colorado,2026-09-16T02:02:40.586573+00:00,1
ed799da4-e319-4fec-81c4-346ab6f96e46,Genetic Effects,Person,Colorado,Denver,2013,80,area:Colorado,2026-09-16T02:02:40.586573+00:00,1
3d5ecf93-00bc-424f-b595-7fc2e58c1124,The Hivemind,Group,Colorado,Colorado,2022-03-11,80,area:Colorado,2026-09-16T02:02:40.586573+00:00,1
b3067b72-df10-438e-b524-c4ac904745da,blurhie,Person,Colorado,,,80,area:Colorado,2026-09-16T02:02:40.586573+00:00,1
53612e35-59b2-48d4-86fc-4389d320cc49,City Lights,Group,Colorado,,,80,area:Colorado,2026-09-16T02:02:40.586573+00:00,1
954c8e5e-5559-4e94-b242-a261763e52e3,Don Beck,Person,Colorado,,,80,area:Colorado,2026-09-16T02:02:40.586573+00:00,1
0b94b9bc-51a4-4edd-a27d-982f0538141c,Andy Hackbarth,Person,Colorado,,,80,area:Colorado,2026-09-16T02:02:40.586573+00:00,1
9c47641e-77b8-4fa0-aa89-29cf30d2a31e,Aural Elixir,Group,Colorado,New Orleans,1996-08-01,80,area:Colorado,2026-09-16T02:02:40.586573+00:00,1
7df5f53e-07d9-4c3b-805f-4568c1ceac33,Shy Siesta,Person,Colorado,,,80,area:Colorado,2026-09-16T02:02:40.586573+00:00,1
357b47da-112d-463a-b8de-53def8beed96,Liam Watters,Person,Colorado,Colorado,2005-05-06,80,area:Colorado,2026-09-16T02:02:40.586573+00:00,1
383582d3-bbff-466b-a050-a7ba627e3747,Foreign Waves,Group,Colorado,Colorado Springs,,80,area:Colorado,2026-09-16T02:02:40.586573+00:00,1
194c55a0-a642-4d09-8dd7-58e351828819,Samantha Cameronter,Person,Colorado,Pennsylvania,2007-03-17,80,area:Colorado,2026-09-16T02:02:40.586573+00:00,1
cedbb04a-2a16-4b3d-93bd-bcfa14ccf70c,Genessier,Group,Colorado,Colorado,2013,80,area:Colorado,2026-09-16T02:02:40.586573+00:00,1
445d5a34-1f38-42a2-abb0-ac4fd2861940,Tom Martin,Person,Colorado,,,80,area:Colorado,2026-09-16T02:02:40.586573+00:00,1
24c0696a-bd3c-46fc-94c6-9a0ec530fc21,Windspace,Person,Colorado,,,80,area:Colorado,2026-09-16T02:02:40.586573+00:00,1
5b377c92-579c-4c25-b0d8-bd3b93e131af,The Diary of Ic Explura,Person,Colorado,,,80,area:Colorado,2026-09-16T02:02:40.586573+00:00,1
463b726a-9e50-44d8-ae02-8c7b65a76406,Evoline Theory and the Masquerade,Group,Colorado,,,80,area:Colorado,2026-09-16T02:02:40.586573+00:00,1
eb259e4c-a317-43a7-a5c3-bf4a4caa9bcd,Orphan Tears,,Colorado,,,80,area:Colorado,2026-09-16T02:02:40.586573+00:00,1
f6c2eff8-5030-4d64-88c4-05970fc6fed3,The Lyrebird,Person,Colorado,,,80,area:Colorado,2026-09-16T02:02:40.586573+00:00,1
ffd50a4a-e91d-4ceb-a6bc-c4b5e2d6d6fe,Chemical Violet,Group,Colorado,,,80,area:Colorado,2026-09-16T02:02:40.586573+00:00,1
e44c27de-3595-465f-8003-50cbddcfcad6,Mrs. Evergreen,Person,Colorado,Colorado,,80,area:Colorado,2026-09-16T02:02:40.586573+00:00,1
e42a6700-5e37-41ff-8162-28236f645e16,Brutal Hand,Group,Colorado,Denver,2000,80,area:Colorado,2026-09-16T02:02:40.586573+00:00,1
a6ad397f-16fe-4a52-bbf7-c8f775a837dc,Shavrolet,Person,Colorado,,,80,area:Colorado,2026-09-16T02:02:40.586573+00:00,1
68ec56d3-aa3d-465e-93d9-e7e45591eecf,Mario Killed Pikachu,Group,Colorado,Colorado Springs,2007,80,area:Colorado,2026-09-16T02:02:40.586573+00:00,1
3712f358-7d0d-4d3f-837f-dbe47458942b,The Billy Pilgrims,Group,Colorado,,,80,area:Colorado,2026-09-16T02:02:40.586573+00:00,1
a315dc16-79cf-4609-af7a-a670d9dc6819,"Conan, The Barber Librarian",,Colorado,,,80,area:Colorado,2026-09-16T02:02:40.586573+00:00,1
65f99c04-fc77-4d9d-8755-9f109a36b9a1,Chain Station,Group,Colorado,,,80,area:Colorado,2026-09-16T02:02:40.586573+00:00,1
51dda9ff-2dfb-4479-bbe8-d0857743387b,Benji Goodrich,Person,Colorado,,,80,area:Colorado,2026-09-16T02:02:40.586573+00:00,1
7cc9a78c-85e9-4f1f-944d-fe031e27565c,Lady Moon,Person,Colorado,,,80,area:Colorado,2026-09-16T02:02:40.586573+00:00,1
0e9fa7d1-e84b-4e2c-9afc-3abcf333f310,Lenny Charles Group,Group,Colorado,,,79,area:Colorado,2026-09-16T02:02:40.586573+00:00,1
9be7fb25-bf1f-4093-9314-7fb121826c0f,Dexter Payne Quartet + 1,Group,Colorado,,,79,area:Colorado,2026-09-16T02:02:40.586573+00:00,1
ce7f3ecf-51fc-4f1f-86cb-37f2e20f5beb,Monstradamus,Group,Colorado,Denver,,79,area:Colorado,2026-09-16T02:02:40.586573+00:00,1
53bdd78c-fc64-4a24-bafb-a2c9701c7e8d,Danny Many Horses Rael,Person,Colorado,,,79,area:Colorado,2026-09-16T02:02:40.586573+00:00,1
7910d4a6-fa42-4c40-836a-248605bff8cd,The Membranes,Group,Colorado,,,79,area:Colorado,2026-09-16T02:02:40.586573+00:00,1
5af6e853-1697-4102-8587-34c7556a2197,dotCOMPRESSOR,,Colorado,,,79,area:Colorado,2026-09-16T02:02:40.586573+00:00,1
95dd0d0c-0d47-46b8-93c5-449a6e9c7aa7,Ginga,Group,Colorado,,,79,area:Colorado,2026-09-16T02:02:40.586573+00:00,1
507611ea-04bd-4669-be4e-27beab73efa0,Birds of Play,Group,Colorado,Colorado,,79,area:Colorado,2026-09-16T02:02:40.586573+00:00,1
61365665-715f-4873-ab67-e97f0c740e07,Psyuri,Person,Colorado,,,79,area:Colorado,2026-09-16T02:02:40.586573+00:00,1
5ee86bed-a1a8-4296-a8a3-cda167ffa02d,Slowform,Person,Colorado,,,79,area:Colorado,2026-09-16T02:02:40.586573+00:00,1
cd4c8761-c341-4111-9183-440d3845a706,Kys,Group,Colorado,,2020,79,area:Colorado,2026-09-16T02:02:40.586573+00:00,1
ac5788b3-372b-44ec-9f3b-8e5559ec195d,Dead Nancy,Group,Colorado,Denver,,79,area:Colorado,2026-09-16T02:02:40.586573+00:00,1
cade0685-7b30-4b3f-8f7b-60297e884b40,Fell Harvest,,Colorado,,,79,area:Colorado,2026-09-16T02:02:40.586573+00:00,1
5f2c3416-0065-41b7-b616-79f2addad8f5,DeNunzio,Group,Colorado,,,79,area:Colorado,2026-09-16T02:02:40.586573+00:00,1
e6556f4b-8aa2-4abf-a87e-b7632e7defa2,The Ceeds,Group,Colorado,,,79,area:Colorado,2026-09-16T02:02:40.586573+00:00,1
bf27891a-bf45-4cfd-94c6-bf5551f93699,7 On 7,Group,Colorado,,,79,area:Colorado,2026-09-16T02:02:40.586573+00:00,1
cc661f81-31a0-42b8-8eaf-8336a5a08225,Euphoria,Group,Colorado,,,79,area:Colorado,2026-09-16T02:02:40.586573+00:00,1
cc6a83ef-ada0-4308-912e-968e561be5d6,Dave Devine,Person,Colorado,,,79,area:Colorado,2026-09-16T02:02:40.586573+00:00,1
f1398c66-f0e9-45c2-9e67-9aaf67df5707,Jonathan Sadler,Person,Colorado,,,79,area:Colorado,2026-09-16T02:02:40.586573+00:00,1
d30d91b8-60ac-46b8-b85c-53e9b0f6c125,Aucun,Group,Colorado,Colorado,2017,79,area:Colorado,2026-09-16T02:02:40.586573+00:00,1
7c7d1293-ab20-477a-bdc9-4df1535166d4,lovewithme,Person,Colorado,,,79,area:Colorado,2026-09-16T02:02:40.586573+00:00,1
38390c4a-0884-47fa-aa5f-85517f43d25f,Chris Kalous,Person,Colorado,Wisconsin,,79,area:Colorado,2026-09-16T02:02:40.586573+00:00,1
026bffa4-e6be-4324-9f50-3fb203ecf393,Gregory Walker,Person,Colorado,,1961-10-19,79,area:Colorado,2026-09-16T02:02:40.586573+00:00,1
9fdfa728-3f8e-48d2-8a23-5bf60682f9c7,1492 the Lie,,Colorado,,,79,area:Colorado,2026-09-16T02:02:40.586573+00:00,1
a8b7b110-c651-4120-93df-77dff3f44690,Big Bird and The Steam Shovel,Group,Colorado,,,79,area:Colorado,2026-09-16T02:02:40.586573+00:00,1
e5233094-12b3-40e9-bd34-373b8ad24478,David Short,Person,Colorado,,,79,area:Colorado,2026-09-16T02:02:40.586573+00:00,1
7558cc45-4f04-4308-b687-aadb58de51ea,Nicholas Recuber,Person,Colorado,,,79,area:Colorado,2026-09-16T02:02:40.586573+00:00,1
da1390dd-2990-4a39-91ee-0cfa4311a249,The AUDIO Grievances,,Colorado,Colorado,,79,area:Colorado,2026-09-16T02:02:40.586573+00:00,1
59a4b468-6cd5-4d93-9c71-e6a9c30a2ec1,Alan Alda,Group,Colorado,,,79,area:Colorado,2026-09-16T02:02:40.586573+00:00,1
87acb888-f685-4808-ab80-052aa33f731b,CTRLSHFT,Person,Colorado,Colorado,,79,area:Colorado,2026-09-16T02:02:40.586573+00:00,1
30f5b2c9-fd43-44f9-b3f3-ad028abd533b,The Flameouts,Group,Colorado,,,79,area:Colorado,2026-09-16T02:02:40.586573+00:00,1
9f4373a4-bcae-4d14-9d11-04d98186fb2e,Faster Avenue,Group,Colorado,,,79,area:Colorado,2026-09-16T02:02:40.586573+00:00,1
01f8e1d6-2c8b-4008-af35-34f78bca6972,J. Carter,Person,Colorado,,,79,area:Colorado,2026-09-16T02:02:40.586573+00:00,1
11aae6f3-2d9f-4719-9993-c4a33d9fde62,Smellblind,,Colorado,,,79,area:Colorado,2026-09-16T02:02:40.586573+00:00,1
9d2c1c68-24ba-4ac1-a401-2a2d577ff87b,Kayla Rae,Person,Colorado,,,79,area:Colorado,2026-09-16T02:02:40.586573+00:00,1
3ad6868f-4307-42a8-aa36-95b207d7e193,The Chases,Group,Colorado,Colorado,2020,79,area:Colorado,2026-09-16T02:02:40.586573+00:00,1
df35f018-daa3-4655-acff-2c5128c3ea00,graham,,Colorado,,,79,area:Colorado,2026-09-16T02:02:40.586573+00:00,1
8a8a027c-9c2a-4796-94f0-f3e61130033b,Speaker Box,Group,Colorado,Colorado,2011,79,area:Colorado,2026-09-16T02:02:40.586573+00:00,1
69c4112c-4fa6-4753-8830-4e6ab4cdfbcb,Spit,Group,Colorado,,,79,area:Colorado,2026-09-16T02:02:40.586573+00:00,1
adc9bb79-0165-46dc-9af4-d00d9fa92824,Fall Line Drive,Group,Colorado,,,79,area:Colorado,2026-09-16T02:02:40.586573+00:00,1
afdb70c0-591f-491d-aa0e-f425cb098dd6,Null Dysthymic,Group,Colorado,Colorado,,79,area:Colorado,2026-09-16T02:02:40.586573+00:00,1
efa78d0d-2d0d-4a30-a921-98282ade4bb0,The Chandells,Group,Colorado,,,79,area:Colorado,2026-09-16T02:02:40.586573+00:00,1
7eb243ab-9762-44cc-a0e9-ed66748cd251,Arwen Fonzen,Person,Colorado,,,79,area:Colorado,2026-09-16T02:02:40.586573+00:00,1
431be689-8fa6-46b2-80fa-3fedf25e992d,The American Feather,Person,Colorado,Perdido Beach,,79,area:Colorado,2026-09-16T02:02:40.586573+00:00,1
308496fb-da23-48f4-a8c8-d0948cef2d32,Our Gang,Group,Colorado,Buena Park,,79,area:Colorado,2026-09-16T02:02:40.586573+00:00,1
b6be41cd-e4b6-47ac-95a9-79847354dac0,White Lightnin',Group,Colorado,,,79,area:Colorado,2026-09-16T02:02:40.586573+00:00,1
1328d1c3-6f65-40b5-b1d4-b8e55b01cbaa,Wide Man,Group,Colorado,,2019,79,area:Colorado,2026-09-16T02:02:40.586573+00:00,1
f8040d50-fde2-49ac-9e52-8bf713eb33a7,Temple of Doom,,Colorado,,,79,area:Colorado,2026-09-16T02:02:40.586573+00:00,1
1519344c-c0b5-4661-b273-4d002183d03d,SpydaT.E.K,Person,Colorado,,,79,area:Colorado,2026-09-16T02:02:40.586573+00:00,1
4eea221b-24ee-4882-8648-a58da9dc040f,Sandoval Begay,Person,Colorado,,,79,area:Colorado,2026-09-16T02:02:40.586573+00:00,1
1a785a6a-bc06-46fa-b52a-a8320620447a,Cloak Bong,Group,Colorado,Colorado,,79,area:Colorado,2026-09-16T02:02:40.586573+00:00,1
a5d0fa72-3411-463d-a3f1-6a3f051d3011,Ramond,Person,Colorado,,,79,area:Colorado,2026-09-16T02:02:40.586573+00:00,1
89d4c3e7-d5f3-4b7d-a473-a8407966eb0d,Victim F*gg*t,,Colorado,,,79,area:Colorado,2026-09-16T02:02:40.586573+00:00,1
a25882e3-e984-4576-83a6-0888dbb7ece3,Rhune,Group,Colorado,,1999,79,area:Colorado,2026-09-16T02:02:40.586573+00:00,1
ca95a628-aad5-4cb4-8d34-67a6b7bc5e5c,Mista Movie,Person,Colorado,,,79,area:Colorado,2026-09-16T02:02:40.586573+00:00,1
ea9dfe53-3a41-47c7-9b9e-7248bb786836,Vid Payne,Person,Colorado,,,79,area:Colorado,2026-09-16T02:02:40.586573+00:00,1
e5c54a5b-4168-4ff5-a60b-2fa0ecd7203a,Dunkelheit,,Colorado,,2008,79,area:Colorado,2026-09-16T02:02:40.586573+00:00,1
d402bc43-11a8-4ea4-8c26-b012bba64257,Bagavond,Group,Colorado,,,79,area:Colorado,2026-09-16T02:02:40.586573+00:00,1
d2384b63-f7f5-4d26-a701-6073a32af04c,Phantasmorgasm,Group,Colorado,,,79,area:Colorado,2026-09-16T02:02:40.586573+00:00,1
e9bfca81-4758-4985-89d2-8d306f1e8017,The Boenzee Cryque,Group,Colorado,,,79,area:Colorado,2026-09-16T02:02:40.586573+00:00,1
00508950-dc1f-408a-b600-9d70c178dd4d,The Misirlous,Group,Colorado,,,79,area:Colorado,2026-09-16T02:02:40.586573+00:00,1
541f6bb2-e7b9-4d98-b7d2-9a7fc1493b22,The Years,Group,Colorado,Fort Collins,2007,79,area:Colorado,2026-09-16T02:02:40.586573+00:00,1
b642ef54-a92f-4f15-8235-beb6fd805322,Otodus Fauna,Person,Colorado,,,79,area:Colorado,2026-09-16T02:02:40.586573+00:00,1
a15f30e5-db7c-4ce5-9eee-65ba15fd095d,Turnkey,Group,Colorado,Colorado,1992,79,area:Colorado,2026-09-16T02:02:40.586573+00:00,1
596a72bf-fe5d-46f0-a783-73e3edc5a083,The Teardrops,Group,Colorado,,,79,area:Colorado,2026-09-16T02:02:40.586573+00:00,1
5b16863c-30bc-4c63-beb1-ab66706d50cd,The Elopers,Group,Colorado,Manitou Springs,,79,area:Colorado,2026-09-16T02:02:40.586573+00:00,1
ab91af1d-59c7-4bb0-93f7-cdd3c788817b,Teeny Titans,Group,Colorado,,,79,area:Colorado,2026-09-16T02:02:40.586573+00:00,1
9b149411-847b-409e-8c21-824f722e2eb7,All-Colorado Honor Band,Group,Colorado,,,79,area:Colorado,2026-09-16T02:02:40.586573+00:00,1
91614fc1-aed7-4188-b8e9-5abcaba42395,Hateful Julie,Group,Colorado,,,78,area:Colorado,2026-09-16T02:02:40.586573+00:00,1
bc031744-be3a-4291-a495-013d58b0b989,Cottonwood,Group,Colorado,,,78,area:Colorado,2026-09-16T02:02:40.586573+00:00,1
8264eda5-2a29-4412-b63d-26eeaca67c2f,Dave Hagedorn,Person,Colorado,,,78,area:Colorado,2026-09-16T02:02:40.586573+00:00,1
e8aa19c7-b2fd-45a4-9e59-f11047c6aee3,Dwight Mark,Person,Colorado,,,78,area:Colorado,2026-09-16T02:02:40.586573+00:00,1
ae533f35-98ef-43cf-9872-78637425976f,The Badly Bent,Group,Colorado,,,78,area:Colorado,2026-09-16T02:02:40.586573+00:00,1
96224d0a-0872-4d01-b05d-1afd7eb8bed2,Andy Carhart,Person,Colorado,,,78,area:Colorado,2026-09-16T02:02:40.586573+00:00,1
c4077642-125c-479d-a872-8fb08a21b48c,Nuclear Flesh,,Colorado,,,78,area:Colorado,2026-09-16T02:02:40.586573+00:00,1
de087de1-4300-4d6e-81d6-a126cc84b467,Knee Jerk Reaction,Group,Colorado,,,78,area:Colorado,2026-09-16T02:02:40.586573+00:00,1
781f1705-239d-406e-b9a9-3482169f148f,Flowering Blade,Person,Colorado,,,78,area:Colorado,2026-09-16T02:02:40.586573+00:00,1
50466c25-ac4a-4598-9c2d-3315697bc329,Sprinks,Person,Colorado,,,78,area:Colorado,2026-09-16T02:02:40.586573+00:00,1
6f873764-06b0-46f2-a26c-4cc19feb00cb,Anton,,Colorado,,,78,area:Colorado,2026-09-16T02:02:40.586573+00:00,1
247f69f2-995b-4e8c-984d-03cb6eb2a5e7,Eighth Penny Matter,Group,Colorado,,,78,area:Colorado,2026-09-16T02:02:40.586573+00:00,1
95c0fd35-2699-4d49-9b65-a60458236ab6,Collection,Group,Colorado,,,78,area:Colorado,2026-09-16T02:02:40.586573+00:00,1
ddac90b0-1f65-4ca5-8298-93d1502f28db,Jason Klobnak,Person,Colorado,,,78,area:Colorado,2026-09-16T02:02:40.586573+00:00,1
eb8fcdeb-e2eb-413b-85b3-6bb54714e675,BitSutra,Person,Colorado,Denver,,78,area:Colorado,2026-09-16T02:02:40.586573+00:00,1
126220cb-2107-4b30-b147-6ca5d2117924,Colorado Brass Band,Group,Colorado,,,78,area:Colorado,2026-09-16T02:02:40.586573+00:00,1
a60efc09-fc1f-4d7c-bb5f-f2dac08428db,Datdudedp,Person,Colorado,,,78,area:Colorado,2026-09-16T02:02:40.586573+00:00,1
472d38a0-e5c3-46ed-aeb7-96ed089c1fdd,reOrder,Person,Colorado,,,78,area:Colorado,2026-09-16T02:02:40.586573+00:00,1
e6a70120-916b-4192-b688-aaafbe643ec8,Vivian Laurence,Person,Colorado,,,78,area:Colorado,2026-09-16T02:02:40.586573+00:00,1
0111ee8d-65dc-4738-8c94-0c7025b80f1b,Little Us,Group,Colorado,Burlington,2012,78,area:Colorado,2026-09-16T02:02:40.586573+00:00,1
bd49cb14-ed56-487e-be69-e8fa26a8164a,Spritz,,Colorado,,,78,area:Colorado,2026-09-16T02:02:40.586573+00:00,1
b85ce452-681d-49e3-a50f-5d2c5e9f3b38,Weir,Person,Colorado,,,78,area:Colorado,2026-09-16T02:02:40.586573+00:00,1
4920f98d-79a7-41b4-b054-cd07b0b35389,Alpha Brody,Person,Colorado,,,78,area:Colorado,2026-09-16T02:02:40.586573+00:00,1
f600d48a-78cb-4fed-a0fa-a6ffff584012,Fantard Magnus,Person,Colorado,,,78,area:Colorado,2026-09-16T02:02:40.586573+00:00,1
7c3c75d4-66cd-4b09-8423-3e88e2b3c16b,Levi & Rifkin,Group,Colorado,,,78,area:Colorado,2026-09-16T02:02:40.586573+00:00,1
d42d6061-8b12-489d-aeaa-331265e92bc0,Bellum,Group,Colorado,,1999,78,area:Colorado,2026-09-16T02:02:40.586573+00:00,1
2fbbdd35-8504-4887-8fa0-e55b9507f0b8,grflint,Person,Colorado,,,78,area:Colorado,2026-09-16T02:02:40.586573+00:00,1
fc03b0f4-8a7c-41e9-9fa3-cc656dc9155e,Hoodie Hilltop,Person,Colorado,,,78,area:Colorado,2026-09-16T02:02:40.586573+00:00,1
a426c07f-9632-4108-be6b-f877475fd303,Ice Troll,,Colorado,,,78,area:Colorado,2026-09-16T02:02:40.586573+00:00,1
f067ca7a-9f69-4888-9403-c54d9e82f38d,Upon A Field's Whisper,,Colorado,,,78,area:Colorado,2026-09-16T02:02:40.586573+00:00,1
f6b3d6bd-24e7-440c-85c6-e54e2dec6c9b,Lichwood,Person,Colorado,,,78,area:Colorado,2026-09-16T02:02:40.586573+00:00,1
f8c4f6dd-ac68-47de-ba8a-2779212f8a47,Kip White,Person,Colorado,,1956-04-18,78,area:Colorado,2026-09-16T02:02:40.586573+00:00,1
a70f12a8-1ec4-4723-83b8-d56071b329e8,Beth Rivera,Person,Colorado,,,78,area:Colorado,2026-09-16T02:02:40.586573+00:00,1
55f72e6b-b1dd-4c56-9485-72fb14102b5f,Fire Drills,Group,Colorado,,,78,area:Colorado,2026-09-16T02:02:40.586573+00:00,1
8ffcc19b-2c8a-4244-9c8d-38b90de5b7bb,Hawaii,Group,Colorado,,,78,area:Colorado,2026-09-16T02:02:40.586573+00:00,1
caa71f8f-d188-4cb3-80fb-c57d18b8628a,Crack Magik,Group,Colorado,,,78,area:Colorado,2026-09-16T02:02:40.586573+00:00,1
6bf429ce-306a-4e72-b688-032206fb8c76,Wire Faces,Group,Colorado,,,78,area:Colorado,2026-09-16T02:02:40.586573+00:00,1
c84ce2a4-12e8-4902-8885-aa8cafbf28dd,Valiomierda,,Colorado,,,78,area:Colorado,2026-09-16T02:02:40.586573+00:00,1
c4f9bf36-b83c-4cf1-9774-4b3409b4929f,Telluric Effluvium,,Colorado,,,78,area:Colorado,2026-09-16T02:02:40.586573+00:00,1
5b6db1da-859a-48fe-aa58-ea64c19fdf2d,Retention,,Colorado,,,78,area:Colorado,2026-09-16T02:02:40.586573+00:00,1
76b3cd04-d500-4f5f-8aa1-e44eeb8526fe,Orcinus,,Colorado,,,78,area:Colorado,2026-09-16T02:02:40.586573+00:00,1
f11c4da8-303d-4874-bb94-365dabf94593,Kalakuta,,Colorado,,,78,area:Colorado,2026-09-16T02:02:40.586573+00:00,1
9f0e5008-d1ca-4804-8865-441bf2b9ea52,The Vashon Seed,,Colorado,,,78,area:Colorado,2026-09-16T02:02:40.586573+00:00,1
7a05725b-9c1b-48cb-ab90-2cbfbe78be0a,Goat Hill Massacre,,Colorado,,,78,area:Colorado,2026-09-16T02:02:40.586573+00:00,1
bef07cf4-0b2c-4f74-b5bb-22bea1dbde2e,Night of the Living Shred,,Colorado,,,78,area:Colorado,2026-09-16T02:02:40.586573+00:00,1
5351543b-4f64-46a4-994a-137f8eaea049,Tovenaar,,Colorado,,,78,area:Colorado,2026-09-16T02:02:40.586573+00:00,1
b9896683-2882-4326-80d0-485dd079f49a,Never Kenezzard,,Colorado,,,78,area:Colorado,2026-09-16T02:02:40.586573+00:00,1
22ddaaf8-f63d-4d90-a153-6192757d4098,Esoteric Abstraction,Person,Colorado,,,78,area:Colorado,2026-09-16T02:02:40.586573+00:00,1
088713c1-5783-474a-a4fb-4b48189504f9,Vinja,,Colorado,,,78,area:Colorado,2026-09-16T02:02:40.586573+00:00,1
a5660951-ba6c-4bc4-af24-6d7570e882ce,Jake Schepps,Person,Colorado,,,78,area:Colorado,2026-09-16T02:02:40.586573+00:00,1
c73d53b6-a7ab-43c7-b61d-ada572e6eb8c,The Ringtones,Group,Colorado,,,78,area:Colorado,2026-09-16T02:02:40.586573+00:00,1
c73a7dec-cf96-42c5-837c-cf9db45cf614,Loose Cannon Bluegrass,Group,Colorado,,,78,area:Colorado,2026-09-16T02:02:40.586573+00:00,1
411c0cd8-d408-4a2e-8f10-60791fd2b8d6,Kent & Karen Riggs,Group,Colorado,,,78,area:Colorado,2026-09-16T02:02:40.586573+00:00,1
cd933142-f6f4-4e16-8c2a-392181de2496,Midland Express,Group,Colorado,,,78,area:Colorado,2026-09-16T02:02:40.586573+00:00,1
ac3b389d-2bae-4892-918d-fc1bb71e686a,Sandy Reay,Person,Colorado,,,78,area:Colorado,2026-09-16T02:02:40.586573+00:00,1
426988ce-cf0a-4bf4-8a87-8027a3ee3ac0,Quickdraw Homegrown Music,Group,Colorado,,,78,area:Colorado,2026-09-16T02:02:40.586573+00:00,1
5aad0f32-bb82-4a7e-a12a-0e16737dbf7c,Fleeting Moment,Group,Colorado,,,78,area:Colorado,2026-09-16T02:02:40.586573+00:00,1
70d07122-33f9-44ad-a726-037983e82c01,Shades of Bluegrass,Group,Colorado,,,78,area:Colorado,2026-09-16T02:02:40.586573+00:00,1
fcf601bd-4e78-4197-9d8a-b295d5434af0,"Outside, Looking In",Group,Colorado,,,78,area:Colorado,2026-09-16T02:02:40.586573+00:00,1
b48bce99-3ae3-4929-a265-7e372b0ca35a,Januar,Group,Colorado,,,78,area:Colorado,2026-09-16T02:02:40.586573+00:00,1
7e00657f-105f-4714-8659-95382395bcc4,Go-Go Lab,Group,Colorado,,,78,area:Colorado,2026-09-16T02:02:40.586573+00:00,1
337af227-1954-4b4b-af21-acced71fe181,Time,Group,Colorado,,,78,area:Colorado,2026-09-16T02:02:40.586573+00:00,1
a1d591fc-3209-410c-a90a-3e66623c2519,BRDMPPL,Group,Colorado,,,78,area:Colorado,2026-09-16T02:02:40.586573+00:00,1
12f25cc2-3430-40b1-990d-18b365b2652b,The Get Down!,Group,Colorado,,,78,area:Colorado,2026-09-16T02:02:40.586573+00:00,1
a0e59e30-f962-4609-b8ed-de8b9bb237fe,Alan Adair,Person,Colorado,,,78,area:Colorado,2026-09-16T02:02:40.586573+00:00,1
0bbb2985-8ba4-41df-90f3-6a2cc126ee61,Cowboy Curse,Group,Colorado,,,78,area:Colorado,2026-09-16T02:02:40.586573+00:00,1
d643847d-d177-4f5d-8715-804f77352f23,Justin Klein,Person,Colorado,,,78,area:Colorado,2026-09-16T02:02:40.586573+00:00,1
a771f198-4507-473c-b90e-3dcb95101cac,Everywhere but Here,Group,Colorado,,,78,area:Colorado,2026-09-16T02:02:40.586573+00:00,1
c2973346-8f2a-4ab7-9794-74c9d2b2456e,Electric Condor,,Colorado,,,78,area:Colorado,2026-09-16T02:02:40.586573+00:00,1
ad7d3cd2-1020-4d3a-8800-27e4a90b1974,Cleanse the Destroyers,,Colorado,,,78,area:Colorado,2026-09-16T02:02:40.586573+00:00,1
a9925efe-2fa4-4760-a932-d4500a30e5dc,Cosmic Abyss,,Colorado,,,78,area:Colorado,2026-09-16T02:02:40.586573+00:00,1
e0042da0-de02-4ce5-8d32-78ca4154c559,Eternal Fissure,,Colorado,,,78,area:Colorado,2026-09-16T02:02:40.586573+00:00,1
5c12c2e8-55be-4bd5-aaff-25316b1c3d70,Aënka,Group,Colorado,,,78,area:Colorado,2026-09-16T02:02:40.586573+00:00,1
c2fb3d14-ad0f-427b-8ef5-9504847f7987,Wentworth Kersey,Group,Colorado,,,78,area:Colorado,2026-09-16T02:02:40.586573+00:00,1
8ee52e79-bd2b-4f45-b05f-27bae47958e5,Nancy Thorwardson,Person,Colorado,North Dakota,1955-03-02,78,area:Colorado,2026-09-16T02:02:40.586573+00:00,1
e401d24e-cff6-408a-8e0d-3d022d04e17f,The McDailey's,Group,Colorado,,,78,area:Colorado,2026-09-16T02:02:40.586573+00:00,1
1d822a9e-2b78-4ed7-8fcc-edf720470f0a,The Hand Me Downs,Group,Colorado,,,78,area:Colorado,2026-09-16T02:02:40.586573+00:00,1
57c3dff3-d117-400d-b477-ead5b00d25cc,One Lucky Guy,Group,Colorado,,,78,area:Colorado,2026-09-16T02:02:40.586573+00:00,1
3a753d51-0aa7-479b-a625-f74aea500753,WhoYaSay?,Group,Colorado,,,78,area:Colorado,2026-09-16T02:02:40.586573+00:00,1
acbf0f19-eeda-4fa5-a1f1-1680d9f398fb,The Green Bean Boys,Group,Colorado,,,78,area:Colorado,2026-09-16T02:02:40.586573+00:00,1
57ce230b-b9fe-438b-844c-3f7c368066b3,one more car to crash,Person,Colorado,,2024,78,area:Colorado,2026-09-16T02:02:40.586573+00:00,1
dc9dc109-ecd4-4572-8bb9-377e8a9acd6f,Dethbox,Group,Colorado,,,78,area:Colorado,2026-09-16T02:02:40.586573+00:00,1
fc64ac13-dc0b-4799-9a33-2801343cbea9,Bob Turner,Person,Colorado,,,78,area:Colorado,2026-09-16T02:02:40.586573+00:00,1
59aa823f-9ac0-44d5-ae28-6d81b57d6059,Frying Pan Bluegrass Band,Group,Colorado,,,78,area:Colorado,2026-09-16T02:02:40.586573+00:00,1
58101274-6c29-4d7b-8850-362043f0bdad,Howard Cattle Company,Group,Colorado,,,78,area:Colorado,2026-09-16T02:02:40.586573+00:00,1
737d174c-52e1-4507-b6ff-f2ec6ef387bc,Hot Lunch Bluegrass,Group,Colorado,,,78,area:Colorado,2026-09-16T02:02:40.586573+00:00,1
3913b002-dd71-4a68-94b7-78d460f0b2fe,Gestalt,Group,Colorado,,,78,area:Colorado,2026-09-16T02:02:40.586573+00:00,1
5cd6c145-0117-4dc6-8dd8-89f482b28cfa,SubOcybin,Person,Colorado,,,78,area:Colorado,2026-09-16T02:02:40.586573+00:00,1
e0796a0f-f142-494b-b9f9-f057289cd316,Safe Boating Is No Accident,,Colorado,,,78,area:Colorado,2026-09-16T02:02:40.586573+00:00,1
be61caed-f9f9-47fd-bae5-b7b6ce9bdded,Lucy Black,Person,Colorado,,,78,area:Colorado,2026-09-16T02:02:40.586573+00:00,1
0c2f8beb-2a14-4bdf-a4e4-422c90f4291c,The Phonies,Person,Colorado,Colorado,,78,area:Colorado,2026-09-16T02:02:40.586573+00:00,1
33c21977-1134-4258-96eb-8241ae8ad7d1,Golden Gate Doorknob,Group,Colorado,,,78,area:Colorado,2026-09-16T02:02:40.586573+00:00,1
48afd2bd-f228-419c-8abd-1af7f0b783cc,The Fabulous Raindrops,Group,Colorado,,,78,area:Colorado,2026-09-16T02:02:40.586573+00:00,1
e6898e0a-ca12-45af-8252-bdf2d163b9d3,Penetration,Group,Colorado,,,78,area:Colorado,2026-09-16T02:02:40.586573+00:00,1
61572b6f-bfe2-4cc9-86f3-499dd8c128d6,Wall of the Fallen,Group,Colorado,,,78,area:Colorado,2026-09-16T02:02:40.586573+00:00,1
b45b430f-7dd2-46fe-a363-36c30d911262,Jon Parker,Person,Colorado,,,78,area:Colorado,2026-09-16T02:02:40.586573+00:00,1
ad4f251c-279f-429c-b547-30ba9ea71d35,earthdiver,Group,Colorado,,,78,area:Colorado,2026-09-16T02:02:40.586573+00:00,1
135c5cbb-b185-4d7f-b75b-cd7e9857eb24,Riviera,Group,Colorado,,,78,area:Colorado,2026-09-16T02:02:40.586573+00:00,1
00fbd03c-1603-43ed-bb2b-0405693d73ec,The Empty Set,,Colorado,,,78,area:Colorado,2026-09-16T02:02:40.586573+00:00,1
65b0e98c-f42c-4510-b37d-0b00c6bf60e3,Ian Bruner,Person,Colorado,,1987,78,area:Colorado,2026-09-16T02:02:40.586573+00:00,1
6d4a63bb-6ac6-45b3-8ede-68f703d24202,Chris Daniels,Person,Colorado,,1952-09-30,78,area:Colorado,2026-09-16T02:02:40.586573+00:00,1
bb79cc86-fb42-4ca1-8194-92b0acdc479d,Loktavious,Person,Colorado,Louisville,1992-11-08,78,area:Colorado,2026-09-16T02:02:40.586573+00:00,1
a6765044-7951-4d62-8c6d-a4100bc433cf,Shakedown Street,Group,Colorado,Manitou Springs,1987-02,78,area:Colorado,2026-09-16T02:02:40.586573+00:00,1
1371a633-7446-44c1-8ab9-4e643d7b1832,Killers,Group,Colorado,,,78,area:Colorado,2026-09-16T02:02:40.586573+00:00,1
aec4512c-320c-4f9e-a865-010e01171cfd,Kelia Anne MacCluskey,Person,Colorado,,,78,area:Colorado,2026-09-16T02:02:40.586573+00:00,1
6d2e432e-5443-4add-8295-808a9f9b6d45,Kirwan Brown,Person,Colorado,,,78,area:Colorado,2026-09-16T02:02:40.586573+00:00,1
852fa3bb-ec8f-4063-9a74-28d63ce5b561,Randy Chavez,Person,Colorado,,,78,area:Colorado,2026-09-16T02:02:40.586573+00:00,1
2322833b-61c1-419e-877c-8b8dfb35fb86,Glenn Zankey,Person,Colorado,,,78,area:Colorado,2026-09-16T02:02:40.586573+00:00,1
a35fbfae-b0b8-4e7e-8223-885b9b45ed4f,Dan Rogers,Person,Colorado,,,78,area:Colorado,2026-09-16T02:02:40.586573+00:00,1
7bdbdef9-bb55-4a79-b3d3-e95dbcfe82a2,Willie McDonald,Person,Colorado,,,78,area:Colorado,2026-09-16T02:02:40.586573+00:00,1
fd170d77-aac6-4b3a-aaa2-d78108dedfb0,Rick Bradstreet,Person,Colorado,Sioux City,1954-09-28,78,area:Colorado,2026-09-16T02:02:40.586573+00:00,1
a43bc1b9-a336-46ef-afed-d92b7f5b2427,Pandas & People,Group,Colorado,Fort Collins,2014-02,78,area:Colorado,2026-09-16T02:02:40.586573+00:00,1
7cb0c956-946d-4992-9e47-c6040285217c,Keith Stieduhar,Person,Colorado,,,78,area:Colorado,2026-09-16T02:02:40.586573+00:00,1
2dc4bc64-2038-47f8-b8dc-eb4123057c1f,James Russick Smith,Person,Colorado,,,78,area:Colorado,2026-09-16T02:02:40.586573+00:00,1
2bc66a22-aa1d-44d8-856f-233e8a79c191,Tim Moody,Person,Colorado,Indiana,,78,area:Colorado,2026-09-16T02:02:40.586573+00:00,1
a6130141-b119-4bad-aea6-4518dd2b9bd1,Rob Murphy,Person,Colorado,,,78,area:Colorado,2026-09-16T02:02:40.586573+00:00,1
a4b8122e-0f98-405e-a96b-f4eb7aba90ac,Bruce Hickey,Person,Colorado,,,78,area:Colorado,2026-09-16T02:02:40.586573+00:00,1
000e5203-86d1-43b9-9059-07599bf2a860,Luca Venter,Person,Colorado,,,78,area:Colorado,2026-09-16T02:02:40.586573+00:00,1
c2e6819c-890f-4f9d-b683-33e935e9a0b4,Dr. Ross Henderson,Person,Colorado,,,78,area:Colorado,2026-09-16T02:02:40.586573+00:00,1
689e272a-bb3c-41fe-a463-c5028adee53a,Bo DePena,Person,Colorado,,,78,area:Colorado,2026-09-16T02:02:40.586573+00:00,1
166546c6-2218-46eb-832c-f377fc3e3e32,Cloak and Dagger Club,Group,Colorado,,,78,area:Colorado,2026-09-16T02:02:40.586573+00:00,1
66103c4e-c1be-411b-b48a-f2c2036f876a,Dan Page,Person,Colorado,,,78,area:Colorado,2026-09-16T02:02:40.586573+00:00,1
af557c3e-e422-4945-bf7c-4db385e1f2d1,Jonathan Bellman,Person,Colorado,,1957,78,area:Colorado,2026-09-16T02:02:40.586573+00:00,1
917d7ec4-cf21-4701-b81c-864fef69773a,Dan Vanada,Person,Colorado,Indiana,,78,area:Colorado,2026-09-16T02:02:40.586573+00:00,1
5eb1301e-946d-4f95-a7cc-f17a377a891d,Sake,Person,Colorado,United States,,78,area:Colorado,2026-09-16T02:02:40.586573+00:00,1
a2e53b78-af9b-4462-b4d2-cfe7f9ba7561,Greg Reed,Person,Colorado,,,78,area:Colorado,2026-09-16T02:02:40.586573+00:00,1
7f210863-1b1b-4ac4-83d0-deb52fb49bb9,Mickey Stinnett,Person,Colorado,,,78,area:Colorado,2026-09-16T02:02:40.586573+00:00,1
46f386e4-56bf-4e60-827b-bdcc160b1bc3,Adam Żukiewicz,Person,Colorado,Poland,1984-04-30,78,area:Colorado,2026-09-16T02:02:40.586573+00:00,1
c33c2065-b1c3-4406-b066-d33a9e2ea71a,OneRepublic,Group,United States,Colorado Springs,2004,100,beginarea:Colorado,2026-09-16T02:02:40.586573+00:00,1
d8ab968a-af4e-4135-946a-990e4fd81174,Magoo,Group,Denver,Colorado,2022,90,beginarea:Colorado,2026-09-16T02:02:40.586573+00:00,1
8951c87f-f730-4247-b442-52ed14ad6a97,Laura Veirs,Person,Portland,Colorado Springs,1973-10-24,89,beginarea:Colorado,2026-09-16T02:02:40.586573+00:00,1
5a732686-71d3-486d-b076-cae027a2f057,Jag Panzer,Group,United States,Colorado Springs,1980-10-19,87,beginarea:Colorado,2026-09-16T02:02:40.586573+00:00,1
db2ca36b-8893-49cf-90b2-27fe5912324b,W. Michael Gear,Person,United States,Colorado Springs,1955,85,beginarea:Colorado,2026-09-16T02:02:40.586573+00:00,1
92e7d285-906a-4e0e-b0db-a79bc80d1e5a,Big Head Todd and the Monsters,Group,United States,Colorado,1984,83,beginarea:Colorado,2026-09-16T02:02:40.586573+00:00,1
1d907a81-0757-4e6f-9b50-75016420fc53,Nobodys,Group,United States,Colorado Springs,,83,beginarea:Colorado,2026-09-16T02:02:40.586573+00:00,1
d9084edf-11d2-4815-9a16-b2e39073304d,Snatam Kaur,Person,United States,Colorado,1972,82,beginarea:Colorado,2026-09-16T02:02:40.586573+00:00,1
de04e9ab-1d3a-4a5b-9e9b-bb355c0e1595,Mr. J. Medeiros,Person,United States,Colorado Springs,,80,beginarea:Colorado,2026-09-16T02:02:40.586573+00:00,1
c9c2342e-83e9-4a73-8b62-f38d99cd8050,Josephine Foster,Person,United States,Colorado,1974-04-19,79,beginarea:Colorado,2026-09-16T02:02:40.586573+00:00,1
1d5aa664-2a04-4e5f-8751-0e919e8d68f0,Fear Before the March of Flames,Group,United States,Aurora,2002-07-31,78,beginarea:Colorado,2026-09-16T02:02:40.586573+00:00,1
70cc3050-56ac-477c-a2ae-13802812cfa9,Walls of Genius,Group,United States,Colorado,1982,77,beginarea:Colorado,2026-09-16T02:02:40.586573+00:00,1
3e73240c-cae0-4c78-a4da-4aa63d97222c,Max Morath,Person,United States,Colorado Springs,1926-10-01,76,beginarea:Colorado,2026-09-16T02:02:40.586573+00:00,1
8c822d42-ef69-4890-aa91-f33a2fd95aee,Hilary Weeks,Person,United States,Colorado,1970-03-07,76,beginarea:Colorado,2026-09-16T02:02:40.586573+00:00,1
bc2da1c5-84b4-4b9f-831e-4f6d7c640008,Tina Malia,Person,United States,Colorado,1978-02-16,76,beginarea:Colorado,2026-09-16T02:02:40.586573+00:00,1
c47d8adb-f874-4fd7-b51c-ba7cd7bd0684,Buried Realm,Group,United States,Colorado Springs,,76,beginarea:Colorado,2026-09-16T02:02:40.586573+00:00,1
8105ad6a-b583-413f-8aae-ff34de4c1fa5,Satan’s Host,Group,United States,Colorado,1977,75,beginarea:Colorado,2026-09-16T02:02:40.586573+00:00,1
847ce5cf-2e38-4e91-b14e-8a8724f6e08e,Pinhead Circus,Group,United States,Colorado,1988,74,beginarea:Colorado,2026-09-16T02:02:40.586573+00:00,1
3ac06f50-745c-40a8-8e98-5a8b1fe472c0,Sumphonia,Choir,United States,Colorado,2002,74,beginarea:Colorado,2026-09-16T02:02:40.586573+00:00,1
a05194cb-a1f2-462d-948f-abe2399b2b07,The Great Redneck Hope,Group,United States,Colorado Springs,2000,74,beginarea:Colorado,2026-09-16T02:02:40.586573+00:00,1
ef45a999-4aab-4213-9a89-8b2e2eeaad8c,Dan York,Person,Oregon,Colorado Springs,,74,beginarea:Colorado,2026-09-16T02:02:40.586573+00:00,1
c33fd966-b0b1-4af9-a7ea-b349e148af80,Altars,Group,United States,Colorado Springs,2010-05-10,73,beginarea:Colorado,2026-09-16T02:02:40.586573+00:00,1
934ac9d8-5e33-4c09-a724-9725631dbe39,Tia Fuller,Person,United States,Aurora,1976-03-27,73,beginarea:Colorado,2026-09-16T02:02:40.586573+00:00,1
7c475cd5-6f10-4cca-9b02-4f05cba0164a,Laymen Terms,Group,United States,Colorado Springs,2000,73,beginarea:Colorado,2026-09-16T02:02:40.586573+00:00,1
b38bf0b8-432e-4628-88fa-d0144fcd2b17,The 17th Avenue All-Stars,Group,,Colorado,,73,beginarea:Colorado,2026-09-16T02:02:40.586573+00:00,1
a6fef3f3-60d2-4454-99ca-e9f87840251e,Märvel,Group,Sweden,Colorado,2002,73,beginarea:Colorado,2026-09-16T02:02:40.586573+00:00,1
15843a2d-55a6-4849-b333-42508a60a23a,Arum Rae,Person,United States,Colorado Springs,,73,beginarea:Colorado,2026-09-16T02:02:40.586573+00:00,1
6a46f3b9-0544-4431-be99-9159d2968d7b,BLOODREIGN,Group,Brazil,Colorado,,73,beginarea:Colorado,2026-09-16T02:02:40.586573+00:00,1
7fb62e5c-cc67-46cf-9ad4-a1750637a087,The Bowed Piano Ensemble,Group,,Colorado Springs,1977,73,beginarea:Colorado,2026-09-16T02:02:40.586573+00:00,1
dc5284bd-7fa2-4cf5-a51e-ceab8489e3d5,American Diner,Group,Monterey,Colorado Springs,2014-10-28,72,beginarea:Colorado,2026-09-16T02:02:40.586573+00:00,1
8b70ea2d-9e22-4231-8345-a6bd39f5c33b,All Human,Group,Long Beach,Aurora,2011,72,beginarea:Colorado,2026-09-16T02:02:40.586573+00:00,1
977c15ea-3db4-4b2c-8550-4e89507ec507,Jordan Rupp,Person,United States,Colorado Springs,2002-02-23,72,beginarea:Colorado,2026-09-16T02:02:40.586573+00:00,1
90aafade-749f-4e51-8e6c-4ab4483af40a,Tigerwine,Group,United States,Colorado Springs,2012,72,beginarea:Colorado,2026-09-16T02:02:40.586573+00:00,1
2a552fd6-9286-4fc7-b028-fae9f043f923,Excommunion,Group,United States,Colorado Springs,1998,72,beginarea:Colorado,2026-09-16T02:02:40.586573+00:00,1
b09729d8-f289-47af-9cfa-00286964479d,Cabin,Group,United States,Colorado Springs,2020-11-01,71,beginarea:Colorado,2026-09-16T02:02:40.586573+00:00,1
ad96d62d-3908-440c-8332-cc43cd28d6c7,Fourth Estate,Group,United States,Colorado,1987,71,beginarea:Colorado,2026-09-16T02:02:40.586573+00:00,1
c844a240-e8bb-40b1-8e57-d0ec5f26e130,David Longoria,Person,,Colorado Springs,,71,beginarea:Colorado,2026-09-16T02:02:40.586573+00:00,1
c291a4fd-d5b3-422d-bcd4-86e4b9a5a6f9,Black Pegasus,Person,United States,Colorado Springs,1980-03-24,71,beginarea:Colorado,2026-09-16T02:02:40.586573+00:00,1
92e40ba7-ec15-4613-aaba-68589aa89b3c,MN,Other,Muncie,Colorado,2018-08,71,beginarea:Colorado,2026-09-16T02:02:40.586573+00:00,1
76556c4a-2cd2-44b2-ae6d-65bbaff5881b,Scott Nickoley,Person,United States,Colorado,1976-08-04,70,beginarea:Colorado,2026-09-16T02:02:40.586573+00:00,1
d2f07f24-7df5-488f-b515-3ba122cd5ff1,Shaun Harris,Person,United States,Colorado Springs,1946,70,beginarea:Colorado,2026-09-16T02:02:40.586573+00:00,1
a4bf920b-ced0-4e69-ad6a-143bb3e62672,Colorado Quartet,Group,United States,Colorado,1982,70,beginarea:Colorado,2026-09-16T02:02:40.586573+00:00,1
d33a5abf-7a05-4eea-a76e-baa778104d85,Elision,Group,United States,Colorado Springs,2004-10-31,70,beginarea:Colorado,2026-09-16T02:02:40.586573+00:00,1
d76c8db7-7024-488c-8dfe-25a30c795a2c,Talia Hoit,Person,United States,Colorado Springs,,70,beginarea:Colorado,2026-09-16T02:02:40.586573+00:00,1
d487181b-ddf7-460b-a873-6db968d4e4e9,Ellipsis,Person,,Colorado Springs,,70,beginarea:Colorado,2026-09-16T02:02:40.586573+00:00,1
e1f6d553-f315-46bb-a653-0b518388c682,The Chasers,Group,United States,Colorado Springs,1963,70,beginarea:Colorado,2026-09-16T02:02:40.586573+00:00,1
cd012046-3a0d-42e8-a0eb-b5e540afed2f,Madaline Garcia,Person,United States,Colorado Springs,1990-12-16,70,beginarea:Colorado,2026-09-16T02:02:40.586573+00:00,1
dafa985e-e628-408c-b0a3-402a962a9dbb,Smaug,Group,United States,Colorado Springs,2005,70,beginarea:Colorado,2026-09-16T02:02:40.586573+00:00,1
291091ac-98dd-49ad-91b5-4c1667d6c088,Dead World,Group,United States,Colorado,1991,70,beginarea:Colorado,2026-09-16T02:02:40.586573+00:00,1
48d90f95-a7b6-4b5f-b043-277debac808b,Kelly Bishop,Person,United States,Colorado Springs,1944-02-28,70,beginarea:Colorado,2026-09-16T02:02:40.586573+00:00,1
94342543-dacf-498c-805d-82d8b3e8eddc,Mage… or Astro‐Mage?,Group,United States,Colorado Springs,,70,beginarea:Colorado,2026-09-16T02:02:40.586573+00:00,1
5deed6ca-56ed-495c-b35d-baa8777f161d,Mortality,Group,United States,Colorado Springs,1994,70,beginarea:Colorado,2026-09-16T02:02:40.586573+00:00,1
696cd018-b160-47ab-931f-0105027f5b48,bergtatt,Group,Eugene,Colorado Springs,2018-04-29,70,beginarea:Colorado,2026-09-16T02:02:40.586573+00:00,1
6748d9b7-3530-483a-b5eb-eda84ad28c99,Michaela Paetsch Neftel,Person,United States,Colorado Springs,1961-11-12,70,beginarea:Colorado,2026-09-16T02:02:40.586573+00:00,1
46a66664-0d91-498e-902b-0276d79476c1,Levi Weaver,Person,United States,Colorado,,70,beginarea:Colorado,2026-09-16T02:02:40.586573+00:00,1
9898ba38-ab60-4051-8d96-849525ce0193,Evergreen Refuge,Group,United States,Colorado,2011-09,70,beginarea:Colorado,2026-09-16T02:02:40.586573+00:00,1
75c6504a-ab70-4588-b5ae-b3ed7687dc21,DJ Vajra,Person,United States,Colorado,1979-01-25,69,beginarea:Colorado,2026-09-16T02:02:40.586573+00:00,1
2850a17c-6c06-4907-8a9b-e8db61b120c6,RÜS,Person,,Colorado Springs,1990-03-21,69,beginarea:Colorado,2026-09-16T02:02:40.586573+00:00,1
6606cb77-02a6-4385-a38c-7d4944e1150c,Cabaret Diosa,Group,United States,Colorado,1995,69,beginarea:Colorado,2026-09-16T02:02:40.586573+00:00,1
7540eab0-7b44-44e9-8dcb-b78787089611,Jamey Cassell,Person,Minneapolis,Aurora,1984-09-15,69,beginarea:Colorado,2026-09-16T02:02:40.586573+00:00,1
31d2d057-45c8-4d8e-9312-65cfc3d1d347,John Emerson,Group,United States,Colorado Springs,2022-05-26,69,beginarea:Colorado,2026-09-16T02:02:40.586573+00:00,1
e7b5a023-4ecc-44cd-b04e-cf5ef690d061,MX,Person,,Colorado Springs,1999-09-27,69,beginarea:Colorado,2026-09-16T02:02:40.586573+00:00,1
ea46e917-7e8f-4801-9a5f-ca0cfb70f192,Alone,Group,United States,Colorado Springs,,69,beginarea:Colorado,2026-09-16T02:02:40.586573+00:00,1
c0b08087-75fb-4931-8cd8-43942ef44e04,Fallen Ochita,Person,,Colorado Springs,1997-11-06,69,beginarea:Colorado,2026-09-16T02:02:40.586573+00:00,1
08e14b43-66d4-4983-830a-2ee5415d868d,The Soul,Group,United States,Colorado Springs,,69,beginarea:Colorado,2026-09-16T02:02:40.586573+00:00,1
879a9b57-b0dd-4018-a417-9691713252db,Grateful Dudes,Group,United States,Colorado Springs,,69,beginarea:Colorado,2026-09-16T02:02:40.586573+00:00,1
ff5ba87f-a19f-405d-bd3b-ba0c19d7d643,Jack Blackton,Person,,Colorado Springs,1938-03-16,69,beginarea:Colorado,2026-09-16T02:02:40.586573+00:00,1
30ecd293-1b2e-4a48-a8d6-6af516e511c0,Hit & Run Bluegrass,Group,United States,Colorado,2001,69,beginarea:Colorado,2026-09-16T02:02:40.586573+00:00,1
1317c468-c122-453a-88e4-137d94db446a,Neverlight,Group,United States,Colorado Springs,,69,beginarea:Colorado,2026-09-16T02:02:40.586573+00:00,1
8a48404b-4014-45ba-b719-30d13e26788c,Justice Blocc,Group,,Colorado Springs,,69,beginarea:Colorado,2026-09-16T02:02:40.586573+00:00,1
9ee78ae7-cbeb-4abf-bf00-77319c376d05,John Kerry,Person,United States,Aurora,1943-12-11,69,beginarea:Colorado,2026-09-16T02:02:40.586573+00:00,1
97cd6977-0d4e-4f1e-8352-2e27287d3aff,High Mage,Group,United States,Colorado Springs,,69,beginarea:Colorado,2026-09-16T02:02:40.586573+00:00,1
bb858086-92f7-491f-a7f4-bc4a0584cc83,Andeddomeiji,,United States,Colorado Springs,,69,beginarea:Colorado,2026-09-16T02:02:40.586573+00:00,1
8a9e7bbf-5b72-4698-9b81-90f491dce797,Chris Sanders,Person,United States,Colorado Springs,1962-03-12,69,beginarea:Colorado,2026-09-16T02:02:40.586573+00:00,1
9fc37bbf-c2a4-4ac9-95de-255e93fc6758,Tom Hamilton,Person,United States,Colorado Springs,1951-12-31,69,beginarea:Colorado,2026-09-16T02:02:40.586573+00:00,1
aa82f05f-d54a-4466-9848-1f78d4e4cf68,Bereavement,Group,United States,Colorado Springs,1993,69,beginarea:Colorado,2026-09-16T02:02:40.586573+00:00,1
c5de0aab-0b6c-4053-875b-b15f393cf667,STLRR,Group,Chicago,Colorado Springs,2020,69,beginarea:Colorado,2026-09-16T02:02:40.586573+00:00,1
cb7040b5-52eb-4a76-a784-4671f2f9caff,SemiFiction,Group,,Colorado Springs,2020,69,beginarea:Colorado,2026-09-16T02:02:40.586573+00:00,1
45e5c0a1-16bc-4bff-8e99-fd41cec68e45,Danny Harris,Person,United States,Colorado Springs,1947,69,beginarea:Colorado,2026-09-16T02:02:40.586573+00:00,1
da96024f-b25c-4dd9-bcfa-40f4b86425a0,Keith Brown,Person,United States,Colorado Springs,1933-10-21,69,beginarea:Colorado,2026-09-16T02:02:40.586573+00:00,1
b41c3a73-0940-482f-b4fa-aaa19ee783a1,Mark's Midnight Carnival Show,Group,,Colorado Springs,2008-01-01,69,beginarea:Colorado,2026-09-16T02:02:40.586573+00:00,1
daba8c3b-1940-45a5-b5c5-2a45a0e546b4,Æthraxia,,,Colorado Springs,2025-01-01,69,beginarea:Colorado,2026-09-16T02:02:40.586573+00:00,1
667f2c84-4560-445a-b3a1-d4c6eb3bad9d,The Mostly Don'ts,Group,United States,Colorado Springs,2011,69,beginarea:Colorado,2026-09-16T02:02:40.586573+00:00,1
0e4247f2-8673-4b60-ba37-8c256183e684,Before Vegas,,,Colorado Springs,2025,69,beginarea:Colorado,2026-09-16T02:02:40.586573+00:00,1
3e98db6c-ecee-4777-97e1-4b66cc58d73f,Aligned In Ruins,,,Colorado Springs,2025,69,beginarea:Colorado,2026-09-16T02:02:40.586573+00:00,1
15684dea-0d1d-4a46-bc85-b9fb646cb7db,Jester's Paradox,,,Colorado Springs,2026-01-01,69,beginarea:Colorado,2026-09-16T02:02:40.586573+00:00,1
a596a271-5ade-4985-8ee6-5cf3f65e308a,Stoney Bertz,,,Colorado Springs,2011-01-01,69,beginarea:Colorado,2026-09-16T02:02:40.586573+00:00,1
4e0b50fc-fc07-4a68-80dd-92e0eef42750,Jack West Coast,Person,Manhattan,Colorado Springs,1997-12-28,69,beginarea:Colorado,2026-09-16T02:02:40.586573+00:00,1
f1230356-b45f-4055-99be-141e7c0ce832,Harrison Bergeron,Group,,Colorado Springs,2004,69,beginarea:Colorado,2026-09-16T02:02:40.586573+00:00,1
1141accb-5013-4fb9-b1e0-c8a2a4346b21,Violent Nine,Group,United States,Colorado Springs,,69,beginarea:Colorado,2026-09-16T02:02:40.586573+00:00,1
ea357a29-25b4-4098-8dde-2c240ad4ca93,Goose Gossage,Person,United States,Colorado Springs,1951-07-05,69,beginarea:Colorado,2026-09-16T02:02:40.586573+00:00,1
9b2f64a8-98ea-433b-bfe0-2675c02b08db,Disco Lines,Person,United States,Colorado,1999-01-26,69,beginarea:Colorado,2026-09-16T02:02:40.586573+00:00,1
fae0a90c-22ac-4065-a904-514cfca30ad9,Akhlys,Group,United States,Colorado,2009,69,beginarea:Colorado,2026-09-16T02:02:40.586573+00:00,1
380bcc00-83b4-495e-aea6-73f2f4c22b0f,Devon Again,Person,United States,Colorado,2000-12-27,69,beginarea:Colorado,2026-09-16T02:02:40.586573+00:00,1
b864449d-5017-4c9a-96bb-8e88e7d05dc8,Last Heroes,Group,United States,Colorado,,68,beginarea:Colorado,2026-09-16T02:02:40.586573+00:00,1
2c4fc730-cb22-4a14-8e3f-28e004b9e11a,Paper Diamond,Person,United States,Colorado,,68,beginarea:Colorado,2026-09-16T02:02:40.586573+00:00,1
4ac523a3-a0e2-4ce9-b8c3-15270d36f0a0,Katalysk,Group,United States,Aurora,2016,68,beginarea:Colorado,2026-09-16T02:02:40.586573+00:00,1
c263805d-4d69-4eea-8301-2654a486d1eb,Devin Hoff,Person,United States,Colorado,,67,beginarea:Colorado,2026-09-16T02:02:40.586573+00:00,1
fb39ff95-c796-4081-ae03-aed0a1c68ce7,Lefty SM,Person,Mexico,San Luis Río Colorado,1992-04-22,67,beginarea:Colorado,2026-09-16T02:02:40.586573+00:00,1
0648b946-0e1d-4c5e-aebc-998a3a7cb9d6,Thirtysixflip,Group,United States,Aurora,1999,67,beginarea:Colorado,2026-09-16T02:02:40.586573+00:00,1
84d1888a-e6d9-449a-b0dc-618f76056666,Two Worlds,Group,United States,Aurora,,67,beginarea:Colorado,2026-09-16T02:02:40.586573+00:00,1
a570b481-e310-4fb2-adfa-4e359a174bd3,Jade Day,Person,United States,Colorado,,67,beginarea:Colorado,2026-09-16T02:02:40.586573+00:00,1
4b712392-c189-491d-9a29-78a06335ed68,Bestia Arcana,Group,United States,Colorado,2008,67,beginarea:Colorado,2026-09-16T02:02:40.586573+00:00,1
7060433f-8c89-4892-894e-63f34d46bc23,Dead Silence,Group,Boulder,Colorado,1984,67,beginarea:Colorado,2026-09-16T02:02:40.586573+00:00,1
daf42d56-dd7e-475c-87ac-ca9a06ec79b4,Colorado Mass Choir,Choir,United States,Colorado,1996,67,beginarea:Colorado,2026-09-16T02:02:40.586573+00:00,1
a12adc67-d443-4c58-a6bb-d7e8f2145e3d,Accidental Superhero,Group,United States,Colorado,1995,67,beginarea:Colorado,2026-09-16T02:02:40.586573+00:00,1
0b73df31-5cf2-44f9-81f8-85f060591f9c,The Lidos,Group,United States,Aurora,,66,beginarea:Colorado,2026-09-16T02:02:40.586573+00:00,1
5bccf403-7d16-4a00-bded-fffb05204fdc,Jack Lowe,Person,,Aurora,1917-12-25,66,beginarea:Colorado,2026-09-16T02:02:40.586573+00:00,1
7c56ea5f-3150-4e24-94a9-900bca808923,sleeper sbg,Person,San Diego,Aurora,1995-11-25,66,beginarea:Colorado,2026-09-16T02:02:40.586573+00:00,1
c055c712-164a-4b85-85dd-eb945ca2d2c7,バレッタ裕,Person,Japan,Colorado,1991-08-08,66,beginarea:Colorado,2026-09-16T02:02:40.586573+00:00,1
87e1de68-9f30-4a90-8544-d7671adf76d8,Rogue,Group,United States,Aurora,,66,beginarea:Colorado,2026-09-16T02:02:40.586573+00:00,1
fc28e777-0a05-4a8f-b2e1-d60321cd3e3f,Brendan Schaub,Person,Los Angeles,Aurora,1983-03-18,66,beginarea:Colorado,2026-09-16T02:02:40.586573+00:00,1
116c8e11-d80c-4230-b533-a03e44cb6b48,Fist Fight,Group,United States,Aurora,2011,66,beginarea:Colorado,2026-09-16T02:02:40.586573+00:00,1
b8c2cbb7-8d0e-478a-9765-8c3a05ef0330,Last Nerve,Group,,Aurora,2015-01-01,66,beginarea:Colorado,2026-09-16T02:02:40.586573+00:00,1
b5c4cf02-8631-45eb-b9c2-9b137a9ae1be,Chris Bowers Castillo,Person,United States,Aurora,,66,beginarea:Colorado,2026-09-16T02:02:40.586573+00:00,1
325d3a4e-631e-4c99-b948-ff7e4194982a,49 Stories,Group,United States,Colorado,,66,beginarea:Colorado,2026-09-16T02:02:40.586573+00:00,1
ade4c16d-4182-43ca-8610-327892724482,Claire Guerreso,Person,United States,Colorado,1983-09-19,66,beginarea:Colorado,2026-09-16T02:02:40.586573+00:00,1
67e99b67-c6d3-4440-8b8c-5fda0d5b637a,Abigail Osborn,Person,United States,Colorado,,66,beginarea:Colorado,2026-09-16T02:02:40.586573+00:00,1
1885308f-e8fa-406c-9625-11edc5e2880b,Kathleen,,Los Angeles,Colorado,,66,beginarea:Colorado,2026-09-16T02:02:40.586573+00:00,1
fec81522-40c6-454a-b8a5-53ac8482e7cb,FritZ,Person,Queensland,Colorado,2000-12-18,66,beginarea:Colorado,2026-09-16T02:02:40.586573+00:00,1
c3458a15-e92a-477d-9067-350685b1bbc5,Bull of Apis Bull of Bronze,Group,United States,Colorado,,66,beginarea:Colorado,2026-09-16T02:02:40.586573+00:00,1
701536b7-fef2-4e6f-897a-3d925778caca,Benightment,Group,United States,Colorado,,66,beginarea:Colorado,2026-09-16T02:02:40.586573+00:00,1
a0dda4b4-0967-4207-a54e-dbbb720578e8,Cynthia Lawrence,Person,United States,Colorado,,66,beginarea:Colorado,2026-09-16T02:02:40.586573+00:00,1
9fade31b-e3cf-45e6-adf8-6c298b017f0a,Cotown Records,Group,,Colorado,2010-11-16,66,beginarea:Colorado,2026-09-16T02:02:40.586573+00:00,1
d76a122c-17d0-4120-9eec-653eaddeb9a6,Kade Hoffman,Person,United States,Colorado,,65,beginarea:Colorado,2026-09-16T02:02:40.586573+00:00,1
4f64d7ab-7eec-45d3-933e-47d3f8c5492a,Nick-E Maggz,Person,Finland,Colorado,,65,beginarea:Colorado,2026-09-16T02:02:40.586573+00:00,1
8c812500-172d-4a5f-9145-8b5eb6573ceb,CJ Hammond,Person,Los Angeles,Colorado,,65,beginarea:Colorado,2026-09-16T02:02:40.586573+00:00,1
36929a96-4184-4933-8139-602990ea24f8,The Martini Shot,Group,United States,Colorado,2000,65,beginarea:Colorado,2026-09-16T02:02:40.586573+00:00,1
345521d7-5550-41ae-8bea-3dbc78884743,Kyle O’Brien,Person,,Colorado,,65,beginarea:Colorado,2026-09-16T02:02:40.586573+00:00,1
3e96173b-4d35-41f6-a80a-0aa45fee63b1,Hell's Half Acre,Group,United States,Colorado,,65,beginarea:Colorado,2026-09-16T02:02:40.586573+00:00,1
b2ef030a-e613-4f93-a3db-97522d7cb675,Wholly Oracle,Group,United States,Colorado,,65,beginarea:Colorado,2026-09-16T02:02:40.586573+00:00,1
09823b4e-c785-429d-b09c-4b846e3c42f5,John Hines,Person,United States,Colorado,,65,beginarea:Colorado,2026-09-16T02:02:40.586573+00:00,1
6d24a1be-2dba-4bd1-8925-918307ed201b,Indigo,Group,United States,Colorado,,65,beginarea:Colorado,2026-09-16T02:02:40.586573+00:00,1
1846316a-d4eb-4fb6-8547-97caa08139ca,MC Dino,Person,United States,Colorado,,65,beginarea:Colorado,2026-09-16T02:02:40.586573+00:00,1
0218edc0-4f3e-4f2c-aaf7-b951dcfd88d9,Seems Good,Group,United States,Colorado,2013-11,65,beginarea:Colorado,2026-09-16T02:02:40.586573+00:00,1
09e12ec9-863d-4128-9fbe-2df91c3a4220,Tim Carmichael,Person,,Colorado,1973-07-24,65,beginarea:Colorado,2026-09-16T02:02:40.586573+00:00,1
b214a7e9-31a8-4c9f-8835-f42610b1a5c7,Cuscuta,Group,United States,Colorado,2014,65,beginarea:Colorado,2026-09-16T02:02:40.586573+00:00,1
a20cbfca-caba-4ee1-a89e-b8d5fd97a627,An Age Lost,Group,,Colorado,2011,65,beginarea:Colorado,2026-09-16T02:02:40.586573+00:00,1
a36b376b-c024-4fc0-90f5-63126990ef67,Kaleb Rudy,Person,,Colorado,,65,beginarea:Colorado,2026-09-16T02:02:40.586573+00:00,1
108513fc-5f45-4648-a2db-d148cf9304a0,Vocivus,Group,United States,Colorado,2011,65,beginarea:Colorado,2026-09-16T02:02:40.586573+00:00,1
4f049d63-7cb3-440f-ad07-0fa084a396bc,Germ Theory,Group,,Colorado,2020-09-14,65,beginarea:Colorado,2026-09-16T02:02:40.586573+00:00,1
99a9391f-020d-4732-9203-c7810f39b34d,Bladecatcher,Group,United States,Colorado,2014,65,beginarea:Colorado,2026-09-16T02:02:40.586573+00:00,1
09e39752-2a14-43a8-9b96-1b89bf1b1782,Conni Ellisor,Person,United States,Colorado,1953-09-25,64,beginarea:Colorado,2026-09-16T02:02:40.586573+00:00,1
24397823-27ac-462a-9cb6-77cd28265f17,The Doppler Effect,Group,United States,Colorado,,64,beginarea:Colorado,2026-09-16T02:02:40.586573+00:00,1
9c4a5f46-de6a-4cc3-a30e-5ffb1ba701dc,Serpentinam,Group,United States,Colorado,2004,64,beginarea:Colorado,2026-09-16T02:02:40.586573+00:00,1
6add4496-9268-4f53-b9a4-71c04627f2b9,Eyvin Andersen,Person,Denmark,Colorado,1914,64,beginarea:Colorado,2026-09-16T02:02:40.586573+00:00,1
578290bd-165d-4c0c-85a5-d3b402d40e2c,Motifv,Person,,Colorado,,64,beginarea:Colorado,2026-09-16T02:02:40.586573+00:00,1
375be654-3ba5-43b7-be3e-1f93d41bb275,Sur Royal Da Count & The Parliaments,Group,United States,Colorado,,64,beginarea:Colorado,2026-09-16T02:02:40.586573+00:00,1
b7205880-5fb6-4ae5-8c5f-04a18fe1b52e,Ale Zéguer,Person,Ciudad de México,San Luis Río Colorado,1989-04-30,64,beginarea:Colorado,2026-09-16T02:02:40.586573+00:00,1
6070e430-1615-4d79-9c4e-3bcb4a98dea7,Özgür Aydin,Person,Germany,Colorado,1972,64,beginarea:Colorado,2026-09-16T02:02:40.586573+00:00,1
0f80b149-a4d6-4d40-b514-b941447c595a,Airsick,Group,United States,Colorado,,64,beginarea:Colorado,2026-09-16T02:02:40.586573+00:00,1
874037c8-9420-4d82-a57f-1f0a2b0b6657,Zakarion,Group,United States,Colorado,,64,beginarea:Colorado,2026-09-16T02:02:40.586573+00:00,1
2a61033e-b2d6-478c-8ca5-0fc4a6103dbf,Small Hands,Person,United States,Colorado,,64,beginarea:Colorado,2026-09-16T02:02:40.586573+00:00,1
3aa32642-3cf3-42bc-9586-493921827d80,Saints Of Never After,Group,Fort Collins,Colorado,2015-08,64,beginarea:Colorado,2026-09-16T02:02:40.586573+00:00,1
7efab32c-f77c-47e2-b34e-3a1f3dc0f1a3,Josh Dare,Person,United States,Colorado,,64,beginarea:Colorado,2026-09-16T02:02:40.586573+00:00,1
b87f6776-99a9-4253-bb62-baa11ec20cd5,Seicento,Choir,,Colorado,2011,64,beginarea:Colorado,2026-09-16T02:02:40.586573+00:00,1
789dfdaf-8868-4059-8687-80c820aba378,Savage Amusement,Group,,Colorado,,64,beginarea:Colorado,2026-09-16T02:02:40.586573+00:00,1
4b0aa6ba-8a76-4d96-a32a-f6762e490ce4,Andrea Andonian,Person,,Colorado,,64,beginarea:Colorado,2026-09-16T02:02:40.586573+00:00,1
757eed25-8117-4a62-a987-e700d1655abe,Joseph Walsh,Person,,Colorado,1997,64,beginarea:Colorado,2026-09-16T02:02:40.586573+00:00,1
23245e0f-fd0f-4a3d-96ab-41ae916e35f4,Ted Madsen,Person,Nashville,Colorado,1933,64,beginarea:Colorado,2026-09-16T02:02:40.586573+00:00,1
5ca2564c-df63-400a-8395-9f8c1314eb39,Scott Wilson,Person,United States,Colorado,1972-11-25,64,beginarea:Colorado,2026-09-16T02:02:40.586573+00:00,1
480954a6-a024-4658-bcbe-14ef72af8541,Roberto Hermosillo,Person,Los Angeles,San Luis Río Colorado,1988-09-29,64,beginarea:Colorado,2026-09-16T02:02:40.586573+00:00,1
76fdee3f-f737-463d-a7a5-350b3f7a29e0,Luke Thinnes,Person,Denver,Colorado,,64,beginarea:Colorado,2026-09-16T02:02:40.586573+00:00,1
d6d11f07-7cf0-41e6-9dba-82ea1e59587e,The Long Run,Group,Colorado,Colorado,2009,64,beginarea:Colorado,2026-09-16T02:02:40.586573+00:00,1
15a79a9a-c67b-4b8b-bd94-1c77d6bce72e,Apostasy,Group,United States,Colorado,,64,beginarea:Colorado,2026-09-16T02:02:40.586573+00:00,1
347c7387-f5ba-43c2-9e5f-b6a878aea0d2,Rae McAlister,Group,,Colorado,1998,64,beginarea:Colorado,2026-09-16T02:02:40.586573+00:00,1
8181f944-78f5-4858-a59a-1c1df072488e,John Zabawa,Person,United States,Colorado,,64,beginarea:Colorado,2026-09-16T02:02:40.586573+00:00,1
b54a001a-8f83-47f2-a03e-6a46bb4cd2a6,Daniel Ondaro,Person,,Colorado,,64,beginarea:Colorado,2026-09-16T02:02:40.586573+00:00,1
73a8aee5-4829-4fc4-8cda-6796887e6a8d,Edward Seidensticker,Person,United States,Colorado,1921-02-11,64,beginarea:Colorado,2026-09-16T02:02:40.586573+00:00,1
94f70e50-6d54-488d-b9a6-84824d504e94,Adriana Michima,Person,United States,Colorado,,64,beginarea:Colorado,2026-09-16T02:02:40.586573+00:00,1
09b2912c-8594-407f-8336-82b5de8d3c27,Mark Biesterfeld,Person,United States,Colorado,,64,beginarea:Colorado,2026-09-16T02:02:40.586573+00:00,1
3891218d-0d0e-4bef-af51-864243ee9eef,Incignia,Group,United States,Colorado,,64,beginarea:Colorado,2026-09-16T02:02:40.586573+00:00,1
7c2f654d-0b15-4fc8-8457-41f5675e5d59,John Lutzow,Person,United States,Colorado,1971-03-30,64,beginarea:Colorado,2026-09-16T02:02:40.586573+00:00,1
4fb019a8-ddaf-442f-944d-2cd36c20396d,Donnell Lemond,Person,Atlanta,Colorado,1986-11-14,64,beginarea:Colorado,2026-09-16T02:02:40.586573+00:00,1
c8bd19ea-7e6b-4443-89ff-8e4a1940889c,Joe Waters,Person,United States,Colorado,,64,beginarea:Colorado,2026-09-16T02:02:40.586573+00:00,1
347319c0-b543-4754-a913-22040019cc74,Kevin Thomas,Person,United States,Colorado,,64,beginarea:Colorado,2026-09-16T02:02:40.586573+00:00,1
24ef31a0-27d3-4df7-ae89-f68b5dc30c6a,Isabella Osborne,Person,United States,Colorado,,64,beginarea:Colorado,2026-09-16T02:02:40.586573+00:00,1
498a8a27-0e06-4c2c-b5af-439fc2b7fa0e,Teenage Wasteland,Group,United States,Colorado,,64,beginarea:Colorado,2026-09-16T02:02:40.586573+00:00,1
4d116e21-356e-4536-bfb4-33d2f12f61d9,Radio Fluke,Group,Colorado,Colorado,2019,64,beginarea:Colorado,2026-09-16T02:02:40.586573+00:00,1
79dafd07-334c-4620-8700-4935d8099885,Ramblin' Band,Group,Colorado,Colorado,,64,beginarea:Colorado,2026-09-16T02:02:40.586573+00:00,1
ada8ab25-2458-4cf9-88b1-0843c7752bc8,Gratefully Acoustic,Group,Colorado,Colorado,,64,beginarea:Colorado,2026-09-16T02:02:40.586573+00:00,1
ca9a8a98-1e3b-4fc6-8dca-604d7eb1d44b,Smoke-Signals,Group,United States,Colorado,,64,beginarea:Colorado,2026-09-16T02:02:40.586573+00:00,1
0bebbf6b-a78d-43c3-ab46-129598de144c,Loopsy Dazy,Person,Canada,Colorado,,64,beginarea:Colorado,2026-09-16T02:02:40.586573+00:00,1
c0fb2af3-0278-43ca-8f0c-6107f26c110f,Tony Barela,Person,,Colorado,1999-05-25,64,beginarea:Colorado,2026-09-16T02:02:40.586573+00:00,1
78ea6adb-a1c7-44c3-88af-3b1eed28211b,Crick Wooder,Group,United States,Colorado,,64,beginarea:Colorado,2026-09-16T02:02:40.586573+00:00,1
89648b98-5fb8-4c5f-a1c8-d559f519c11e,Peak2Peak,Group,Colorado,Colorado,,64,beginarea:Colorado,2026-09-16T02:02:40.586573+00:00,1
a39f9bdb-1ead-4745-a17f-a9e7642b34ec,Pickin' Pear,Group,Colorado,Colorado,2015,64,beginarea:Colorado,2026-09-16T02:02:40.586573+00:00,1
22f428c0-3759-4124-92ce-d38d41345212,Lid Dixon,Person,Colorado,Colorado,,64,beginarea:Colorado,2026-09-16T02:02:40.586573+00:00,1
6825137d-e6d6-4332-924e-bcbad7decbe2,Chad Jaynes,Person,United States,Colorado,,64,beginarea:Colorado,2026-09-16T02:02:40.586573+00:00,1
5fc5810b-2d14-4315-8f31-f10137e6a58e,Devra Hoff,Person,United States,Colorado,,64,beginarea:Colorado,2026-09-16T02:02:40.586573+00:00,1
7046105f-a02f-4053-8314-94b1ced8216f,Joe King,Person,United States,Colorado,1980-05-25,64,beginarea:Colorado,2026-09-16T02:02:40.586573+00:00,1
da29ff49-7f66-436e-b7b6-42355a4d2c8e,Joshua Lopez,Person,United States,Colorado,,64,beginarea:Colorado,2026-09-16T02:02:40.586573+00:00,1
d1128a09-c249-4d1b-ac7e-1232b012cdf9,Alexander Botwin,Person,United States,Colorado,,64,beginarea:Colorado,2026-09-16T02:02:40.586573+00:00,1
134d2f06-309b-439e-937f-b170548a8b16,Tegan Wolfe,Person,Fort Collins,Colorado,,64,beginarea:Colorado,2026-09-16T02:02:40.586573+00:00,1
fc649595-7de5-4eb6-b16c-8e3f9da91557,Clark Hagan,Person,Nashville,Colorado,,64,beginarea:Colorado,2026-09-16T02:02:40.586573+00:00,1
cd9bc6b9-fae9-4073-b012-18b99c569036,Colorado Jazz Repertory Orchestra,Orchestra,Colorado,Colorado,2012,64,beginarea:Colorado,2026-09-16T02:02:40.586573+00:00,1
09e40b0a-ca31-4a7d-848a-2669bbc6c73f,Joey McKenzie,Person,Burleson,Colorado,,64,beginarea:Colorado,2026-09-16T02:02:40.586573+00:00,1
9f9733e4-6a34-4612-a5e0-73b7e380940e,Jonathan Zuniga,Person,Los Angeles,Colorado,,64,beginarea:Colorado,2026-09-16T02:02:40.586573+00:00,1
71d3784c-dfe3-4ae8-a53a-d606b2b6550e,Gemonious Rex,Group,Colorado,Colorado,,64,beginarea:Colorado,2026-09-16T02:02:40.586573+00:00,1
abd420a0-e89a-4121-8700-1817f7e81eb1,Brandon Post,Person,Manitoba,Colorado,,64,beginarea:Colorado,2026-09-16T02:02:40.586573+00:00,1
e783eb9f-44f8-4b0c-a04c-abeaa3bde362,The Dirty Turkeys,,Colorado,Colorado,,64,beginarea:Colorado,2026-09-16T02:02:40.586573+00:00,1
1568c4cc-62b4-4db9-9fa7-2d9b1c0fe893,Intergalactic Peace Jelly,Group,United States,Colorado,,64,beginarea:Colorado,2026-09-16T02:02:40.586573+00:00,1
8b7f2941-a87c-4099-ac30-397d2289321b,Cönaxx,Group,,Colorado,2017,64,beginarea:Colorado,2026-09-16T02:02:40.586573+00:00,1
19ed05b4-53b9-42fe-87df-60692d5b8e69,SadBoyz,Group,Colorado,Colorado,2022-03-16,64,beginarea:Colorado,2026-09-16T02:02:40.586573+00:00,1
8bdfae1a-d9a2-418d-a357-971f3e6aa204,Howard Culver,Person,United States,Colorado,1918-06-04,64,beginarea:Colorado,2026-09-16T02:02:40.586573+00:00,1
0016e0c5-5dca-486b-a504-275c000b3729,Giovanni Scorpio,,Denver,,,100,area:Denver,2026-09-16T02:02:40.586573+00:00,1
d9064234-e39a-42fe-b24b-4ca81f38311c,Five Iron Frenzy,Group,Denver,Denver,1995,90,area:Denver,2026-09-16T02:02:40.586573+00:00,1
55488cd9-be09-4969-8480-7c7a505777e2,offthesky,Person,Denver,,,87,area:Denver,2026-09-16T02:02:40.586573+00:00,1
701464aa-268b-49cc-92e9-6ad6d5889919,Bobby Mitchell,Person,Denver,Thornton,2008-09-14,86,area:Denver,2026-09-16T02:02:40.586573+00:00,1
bda026ec-e076-42d5-b9d9-ceace69152ab,Scum,Person,Denver,,,85,area:Denver,2026-09-16T02:02:40.586573+00:00,1
94e7d38d-3a3a-47a9-8cfa-eac1d9ac31a4,FOANS,Person,Denver,Bethlehem,1991-01-06,84,area:Denver,2026-09-16T02:02:40.586573+00:00,1
cdf724d8-ef92-4e4d-84ea-e5c44fae5119,BACKWHEN,Person,Denver,Indiana,,84,area:Denver,2026-09-16T02:02:40.586573+00:00,0
5bc88936-631c-4d94-8034-8e9e87f6986b,Numina,Person,Denver,,,84,area:Denver,2026-09-16T02:02:40.586573+00:00,1
68124ca4-3a7c-4176-84b9-83f2de649bba,Widdly 2 Diddly,Person,Denver,,,83,area:Denver,2026-09-16T02:02:40.586573+00:00,1
ba4fb3a7-4ee9-4ea6-84b5-96faab2fe905,Dr. Death + Mr. Vile,Group,Denver,,,82,area:Denver,2026-09-16T02:02:40.586573+00:00,1
ffce55ff-e9b3-409f-9a66-3e55a616623d,Fiction 8,Group,Denver,,,82,area:Denver,2026-09-16T02:02:40.586573+00:00,1
d1fa95da-30aa-47f1-823b-05436c1a29d6,Frostie,Person,Denver,,,82,area:Denver,2026-09-16T02:02:40.586573+00:00,1
34ef5404-7768-4b3d-b515-2b1edcb68740,Patrick Lee,Person,Denver,,,81,area:Denver,2026-09-16T02:02:40.586573+00:00,1
c2dda6b1-8db6-4be3-87b3-956db398fe01,Slim Cessna,Person,Denver,,,81,area:Denver,2026-09-16T02:02:40.586573+00:00,1
b6ffa1b7-1e3e-40e3-946d-0ea794e4106b,Manic Focus,Person,Denver,Saint Paul,,81,area:Denver,2026-09-16T02:02:40.586573+00:00,1
ce274465-2f65-4eb9-bff8-e2b025db9818,Erases Eraser,Person,Denver,Des Moines,1996-05-01,80,area:Denver,2026-09-16T02:02:40.586573+00:00,1
ddbcccea-e9aa-4335-b32f-c913002adfbc,DMVU,Person,Denver,,,80,area:Denver,2026-09-16T02:02:40.586573+00:00,1
7fb9049b-4dc8-45c2-a849-b1e19efa455e,ライフMIDI,Person,Denver,,,80,area:Denver,2026-09-16T02:02:40.586573+00:00,1
a4eaabb8-3524-4a57-9b93-44260671435c,Juno and the Echo Dog,,Denver,,,79,area:Denver,2026-09-16T02:02:40.586573+00:00,1
98040001-5e30-451a-9b95-42a869ee7afc,Alden Groves,Person,Denver,,,79,area:Denver,2026-09-16T02:02:40.586573+00:00,1
b9221984-913e-4845-8487-518f8f71b741,Colorado Symphony,Orchestra,Denver,,1989,79,area:Denver,2026-09-16T02:02:40.586573+00:00,1
2f0aefcf-a9f3-40e4-b80f-a6bbc17544dc,Chiba City Blues,Person,Denver,,,79,area:Denver,2026-09-16T02:02:40.586573+00:00,1
9a0b5321-2083-4ba7-91aa-35bd580ec3e5,Innerstate Ike,Person,Denver,,,79,area:Denver,2026-09-16T02:02:40.586573+00:00,1
e36ccecf-df4d-4fc9-b5af-78d893ac1b90,Tejon Street Corner Thieves,Group,Denver,,,79,area:Denver,2026-09-16T02:02:40.586573+00:00,1
a2b74113-23cb-45d9-97d9-9dac5562d053,That Kid,Person,Denver,Denver,1999-01-01,79,area:Denver,2026-09-16T02:02:40.586573+00:00,1
a683dd47-e04d-4853-bf30-35b34ee548e5,Paper Bird,Group,Denver,,2007,79,area:Denver,2026-09-16T02:02:40.586573+00:00,1
425780ef-6214-41cb-a867-4a3aafd4c6e3,Khemmis,Group,Denver,Denver,2012-11,79,area:Denver,2026-09-16T02:02:40.586573+00:00,1
a0b5fdf6-bdfb-4a73-b858-1e4954a01241,Nephrectomy,Group,Denver,,2012,79,area:Denver,2026-09-16T02:02:40.586573+00:00,1
cf90722e-fcd6-4c5e-a403-bf4c5bd8ddda,Adam Halpin,Person,Denver,,,79,area:Denver,2026-09-16T02:02:40.586573+00:00,1
d05f25e4-cf0e-47bc-86ce-e695e8cb6779,High Castle Teleorkestra,Group,Denver,,2020-09-15,78,area:Denver,2026-09-16T02:02:40.586573+00:00,1
9d8340ff-9f9b-4101-b54c-ff826180244d,Of the Trees,Person,Denver,,,78,area:Denver,2026-09-16T02:02:40.586573+00:00,1
62ca548d-b1be-4a20-aa00-3b9092b2f206,The Tiberian Sons,Group,Denver,,,78,area:Denver,2026-09-16T02:02:40.586573+00:00,1
4c77f3a0-5de4-4379-b1b0-6ce0c49bd03a,Blackcell,Group,Denver,,1996,78,area:Denver,2026-09-16T02:02:40.586573+00:00,1
fd84a0db-e706-4e4c-95bf-aa6d3a2cae68,RUMTUM,Person,Denver,Cleveland,,78,area:Denver,2026-09-16T02:02:40.586573+00:00,1
ad053076-7e54-4e9e-b211-f7caa55d9a32,Soul Merchants,Group,Denver,Denver,1985,77,area:Denver,2026-09-16T02:02:40.586573+00:00,1
1f8ef6a0-6d01-4ea2-92d4-693bc565fb61,Caster,Person,Denver,Poland,1999-10-26,77,area:Denver,2026-09-16T02:02:40.586573+00:00,1
d082d1e3-f650-487f-8daf-1bcdf35898d5,French Kettle Station,Person,Denver,,,77,area:Denver,2026-09-16T02:02:40.586573+00:00,1
883fc6fe-02a6-4691-80b4-bf021f89b921,The Yawpers,Group,Denver,Denver,2011-07-21,77,area:Denver,2026-09-16T02:02:40.586573+00:00,1
cdb81bcc-d2fc-4ce8-832b-40165bd58214,Be Still the Earth,Person,Denver,,,77,area:Denver,2026-09-16T02:02:40.586573+00:00,1
b801415c-7b8d-4fa2-aa50-5ef320c25465,theZproject,Person,Denver,,,77,area:Denver,2026-09-16T02:02:40.586573+00:00,1
e5c9b2ef-1399-4bce-8d52-2755f089d629,Tom Hagerman,Person,Denver,Denver,,77,area:Denver,2026-09-16T02:02:40.586573+00:00,1
5c4c2df9-63ba-4605-a965-5ea11db27cf5,Moon Walker,Group,Denver,,2021,77,area:Denver,2026-09-16T02:02:40.586573+00:00,1
f6416870-4995-4917-b0f9-81dacb46bc7f,Rorschach Test,Group,Denver,,1990,77,area:Denver,2026-09-16T02:02:40.586573+00:00,1
cbf6e3a4-9508-4c90-ae2e-5651478b13e9,Mersiv,Person,Denver,,,77,area:Denver,2026-09-16T02:02:40.586573+00:00,1
f0069117-8253-4e71-baa5-d3d13779eee5,f1 shifty,Person,Denver,,,77,area:Denver,2026-09-16T02:02:40.586573+00:00,1
18a50f90-0ebe-4830-844a-dbe4b7e5d20c,CØNTRA,Person,Denver,,,77,area:Denver,2026-09-16T02:02:40.586573+00:00,1
2b87a926-85b7-46c6-a5b5-b0f179caa319,Muta,Person,Denver,,,77,area:Denver,2026-09-16T02:02:40.586573+00:00,1
64cec0f9-7387-4c88-b7a5-d29777d20b20,COMPUTER CLUB,,Denver,,,77,area:Denver,2026-09-16T02:02:40.586573+00:00,1
6e7b26fe-2bbc-4cd6-8310-592ab19ae141,Aethernaut,Person,Denver,,,77,area:Denver,2026-09-16T02:02:40.586573+00:00,1
dda1e549-166b-4c0b-9f16-592be732775a,Frankenstein's Girl 82,,Denver,,,76,area:Denver,2026-09-16T02:02:40.586573+00:00,1
fe4f2664-b4ae-4e87-bf66-e19592566b17,Abrams,Group,Denver,Denver,2013,76,area:Denver,2026-09-16T02:02:40.586573+00:00,1
d4bca920-3e2a-4990-9953-5032a1be78c0,Primitive Race,Group,Denver,Los Angeles,2013,76,area:Denver,2026-09-16T02:02:40.586573+00:00,1
b6039650-a157-4ded-a46a-f519d0d0c2f4,Sunshine for the Masses,,Denver,,,76,area:Denver,2026-09-16T02:02:40.586573+00:00,1
555d6f58-9e29-46ab-bc03-33f4a7e72d42,Necrotek,,Denver,United States,2005,76,area:Denver,2026-09-16T02:02:40.586573+00:00,1
4765263e-3ee4-4151-812b-82ffed72aa42,Anesthesia,Group,Denver,Denver,2007,76,area:Denver,2026-09-16T02:02:40.586573+00:00,1
d26ea284-55b1-4970-9e19-d385e4dac50d,Dr. Zilog,Group,Denver,Naples,,76,area:Denver,2026-09-16T02:02:40.586573+00:00,1
0cf5d8af-00a1-4af3-bef3-86ba1b9b648e,Julean and the Rai,Group,Denver,New York,2006-03-04,76,area:Denver,2026-09-16T02:02:40.586573+00:00,0
758d0165-53e3-44b3-ad25-6cc45d8d6c01,Miss Fortune,Group,Denver,Denver,2012-02,76,area:Denver,2026-09-16T02:02:40.586573+00:00,1
a9747313-da0d-414c-ad81-5fe89a5245d4,Dead Pioneers,Group,Denver,,,76,area:Denver,2026-09-16T02:02:40.586573+00:00,1
d5f73220-f5cf-4b67-9980-ab0fca23909e,Assuage,Group,Denver,United States,,76,area:Denver,2026-09-16T02:02:40.586573+00:00,1
45d5e0b8-3a2c-46d5-a33f-9488ce2ed166,Elise Lieberth,Person,Denver,,,76,area:Denver,2026-09-16T02:02:40.586573+00:00,1
c8dfe511-b012-48ba-8924-564e6d95f639,A Place for Owls,Group,Denver,Denver,2018,76,area:Denver,2026-09-16T02:02:40.586573+00:00,1
f0195af8-0fe1-4559-932c-d5224b7bb315,Rob Wallace,Person,Denver,,1949-02-08,76,area:Denver,2026-09-16T02:02:40.586573+00:00,1
171e5abf-fffb-4a3c-ac18-0a73edfafca4,INTHEWHALE,Group,Denver,,2010,76,area:Denver,2026-09-16T02:02:40.586573+00:00,1
6e7efab9-02c0-4b97-bacd-b8cdb62036fb,Supersillyus,Person,Denver,,,76,area:Denver,2026-09-16T02:02:40.586573+00:00,1
0361a8ee-a030-4a9d-8eb1-e1dc2f5fc24a,Mobiius,Person,Denver,,,76,area:Denver,2026-09-16T02:02:40.586573+00:00,1
6bf95bf1-2b4e-496c-a45f-36b22d18f444,kLL sMTH,Person,Denver,,,76,area:Denver,2026-09-16T02:02:40.586573+00:00,1
df935885-94e8-4ce9-88b6-383a270ece2d,lunchbox,,Denver,,,76,area:Denver,2026-09-16T02:02:40.586573+00:00,1
c3e8e767-547b-47a3-8d3d-178fb255c85a,Sparkadiss,Person,Denver,,1987-10-02,76,area:Denver,2026-09-16T02:02:40.586573+00:00,1
19de89b8-f6ad-4414-bc31-7e62a5381314,El Tigr3,Person,Denver,,,76,area:Denver,2026-09-16T02:02:40.586573+00:00,1
953c72f4-60b9-46c7-9fc7-2e86e6965b99,Andrew Rothschild,Person,Denver,,,76,area:Denver,2026-09-16T02:02:40.586573+00:00,1
d3b6dc04-08c8-4682-8292-6f6b083379d7,Homebody,Group,Denver,,,76,area:Denver,2026-09-16T02:02:40.586573+00:00,1
c2ee9a9f-66cd-4664-92d3-6d0265973336,thescientist,Person,Denver,,1972-03-01,76,area:Denver,2026-09-16T02:02:40.586573+00:00,1
8c0bab5c-8516-47aa-b875-fc7f2582520a,Sole and the Skyrider Band,Group,Denver,Flagstaff,2006,76,area:Denver,2026-09-16T02:02:40.586573+00:00,1
3026b8a6-b461-4759-876c-b8eee0dc6d9e,Toy Box,Person,Denver,,,76,area:Denver,2026-09-16T02:02:40.586573+00:00,1
0bcde899-c883-4f3e-aa69-726d1dd2cc85,Kissing Party,Group,Denver,,,75,area:Denver,2026-09-16T02:02:40.586573+00:00,1
c6aef24c-80ee-4f94-ba62-d5843cde2591,Manufactured Superstars,Group,Denver,Denver,,75,area:Denver,2026-09-16T02:02:40.586573+00:00,1
8a464acd-839b-4903-81f9-07ef4826b78d,º•便當boy•º,,Denver,,,75,area:Denver,2026-09-16T02:02:40.586573+00:00,1
47b57ba5-a69c-437f-ae35-c5672cfcb836,In the Company of Serpents,Group,Denver,Denver,2011,75,area:Denver,2026-09-16T02:02:40.586573+00:00,1
d5a66bb2-c0ef-48cc-abfd-6debde3b0088,Fox Lake,Group,Denver,,2017,75,area:Denver,2026-09-16T02:02:40.586573+00:00,1
c84f65ff-dad3-41f3-bbc5-e411d537c909,Trout Steak Revival,Group,Denver,Denver,2008,75,area:Denver,2026-09-16T02:02:40.586573+00:00,1
cbdc199f-0c97-41e0-b066-996e16ff5df6,Faim,Group,Denver,Denver,2017,75,area:Denver,2026-09-16T02:02:40.586573+00:00,1
7a5a0d63-8f8d-4650-a909-8f00be4102e2,eHpH,,Denver,,,75,area:Denver,2026-09-16T02:02:40.586573+00:00,1
78323ee5-8ff9-405f-910f-58787acecda3,Irrenoid,Person,Denver,Palm Springs,1993-04-09,75,area:Denver,2026-09-16T02:02:40.586573+00:00,1
0e3ac7fe-bb5c-4742-af3d-6fca8cc6109d,Phantom Sage,Person,Denver,,,75,area:Denver,2026-09-16T02:02:40.586573+00:00,1
70873268-b467-44fc-bff1-6efe1d2d9d07,No Signal,Group,Denver,,,75,area:Denver,2026-09-16T02:02:40.586573+00:00,1
8013f361-6250-4126-bd74-6802bf6284aa,Deer Creek,Group,Denver,,2002,75,area:Denver,2026-09-16T02:02:40.586573+00:00,1
863c5c68-f055-4f4e-90b7-61994591774c,Blue Knights,Group,Denver,,1958,75,area:Denver,2026-09-16T02:02:40.586573+00:00,1
9aff05a0-6bd0-49f1-8fe5-6e79fbfcce7a,Lucy Daydream,Group,Denver,Denver,2018-09-07,75,area:Denver,2026-09-16T02:02:40.586573+00:00,1
a9af4cd2-94f5-415b-bf4d-9db8f5c0caca,Of Feather and Bone,Group,Denver,Denver,2012,75,area:Denver,2026-09-16T02:02:40.586573+00:00,1
7acadefb-d9c7-4634-96de-368b94368a13,Project Vela,Group,Denver,Denver,2017,75,area:Denver,2026-09-16T02:02:40.586573+00:00,1
ad113147-5602-4441-9d41-a0a1c7f954d8,Entrancer,Person,Denver,Denver,,75,area:Denver,2026-09-16T02:02:40.586573+00:00,1
e0613a0d-ad78-4c3e-81ec-384ee4bb3626,Acidbat,Person,Denver,,,75,area:Denver,2026-09-16T02:02:40.586573+00:00,1
1fa24ea8-3855-46b7-8c60-3354fc3b670c,Bastard Trash,Group,Denver,Denver,2004,75,area:Denver,2026-09-16T02:02:40.586573+00:00,1
31ff314d-72f7-4cbb-9ffa-eb3348482aba,Hawkman,Person,Denver,,,75,area:Denver,2026-09-16T02:02:40.586573+00:00,1
01587859-984b-49ee-8735-5ebf233719fc,Victim of Fire,Group,Denver,Denver,2016,75,area:Denver,2026-09-16T02:02:40.586573+00:00,1
13fee76b-6543-4256-b400-514bec1f351e,Sharone,Group,Denver,,2014,75,area:Denver,2026-09-16T02:02:40.586573+00:00,1
c11ec9f2-9601-4793-9355-163510345e4f,Lords of Fuzz,Group,Denver,Denver,2007,75,area:Denver,2026-09-16T02:02:40.586573+00:00,1
376c15d9-c9a3-4c36-a366-a7ebfabf075c,BLKHRTS,Group,Denver,Denver,,75,area:Denver,2026-09-16T02:02:40.586573+00:00,1
466c0d2d-d312-4a2c-a6aa-d23f85e82ea2,The Magic Beans,Group,Denver,Nederland,2010,75,area:Denver,2026-09-16T02:02:40.586573+00:00,1
f6d5fa0a-47fe-401e-8389-049d04fa810a,Church Fire,Group,Denver,,,75,area:Denver,2026-09-16T02:02:40.586573+00:00,1
b017c074-4df5-43d0-b2a8-49675e2450fe,Pile of Priests,Group,Denver,Denver,2006,75,area:Denver,2026-09-16T02:02:40.586573+00:00,1
f65d70aa-c03c-488f-a368-6e457822bfc4,The Dendrites,Group,Denver,,,74,area:Denver,2026-09-16T02:02:40.586573+00:00,1
e182cda2-e782-45f7-80bd-26283c17bfc0,Kaori,Person,Denver,Ishinomaki,1987,74,area:Denver,2026-09-16T02:02:40.586573+00:00,1
6e942672-8222-40a1-8e57-0f9b9d1c1b3a,96 Pontiac,Person,Denver,,,74,area:Denver,2026-09-16T02:02:40.586573+00:00,1
e3ee08b7-0320-4711-8d13-2d8a2c8f5aa4,Broken Record,Group,Denver,,,74,area:Denver,2026-09-16T02:02:40.586573+00:00,1
ea0b0cc7-fda8-4488-884a-9f9382240443,19ADD,Group,Denver,Denver,2006,74,area:Denver,2026-09-16T02:02:40.586573+00:00,1
1cbf8812-ba4a-4625-9b7d-ecf4d51c6bf7,Yeast Infection,Group,Denver,Littleton,1992,74,area:Denver,2026-09-16T02:02:40.586573+00:00,1
472b19d7-9448-47e4-984d-18f553204893,Secret Destroyers,,Denver,,,74,area:Denver,2026-09-16T02:02:40.586573+00:00,1
21a5f134-25cf-41ce-8d44-af7cc7f80eeb,Sectra,Person,Denver,,,74,area:Denver,2026-09-16T02:02:40.586573+00:00,1
739fad08-a9c1-49ba-b3ac-491185b84e17,Strawberry Runners,Group,Denver,Denver,2013,74,area:Denver,2026-09-16T02:02:40.586573+00:00,1
5a75e4be-cc11-48d6-8ca3-3641adfc51ce,Megan Burtt,Person,Denver,,,74,area:Denver,2026-09-16T02:02:40.586573+00:00,1
6f21d3b8-d6bd-470c-b942-56df1abe1f3e,Basura,Person,Denver,,,74,area:Denver,2026-09-16T02:02:40.586573+00:00,1
6160b7ff-8b8b-44c4-b476-2e2fcfdbc6a5,Candy Apple,Group,Denver,,,74,area:Denver,2026-09-16T02:02:40.586573+00:00,1
2e8b06b7-4fba-41e4-ad65-ce3b266b3f8f,Colfax Speed Queen,Group,Denver,,,74,area:Denver,2026-09-16T02:02:40.586573+00:00,1
07ee4448-840e-4e98-8c19-fc1f60e40ad3,(cutaia),Person,Denver,,1981-08-17,74,area:Denver,2026-09-16T02:02:40.586573+00:00,1
2559392b-1384-480a-8be6-262b9fe7ed59,Glacial Tomb,Group,Denver,,2016,74,area:Denver,2026-09-16T02:02:40.586573+00:00,1
a189d2f9-6cc1-40a1-928a-5cbdf08e1e61,The Copper Children,Group,Denver,Denver,,74,area:Denver,2026-09-16T02:02:40.586573+00:00,1
3d3acaac-c7c7-4f27-9e41-561b2f076854,King Rat,,Denver,,,74,area:Denver,2026-09-16T02:02:40.586573+00:00,1
391dc959-cb3f-4c3e-b7a0-a05015f9c2e1,The Losers Club,Group,Denver,,2020,74,area:Denver,2026-09-16T02:02:40.586573+00:00,1
39672c13-5f77-4730-950d-450c3c88ad75,jacket.,Person,Denver,,,74,area:Denver,2026-09-16T02:02:40.586573+00:00,1
e7bda975-1db5-4482-b83a-a05269502fba,Eldren,Group,Denver,,,74,area:Denver,2026-09-16T02:02:40.586573+00:00,1
6f0eee1b-bb85-4ab3-93ee-eadf2d98e3d9,Solterra,Group,Denver,United States,,74,area:Denver,2026-09-16T02:02:40.586573+00:00,1
92db2f10-c073-49aa-b18c-06c672f59da9,Verity Larsen,Person,Denver,Billings,1998-12-10,74,area:Denver,2026-09-16T02:02:40.586573+00:00,1
d7974f14-fd08-4e69-b82f-844f81d18f2f,Roskopp,Group,Denver,,,74,area:Denver,2026-09-16T02:02:40.586573+00:00,1
104548e7-1e1b-43ae-8bee-68fa452d7f1e,Omega,Person,Denver,,,74,area:Denver,2026-09-16T02:02:40.586573+00:00,1
0dabbd2e-bd96-43c3-a000-60ef3193ce0d,Time X Heist,Group,Denver,,,74,area:Denver,2026-09-16T02:02:40.586573+00:00,1
b64e0d22-4487-4d63-be86-9555df16b3b6,Then I Fly,Group,Denver,,,74,area:Denver,2026-09-16T02:02:40.586573+00:00,1
f13c7ecb-2398-4643-9926-6452c2364029,TULPA,,Denver,,,74,area:Denver,2026-09-16T02:02:40.586573+00:00,1
12d1bade-3ec6-4f49-993c-fe8337dff2d3,brothel.,Person,Denver,,,74,area:Denver,2026-09-16T02:02:40.586573+00:00,1
3ebe410d-5803-42f6-8474-93d9d822d946,Axeslasher,Group,Denver,,2011,74,area:Denver,2026-09-16T02:02:40.586573+00:00,1
fdb5a1cd-22e8-40cf-beec-0d3b952cb856,Bohdi,Person,Denver,,,74,area:Denver,2026-09-16T02:02:40.586573+00:00,1
8499b193-b7ce-4982-bdac-904bb797cdf0,Destiny Bond,Group,Denver,Denver,2021,74,area:Denver,2026-09-16T02:02:40.586573+00:00,1
f06ec205-62b7-45ca-b91f-9a23358c3000,𝒮𝐸𝒞𝑅𝐸𝒯,,Denver,,,74,area:Denver,2026-09-16T02:02:40.586573+00:00,1
222afee6-120e-4f2b-abc0-3b044186e200,A Hundred Drums,Person,Denver,,,74,area:Denver,2026-09-16T02:02:40.586573+00:00,1
0adb382e-432b-4e4b-b81e-91d2440d5fe8,Maulskull,Person,Denver,,,74,area:Denver,2026-09-16T02:02:40.586573+00:00,1
1263acc6-36d9-4ac8-99f3-2264b34ea0b9,Dismembered Fetus,Group,Denver,,1991,74,area:Denver,2026-09-16T02:02:40.586573+00:00,1
e77e922b-12d2-43f4-90f7-ea401a267f5c,Bloodstrike,Group,Denver,Denver,2013,74,area:Denver,2026-09-16T02:02:40.586573+00:00,1
5f8a78af-8ca9-461d-9cb5-9113f6f37a97,City Hunter,Group,Denver,,2013,74,area:Denver,2026-09-16T02:02:40.586573+00:00,1
d79ed0c6-8b02-4c41-8902-24f9cf5f32c7,Squeaky Feet,Group,Denver,,2018,74,area:Denver,2026-09-16T02:02:40.586573+00:00,1
15c63a4e-dd1e-4dad-9814-3a0d2250d460,Crow Cavalier,Group,Denver,,2016,74,area:Denver,2026-09-16T02:02:40.586573+00:00,1
781cb8d3-f2b0-4396-906a-db9d93fead08,Rubedo,Group,Denver,,,74,area:Denver,2026-09-16T02:02:40.586573+00:00,1
fcc3eec4-3239-4c69-9da7-4122c42f2353,Captain Blood,Group,Denver,,2007,74,area:Denver,2026-09-16T02:02:40.586573+00:00,1
5e47474e-bcfe-4165-bbb0-42669f664ed5,A Shadow Within,Group,Denver,Denver,2022-01-01,73,area:Denver,2026-09-16T02:02:40.586573+00:00,1
750a0df2-9fc7-43df-b50b-95acec628fc9,Michael Zucker,Person,Denver,,,73,area:Denver,2026-09-16T02:02:40.586573+00:00,1
5643ef33-ad96-4b47-90f8-ff6c130cccf9,j brij.,Person,Denver,,,73,area:Denver,2026-09-16T02:02:40.586573+00:00,1
1ab1557d-df67-4ed2-b11a-e786f7fe8948,Moon Pussy,Group,Denver,,,73,area:Denver,2026-09-16T02:02:40.586573+00:00,1
e15722c0-eba5-499f-be97-fe928750b708,Chad Neidt,Person,Denver,,,73,area:Denver,2026-09-16T02:02:40.586573+00:00,1
344fb30f-e611-4427-a2af-acd4d3e8484f,Men in Burka,Group,Denver,,2011-09,73,area:Denver,2026-09-16T02:02:40.586573+00:00,1
44aa2464-60db-40c1-8d33-f49f2c803698,After Midnight,Group,Denver,,,73,area:Denver,2026-09-16T02:02:40.586573+00:00,1
205228a4-0fd1-477d-ad90-5e37f7b9a9b0,DBUK,Group,Denver,,,73,area:Denver,2026-09-16T02:02:40.586573+00:00,1
7d8b4211-3695-4c8f-901d-a8ccfaa3db34,Crimson Kill,Group,Denver,Fort Walton Beach,2007,73,area:Denver,2026-09-16T02:02:40.586573+00:00,1
f514540c-7105-4969-a445-dac1dcfe3fc2,Evoline Theory,Character,Denver,,,73,area:Denver,2026-09-16T02:02:40.586573+00:00,1
98800a51-1860-4e72-979f-240125376db8,Manila Ice,Person,Denver,,,73,area:Denver,2026-09-16T02:02:40.586573+00:00,1
cd9ebdb2-9bfc-4eee-a1f9-5b082343a2a9,Dirty Few,Group,Denver,,,73,area:Denver,2026-09-16T02:02:40.586573+00:00,1
bb4eb017-9894-40f4-942e-db16e68e1c87,Rendr,,Denver,Denver,2023-01-01,73,area:Denver,2026-09-16T02:02:40.586573+00:00,1
da81fc2b-5881-4833-bcae-a17a11fec3d4,Black Curse,Group,Denver,Denver,2015,73,area:Denver,2026-09-16T02:02:40.586573+00:00,1
7ffa63dd-dcf6-412d-a5e8-faac7ff34d67,Templo,Person,Denver,,,73,area:Denver,2026-09-16T02:02:40.586573+00:00,1
8463ca9b-2a03-4401-8d1b-414ff5e3183e,"Louise, Lately",Person,Denver,,,73,area:Denver,2026-09-16T02:02:40.586573+00:00,1
7a902259-a5fe-48e5-b52c-4fed017fa5fb,Vandhali,Group,Denver,,,73,area:Denver,2026-09-16T02:02:40.586573+00:00,1
7667598d-5619-4a3c-8c37-37cff8486de1,Dee Galloway,Person,Denver,Beatrice,1957-12-27,73,area:Denver,2026-09-16T02:02:40.586573+00:00,1
24b5b880-c1f2-46cb-b942-a1c23217e124,Vices I Admire,Group,Denver,Fort Collins,2002-09-01,73,area:Denver,2026-09-16T02:02:40.586573+00:00,1
f52878e4-664e-4540-beb5-c19ff5cf0ba2,Glass Delirium,Group,Denver,Denver,,73,area:Denver,2026-09-16T02:02:40.586573+00:00,1
8410b83a-032b-4b43-9dc3-7364a110894d,Retina,Person,Denver,,,73,area:Denver,2026-09-16T02:02:40.586573+00:00,1
4a736109-d473-44e5-9894-1e51a830c834,Cikatriz,Group,Denver,Denver,2006-01-01,73,area:Denver,2026-09-16T02:02:40.586573+00:00,1
3bce3170-8c6c-46d1-8b16-a94b1adad181,Orenda,Person,Denver,,,73,area:Denver,2026-09-16T02:02:40.586573+00:00,1
f209d6c3-e3a7-4b2b-9225-b6b1e012874a,Lisa Downing,Person,Denver,,,73,area:Denver,2026-09-16T02:02:40.586573+00:00,1
0c2bf2ff-24b9-4315-8041-6b43e088a63b,Ghost Creek,Group,Denver,,,73,area:Denver,2026-09-16T02:02:40.586573+00:00,1
f1ab840d-2798-43c2-bec3-e1dae64b6e63,Weathered Statues,Group,Denver,,2017,73,area:Denver,2026-09-16T02:02:40.586573+00:00,1
8d565ef9-9744-4229-839b-50aed9311a45,Drune,Group,Denver,,,73,area:Denver,2026-09-16T02:02:40.586573+00:00,1
43607fac-5986-4dc1-a161-43b6893886be,The Breachers,Group,Denver,,,73,area:Denver,2026-09-16T02:02:40.586573+00:00,1
d8a0d12c-41e0-4909-af89-ae2eb6b38fb1,Plume Varia,Group,Denver,,,73,area:Denver,2026-09-16T02:02:40.586573+00:00,1
a9fcb8b1-530a-4678-8dc3-3b6c5706a10f,Sound of the Rockies,Group,Denver,,2000-01,73,area:Denver,2026-09-16T02:02:40.586573+00:00,1
edf587cb-d3ec-4112-a482-6c9f93d84529,Spiv,Person,Denver,,,73,area:Denver,2026-09-16T02:02:40.586573+00:00,1
516819cf-4990-49fb-a15e-eb1e524c73ca,Fainting Dreams,Group,Denver,,,73,area:Denver,2026-09-16T02:02:40.586573+00:00,1
232aa3c0-f288-4876-9330-d93c630fa139,Vibe Street,Person,Denver,Connecticut,1990-08-16,73,area:Denver,2026-09-16T02:02:40.586573+00:00,0
be74e997-d477-49ee-90ab-0992d540bc8b,Sharone & the Wind,Group,Denver,Denver,2016,73,area:Denver,2026-09-16T02:02:40.586573+00:00,1
7cebd7bb-2ed8-4dfc-8c3f-6c435b91d1e0,Nuclear Power Trio,Group,Denver,,,73,area:Denver,2026-09-16T02:02:40.586573+00:00,1
f3719f13-d8b5-4f82-ad50-92bdde4ea725,Alamo Black,Group,Denver,,,73,area:Denver,2026-09-16T02:02:40.586573+00:00,1
882e8ee7-2f19-4dba-844d-8f24a4058b6b,bentoboy,,Denver,,,73,area:Denver,2026-09-16T02:02:40.586573+00:00,1
b77babd6-0e68-4bd1-8cc5-0c82def54fee,Xyla,Person,Denver,,,73,area:Denver,2026-09-16T02:02:40.586573+00:00,1
60e2362e-4049-40ac-a25e-f5c397d792aa,One Drum,Group,Denver,,,73,area:Denver,2026-09-16T02:02:40.586573+00:00,1
61a117d8-01f1-4c38-a700-c3a0c419c0d4,Formula None,Person,Denver,,,73,area:Denver,2026-09-16T02:02:40.586573+00:00,1
aada301b-26c1-480b-9044-8399e5d2dcce,Echo Beds,Group,Denver,,,73,area:Denver,2026-09-16T02:02:40.586573+00:00,1
6142047e-5f3c-4ff4-b003-778487a288a4,Acyan,Person,Denver,,,73,area:Denver,2026-09-16T02:02:40.586573+00:00,1
ddaa68ae-df92-4419-b1e9-e7b6658c020e,Ritual Aesthetic,Group,Denver,,2013,73,area:Denver,2026-09-16T02:02:40.586573+00:00,1
059c372a-ef99-4559-94b0-000798f5c874,Public Opinion,Group,Denver,Denver,2021,73,area:Denver,2026-09-16T02:02:40.586573+00:00,1
e3579101-727e-4e0b-a5d1-22f90e8da1e6,Burning Sister,Group,Denver,,,73,area:Denver,2026-09-16T02:02:40.586573+00:00,1
b90a2601-9628-46f7-bcc8-3bb1175bb24e,Hash Bong,Group,Denver,,,73,area:Denver,2026-09-16T02:02:40.586573+00:00,1
10d490b3-97ce-4a24-808e-0dbd8697c039,Direct Threat,Group,Denver,,,73,area:Denver,2026-09-16T02:02:40.586573+00:00,1
6466421f-86d4-4b4d-bc41-dfbfa294d3e0,Kyral x Banko,Group,Denver,,,73,area:Denver,2026-09-16T02:02:40.586573+00:00,1
caf4a7d1-b508-4c64-974d-283588177f1d,Invisible Asps,Person,Denver,,,73,area:Denver,2026-09-16T02:02:40.586573+00:00,1
b4308f73-d5c3-4c3a-b1e7-0fb959343bc4,Avourneen,Group,Denver,,2014,73,area:Denver,2026-09-16T02:02:40.586573+00:00,1
a59c37a8-a10e-4e14-8e9c-31a60011145d,GT & the Sidewinders,Group,Denver,,,73,area:Denver,2026-09-16T02:02:40.586573+00:00,1
ae1cb770-8185-474d-a6ec-e81f17e1779d,The Parallel Light,Group,Denver,Denver,2010,73,area:Denver,2026-09-16T02:02:40.586573+00:00,1
cda517d6-155d-4577-9da5-32ae91b705f0,Schala,Person,Denver,,,73,area:Denver,2026-09-16T02:02:40.586573+00:00,1
eb9b9150-d75d-476d-8130-07c68448a7e2,honeybunches of DEATH,Group,Denver,Denver,,73,area:Denver,2026-09-16T02:02:40.586573+00:00,1
5aad3a85-ee7d-4f64-a440-dbbace53728c,T. Jacques,Person,Denver,,,73,area:Denver,2026-09-16T02:02:40.586573+00:00,1
7b65555a-9461-4082-9c25-1804c0b8e448,Chainsaw Harakiri,Group,Denver,,2013,73,area:Denver,2026-09-16T02:02:40.586573+00:00,1
87f92cf6-02eb-48f2-8cef-3cbc3ea75806,Stelth Ulvang,Person,Denver,,,73,area:Denver,2026-09-16T02:02:40.586573+00:00,1
7b9c4b06-8042-4748-bc15-00b7fd2ae695,NotLö,Person,Denver,,,73,area:Denver,2026-09-16T02:02:40.586573+00:00,1
16751294-6ea4-4da3-b068-238320e429c8,Ginny Di,Person,Denver,,,73,area:Denver,2026-09-16T02:02:40.586573+00:00,1
d209d908-4321-478f-ab03-8323945cbb8a,Happy World,Group,Denver,,,73,area:Denver,2026-09-16T02:02:40.586573+00:00,1
01fa26df-a4f6-4a99-b285-3ba301217643,Dragon Drop,Group,Denver,,2005,73,area:Denver,2026-09-16T02:02:40.586573+00:00,1
631e44fd-ec65-4976-9977-2bbf73d2def6,The Munsens,Group,Denver,Asbury Park,,73,area:Denver,2026-09-16T02:02:40.586573+00:00,1
5730be8b-b647-431d-a5c2-26f516225b3c,Cloud-D,Person,Denver,,,73,area:Denver,2026-09-16T02:02:40.586573+00:00,1
731d9b1a-cf8f-46ba-8156-2833c4a625ef,Kingdom,Person,Denver,,,73,area:Denver,2026-09-16T02:02:40.586573+00:00,1
b4f4d11d-ac96-4657-83c5-8608458a735e,Grather Way,Group,Denver,,,73,area:Denver,2026-09-16T02:02:40.586573+00:00,1
8cb731cf-92ac-4c2c-a316-ed943e2dc46b,Palehorse/Palerider,Group,Denver,,,73,area:Denver,2026-09-16T02:02:40.586573+00:00,1
3c86ebea-9f52-4f75-9acc-5ae7bac6f4d7,Chef Boyarbeatz,Person,Denver,,,73,area:Denver,2026-09-16T02:02:40.586573+00:00,1
5e62e612-3aab-406b-998b-b57de3468409,Soundr,Person,Denver,,1994-09-01,73,area:Denver,2026-09-16T02:02:40.586573+00:00,1
c0a71237-6e26-41f0-a576-1f4f93362bca,Whorticulture,Group,Denver,,,73,area:Denver,2026-09-16T02:02:40.586573+00:00,1
784a58a9-5ad7-4318-a640-32615b1fc859,Thoreau,Person,Denver,,,73,area:Denver,2026-09-16T02:02:40.586573+00:00,1
b4d19d9e-a1d0-422e-a4eb-7e4bc3167638,Malkasian,Group,Denver,,,73,area:Denver,2026-09-16T02:02:40.586573+00:00,1
256b9f70-d4f7-4340-844c-83a7350a4da6,Land Lines,Group,Denver,,2010,73,area:Denver,2026-09-16T02:02:40.586573+00:00,1
2f6fedef-1330-4db6-a4cd-4003134799e6,Sawmill Joe,Person,Denver,,,73,area:Denver,2026-09-16T02:02:40.586573+00:00,1
e1ec04bb-70da-403c-886e-562628c16fff,Colorado Symphony Chorus,Choir,Denver,,,73,area:Denver,2026-09-16T02:02:40.586573+00:00,1
3d7476dc-ea70-4fc5-8e2a-5f959c9c0a7a,Love Stallion,Group,Denver,Denver,2015,73,area:Denver,2026-09-16T02:02:40.586573+00:00,1
c74e5cdc-4ded-479d-bae0-bf2d20a26329,Florea,Group,Denver,,,73,area:Denver,2026-09-16T02:02:40.586573+00:00,1
e3e16ed9-c57f-4f0d-8f77-497371db86ef,Civilized,Group,Denver,,,73,area:Denver,2026-09-16T02:02:40.586573+00:00,1
6e8263fa-7abf-4496-a053-b0b1ce5c30ae,Poisonous Wind,Group,Denver,,,73,area:Denver,2026-09-16T02:02:40.586573+00:00,1
33f3eeb9-ff26-4f21-96be-17c870dec552,Manycolors,Group,Denver,,,73,area:Denver,2026-09-16T02:02:40.586573+00:00,1
9e516d2d-48e3-46fc-83e1-3cfb99a7146c,Vox Mnemonic,Person,Denver,,,73,area:Denver,2026-09-16T02:02:40.586573+00:00,1
d7d187e2-45c0-4b09-a363-ae9f5d0841d6,CapitalParasite,,Denver,,,73,area:Denver,2026-09-16T02:02:40.586573+00:00,1
f5ef313a-37d0-4089-9f83-5331cbead6c4,Project 12:01,Group,Denver,,1999,73,area:Denver,2026-09-16T02:02:40.586573+00:00,1
7c824cc8-d6c1-487e-8309-cbc6c61f0fe0,Wake Me,,Denver,,,73,area:Denver,2026-09-16T02:02:40.586573+00:00,1
0e6d18e0-dad5-4c9b-bbfe-29d7d83d0a84,Antandra,Person,Denver,,,73,area:Denver,2026-09-16T02:02:40.586573+00:00,1
52293d01-4920-4a6a-bc8b-41161aa6bc50,Kristin Critical,Person,Denver,Helena,1973-04-20,72,area:Denver,2026-09-16T02:02:40.586573+00:00,1
76bfe0e0-cbc5-403f-aed3-901c92db9c28,Native Daughters,Group,Denver,,,72,area:Denver,2026-09-16T02:02:40.586573+00:00,1
251ad545-482f-4988-9b03-b86922e19e6c,American Grandma,Group,Denver,,2014-07,72,area:Denver,2026-09-16T02:02:40.586573+00:00,1
8880c084-bba4-405d-88a0-d277f7b26dee,Detox Unit,Person,Denver,,,72,area:Denver,2026-09-16T02:02:40.586573+00:00,1
9e59f45f-d950-4f3d-8e5c-531db11171ee,Weapönizer,Group,Denver,Denver,2009,72,area:Denver,2026-09-16T02:02:40.586573+00:00,1
f8791ff7-ad6d-490b-b7e8-c4f07a5c54ec,Fables of the Fall,,Denver,,2017,72,area:Denver,2026-09-16T02:02:40.586573+00:00,1
20341bd7-27fd-4169-9fff-9dcbc989fb1d,Radical Knitting Circle,Group,Denver,Denver,2006,72,area:Denver,2026-09-16T02:02:40.586573+00:00,1
18b296ee-b9d9-4b59-9c36-3556e1b7ef4a,Break Signals,Group,Denver,United States,2022,72,area:Denver,2026-09-16T02:02:40.586573+00:00,1
7636e68c-8f45-4177-85dc-2c4bcb191001,Seer Believer,Group,Denver,,,72,area:Denver,2026-09-16T02:02:40.586573+00:00,1
2e781e4a-afc7-4431-acb4-e044f52b498a,Denver Symphony Orchestra,Orchestra,Denver,,1934,72,area:Denver,2026-09-16T02:02:40.586573+00:00,1
eace30ff-3b5f-49c5-b9d6-e270e9fb0355,Dragondeer,Group,Denver,,,72,area:Denver,2026-09-16T02:02:40.586573+00:00,1
8adeb287-3e3e-4534-981b-ed71c12932b0,Caramel Carmela,Group,Denver,Denver,2010,72,area:Denver,2026-09-16T02:02:40.586573+00:00,1
c10d04c8-be24-45eb-80a5-0a433e67e770,Noctambulist,Group,Denver,Denver,2016,72,area:Denver,2026-09-16T02:02:40.586573+00:00,1
890b2c1a-9cfb-449c-80cc-c37d7450c653,Hashtronaut,Group,Denver,,,72,area:Denver,2026-09-16T02:02:40.586573+00:00,1
053e1987-9306-4644-974e-1ef926e2be35,Only Echoes,Group,Denver,Denver,,72,area:Denver,2026-09-16T02:02:40.586573+00:00,1
b9297add-7c83-4a63-bf28-9b51a06e3667,Mercury Ecks,Person,Denver,,,72,area:Denver,2026-09-16T02:02:40.586573+00:00,1
6ed6eb66-d162-4279-9f20-dfcf4e0b3b2b,Monumental Discharge,Group,Denver,Denver,,72,area:Denver,2026-09-16T02:02:40.586573+00:00,1
a6daee65-2d19-4d4d-bb30-ac26955b63d9,Detrace,Person,Denver,,,72,area:Denver,2026-09-16T02:02:40.586573+00:00,1
b74cc5d9-9af6-452b-941f-3cad2a241013,Spiral Cell,Group,Denver,,,72,area:Denver,2026-09-16T02:02:40.586573+00:00,1
fd56d432-e3c0-4379-adc3-fda2efd9cd01,Sugar Skulls & Marigolds,Group,Denver,,,72,area:Denver,2026-09-16T02:02:40.586573+00:00,1
0352574e-d8cb-469d-b7fb-5b741e447ae7,Lowcation,Person,Denver,,,72,area:Denver,2026-09-16T02:02:40.586573+00:00,1
d5262c8d-d2d8-4d2f-8304-227768a980d1,Lightstory,Group,Denver,,,72,area:Denver,2026-09-16T02:02:40.586573+00:00,1
233e1b3e-7a8a-4f26-b926-bffc3f56dc27,shwarma,Group,Denver,Denver,2015-05,72,area:Denver,2026-09-16T02:02:40.586573+00:00,1
0bde5b77-1597-43af-a787-b4b8a6e6e35f,Sea of Flame,Group,Denver,,,72,area:Denver,2026-09-16T02:02:40.586573+00:00,1
b5d59bf2-27d9-42ba-a56b-d1577e5576a4,Gladhand,Group,Denver,,1993,72,area:Denver,2026-09-16T02:02:40.586573+00:00,1
b4894123-a624-4c39-a3d2-39a08087b749,Darling Driftwood,Group,Denver,,,72,area:Denver,2026-09-16T02:02:40.586573+00:00,1
a5ee2b35-a8d8-4b97-b67e-c1227f1d002c,hotdogbirb,,Denver,,,72,area:Denver,2026-09-16T02:02:40.586573+00:00,1
21dd6c26-1f82-4e76-80a8-2ef2a876b744,Asbestos,Group,Denver,,,72,area:Denver,2026-09-16T02:02:40.586573+00:00,1
b7a9e08d-9b98-4133-a0e2-46b17251292f,Little Car,Group,Denver,,2017,72,area:Denver,2026-09-16T02:02:40.586573+00:00,1
bb8f6382-9f62-4628-8005-4776d9912ea9,Probes,Group,Denver,Denver,,72,area:Denver,2026-09-16T02:02:40.586573+00:00,1
491811b2-9ee7-4f23-808c-62ca5dcf36b5,Lil' Thunder,Group,Denver,,,72,area:Denver,2026-09-16T02:02:40.586573+00:00,1
bc07b89b-61f9-4dff-9f86-ff9bca27d44c,As the Sky Darkens,Group,Denver,Denver,2009,72,area:Denver,2026-09-16T02:02:40.586573+00:00,1
56df0c31-5743-4e55-aebf-609896d988e7,Cup Collector,Group,Denver,,,72,area:Denver,2026-09-16T02:02:40.586573+00:00,1
6cf3e54e-c620-4b0f-aac9-15bee0303c6d,HATED,Group,Denver,Cheyenne,2017,72,area:Denver,2026-09-16T02:02:40.586573+00:00,1
86c80585-fd12-46e7-ba93-4414088f33ad,One Flew West,Group,Denver,,,72,area:Denver,2026-09-16T02:02:40.586573+00:00,1
b92f14df-8dd4-477e-8102-47d0dc456398,Brothers of Brass,Group,Denver,,,72,area:Denver,2026-09-16T02:02:40.586573+00:00,1
4e18a55a-0e14-45a8-a1c1-8a1c51d17125,Blake Brown & The American Dust Choir,Group,Denver,,2013,72,area:Denver,2026-09-16T02:02:40.586573+00:00,1
389c9287-3dbb-45cb-a6c4-92145c238699,Nythgraph,Group,Denver,Denver,2020,72,area:Denver,2026-09-16T02:02:40.586573+00:00,1
71857c9d-0ea1-4ea6-a722-c59645371c31,Ready or Not,Person,Denver,,,72,area:Denver,2026-09-16T02:02:40.586573+00:00,1
ba8ae5f8-147d-48e4-9f68-07cf406b0772,"Seed of the Sorcerer, Womb of the Witch",Group,Denver,,2017,72,area:Denver,2026-09-16T02:02:40.586573+00:00,1
90644e0b-8c88-4ad9-80db-4487a1d5ba17,P-Nuckle,Group,Denver,,,72,area:Denver,2026-09-16T02:02:40.586573+00:00,1
e2cce581-f5e1-494f-9328-d8a3cc6213a6,Sam Ellefson,Person,Denver,,,72,area:Denver,2026-09-16T02:02:40.586573+00:00,1
b9bd2ca3-bf1a-4eb0-a89c-f16d95d9457f,Twin Peaks,,Denver,,,72,area:Denver,2026-09-16T02:02:40.586573+00:00,1
4de8f26b-c23e-4db9-bb60-01f5bb0ce024,The King's Cattle,Group,Denver,,,72,area:Denver,2026-09-16T02:02:40.586573+00:00,1
db1a7741-dc0c-48bf-b612-71634112589a,The Bad Engrish,Group,Denver,,,72,area:Denver,2026-09-16T02:02:40.586573+00:00,1
028ad538-64ce-41b7-9a80-49fe6b8dad9b,Morning Bear,Group,Denver,Denver,2014,72,area:Denver,2026-09-16T02:02:40.586573+00:00,1
3f9248a8-cb76-4b4b-a273-bdeae26b9b3d,The Helium Arch,Group,Denver,,,72,area:Denver,2026-09-16T02:02:40.586573+00:00,1
1687618b-57a2-460c-b65a-4330f9a9f842,Binary,Person,Denver,,,72,area:Denver,2026-09-16T02:02:40.586573+00:00,1
87d47b6e-e61d-4cd7-a841-4e32aa6abf86,Crypt Keeper,Group,Denver,,,72,area:Denver,2026-09-16T02:02:40.586573+00:00,1
240856ee-50af-4bae-bdf5-7cd10af3d5d8,Bluprint,Group,Denver,,,72,area:Denver,2026-09-16T02:02:40.586573+00:00,1
80aebb6c-e423-4809-8bb3-6267c69b6263,NOT A TOY,Group,Denver,Denver,2020,72,area:Denver,2026-09-16T02:02:40.586573+00:00,1
477acb7d-c7ca-4cd1-9e65-6fb4211ab568,Chingaso,Group,Denver,,,72,area:Denver,2026-09-16T02:02:40.586573+00:00,1
50a79c08-8210-4cca-8417-66061a152c25,G o S l o w,,Denver,,,72,area:Denver,2026-09-16T02:02:40.586573+00:00,1
93866f09-550b-46c9-81f8-d791d38f9ec7,BleakHeart,Group,Denver,,,72,area:Denver,2026-09-16T02:02:40.586573+00:00,1
8bc945a0-f845-4be6-bce9-fe9dc418f38e,World Pain,Group,Denver,Denver,2012,72,area:Denver,2026-09-16T02:02:40.586573+00:00,1
c1a9219c-c68c-41f6-b810-31086dfdf73a,PYTR,Person,Denver,,,72,area:Denver,2026-09-16T02:02:40.586573+00:00,1
f5c0fc78-f3ce-41d1-a32b-401480f85ac9,JSR,,Denver,,,72,area:Denver,2026-09-16T02:02:40.586573+00:00,1
67edf8c8-39bc-4191-8073-ed62c2d9a127,"Endless, Nameless",,Denver,Denver,,72,area:Denver,2026-09-16T02:02:40.586573+00:00,1
7058d4ba-1189-4d45-a7f1-4f1e39b9ec6f,Joseph Lamar,Person,Denver,,,72,area:Denver,2026-09-16T02:02:40.586573+00:00,1
a84a1996-2c7a-4186-a1af-637650775818,Lola Black,Group,Denver,,,72,area:Denver,2026-09-16T02:02:40.586573+00:00,1
9f7866a0-8bb9-42e7-b3f5-0671aaa885f8,DJ Story,Person,Denver,,,72,area:Denver,2026-09-16T02:02:40.586573+00:00,1
1aebe929-fa43-49f9-b5e7-c4b444d22218,SPELLS,Group,Denver,,,72,area:Denver,2026-09-16T02:02:40.586573+00:00,1
1edf0acf-ba61-4240-b342-bb15fef73635,Eat the Sun,Group,Denver,,,72,area:Denver,2026-09-16T02:02:40.586573+00:00,1
bebe11a8-acaf-474a-91e5-904c1adc02b4,Underlover,Person,Denver,,,72,area:Denver,2026-09-16T02:02:40.586573+00:00,1
035986ec-4bf6-4535-967e-98ee8485a8cc,Bettman & Halpin,Group,Denver,,2008,72,area:Denver,2026-09-16T02:02:40.586573+00:00,1
fe33a9d6-a700-47a6-9e28-ae1a1eb95013,Colony Collapse,Group,Denver,,,72,area:Denver,2026-09-16T02:02:40.586573+00:00,1
0597def3-4181-4e88-a40b-19600fdb9a6b,College Transfer Student,Group,Denver,Chicago,2009-08-02,72,area:Denver,2026-09-16T02:02:40.586573+00:00,1
9bd5279e-accf-4221-b33a-1275eab9b51f,Postcards,Group,Denver,,2012-08-01,72,area:Denver,2026-09-16T02:02:40.586573+00:00,1
64c9fe54-7cdd-4f15-87c9-b9b3c1c8fb20,Walker Shellist,Group,Denver,,,72,area:Denver,2026-09-16T02:02:40.586573+00:00,1
7234e33d-9432-48ef-9428-4c465c532cfb,DopeAMean,Person,Denver,Columbus,1990-07-26,72,area:Denver,2026-09-16T02:02:40.586573+00:00,1
cabe98a8-dd84-4207-812e-ab592111f0c6,The Unsolved,Group,Denver,,,72,area:Denver,2026-09-16T02:02:40.586573+00:00,1
30eed3ef-b8d7-4bc3-a0ff-d38a94fc9850,Soulthieves,Group,Denver,,1997,72,area:Denver,2026-09-16T02:02:40.586573+00:00,1
5f9378a0-0c9d-4994-8970-524dc024afcb,The Poor Boys,Group,Denver,,,72,area:Denver,2026-09-16T02:02:40.586573+00:00,1
f6b389b1-d362-425a-a31e-bab4f48e4963,Are You Serious,Group,Denver,Denver,2011-06-14,72,area:Denver,2026-09-16T02:02:40.586573+00:00,1
0b3a5e4f-1ab2-44e8-a675-f549df5f3bfc,Bela Karoli,Group,Denver,Denver,,72,area:Denver,2026-09-16T02:02:40.586573+00:00,1
ef97bd9b-6618-4b3f-a07d-54881472f948,Ophelia Cache,Person,Denver,,,72,area:Denver,2026-09-16T02:02:40.586573+00:00,1
0497d546-dee2-4662-9861-d887fd424a30,Codec,Group,Denver,,2011,72,area:Denver,2026-09-16T02:02:40.586573+00:00,1
ea150e67-3dce-4a90-9ede-1d0d2bb95a03,Yonnas Abraham,Person,Denver,,,72,area:Denver,2026-09-16T02:02:40.586573+00:00,1
da517112-383d-4d37-b1a5-65872b52fba3,Spear of Cassius,Group,Denver,,,72,area:Denver,2026-09-16T02:02:40.586573+00:00,1
09a59104-f9aa-4455-9814-7be5e7025d05,GorillaT,Person,Denver,,,72,area:Denver,2026-09-16T02:02:40.586573+00:00,1
ef289a5a-96de-4d99-aea7-b86d2073877f,Relate.,Group,Denver,Denver,,72,area:Denver,2026-09-16T02:02:40.586573+00:00,1
f0622d9a-799d-4a4c-b8e0-ec4245a6baa7,Detious Music,Person,Denver,,,72,area:Denver,2026-09-16T02:02:40.586573+00:00,1
e380c85b-cf79-4b16-a206-386ff9a1013c,John Common,Person,Denver,,,72,area:Denver,2026-09-16T02:02:40.586573+00:00,1
d20364a7-06f1-4721-9fb4-4aef352be9a6,Stranj Neyburz,Group,Denver,Denver,1999-12-01,72,area:Denver,2026-09-16T02:02:40.586573+00:00,1
d55a64bb-c377-4a63-b8f2-54190ac16304,Messiahvore,Group,Denver,,,72,area:Denver,2026-09-16T02:02:40.586573+00:00,1
0a9f3790-ee26-4eec-ad96-de01f3ee27b5,Old Soul Dies Young,Group,Denver,Denver,2017,72,area:Denver,2026-09-16T02:02:40.586573+00:00,1
ea144fd0-24ab-4a0e-a4cc-50c4674d8a1b,Cellar Graves,,Denver,,,72,area:Denver,2026-09-16T02:02:40.586573+00:00,1
54f04754-9dce-49f5-84af-16ab5c1fd6fc,Dylan Montayne,Person,Denver,Santa Fe,,72,area:Denver,2026-09-16T02:02:40.586573+00:00,1
530c73cd-4483-4e47-b77a-15a889273bc2,Bottle Rocket Science,Group,Denver,,,72,area:Denver,2026-09-16T02:02:40.586573+00:00,1
fc00ce23-cf46-49e6-8250-d99e113007fc,Weege,Person,Denver,California,,72,area:Denver,2026-09-16T02:02:40.586573+00:00,0
f476fca7-3150-4e01-bc4a-86a19150c103,Saeva,Group,Denver,Denver,2018,72,area:Denver,2026-09-16T02:02:40.586573+00:00,1
bd330e54-b0f8-40af-99b8-87ee167298df,Edith Pike,Group,Denver,,,72,area:Denver,2026-09-16T02:02:40.586573+00:00,1
a37da929-029c-4538-8bb3-9b8860e02971,TEKNiCOLOR,Person,Denver,,,72,area:Denver,2026-09-16T02:02:40.586573+00:00,1
9f8de443-6c28-4a69-af22-f4ebf5690b4d,VLNC,Group,Denver,,2018,72,area:Denver,2026-09-16T02:02:40.586573+00:00,1
03ec7714-3c8c-44d5-89d8-7bd989ba2c51,Eternal Obsession,Group,Denver,Denver,2018,72,area:Denver,2026-09-16T02:02:40.586573+00:00,1
50a522a0-12ec-4003-984c-2f15b478018b,Denver Women's Chorus,Choir,Denver,,,72,area:Denver,2026-09-16T02:02:40.586573+00:00,1
d0c8edf8-7bfe-4f85-9b68-6253aa3c35ca,TRILL JUZEE,Person,Denver,Denver,1994-08-11,72,area:Denver,2026-09-16T02:02:40.586573+00:00,1
5d896c9b-47e8-4838-8122-2367da9f7c44,Stars in Autumn,Person,Denver,,,72,area:Denver,2026-09-16T02:02:40.586573+00:00,1
bea280a5-2882-4ecf-ae5b-151c0e499c9f,Groove Society,Group,Denver,,2001,72,area:Denver,2026-09-16T02:02:40.586573+00:00,1
309a0490-054e-4233-a3f7-b168a148ad24,Red Tide Rising,Group,Denver,,2012,72,area:Denver,2026-09-16T02:02:40.586573+00:00,1
6b4795f2-e37b-4ba9-9cd1-4a7f35d47faa,The Pitch Invasion,Group,Denver,,,72,area:Denver,2026-09-16T02:02:40.586573+00:00,1
8617ed88-d93c-48ce-84dc-8e127564a176,The Velvet Daydream,Group,Denver,,,72,area:Denver,2026-09-16T02:02:40.586573+00:00,1
0859f72e-b048-4ee9-86b1-5e0d7621fbbe,Temporal Driver,Group,Denver,,,72,area:Denver,2026-09-16T02:02:40.586573+00:00,1
b5883132-989c-4cd1-8731-aebd41885d6a,Synapse,Group,Denver,,,72,area:Denver,2026-09-16T02:02:40.586573+00:00,1
21ebfc61-f906-4279-8946-db200753af94,Modern Weapons,Group,Denver,,,72,area:Denver,2026-09-16T02:02:40.586573+00:00,1
ae314e36-3c85-4bf1-82bb-3b56f5c4bf66,Nova-Sak,Person,Denver,,1980,72,area:Denver,2026-09-16T02:02:40.586573+00:00,1
f791ee6e-1957-46c8-a34b-429fa5ebe825,Lola Rising,Group,Denver,Denver,2013,72,area:Denver,2026-09-16T02:02:40.586573+00:00,1
7f314a14-aec2-4e75-8861-1866eed12765,Expressions of the Soul,Group,Denver,Centennial,2000-01-06,72,area:Denver,2026-09-16T02:02:40.586573+00:00,1
d18e2a3d-92f8-4b63-b693-a7e3c5ab5646,Calling Out West,Group,Denver,Denver,2009,72,area:Denver,2026-09-16T02:02:40.586573+00:00,1
5df09c24-ef65-4f48-898d-3c0bd2c08e65,Emery Adeline,Person,Denver,,,72,area:Denver,2026-09-16T02:02:40.586573+00:00,1
4cd7be1e-c99b-4eb2-ac2e-17dea69c3301,Amberly Chalberg,Person,Denver,,,72,area:Denver,2026-09-16T02:02:40.586573+00:00,1
fc6a6053-c7b3-40ce-adfa-c67af99fdb87,Ramakhandra,,Denver,,,72,area:Denver,2026-09-16T02:02:40.586573+00:00,1
0492e6bc-e5bb-458d-960b-333d4ca72539,Barstool Astronaut,Person,Denver,,,72,area:Denver,2026-09-16T02:02:40.586573+00:00,1
692f9040-f88f-4f16-b79c-7c1691265ec9,(The) Kindercide,Group,Denver,,,72,area:Denver,2026-09-16T02:02:40.586573+00:00,1
683d0e94-7a92-4c51-985f-bb9a0f70fa58,Cam Kelly,Person,Denver,Portola Valley,,72,area:Denver,2026-09-16T02:02:40.586573+00:00,1
42afb573-9372-47b4-8666-69e33896a303,technically nothing,Group,Denver,,,72,area:Denver,2026-09-16T02:02:40.586573+00:00,1
a88a9ae2-ca40-4cde-87cb-b110e44a4702,Chris Hunt,Person,Denver,Oakland,1984-10-26,72,area:Denver,2026-09-16T02:02:40.586573+00:00,1
0fda924c-b01b-43f2-8e5a-7c28792dfde6,Thee Dang Dangs,Group,Denver,,2012-08,72,area:Denver,2026-09-16T02:02:40.586573+00:00,1
72198dc9-4a9d-4d59-bb29-aeca17d4c669,Living Insanity,Group,Denver,Denver,1991-09-01,72,area:Denver,2026-09-16T02:02:40.586573+00:00,1
c85e0be9-dd1a-43bc-aabe-c2b2d211625e,The Fogcutters,Group,Denver,,,72,area:Denver,2026-09-16T02:02:40.586573+00:00,1
12601231-0143-4672-bd75-cb6ac390182e,High Plains Honky,Group,Denver,Denver,,72,area:Denver,2026-09-16T02:02:40.586573+00:00,1
5d5688fd-1c2f-4028-8067-c50d907c4a05,Near Dusk,Group,Denver,,2010,72,area:Denver,2026-09-16T02:02:40.586573+00:00,1
21446d16-d372-47f6-b965-9af069bd53c9,Omnist,Person,Denver,San Antonio,,72,area:Denver,2026-09-16T02:02:40.586573+00:00,1
138e1560-b22d-4c67-95ae-75bbe69df21a,"Matt ""Mojo"" Morginsky",Person,Denver,,1976-06-14,72,area:Denver,2026-09-16T02:02:40.586573+00:00,1
59f20bba-12ee-4238-8c05-58ae27b31647,Kill Minus Nine,Group,Denver,,2013,72,area:Denver,2026-09-16T02:02:40.586573+00:00,1
3d134479-21f6-403c-8eb2-40e3ea320556,Joshua Trinidad,Person,Denver,,,72,area:Denver,2026-09-16T02:02:40.586573+00:00,1
aa8f0527-c4a1-4775-b1d3-be1361653c8c,Astralingua,Group,Denver,,,72,area:Denver,2026-09-16T02:02:40.586573+00:00,1
7e48f7d7-0ba2-4419-a094-6a2d3a428e6c,Overslept,Group,Denver,Denver,,72,area:Denver,2026-09-16T02:02:40.586573+00:00,1
3ff92871-f5c4-44fb-86ff-09f37bd7cd87,Voight,Group,Denver,,,72,area:Denver,2026-09-16T02:02:40.586573+00:00,1
6d549fd0-b155-4eee-b0fa-ba20cf7b29cc,Lykotonon,Group,Denver,,,72,area:Denver,2026-09-16T02:02:40.586573+00:00,1
a2f7152c-2470-47d9-80cf-c4b284a1b4b5,Maren Markos,Person,Denver,,,72,area:Denver,2026-09-16T02:02:40.586573+00:00,1
16655ef5-e480-43e1-b65f-2f733f6c3766,Combat Force,Group,Denver,,,72,area:Denver,2026-09-16T02:02:40.586573+00:00,1
6038a6bd-8ed9-4bc8-a04e-6deb14b73286,Ryan Chrys,Person,Denver,,,72,area:Denver,2026-09-16T02:02:40.586573+00:00,1
18df6990-a601-4403-bd94-e80635292156,Reality Complex,Group,Denver,,,72,area:Denver,2026-09-16T02:02:40.586573+00:00,1
9c3d15c5-f4a1-4749-be77-c312bd46d53c,A. Zebra,Person,Denver,,,72,area:Denver,2026-09-16T02:02:40.586573+00:00,1
01dab8e8-0fbe-47ee-ba32-1608514c5abe,Pink Fuzz,Group,Denver,,,72,area:Denver,2026-09-16T02:02:40.586573+00:00,1
a923b6fa-d385-43eb-82de-e0d5cc487954,U.S. Pipe,Group,Denver,,2005-06,72,area:Denver,2026-09-16T02:02:40.586573+00:00,1
45decf94-e849-4a73-a546-95d49e83a4ed,Sanitizers,Group,Denver,,,72,area:Denver,2026-09-16T02:02:40.586573+00:00,1
69754f34-05dd-4267-aa1f-4ed1fcee41b4,Simpeltones,,Denver,,1990,72,area:Denver,2026-09-16T02:02:40.586573+00:00,1
2d414b8d-e7ef-48f5-b5ef-864c89319764,Gypsy Swing Revue,Group,Denver,,,72,area:Denver,2026-09-16T02:02:40.586573+00:00,1
14d58889-cd06-40e2-a98e-720356d04bea,Offstage Acting,Group,Denver,,2024,72,area:Denver,2026-09-16T02:02:40.586573+00:00,1
9899de34-6d62-460a-9cef-54e7218df1c7,Kosmøs,Group,Denver,,,72,area:Denver,2026-09-16T02:02:40.586573+00:00,1
1f7afd8e-bcec-4332-b065-49407836715b,Charles Brown,Person,Denver,,,72,area:Denver,2026-09-16T02:02:40.586573+00:00,1
483ee8d9-4cbe-46ad-bf45-4ab6086f1f28,Suitable Miss,Group,Denver,,,72,area:Denver,2026-09-16T02:02:40.586573+00:00,1
7af216e4-f914-4473-b5d8-ef7fdf1781b1,Goety,Group,Denver,,2022,72,area:Denver,2026-09-16T02:02:40.586573+00:00,1
5a822411-02c0-4e98-96e5-8337233f5671,𝐹𝛰𝑆𝑆𝐼𝐿 𝐹𝑈𝐸𝐿,,Denver,,,72,area:Denver,2026-09-16T02:02:40.586573+00:00,1
e74ea3c9-98f4-441e-ab42-cdffea852d4e,Morning Sidekick,Group,Denver,,,72,area:Denver,2026-09-16T02:02:40.586573+00:00,1
fdbddd5e-3797-42bd-9e1b-1b718a9589d1,Sreb,Person,Denver,Bulgaria,,72,area:Denver,2026-09-16T02:02:40.586573+00:00,1
09d39ec9-0d09-4619-91f1-9f5e856fa71b,Grubstake,Group,Denver,,,72,area:Denver,2026-09-16T02:02:40.586573+00:00,1
1206f887-8bb0-459a-85dd-70bd21f33c91,The Windermeres,Group,Denver,,,72,area:Denver,2026-09-16T02:02:40.586573+00:00,1
5e469217-75ba-4b74-8a36-4666f94336a6,St. John’s Cathedral Choir,Choir,Denver,,,72,area:Denver,2026-09-16T02:02:40.586573+00:00,1
2b2bf173-345d-4023-896d-6e8e5f12d51a,canary yellow,Group,Denver,,,72,area:Denver,2026-09-16T02:02:40.586573+00:00,1
8a1d02b5-607c-4b33-86bd-ede0e210235c,Exuvial,Group,Denver,,2019,72,area:Denver,2026-09-16T02:02:40.586573+00:00,1
b583db8f-c6ff-4d24-9769-ba241090d260,Bobby Amulet,Person,Denver,,,72,area:Denver,2026-09-16T02:02:40.586573+00:00,1
983d35e1-d4dd-4b45-9d18-aa56741b9ddf,Gallium,Person,Denver,,,72,area:Denver,2026-09-16T02:02:40.586573+00:00,1
16a859de-7f23-4df8-ad44-1a7575ebe729,Mike D Chill,Person,Denver,,,72,area:Denver,2026-09-16T02:02:40.586573+00:00,1
d94b2c71-ac81-453c-8c6c-fe97e34801ee,Jan van Lier,Person,Denver,,,72,area:Denver,2026-09-16T02:02:40.586573+00:00,1
644e8322-b75a-4505-bccb-9349ac1e1c9d,Culture Shock,Group,Denver,,,72,area:Denver,2026-09-16T02:02:40.586573+00:00,1
4f2542c5-a912-4254-bc4b-e37df11d9f99,The Fast Feeling,Group,Denver,,,72,area:Denver,2026-09-16T02:02:40.586573+00:00,1
c1efaeab-364f-4785-beb3-33e4f505e3c4,Neon Cities,Group,Denver,,,72,area:Denver,2026-09-16T02:02:40.586573+00:00,1
c188f245-6a51-4236-a667-a0ccfb68f222,Dirty $prite,Group,Denver,,,72,area:Denver,2026-09-16T02:02:40.586573+00:00,1
87780b1c-f291-4f84-b212-2041b2d24cfd,Straight Six,Group,Denver,Denver,2017,72,area:Denver,2026-09-16T02:02:40.586573+00:00,1
171ace0c-fa5b-4bc4-8df5-35ac030e4d71,Hard Blue,Group,Denver,Denver,2018,72,area:Denver,2026-09-16T02:02:40.586573+00:00,1
b084a783-b56f-4867-8948-b086dc99d3bf,The Union,Person,Denver,,,72,area:Denver,2026-09-16T02:02:40.586573+00:00,1
37de72a4-7a2a-45aa-93d7-ed0036b987e2,Product Lust,,Denver,,,72,area:Denver,2026-09-16T02:02:40.586573+00:00,1
dea0ad9d-28b5-4135-b66b-0eefbbb688a9,Doldrum,Group,Denver,Denver,2020,72,area:Denver,2026-09-16T02:02:40.586573+00:00,1
38f1b8de-3f12-4e85-9bc7-1af898ec5450,Tree Theater,Group,Denver,,,72,area:Denver,2026-09-16T02:02:40.586573+00:00,1
5399c5e8-bc7e-4d31-95c2-554d7be60d76,Cryptic Witch,Group,Denver,,,72,area:Denver,2026-09-16T02:02:40.586573+00:00,1
0dd54bce-d5ee-4215-b380-2a8f57593922,Crypts of Golgotha,Group,Denver,Denver,2022-08-22,72,area:Denver,2026-09-16T02:02:40.586573+00:00,1
6a67bdf1-4a1b-4173-9580-c6ebc2cb9319,David Bernot,Person,Denver,,,72,area:Denver,2026-09-16T02:02:40.586573+00:00,1
147832b3-c0c3-40f3-9b46-7e10ba020e81,Housewife,Person,Denver,,,72,area:Denver,2026-09-16T02:02:40.586573+00:00,1
cefee43b-e1d3-47cb-b48c-43318cdcb3a0,Bury Mia,Group,Denver,,,72,area:Denver,2026-09-16T02:02:40.586573+00:00,1
12bd47d0-03d8-470b-93bb-b6f8387c5a10,Death by Dub,Group,Denver,Denver,,72,area:Denver,2026-09-16T02:02:40.586573+00:00,1
bf260630-1ce1-449c-81d1-5732f994f117,Tricoma,Group,Denver,,,72,area:Denver,2026-09-16T02:02:40.586573+00:00,1
03cddb31-d172-43df-a511-444684be2269,MEDIC,Group,Denver,,,72,area:Denver,2026-09-16T02:02:40.586573+00:00,1
476a8707-2325-476d-ad74-41d75fa3eb63,Bronze,Group,Denver,,,72,area:Denver,2026-09-16T02:02:40.586573+00:00,1
a02eefd9-0739-47f3-8911-56db982e5dba,Prolapse,Group,Denver,,,72,area:Denver,2026-09-16T02:02:40.586573+00:00,1
c3cb2f0b-7dd8-4e8a-b8ad-4218b6260b2b,Jesse Manley,Person,Denver,,,72,area:Denver,2026-09-16T02:02:40.586573+00:00,1
e5f75a42-0b91-44a3-bf53-d8103c4d2a55,BBK,Person,Denver,,,72,area:Denver,2026-09-16T02:02:40.586573+00:00,1
2f3bb42c-e256-47f3-8181-82cb2d701083,Fair Elle,Person,Denver,,,72,area:Denver,2026-09-16T02:02:40.586573+00:00,1
af4e5572-8852-4875-a8cf-4c3f8509c8cf,Mnmlst,Group,Denver,Denver,2019-08,72,area:Denver,2026-09-16T02:02:40.586573+00:00,1
fbaaf297-5712-4453-a1bd-7da3b60b33e4,Dead Temple,Group,Denver,,2011-02,72,area:Denver,2026-09-16T02:02:40.586573+00:00,1
3116f89b-e055-4bd7-b62d-8e07410da9ce,Denver Dub Collective,Group,Denver,,,72,area:Denver,2026-09-16T02:02:40.586573+00:00,1
5ffdff61-95dc-4f17-856f-d28f346aefa6,Eminence Ensemble,Group,Denver,United States,,72,area:Denver,2026-09-16T02:02:40.586573+00:00,1
f2791ebb-5384-42c7-9714-5464190d83c0,Tatanka,Group,Denver,Denver,2011,72,area:Denver,2026-09-16T02:02:40.586573+00:00,1
b5cb9b84-7273-4bc7-b4d6-39b8b5fc3d07,Miguel Dakota,Person,Denver,,1993-04-14,72,area:Denver,2026-09-16T02:02:40.586573+00:00,1
53be3d86-7d61-4671-89c9-348e49393b41,Oscify,Person,Denver,Denver,1985-04-19,72,area:Denver,2026-09-16T02:02:40.586573+00:00,1
89d5aa24-8a79-4a42-8f80-e8919b5da2f5,Clementine Was Right,Group,Denver,Denver,,72,area:Denver,2026-09-16T02:02:40.586573+00:00,1
7048b9c7-55a7-470f-a182-35db73f2629f,Time,Person,Denver,,,72,area:Denver,2026-09-16T02:02:40.586573+00:00,1
b9deda4a-ab1a-449f-a2a6-35daec0006cc,Grim Christmas,Person,Denver,,,72,area:Denver,2026-09-16T02:02:40.586573+00:00,1
fb4079f2-7c84-42dd-b905-609ff1d17ea3,High Fiction,Group,Denver,,,72,area:Denver,2026-09-16T02:02:40.586573+00:00,1
d4cbc00e-ed92-49f3-b371-e490e7dbd537,The Agency,Group,Denver,,,72,area:Denver,2026-09-16T02:02:40.586573+00:00,1
cd66a801-8237-4c4d-b150-cbd3aa834578,Spencer Groves,Person,Denver,Denver,2006-07-18,72,area:Denver,2026-09-16T02:02:40.586573+00:00,1
797ac40b-f730-4381-840d-509079f9872f,The Dreamer Blue,,Denver,,,72,area:Denver,2026-09-16T02:02:40.586573+00:00,1
5cee8f3b-6f84-4ec5-ab3c-fe9eb0039796,wandersound,Person,Denver,,,72,area:Denver,2026-09-16T02:02:40.586573+00:00,1
96b146ab-6c75-49ac-a7c0-e4cf959cd6b5,Hand Turkey,Group,Denver,,2020,72,area:Denver,2026-09-16T02:02:40.586573+00:00,1
de5ca82c-9b92-4fb5-bb4d-65c1cd9a539c,DJ √I†AMIN C,,Denver,,,71,area:Denver,2026-09-16T02:02:40.586573+00:00,1
3f8ea2b4-e6b8-43c6-8f81-ba2a00310df7,Prowler,Group,Denver,,,71,area:Denver,2026-09-16T02:02:40.586573+00:00,1
45ac906c-b769-4a3a-9a60-f606af7dfc59,Wolfgirl,Group,Denver,Denver,2011,71,area:Denver,2026-09-16T02:02:40.586573+00:00,1
b45daace-83d6-414c-b6ab-20effac75464,Pizza Time,Group,Denver,Denver,2013,71,area:Denver,2026-09-16T02:02:40.586573+00:00,1
78173904-2ac5-434f-ac30-90dba9751146,Just Connor,Person,Denver,,,71,area:Denver,2026-09-16T02:02:40.586573+00:00,1
725a972b-03be-472e-be85-7a7bedfb04c4,Vine Street Vibes,Group,Denver,,2012,71,area:Denver,2026-09-16T02:02:40.586573+00:00,1
6d81181b-8bf8-4c02-9b98-2ce4f9066f17,Papa Bear,Group,Denver,,,71,area:Denver,2026-09-16T02:02:40.586573+00:00,1
e9be6e3a-3fff-4790-8b49-bc4b9051bd20,Mouseterious,Person,Denver,,,71,area:Denver,2026-09-16T02:02:40.586573+00:00,1
a93f4a3e-e1f3-45b1-855f-e57eabd1006d,Sympathy F,Group,Denver,,,71,area:Denver,2026-09-16T02:02:40.586573+00:00,1
ef903ccf-ef79-44b3-899f-e5f836a21491,Gastric Phantasm,Group,Denver,,,71,area:Denver,2026-09-16T02:02:40.586573+00:00,1
1a8e8dea-7140-4771-bb3d-9d83028a3e30,The Animal Steel,Group,Denver,,,71,area:Denver,2026-09-16T02:02:40.586573+00:00,1
b10f98a9-8c9e-4da3-b693-137f41f05283,elitefitrea,Group,Denver,,,71,area:Denver,2026-09-16T02:02:40.586573+00:00,1
a46f4c66-bd52-494b-ae91-acb9a651796f,Halden Wofford & the Hi*Beams,Group,Denver,,,71,area:Denver,2026-09-16T02:02:40.586573+00:00,1
f9d68bfc-dc7a-4b04-b0d6-73af94d6abd2,The Emmas,,Denver,,,71,area:Denver,2026-09-16T02:02:40.586573+00:00,1
da3811ff-c372-46eb-b82e-ebd197b70f7e,Mirror Fears,,Denver,,,71,area:Denver,2026-09-16T02:02:40.586573+00:00,1
385f67e9-ca5a-4c5a-a1b8-bf9eb3c5406f,Bobby Mitchell and the Stars Over Colorado,Group,Denver,Arvada,2022-12-19,71,area:Denver,2026-09-16T02:02:40.586573+00:00,1
0d524d88-78b7-4ee0-9d1f-cae7341f4338,Sha-Kobe,Person,Denver,,,71,area:Denver,2026-09-16T02:02:40.586573+00:00,1
84ac9be4-5559-45f1-9bb0-05ee77d59fe3,Mount Massive,Group,Denver,,,71,area:Denver,2026-09-16T02:02:40.586573+00:00,1
aa10ea43-ad55-415b-aceb-bc8925b6cf66,Kamru,Group,Denver,,,71,area:Denver,2026-09-16T02:02:40.586573+00:00,1
5972c13c-79f0-42e0-a9a2-2060ca5b96da,The Mssng,Group,Denver,Denver,2019-11-01,71,area:Denver,2026-09-16T02:02:40.586573+00:00,1
6845eb65-ae7c-4ecf-bbfa-4e6c1a7e08ad,pheel.,,Denver,,,71,area:Denver,2026-09-16T02:02:40.586573+00:00,1
5417cce0-30ea-447d-b665-5401ef5ac31f,Room 40,Group,Denver,,,71,area:Denver,2026-09-16T02:02:40.586573+00:00,1
251a163d-674b-42b8-893c-504201d903c7,Nuancer,,Denver,,,71,area:Denver,2026-09-16T02:02:40.586573+00:00,1
488299d2-cc5b-4bc2-ad48-e5c319cae898,Expurgate,Group,Denver,Denver,2010,71,area:Denver,2026-09-16T02:02:40.586573+00:00,1
324e3732-89cf-475f-9954-4ebc1e1b0082,Sputnik3,,Denver,,,71,area:Denver,2026-09-16T02:02:40.586573+00:00,1
4e0476e4-c0b7-4348-9f6c-31ea97538ccd,Paradox,Person,Denver,,,71,area:Denver,2026-09-16T02:02:40.586573+00:00,1
1261165d-3bdc-456f-ab4a-04b66709015b,Barbara,Group,Denver,,,71,area:Denver,2026-09-16T02:02:40.586573+00:00,1
62d0f770-47de-4e28-a391-c91c0e8ad7ee,Athamé,Group,Denver,,2014,71,area:Denver,2026-09-16T02:02:40.586573+00:00,1
2c362832-3b33-40ed-9593-fe1f38af91b0,Catholic Girls,Group,Denver,,,71,area:Denver,2026-09-16T02:02:40.586573+00:00,1
6ec0420f-62db-4ce5-91c1-c2dfb5efadf1,Allison Lorenzen,Person,Denver,,,71,area:Denver,2026-09-16T02:02:40.586573+00:00,1
4c7e8ee1-18f0-4d4b-bb75-285e9315cb1e,Crafteon,Group,Denver,Denver,2012,71,area:Denver,2026-09-16T02:02:40.586573+00:00,1
34f95c01-295b-4153-b5f9-6741c8b40459,Rob4Real,Person,Denver,,,71,area:Denver,2026-09-16T02:02:40.586573+00:00,1
f6ef253a-1739-4992-b738-444d13c07e83,Exhumator,Group,Denver,Denver,1992,71,area:Denver,2026-09-16T02:02:40.586573+00:00,1
52ecfaba-d65f-40bc-826d-e1d0146a7336,ADAME,Person,Denver,Stuttgart,,71,area:Denver,2026-09-16T02:02:40.586573+00:00,1
7306f1a4-bb13-4497-b21d-9d1cebfc5b77,Boot Gun,Group,Denver,Denver,2018,71,area:Denver,2026-09-16T02:02:40.586573+00:00,1
d7df62f7-67c3-4e16-bfc4-b7c60b53d3fe,Sharone,Person,Denver,,,71,area:Denver,2026-09-16T02:02:40.586573+00:00,1
019855b1-50c3-4c79-acfe-a8af376c52e8,Heartsick Heroine,Group,Denver,Denver,2019,71,area:Denver,2026-09-16T02:02:40.586573+00:00,1
c8c71dd9-cc51-4b37-8436-63baf43e5af4,Extra Gold,Group,Denver,,,71,area:Denver,2026-09-16T02:02:40.586573+00:00,1
83921fc8-987d-4567-9c20-d491b5b29066,Moral Law,Group,Denver,Denver,,71,area:Denver,2026-09-16T02:02:40.586573+00:00,1
ff7b290e-ee54-4647-8fd9-735288fe8b90,Ascension,Person,Denver,,,71,area:Denver,2026-09-16T02:02:40.586573+00:00,1
02d26be4-cc80-4b7a-be8c-405a7b756301,Acid Pigs,Group,Denver,,1984,71,area:Denver,2026-09-16T02:02:40.586573+00:00,1
e79f2cf5-8a7c-4b5b-a6e4-59958a0a494e,The Opalites,Group,Denver,Denver,2021,71,area:Denver,2026-09-16T02:02:40.586573+00:00,1
858bd5fc-cb7a-4d20-aad0-ab393337ae7f,Imperivm,Person,Denver,,,71,area:Denver,2026-09-16T02:02:40.586573+00:00,1
0023568b-acc5-4294-8783-c80e65650ec7,Polly Urethane,Person,Denver,,,71,area:Denver,2026-09-16T02:02:40.586573+00:00,1
cd69dc2d-1c09-45d2-87d2-e840067a2608,The BRKN,Group,Denver,,,71,area:Denver,2026-09-16T02:02:40.586573+00:00,1
ef8a219c-ccff-430e-8a7a-be4927335088,Dead for Denver,Group,Denver,,,71,area:Denver,2026-09-16T02:02:40.586573+00:00,1
adee404a-e8a4-421d-82d5-52a58295b3fe,Orm,Group,Denver,,2010-08-05,71,area:Denver,2026-09-16T02:02:40.586573+00:00,1
f4b50ed6-6574-46fc-90d2-f6d8b961b9bb,Lord Velvet,Group,Denver,,,71,area:Denver,2026-09-16T02:02:40.586573+00:00,1
03f996aa-fba7-4e4a-85c2-70430782af8c,Moth,Group,Denver,,2011,71,area:Denver,2026-09-16T02:02:40.586573+00:00,1
66a4022e-d07c-498b-8e29-7583213bf01c,Richie Allen Buchborn,Person,Denver,,,71,area:Denver,2026-09-16T02:02:40.586573+00:00,1
0d0429a9-aa3c-4ef0-a3a1-d403b111bb4b,Dragon & Jontron,Group,Denver,,2010,71,area:Denver,2026-09-16T02:02:40.586573+00:00,1
a78680a4-0a0d-442c-8915-45b98ad23ab8,Hollidayrain,Person,Denver,Parker,1991-10-12,71,area:Denver,2026-09-16T02:02:40.586573+00:00,1
f926d6e2-12b5-47bc-a86a-52a49e252754,Butcher Shoppe,Group,Denver,Denver,1998,71,area:Denver,2026-09-16T02:02:40.586573+00:00,1
06361281-02ac-407a-bd30-95334f3fae2c,AcousticFingerpaint,,Denver,,,71,area:Denver,2026-09-16T02:02:40.586573+00:00,1
8b20fb00-382e-42ef-a6df-e286ac77e51e,Gloc 9,Group,Denver,,,71,area:Denver,2026-09-16T02:02:40.586573+00:00,1
722d2bec-ac76-4092-bba7-1d5ba68ebf5f,Flaural,Group,Denver,Denver,2015,71,area:Denver,2026-09-16T02:02:40.586573+00:00,1
3b1ff575-5136-456c-a163-e73aa4e39111,Crypto Church,Group,Denver,,,71,area:Denver,2026-09-16T02:02:40.586573+00:00,1
0db830a8-66de-4ec7-ac0e-65972b5cb925,The Outfit,Group,Denver,Denver,2009,71,area:Denver,2026-09-16T02:02:40.586573+00:00,1
c538a998-f830-4e4d-82b1-8563f23ef849,Julean Rai,Person,Denver,Dayton,1978-01-30,71,area:Denver,2026-09-16T02:02:40.586573+00:00,1
e76ed23c-91fc-4835-a5f6-666d9b0543d8,Vulgarian,Group,Denver,,,71,area:Denver,2026-09-16T02:02:40.586573+00:00,1
4674b89a-0681-4a5d-9aec-41afea1ceefe,Venaccio,Person,Denver,,,71,area:Denver,2026-09-16T02:02:40.586573+00:00,1
f760184c-8324-4aec-bc68-d7c668121dbb,Nyke Nitti,Person,Denver,,,71,area:Denver,2026-09-16T02:02:40.586573+00:00,1
42012bee-559a-4b48-ac9f-f960f878276a,Scarlet Canary,Group,Denver,,,71,area:Denver,2026-09-16T02:02:40.586573+00:00,1
6b30feff-ae4a-4229-ab31-35da23262acd,Sar Isatum,,Denver,,2016,71,area:Denver,2026-09-16T02:02:40.586573+00:00,1
f03a3d73-4ef6-4191-8fb6-bf0066efa39d,People Corrupting People,Group,Denver,,,71,area:Denver,2026-09-16T02:02:40.586573+00:00,1
7417cec0-ff40-4fed-ba34-f7082a2bb4e6,Arsenïk MetaFivez,Person,Denver,,,71,area:Denver,2026-09-16T02:02:40.586573+00:00,1
762f28c7-914b-431f-b336-35dd64e35086,Samuel Brightman Glover,Person,Denver,,,71,area:Denver,2026-09-16T02:02:40.586573+00:00,1
87f13071-3dc7-40eb-91fe-a88c6e4fdf28,Prep Rally,Group,Denver,Denver,2017-01-01,71,area:Denver,2026-09-16T02:02:40.586573+00:00,1
434c73b8-c376-4cc1-a717-5d3dda86fa01,Suspicious Activity,Group,Denver,,,71,area:Denver,2026-09-16T02:02:40.586573+00:00,1
3bdab33b-7335-415c-8b4a-ec335f165de3,Goon,Group,Denver,,,71,area:Denver,2026-09-16T02:02:40.586573+00:00,1
d7406ee5-1e6b-4f80-ad82-206cc14d9b35,Dubharp,Person,Denver,,,71,area:Denver,2026-09-16T02:02:40.586573+00:00,1
78f15956-c5e1-46d6-a46b-fa6f46681ec8,Austin Wintory,Person,Los Angeles,Denver,1984-09-09,100,beginarea:Denver,2026-09-16T02:02:40.586573+00:00,1
2ddd167f-5b8a-4372-b350-6ad50493bac0,The Fray,Group,United States,Denver,2002,92,beginarea:Denver,2026-09-16T02:02:40.586573+00:00,1
38c7a3b2-17fb-4166-b964-4e445d69efdd,India.Arie,Person,Atlanta,Denver,1975-10-03,90,beginarea:Denver,2026-09-16T02:02:40.586573+00:00,1
68898948-189b-4098-9f05-639333763b44,Velvet Acid Christ,Group,United States,Denver,1990,90,beginarea:Denver,2026-09-16T02:02:40.586573+00:00,1
ea075268-e5ea-40f7-b9c3-68b039218a88,The Apples in Stereo,Group,United States,Denver,1993,89,beginarea:Denver,2026-09-16T02:02:40.586573+00:00,1
9a22fc7b-ad7f-4c70-9e0f-4d40cd7562cd,16 Horsepower,Group,United States,Denver,1992,89,beginarea:Denver,2026-09-16T02:02:40.586573+00:00,1
2b2df5fd-7d41-4d78-a456-62c738bb4d9c,Jill Sobule,Person,United States,Denver,1959-01-16,88,beginarea:Denver,2026-09-16T02:02:40.586573+00:00,1
fa249282-f532-4fd0-94cf-7fcdca9fdeb6,Ben Goldberg,Person,United States,Denver,1959-08-08,87,beginarea:Denver,2026-09-16T02:02:40.586573+00:00,1
f4b25300-be93-49bc-9d44-15f9de480f50,Philip Bailey,Person,United States,Denver,1951-05-08,87,beginarea:Denver,2026-09-16T02:02:40.586573+00:00,1
7b288ade-8d1e-4abc-b6b0-84eddfcb7ecc,Wovenhand,Group,United States,Denver,2001,87,beginarea:Denver,2026-09-16T02:02:40.586573+00:00,1
cecc42fb-9657-4b54-ad2f-7b73eefaef12,Ailee,Person,South Korea,Denver,1989-05-30,86,beginarea:Denver,2026-09-16T02:02:40.586573+00:00,1
aabd53ee-308b-4e94-8e9b-4c3d46a0c471,Corey Harris,Person,United States,Denver,1969-02-21,86,beginarea:Denver,2026-09-16T02:02:40.586573+00:00,1
0509d076-7e31-4f53-bad3-80ee246e23b7,Breathe Carolina,Group,United States,Denver,2007,85,beginarea:Denver,2026-09-16T02:02:40.586573+00:00,1
a8982cb0-7886-4e60-9f6a-3b71baa370e6,Tennis,Group,United States,Denver,2010,85,beginarea:Denver,2026-09-16T02:02:40.586573+00:00,1
488c09c0-632b-4453-a26d-d1b42857708a,Kirk Knuffke,Person,United States,Denver,1980,85,beginarea:Denver,2026-09-16T02:02:40.586573+00:00,1
e4bb438c-321d-4130-8f36-5ea4f31a323c,Cephalic Carnage,Group,Edgewater,Denver,1992,85,beginarea:Denver,2026-09-16T02:02:40.586573+00:00,1
a66cc38c-e6cd-4725-a8fd-7d32b998347f,DeVotchKa,Group,United States,Denver,1997,84,beginarea:Denver,2026-09-16T02:02:40.586573+00:00,1
64973b13-9786-4b52-a04e-e02c884ab880,Dressy Bessy,Group,United States,Denver,1996,84,beginarea:Denver,2026-09-16T02:02:40.586573+00:00,1
dc1b06cb-45f1-48ca-bee7-397de796fb02,Guy Forsyth,Person,United States,Denver,1968-02-02,84,beginarea:Denver,2026-09-16T02:02:40.586573+00:00,1
a0cf076f-2fa8-476a-84e2-6d9980c0deb9,The Minders,Group,Portland,Denver,1996,83,beginarea:Denver,2026-09-16T02:02:40.586573+00:00,1
21462e8d-d20b-4049-bcbd-57e0a4b9be5c,Tyler Ward,Person,United States,Denver,1989-03-12,83,beginarea:Denver,2026-09-16T02:02:40.586573+00:00,1
7892c869-1e2b-4b38-8540-4caff7dd2b49,Flobots,Group,United States,Denver,2000,83,beginarea:Denver,2026-09-16T02:02:40.586573+00:00,1
abf0ad83-de2a-46c4-a066-7ad18b1df17b,Kip Winger,Person,United States,Denver,1961-06-21,82,beginarea:Denver,2026-09-16T02:02:40.586573+00:00,1
3b0addc1-bd1d-409d-9abb-f541c231f8d9,Slim Cessna’s Auto Club,Group,United States,Denver,1992,82,beginarea:Denver,2026-09-16T02:02:40.586573+00:00,1
680b27eb-187b-4357-b86e-841eebf8080f,Across Tundras,Group,Nashville,Denver,2004,82,beginarea:Denver,2026-09-16T02:02:40.586573+00:00,1
daac94c4-689f-462f-bbfd-209e4eaf1b70,Paul Quinichette,Person,United States,Denver,1916-05-17,82,beginarea:Denver,2026-09-16T02:02:40.586573+00:00,1
2ec1b269-51b4-4876-b0d0-17c0374f9d93,Jody Reynolds,Person,United States,Denver,1932-12-03,82,beginarea:Denver,2026-09-16T02:02:40.586573+00:00,1
b9e306aa-5f93-4f50-9dd1-335526e33c1a,Alex G,Person,Los Angeles,Denver,1992,82,beginarea:Denver,2026-09-16T02:02:40.586573+00:00,1
b8d920dd-fbd5-477f-9456-1a470b223ff7,Paul Whiteman,Person,United States,Denver,1890-03-28,82,beginarea:Denver,2026-09-16T02:02:40.586573+00:00,1
a5f0f298-776a-4909-bc09-4fd56a680542,Blood Incantation,Group,United States,Denver,2011,81,beginarea:Denver,2026-09-16T02:02:40.586573+00:00,1
1abf53af-e312-4857-b2cf-2638a04aeb59,Sugarloaf,Group,United States,Denver,1969,81,beginarea:Denver,2026-09-16T02:02:40.586573+00:00,1
c4f35f4b-0716-463b-b3f2-40feede7b2e1,Havok,Group,United States,Denver,2004,81,beginarea:Denver,2026-09-16T02:02:40.586573+00:00,1
b8e4771f-6156-48cd-ab77-d10bc3fd50d9,Trey Parker,Person,Bel Air,Denver,1969-10-19,81,beginarea:Denver,2026-09-16T02:02:40.586573+00:00,1
1d3362bc-65fe-4106-b009-6f1cead58081,Steve Haun,Person,Boulder,Denver,1963-10-12,81,beginarea:Denver,2026-09-16T02:02:40.586573+00:00,1
d9de0bb8-9849-4c64-8432-2a5f92e215e1,Don Grusin,Person,United States,Denver,1941-04-22,81,beginarea:Denver,2026-09-16T02:02:40.586573+00:00,1
551d0bb3-984d-4c9d-b9fb-1fe5d5e94ec7,Cardo,Person,Robbins,Denver,1984-09-24,81,beginarea:Denver,2026-09-16T02:02:40.586573+00:00,1
a0cd6f82-db9d-44b4-a4fb-197ccb3c5973,Kali Malone,Person,Stockholm,Denver,1994,80,beginarea:Denver,2026-09-16T02:02:40.586573+00:00,1
5b6b612d-1bdb-449e-83c8-c119a0e67c52,Ryan Lott,Person,United States,Denver,1979-01-24,80,beginarea:Denver,2026-09-16T02:02:40.586573+00:00,1
ffe47630-4b64-4ec5-a15a-240eb3dab13d,Catheter,Group,United States,Denver,1997,80,beginarea:Denver,2026-09-16T02:02:40.586573+00:00,1
eb64fa3b-321c-46e7-ba6a-c50213e5654e,The Czars,Group,United States,Denver,1994,80,beginarea:Denver,2026-09-16T02:02:40.586573+00:00,1
d5a7e7cf-56ce-488c-b0e1-97109c8488d4,Hillbilly Hellcats,Group,Lafayette,Denver,1993,80,beginarea:Denver,2026-09-16T02:02:40.586573+00:00,1
112d4b9c-d026-48d7-8a87-fbb1ea167af3,Randy George,Person,United States,Denver,1962-05-04,80,beginarea:Denver,2026-09-16T02:02:40.586573+00:00,1
8af13dc3-9d00-4a09-9e52-2d2c3e96c071,Safford Cape,Person,United States,Denver,1906-06-28,80,beginarea:Denver,2026-09-16T02:02:40.586573+00:00,1
8bab283e-3e7c-49bf-a254-ed445ca7dbf1,The Gamits,Group,United States,Denver,1996,80,beginarea:Denver,2026-09-16T02:02:40.586573+00:00,1
32eb103c-ef1d-41ce-9426-d0cf40747086,Primitive Man,Group,United States,Denver,2012-02,80,beginarea:Denver,2026-09-16T02:02:40.586573+00:00,1
2b908c04-bae4-40e0-b47f-5aa1bbb36310,Lina,Person,United States,Denver,,79,beginarea:Denver,2026-09-16T02:02:40.586573+00:00,1
a92add8d-64d4-4101-8093-1ac83d9c293a,Crypticus,Group,United States,Denver,1996,79,beginarea:Denver,2026-09-16T02:02:40.586573+00:00,1
ccaa2893-76e2-4335-a704-732ae1266203,John Browning,Person,United States,Denver,1933-05-23,79,beginarea:Denver,2026-09-16T02:02:40.586573+00:00,1
8187cde0-bc0d-4669-b435-2664c2f5cab1,Said the Sky,Person,United States,Denver,1993-05-12,79,beginarea:Denver,2026-09-16T02:02:40.586573+00:00,1
f52456a6-3c44-45ff-b953-a7cb4c14829b,A‐Plus,Person,Oakland,Denver,1974-04-15,79,beginarea:Denver,2026-09-16T02:02:40.586573+00:00,1
fa5da1b7-8e74-48b5-92ee-966322775162,ITSOKTOCRY,Person,,Denver,1994-10-07,78,beginarea:Denver,2026-09-16T02:02:40.586573+00:00,1
4341ebaa-7aed-4b80-91eb-bf5b614b59a3,Wayfarer,Group,United States,Denver,2011,78,beginarea:Denver,2026-09-16T02:02:40.586573+00:00,1
499cf3b9-59fa-48ea-a7f4-bd916c4588a8,Jerry Livingston,Person,United States,Denver,1909-03-25,78,beginarea:Denver,2026-09-16T02:02:40.586573+00:00,1
5e834984-9845-48d3-b5ef-8233d719e787,Dotsero,Group,United States,Denver,1984,78,beginarea:Denver,2026-09-16T02:02:40.586573+00:00,1
7a3e5312-ee2f-4f3a-ad1a-a648a0e18860,Esmé Patterson,Person,United States,Denver,,78,beginarea:Denver,2026-09-16T02:02:40.586573+00:00,1
1cae8ff2-cd23-452e-8ddd-a04d4b4d2c34,Pierce Brown,Person,United States,Denver,1988-01-28,78,beginarea:Denver,2026-09-16T02:02:40.586573+00:00,1
7f4d777a-3cea-43dc-bbbd-c08ebeecfab0,Vaux,Group,United States,Denver,1997,77,beginarea:Denver,2026-09-16T02:02:40.586573+00:00,1
afd7c687-be28-44c2-a003-3fe698fa88eb,Chuck E. Weiss,Person,United States,Denver,1945-03-18,77,beginarea:Denver,2026-09-16T02:02:40.586573+00:00,1
7eb44228-a4bd-4275-a495-608f424f9525,Christie Front Drive,Group,United States,Denver,1993,77,beginarea:Denver,2026-09-16T02:02:40.586573+00:00,1
c2719142-5ae3-4489-982d-cc62b4de14af,Reno Divorce,Group,United States,Denver,1996,77,beginarea:Denver,2026-09-16T02:02:40.586573+00:00,1
e989d05d-b0b1-40ee-917a-ec73f45c198b,Necropanther,Group,United States,Denver,2014,77,beginarea:Denver,2026-09-16T02:02:40.586573+00:00,1
29e87af3-7638-4a33-9ac6-ab817e485378,Justin Lassen,Person,United States,Denver,1981-08-27,77,beginarea:Denver,2026-09-16T02:02:40.586573+00:00,1
5f6c7b3e-15fa-491a-8327-2bb5bd9b7036,Lothar and the Hand People,Group,United States,Denver,1965,77,beginarea:Denver,2026-09-16T02:02:40.586573+00:00,1
dd668a78-b1c5-4992-ac26-86a153c2dbf7,Woodsman,Group,United States,Denver,,77,beginarea:Denver,2026-09-16T02:02:40.586573+00:00,1
74c5c5ec-1bbf-4d45-897c-182c70b5b251,Chimney Choir,Group,United States,Denver,,77,beginarea:Denver,2026-09-16T02:02:40.586573+00:00,1
5242ff06-20c0-4845-9d52-0e91e5d4f776,Teri Gender Bender,Person,,Denver,1989-05-15,77,beginarea:Denver,2026-09-16T02:02:40.586573+00:00,1
d6997983-ed14-4e3e-b9da-89062bfb3f9d,The Railbenders,Group,United States,Denver,2000,77,beginarea:Denver,2026-09-16T02:02:40.586573+00:00,1
1929564a-7b28-42da-86bf-54e2656c993c,Nina Storey,Person,United States,Denver,,76,beginarea:Denver,2026-09-16T02:02:40.586573+00:00,1
d1115ccf-3c6b-440b-9005-73224ecff98e,"Drop Dead, Gorgeous",Group,United States,Denver,2004,76,beginarea:Denver,2026-09-16T02:02:40.586573+00:00,1
a46c2fea-ec1d-44c1-88f1-dbc6c62a8acc,Sera Cahoone,Person,United States,Denver,1975-08-04,76,beginarea:Denver,2026-09-16T02:02:40.586573+00:00,1
f046984c-43ca-43e7-a61e-b11a04bfb848,The Anchor,Group,United States,Denver,,76,beginarea:Denver,2026-09-16T02:02:40.586573+00:00,1
337714fd-9e87-41aa-8545-42a492e9f6ee,Keefus Ciancia,Person,United States,Denver,1972-11-06,76,beginarea:Denver,2026-09-16T02:02:40.586573+00:00,1
b2335730-d28f-406f-bcf1-506dd5a18d83,Random Hero,Group,United States,Denver,2005,76,beginarea:Denver,2026-09-16T02:02:40.586573+00:00,1
c2a93cf8-8ff8-42bd-887d-c34c4288dca4,Dethcentrik,Group,United States,Denver,2009-06-13,76,beginarea:Denver,2026-09-16T02:02:40.586573+00:00,1
006563e0-f23c-4134-8813-85dd7f7d852b,Wheelchair Sports Camp,Group,United States,Denver,,76,beginarea:Denver,2026-09-16T02:02:40.586573+00:00,1
4d481273-a45b-4863-8188-f2fdee44079f,Brandon Barnes,Person,United States,Denver,1978-10-10,76,beginarea:Denver,2026-09-16T02:02:40.586573+00:00,1
5f36432d-8d34-4ca3-9256-94d1f1f474c2,Paul Banks,Person,Denmark,Denver,,76,beginarea:Denver,2026-09-16T02:02:40.586573+00:00,1
0605f3df-fbc2-4dcd-8b98-804a9a4c66bd,Spectral Voice,Group,United States,Denver,2012,76,beginarea:Denver,2026-09-16T02:02:40.586573+00:00,1
876d6023-526f-4549-9f95-94f431e21d75,Robert Black,Person,United States,Denver,1956-03-16,76,beginarea:Denver,2026-09-16T02:02:40.586573+00:00,1
fd9459cb-36c6-469d-aaf7-211e4ebaa004,Modern Witch,Group,United States,Denver,2007,76,beginarea:Denver,2026-09-16T02:02:40.586573+00:00,1
dd8be000-8cae-47ea-9d19-3402133ea99f,Voicecoil,Person,United States,Denver,,75,beginarea:Denver,2026-09-16T02:02:40.586573+00:00,1
8e9a6195-9413-4a86-811c-dca3e51ff72c,Don Preston,Person,United States,Denver,1942-09-16,75,beginarea:Denver,2026-09-16T02:02:40.586573+00:00,1
5de0b6d9-aada-4667-a251-f585cd6c270e,Brave Saint Saturn,Group,United States,Denver,1999,75,beginarea:Denver,2026-09-16T02:02:40.586573+00:00,1
78323332-e7d8-49d1-91de-76a5a0bcadee,Vale of Pnath,Group,United States,Denver,2006,75,beginarea:Denver,2026-09-16T02:02:40.586573+00:00,1
ddd72c1b-90a8-4b6a-9b80-6d37c79672cd,Kenny Malone,Person,United States,Denver,1938-08-04,75,beginarea:Denver,2026-09-16T02:02:40.586573+00:00,1
5034284a-7109-4bb6-b4e0-9624a4918979,Wildermiss,Group,United States,Denver,,75,beginarea:Denver,2026-09-16T02:02:40.586573+00:00,1
13be6abf-7a15-4df7-a38e-6a95c6d850c0,Mindy Simmons,Person,United States,Denver,1958-10-14,75,beginarea:Denver,2026-09-16T02:02:40.586573+00:00,1
9367a220-e222-40bd-8f15-a4b3ed0a79e4,Dreadnought,Group,United States,Denver,2012,75,beginarea:Denver,2026-09-16T02:02:40.586573+00:00,1
27408517-43e3-4804-8069-aa74cd2b0526,The La Donnas,Group,United States,Denver,,75,beginarea:Denver,2026-09-16T02:02:40.586573+00:00,1
b2cf351a-1cb4-4645-8d23-c06abc79ef0d,Kill Paradise,Group,,Denver,,75,beginarea:Denver,2026-09-16T02:02:40.586573+00:00,1
00c2987b-b219-4cca-8a35-b6e5f2616f47,Edwin McArthur,Person,United States,Denver,1907-09-24,74,beginarea:Denver,2026-09-16T02:02:40.586573+00:00,1
3770898c-216f-4abd-a653-56f584805d2d,Tristraum,Group,United States,Denver,2004,74,beginarea:Denver,2026-09-16T02:02:40.586573+00:00,1
9e87faad-bcfd-493d-bc82-053c25300e97,Stormkeep,Group,United States,Denver,2017,74,beginarea:Denver,2026-09-16T02:02:40.586573+00:00,1
7c8609fa-800b-4d68-9ce6-428f1881634c,Silencer,Group,United States,Denver,1998,74,beginarea:Denver,2026-09-16T02:02:40.586573+00:00,1
e068f8c1-f591-44ab-92dc-28e36a3a0ded,Taee Reazons,Person,United States,Denver,2000-03-24,74,beginarea:Denver,2026-09-16T02:02:40.586573+00:00,1
29a84769-46ff-4d4c-beac-6d05ef2fe2d9,Matt Morris,Person,United States,Denver,1979-05-09,74,beginarea:Denver,2026-09-16T02:02:40.586573+00:00,1
872795ed-6f97-4b8e-a4c1-e922eed52da1,Air Dubai,Group,United States,Denver,2008,74,beginarea:Denver,2026-09-16T02:02:40.586573+00:00,1
4f4c3186-4fd9-4c0e-8f30-4c5fd44850e4,Clinging to the Trees of a Forest Fire,Group,United States,Denver,2006,74,beginarea:Denver,2026-09-16T02:02:40.586573+00:00,1
0ce60eac-fa6f-4552-b4e8-e68c6ea34e80,Robert Moran,Person,United States,Denver,1937-01-08,74,beginarea:Denver,2026-09-16T02:02:40.586573+00:00,1
2df56d77-3e44-4b99-9b53-328b2b0ca3bc,Cloud Catcher,Group,United States,Denver,2013-05,74,beginarea:Denver,2026-09-16T02:02:40.586573+00:00,1
5865cb2d-7390-4118-8f16-0682a3beeb57,Luna Sol,Group,United States,Denver,2012,74,beginarea:Denver,2026-09-16T02:02:40.586573+00:00,1
faca4f2b-c73e-49d9-8998-88c56e46a8c3,Sarah Atereth,Person,New York,Denver,1972-04-28,74,beginarea:Denver,2026-09-16T02:02:40.586573+00:00,0
56c5341a-f20e-4d17-b7d0-56b4aa7a90ab,Grace Gale,Group,United States,Denver,,74,beginarea:Denver,2026-09-16T02:02:40.586573+00:00,1
9077ae8f-cb45-4230-b325-8dc7489fa362,The Blue Ribbon Boys,Group,United States,Denver,1999,74,beginarea:Denver,2026-09-16T02:02:40.586573+00:00,1
e448bd61-b06a-48dc-9201-0fb75dfe4d69,Angelic Desolation,Group,United States,Denver,2006,74,beginarea:Denver,2026-09-16T02:02:40.586573+00:00,1
7be8555e-5498-4b87-906c-48ce5ba908eb,Frantix,Group,United States,Denver,,74,beginarea:Denver,2026-09-16T02:02:40.586573+00:00,1
d1fde7dc-c21e-4eb5-b9d3-67423a168eb8,Sierra Boggess,Person,United States,Denver,1982-05-20,74,beginarea:Denver,2026-09-16T02:02:40.586573+00:00,1
179f8a26-ea97-4f54-984c-b68440b9a302,Shane Endsley,Person,United States,Denver,1969-12-31,74,beginarea:Denver,2026-09-16T02:02:40.586573+00:00,1
d71d2682-37c8-428a-895c-2557075db705,Human Head Transplant,Group,United States,Denver,1984,74,beginarea:Denver,2026-09-16T02:02:40.586573+00:00,1
28d51bb9-b1f1-436e-a883-1000a2393e40,Swells,Group,United States,Denver,2010-01-09,73,beginarea:Denver,2026-09-16T02:02:40.586573+00:00,1
be7d3b14-f262-447e-b6ed-0d87a845e8d5,pH10,Group,United States,Denver,,73,beginarea:Denver,2026-09-16T02:02:40.586573+00:00,1
de3f6d43-4ccb-469c-8d2a-d214e645805e,Munly & The Lee Lewis Harlots,Group,United States,Denver,,73,beginarea:Denver,2026-09-16T02:02:40.586573+00:00,1
6f7feee3-5173-4a6a-b7a0-5a7e24eafbe1,The Christines,Group,,Denver,1992,73,beginarea:Denver,2026-09-16T02:02:40.586573+00:00,1
9d2f548a-8f82-4801-9749-cfdfec386ddf,T.J. Miller,Person,United States,Denver,1981-06-04,73,beginarea:Denver,2026-09-16T02:02:40.586573+00:00,1
4bbc9f14-f7b4-4dff-a7df-aae63b2bacd7,Annaleigh Ashford,Person,United States,Denver,1985-06-25,73,beginarea:Denver,2026-09-16T02:02:40.586573+00:00,1
4fa45e1d-5069-4da1-bcd9-78aaff0398e3,Ukko's Hammer,Group,United States,Denver,2020,73,beginarea:Denver,2026-09-16T02:02:40.586573+00:00,1
07273b14-10c0-4780-b5eb-b0aba91fd7db,claire nichols,Person,United States,Denver,,73,beginarea:Denver,2026-09-16T02:02:40.586573+00:00,1
7248044a-aff9-47a0-89d6-3105898f3ba5,The A-OKs,Group,United States,Denver,,73,beginarea:Denver,2026-09-16T02:02:40.586573+00:00,1
5239f9a7-20a1-41f0-9b2b-b81dc0504655,Scott Wendholt,Person,United States,Denver,1965-07-21,73,beginarea:Denver,2026-09-16T02:02:40.586573+00:00,1
e4e010f9-85ef-47f2-9a93-4b81790655b7,Stryker & MFT,Group,United States,Denver,2008-04-20,73,beginarea:Denver,2026-09-16T02:02:40.586573+00:00,1
70e52117-701b-4319-b000-1ef6f02df99d,Speedwolf,Group,United States,Denver,2008,73,beginarea:Denver,2026-09-16T02:02:40.586573+00:00,1
0b11c1c7-d4f4-4be8-a8cc-34722f496128,Vermin Womb,Group,United States,Denver,2014,73,beginarea:Denver,2026-09-16T02:02:40.586573+00:00,1
ed4f5ebf-94c7-452b-b6b0-6b75d611194b,Clusterfux,Group,United States,Denver,1995,73,beginarea:Denver,2026-09-16T02:02:40.586573+00:00,1
09a51269-6112-4690-a057-daecacea92a9,Backseat Vinyl,Group,United States,Denver,,73,beginarea:Denver,2026-09-16T02:02:40.586573+00:00,1
8d90aae2-5fb2-49b8-becf-b90000851531,Beast,Group,,Denver,,73,beginarea:Denver,2026-09-16T02:02:40.586573+00:00,1
d8c3f1f1-6bc7-401d-a0ac-74b6971ee8cd,Amalgam Effect,Group,,Denver,,73,beginarea:Denver,2026-09-16T02:02:40.586573+00:00,1
89238792-4f7f-4479-923f-453fd1527d46,Gauntlet Hair,Group,United States,Denver,2009,73,beginarea:Denver,2026-09-16T02:02:40.586573+00:00,1
d9477535-d0cc-4abb-8c05-5bd8283b711b,Signal Path,Group,United States,Denver,,73,beginarea:Denver,2026-09-16T02:02:40.586573+00:00,1
9e013a0a-7708-4118-9b69-9965f05de592,The Drunken Cuddle,Group,,Denver,,73,beginarea:Denver,2026-09-16T02:02:40.586573+00:00,1
e46b534f-52df-4423-9f0c-f2176fc98c99,United Dope Front,Group,United States,Denver,,73,beginarea:Denver,2026-09-16T02:02:40.586573+00:00,1
cdf446a3-fd51-4030-ad8c-593ba4738827,Q.G,Person,United States,Denver,1990-08-22,73,beginarea:Denver,2026-09-16T02:02:40.586573+00:00,1
c59c4294-81c9-4aaf-bf83-ff01f000adea,Alec King,Person,Los Angeles,Denver,1994-04-13,73,beginarea:Denver,2026-09-16T02:02:40.586573+00:00,1
a831582c-6e03-4014-82bb-c3eda423e106,Blusom,Group,United States,Denver,2003,73,beginarea:Denver,2026-09-16T02:02:40.586573+00:00,1
800f8932-42c8-4e6f-90cd-58e15050c44f,Everything Absent or Distorted (A Love Story),Group,United States,Denver,2005,73,beginarea:Denver,2026-09-16T02:02:40.586573+00:00,1
20be8821-52f7-43fb-9080-fd3d299265fd,Aco Draco,Person,United States,Denver,1998-05-08,73,beginarea:Denver,2026-09-16T02:02:40.586573+00:00,1
0a5b9cef-a059-49e7-bf9f-55ab42e98674,Hazmat for Humanity,Person,St. Louis,Denver,,73,beginarea:Denver,2026-09-16T02:02:40.586573+00:00,1
8dca4a3c-ebd3-4911-b995-e4d8aa05544d,Love Gang,Group,United States,Denver,2015-09,73,beginarea:Denver,2026-09-16T02:02:40.586573+00:00,1
6fd9f53f-e852-405f-8ec0-30549fce1a7f,Ryan Chrys & The Rough Cuts,Group,,Denver,2013-01-06,73,beginarea:Denver,2026-09-16T02:02:40.586573+00:00,1
de8838c4-d6de-4819-a2c0-42bd932ae537,Many Blessings,Person,United States,Denver,,73,beginarea:Denver,2026-09-16T02:02:40.586573+00:00,1
721c7fbc-9e9e-46d2-ae2b-4f024bdf5212,The Quiet Room,Group,United States,Denver,1992,73,beginarea:Denver,2026-09-16T02:02:40.586573+00:00,1
475015a0-c1f9-4ef6-9412-f63336a031b9,Raw Breed,Group,United States,Denver,,72,beginarea:Denver,2026-09-16T02:02:40.586573+00:00,1
d2d048cc-6c00-492f-a14d-a400203b7b7d,Annette Lowman,Person,United States,Denver,,72,beginarea:Denver,2026-09-16T02:02:40.586573+00:00,1
3ff6b396-be1e-4079-9827-0dd66a9dd84f,Lee Bartley,Person,United States,Denver,1949-04-22,72,beginarea:Denver,2026-09-16T02:02:40.586573+00:00,1
c0b8f321-eba4-445a-acf2-264905417546,Chemically Crippled,Group,United States,Denver,,72,beginarea:Denver,2026-09-16T02:02:40.586573+00:00,1
53f76bcf-7867-4a75-9b4b-a1002dca9f12,Kenny Passarelli,Person,United States,Denver,1949-10-28,72,beginarea:Denver,2026-09-16T02:02:40.586573+00:00,1
1668cadc-7c28-41b1-9589-235a65bac892,The Photo Atlas,Group,United States,Denver,2004,72,beginarea:Denver,2026-09-16T02:02:40.586573+00:00,1
fea9b03b-af10-485d-95d3-f1481be08a18,Stillborn Fawn,Group,United States,Denver,2011,72,beginarea:Denver,2026-09-16T02:02:40.586573+00:00,1
a6d981b9-e1f8-4eaa-b682-6e4107af8500,Fantastic Palace,Person,United States,Denver,1960,72,beginarea:Denver,2026-09-16T02:02:40.586573+00:00,1
d4c78ca5-e89e-42f4-906a-8fe9bb30cbfe,888,Group,United States,Denver,2015,72,beginarea:Denver,2026-09-16T02:02:40.586573+00:00,1
0207ee72-c8ce-4789-b13d-b902b3874c6f,Astral Tomb,Group,United States,Denver,2019,72,beginarea:Denver,2026-09-16T02:02:40.586573+00:00,1
963e956e-f860-40dd-b16a-3371942282ed,Old Scratch Revival Singers,Group,Iowa City,Denver,2003-08,72,beginarea:Denver,2026-09-16T02:02:40.586573+00:00,0
4d9e78ff-de17-481b-b0de-32c2817adc00,Fathers,Group,United States,Denver,,72,beginarea:Denver,2026-09-16T02:02:40.586573+00:00,1
f61da306-b400-4cb3-aa27-1c862776dd32,The Rainy Daze,Group,United States,Denver,1965,72,beginarea:Denver,2026-09-16T02:02:40.586573+00:00,1
a64180fe-3e79-468e-8727-7dadc372595e,Riot Act,Group,United States,Denver,,72,beginarea:Denver,2026-09-16T02:02:40.586573+00:00,1
75c62370-6bf4-4c28-85c5-bfbab000d01c,Darker Days Tomorrow,Group,United States,Denver,2005,72,beginarea:Denver,2026-09-16T02:02:40.586573+00:00,1
230b1572-bd9a-4a90-8502-9ca1f2370027,Houses,Group,United States,Denver,2008,72,beginarea:Denver,2026-09-16T02:02:40.586573+00:00,1
bef207a3-c45e-41d3-bcfe-2fb3a17066a7,Down Time,Group,Los Angeles,Denver,,72,beginarea:Denver,2026-09-16T02:02:40.586573+00:00,1
d9adf6af-aab0-402e-9395-e09fe5c8a764,Sexy Coyote,Group,,Denver,2023-05-22,72,beginarea:Denver,2026-09-16T02:02:40.586573+00:00,1
de3736e0-1586-4459-9b7f-6663a2602ffa,Bright Channel,Group,United States,Denver,2002-06,72,beginarea:Denver,2026-09-16T02:02:40.586573+00:00,1
35a8ebd5-d68b-4f95-8113-6299b418f658,Julie Geller,Person,Israel,Denver,,72,beginarea:Denver,2026-09-16T02:02:40.586573+00:00,1
f7aa47da-ad54-45c7-9030-81314812cc8a,Dissonance in Design,Group,United States,Denver,2006,72,beginarea:Denver,2026-09-16T02:02:40.586573+00:00,1
bc09d328-33f9-47ff-8ccd-0ef58dfbc245,Green Druid,Group,United States,Denver,,72,beginarea:Denver,2026-09-16T02:02:40.586573+00:00,1
ebb91103-fbd3-43c1-9da0-d17021423796,Shady Elders,Group,,Denver,2011-02,72,beginarea:Denver,2026-09-16T02:02:40.586573+00:00,1
22ed5687-34f6-4535-ae54-b2dede68e750,ANTISAINT,Group,Cheyenne,Denver,2021-05-28,72,beginarea:Denver,2026-09-16T02:02:40.586573+00:00,1
8d24e80d-8440-4031-b8f6-380d5433aef0,Edward Newman,Person,United States,Denver,1954-05-28,72,beginarea:Denver,2026-09-16T02:02:40.586573+00:00,1
91038ff3-9b2f-427f-ab1d-d831012cbee2,Ping Trace,Group,,Denver,2007-11,72,beginarea:Denver,2026-09-16T02:02:40.586573+00:00,1
a18fc037-5701-4a7a-99fd-b9f905a8dd12,Ace Young,Person,United States,Denver,1980-11-15,72,beginarea:Denver,2026-09-16T02:02:40.586573+00:00,1
b3a9ef6f-ec20-4e77-bc05-72457dab5369,Judge Roughneck,Group,United States,Denver,,72,beginarea:Denver,2026-09-16T02:02:40.586573+00:00,1
8beaa078-a22e-47ef-92dc-0545fdaa8138,Paul Fidalgo,Person,Maine,Denver,1977-12-01,72,beginarea:Denver,2026-09-16T02:02:40.586573+00:00,0
9eb846b2-862e-4efa-8b91-37dc24031c1f,Luke Rage,Person,Louisiana,Denver,1998-04-15,72,beginarea:Denver,2026-09-16T02:02:40.586573+00:00,0
de8f8d97-9520-43fd-b832-dcdb80351bab,Don Robertson,Person,United States,Denver,1942,72,beginarea:Denver,2026-09-16T02:02:40.586573+00:00,1
a9e6eed0-e2df-4bc1-9c0f-ab1e8020c5b7,Spell,Group,United States,Denver,1994,72,beginarea:Denver,2026-09-16T02:02:40.586573+00:00,1
04906531-782f-45c8-af4e-30679885c21c,Phil Austin,Person,United States,Denver,1941-04-06,72,beginarea:Denver,2026-09-16T02:02:40.586573+00:00,1
f87613b0-5bba-4c43-b630-c794027850f5,Future Jazz Project,Group,United States,Denver,,72,beginarea:Denver,2026-09-16T02:02:40.586573+00:00,1
8b200a01-33f8-4ffe-af74-b5f3d0f21106,MIRE,Group,United States,Denver,2017,72,beginarea:Denver,2026-09-16T02:02:40.586573+00:00,1
a75caab8-92f9-49ab-981e-a54ef93fb2fe,Jerry Scheff,Person,United States,Denver,1941-01-31,72,beginarea:Denver,2026-09-16T02:02:40.586573+00:00,1
55c37874-cf49-4b12-a7cb-7c49d4d600ae,Born in the Flood,Group,United States,Denver,,72,beginarea:Denver,2026-09-16T02:02:40.586573+00:00,1
c6a246ee-7759-4e17-a675-4932595ad573,Camryn,Person,United States,Denver,1999-07-14,72,beginarea:Denver,2026-09-16T02:02:40.586573+00:00,1
b25ea799-309f-4b25-9fb5-581d9681e118,bloodsports,Group,Brooklyn,Denver,2022-03,72,beginarea:Denver,2026-09-16T02:02:40.586573+00:00,1
83896e67-efce-47a1-aa5a-df49245dc816,Mia Asano,Person,United States,Denver,1999-11-12,72,beginarea:Denver,2026-09-16T02:02:40.586573+00:00,1
afa084b3-c2a5-4e3c-8e2a-0848a865bcda,nGomA,Group,United States,Denver,,72,beginarea:Denver,2026-09-16T02:02:40.586573+00:00,1
fcecbcef-b49b-46b2-ad12-34b0dbe304bb,Noelle Scaggs,Person,United States,Denver,1979-10-08,72,beginarea:Denver,2026-09-16T02:02:40.586573+00:00,1
d72645a8-b6e8-4f72-acc5-78726d74d193,Manic.,Group,Nashville,Denver,2016,72,beginarea:Denver,2026-09-16T02:02:40.586573+00:00,1
796f2d9a-2a6f-437a-8571-276fb6ec975a,Madison County Sound Labs,Group,United States,Denver,1988,72,beginarea:Denver,2026-09-16T02:02:40.586573+00:00,1
667e3667-5a4a-4b42-b679-ab50f2e0e0c8,Celestial Wizard,Group,,Denver,2011,72,beginarea:Denver,2026-09-16T02:02:40.586573+00:00,1
5b74792b-6a91-4969-a0d5-4229b439b62c,Chilly Folks,Group,United States,Denver,2016-06-01,72,beginarea:Denver,2026-09-16T02:02:40.586573+00:00,1
7173363d-8d3f-48ea-ac98-41605cdf8a29,The Swayback,Group,United States,Denver,2002,72,beginarea:Denver,2026-09-16T02:02:40.586573+00:00,1
349776a3-90b2-4ce8-b8a2-570aee1939d3,The Lucky Strokes,Group,United States,Denver,2024,72,beginarea:Denver,2026-09-16T02:02:40.586573+00:00,1
b0fcec69-26eb-4623-b94b-c1163dd338c7,Serberus,Group,United States,Denver,1998,72,beginarea:Denver,2026-09-16T02:02:40.586573+00:00,1
d19a197d-0bac-4472-861b-76dbd7def990,The Poor,Group,United States,Denver,1966,72,beginarea:Denver,2026-09-16T02:02:40.586573+00:00,1
092e213f-8e84-4fc9-82ad-c25a65518252,CONNORPARTY,Person,,Denver,1999-05-03,71,beginarea:Denver,2026-09-16T02:02:40.586573+00:00,1
c1e70bdf-1fd9-44e9-b853-f691c658e9d6,Medicine Chest,Group,Phoenix,Denver,2016-10-16,71,beginarea:Denver,2026-09-16T02:02:40.586573+00:00,1
be04fdd8-c9c2-4479-ba27-71688bec84ed,Lowfills,Group,United States,Denver,,71,beginarea:Denver,2026-09-16T02:02:40.586573+00:00,1
35fb0fa8-4914-48e0-ac5a-7fbd83514e8a,Throcult,Group,United States,Denver,1997,71,beginarea:Denver,2026-09-16T02:02:40.586573+00:00,1
7a21da57-f101-41be-a33e-a317ab4f0c71,(ang),Person,,Denver,2004-03-20,71,beginarea:Denver,2026-09-16T02:02:40.586573+00:00,1
d8e34731-57da-498b-9c66-0085af036d3a,The Assdroids,Group,United States,Denver,,71,beginarea:Denver,2026-09-16T02:02:40.586573+00:00,1
54b3486b-fc78-42fb-82da-798143e3f9a2,Foreskin 500,Group,United States,Denver,1991,71,beginarea:Denver,2026-09-16T02:02:40.586573+00:00,1
f99230e9-bb83-4192-add5-40e4bdcaeacd,Pedestal for Leviathan,Group,United States,Denver,2024,71,beginarea:Denver,2026-09-16T02:02:40.586573+00:00,1
06a35bc7-4e81-4271-bedf-0beeda99df95,Arise in Chaos,Group,,Denver,2010,71,beginarea:Denver,2026-09-16T02:02:40.586573+00:00,1
aac9ad82-d037-4d78-b37e-72f18c13cc7f,John Gunther,Person,United States,Denver,1966,71,beginarea:Denver,2026-09-16T02:02:40.586573+00:00,1
6b674916-088f-44dc-a98f-90a3646047d7,Corpses as Bedmates,Group,United States,Denver,,71,beginarea:Denver,2026-09-16T02:02:40.586573+00:00,1
435fe6a4-188d-4b02-bb52-8132200d1c52,Volplane,Group,United States,Denver,1996,71,beginarea:Denver,2026-09-16T02:02:40.586573+00:00,1
c56910df-7197-466c-93d3-3864758faac1,DJ Frank E,Person,United States,Denver,,71,beginarea:Denver,2026-09-16T02:02:40.586573+00:00,1
b52e217e-5925-468d-95f1-338b3486777b,Zach Heckendorf,Person,United States,Denver,,71,beginarea:Denver,2026-09-16T02:02:40.586573+00:00,1
b7aa7bd1-f5d3-4abb-b92e-6f17ffc0d392,Harboured,Group,United States,Denver,2020,71,beginarea:Denver,2026-09-16T02:02:40.586573+00:00,1
7047720a-4ed5-4ac5-b80d-f7c1c2eb4239,Vimana,Group,United States,Denver,2011,71,beginarea:Denver,2026-09-16T02:02:40.586573+00:00,1
f1288f87-a029-4c5f-9f4b-70efd8804cc3,Thew,Person,United States,Denver,,71,beginarea:Denver,2026-09-16T02:02:40.586573+00:00,1
84e6b991-bdee-4bd5-b453-2a3b1d9fdcf4,Inoculated Life,Group,United States,Denver,2017,71,beginarea:Denver,2026-09-16T02:02:40.586573+00:00,1
3534c86d-5b0a-462b-b432-d33f63e5c1f0,"Arthur ""Artie"" Shapiro",Person,United States,Denver,1916-01-15,71,beginarea:Denver,2026-09-16T02:02:40.586573+00:00,1
2713a063-416d-49ef-a528-82bcae79e351,Voodoo Economics,Group,United States,Denver,,71,beginarea:Denver,2026-09-16T02:02:40.586573+00:00,1
72d2efc4-9700-429b-9c78-412d80b21a21,Gary Stites,Person,United States,Denver,1940-07-23,71,beginarea:Denver,2026-09-16T02:02:40.586573+00:00,1
e2a1a9e1-8690-4b4d-aea9-d5eb228dea39,Mombi,Group,United States,Denver,,71,beginarea:Denver,2026-09-16T02:02:40.586573+00:00,1
1d5feba1-d759-4766-99e9-4e06e032fddd,Angellic Rage,Group,United States,Denver,1988,71,beginarea:Denver,2026-09-16T02:02:40.586573+00:00,1
7ec18426-4a85-4ff7-b96e-0114963dddf1,Wash Park (Keaton Dean),,,Denver,,71,beginarea:Denver,2026-09-16T02:02:40.586573+00:00,1
4da5f68a-6921-4f8b-bd38-2195a8f6c5bf,Chthonic Deity,Group,United States,Denver,2013,71,beginarea:Denver,2026-09-16T02:02:40.586573+00:00,1
6cd32192-b177-4a8b-8361-e4c551c0b76b,Smiling,,San Diego,Denver,,71,beginarea:Denver,2026-09-16T02:02:40.586573+00:00,1
fadc3323-e217-4a30-b1a8-55c51e768a78,Vedic,Person,United States,Denver,1982-06-30,71,beginarea:Denver,2026-09-16T02:02:40.586573+00:00,1
69dcbf91-d12b-4068-b10f-ea4a9d197ca9,Misanthropy,Group,United States,Denver,1997,71,beginarea:Denver,2026-09-16T02:02:40.586573+00:00,1
50bbf070-c38d-4206-8308-151bbd765500,Harvested,Group,United States,Denver,2020,71,beginarea:Denver,2026-09-16T02:02:40.586573+00:00,1
d1a84cf0-b568-43fb-91b3-c5c3648be08e,Fiancé,Group,United States,Denver,,71,beginarea:Denver,2026-09-16T02:02:40.586573+00:00,1
ce17883a-f18a-4059-8aeb-fb4e128460cd,Porlolo,Group,United States,Denver,,71,beginarea:Denver,2026-09-16T02:02:40.586573+00:00,1
62320be8-8cfb-4769-a336-9b2e7cb74653,Nick Perito,Person,United States,Denver,1924-04-07,71,beginarea:Denver,2026-09-16T02:02:40.586573+00:00,1
4a5a89d4-d402-43b1-b0d0-2895ab877131,Yvie Oddly,Person,United States,Denver,1993-08-22,71,beginarea:Denver,2026-09-16T02:02:40.586573+00:00,1
345d33a6-cd91-45a4-8815-175042116290,Cold Moon,Group,United States,Denver,1997,71,beginarea:Denver,2026-09-16T02:02:40.586573+00:00,1
085bc666-75ef-4414-bbe3-72fcb1fe8852,Eugene Fodor,Person,United States,Denver,1950-03-05,71,beginarea:Denver,2026-09-16T02:02:40.586573+00:00,1
a5ce8f1c-a6c9-4a43-89bd-3ce3390dd7ec,World Famous Johnsons,Group,United States,Denver,2010-12-11,71,beginarea:Denver,2026-09-16T02:02:40.586573+00:00,1
14ee87ea-763f-4a0c-ae66-28fa48df8329,Moonrakers,Group,United States,Denver,,71,beginarea:Denver,2026-09-16T02:02:40.586573+00:00,1
9093d184-ee31-4a59-8145-6a39dbc4234a,Adam Larson,Person,Corvallis,Denver,1985-01-09,71,beginarea:Denver,2026-09-16T02:02:40.586573+00:00,1
5455fa03-c3c0-4248-8373-226a06e42f77,Yrx Royale,Person,United States,Denver,2000-10-05,71,beginarea:Denver,2026-09-16T02:02:40.586573+00:00,1
a5711329-2931-4370-bf40-343d6463f76f,Record Thieves,Group,United States,Denver,,71,beginarea:Denver,2026-09-16T02:02:40.586573+00:00,1
984836c1-0569-4174-9651-7464c0c8756b,Phthisis,Group,United States,Denver,2020,71,beginarea:Denver,2026-09-16T02:02:40.586573+00:00,1
61fdade9-95f8-48c5-b439-ddcce54438ea,Signs of Tranquility,Group,United States,Denver,,71,beginarea:Denver,2026-09-16T02:02:40.586573+00:00,1
3d55c398-a73f-41f9-96d2-5b6d0332ee4c,The Blackout Pact,Group,United States,Denver,2003,71,beginarea:Denver,2026-09-16T02:02:40.586573+00:00,1
c66d32e0-434a-42c4-ae3a-5b7abada69da,W.R.D.,Group,United States,Denver,,71,beginarea:Denver,2026-09-16T02:02:40.586573+00:00,1
d922dea6-72f4-4fe1-b651-bdff2ffe5724,Moccasin,Group,United States,Denver,,71,beginarea:Denver,2026-09-16T02:02:40.586573+00:00,1
d1662b23-3ae7-41a8-9a98-3d98ea9c81b7,Stephen Mosko,Person,United States,Denver,1947-12-07,71,beginarea:Denver,2026-09-16T02:02:40.586573+00:00,1
9ee6aac3-489c-464c-9d1b-1ad6aa61ac71,Boldtype,Group,United States,Denver,,71,beginarea:Denver,2026-09-16T02:02:40.586573+00:00,1
f25bf484-4fab-4ec0-b769-69865656c162,Big Dopes,Group,,Denver,2017,71,beginarea:Denver,2026-09-16T02:02:40.586573+00:00,1
81a0d576-229e-4e53-bdd0-462b7e7402f6,Wishdoctor,Group,,Denver,1994,71,beginarea:Denver,2026-09-16T02:02:40.586573+00:00,1
61f1669b-e0ee-434e-98b7-fd56f20e414f,Stallion,Group,United States,Denver,1977,71,beginarea:Denver,2026-09-16T02:02:40.586573+00:00,1
749cfc1f-0b8f-4d2f-b05b-8e64b989b588,Indelible Grace Ministries,Group,,Denver,1980,70,beginarea:Denver,2026-09-16T02:02:40.586573+00:00,1
77242b17-29ac-4128-b2b3-8ab3ab0ac506,Alexis,Group,United States,Denver,1974,70,beginarea:Denver,2026-09-16T02:02:40.586573+00:00,1
1f2bb9a0-056d-44eb-bdd2-966993271de3,EXO,,,Denver,,70,beginarea:Denver,2026-09-16T02:02:40.586573+00:00,1
824339ea-37c4-452d-b1d4-77b5b597f00c,Night Fishing,Group,United States,Denver,,70,beginarea:Denver,2026-09-16T02:02:40.586573+00:00,1
9e1dbc56-4b7d-4194-9d59-f5df5c467e7b,Asystole,Group,United States,Denver,1990,70,beginarea:Denver,2026-09-16T02:02:40.586573+00:00,1
586080d2-f3cb-4c7d-b931-7cf826fa431d,The Fantastic Zoo,Group,United States,Denver,,70,beginarea:Denver,2026-09-16T02:02:40.586573+00:00,1
9c99df85-78f0-4725-b700-62691f526543,Jessica Rothe,Person,United States,Denver,1987-05-28,70,beginarea:Denver,2026-09-16T02:02:40.586573+00:00,1
4477da83-3d93-4585-ac9b-391f5d443f1b,Images,Group,United States,Denver,1981,70,beginarea:Denver,2026-09-16T02:02:40.586573+00:00,1
0140d5d1-42a6-44f3-9a7e-4cacdf4d474c,The Lylat Continuum,Group,United States,Denver,2016,70,beginarea:Denver,2026-09-16T02:02:40.586573+00:00,1
204ff47d-573e-4fa9-be08-677ed1534033,Headshrinker,Group,United States,Denver,2017,70,beginarea:Denver,2026-09-16T02:02:40.586573+00:00,1
f48e3e6b-216b-49d3-b493-5ab322f7dca5,Radon,Group,United States,Denver,,70,beginarea:Denver,2026-09-16T02:02:40.586573+00:00,1
9d735aea-74e0-49ae-ae4d-1dde09696dcd,Photon,Group,United States,Denver,,70,beginarea:Denver,2026-09-16T02:02:40.586573+00:00,1
a51ca528-7011-4ec1-bcad-fb487702072e,Pitchfork,Group,United States,Denver,,70,beginarea:Denver,2026-09-16T02:02:40.586573+00:00,1
ec667595-b52b-4cca-8cf9-53089b08712a,Untold Want,Group,United States,Denver,2013,70,beginarea:Denver,2026-09-16T02:02:40.586573+00:00,1
2a66006a-49e7-4322-8f01-07387417c18e,Arrows,Group,Denver,Denver,2019,70,beginarea:Denver,2026-09-16T02:02:40.586573+00:00,1
778ac5d5-5b16-4fb4-beab-2a77cb9c6c18,THOUGHTCRIME,Group,Denver,Denver,2020-07-30,70,beginarea:Denver,2026-09-16T02:02:40.586573+00:00,1
628d68f6-eda8-4318-b8f6-f2aecc161aa9,Goathial,Group,United States,Denver,,70,beginarea:Denver,2026-09-16T02:02:40.586573+00:00,1
dcdca930-3cc2-4493-acf3-c822060e028a,Skank Williams,Group,Denver,Denver,2021,70,beginarea:Denver,2026-09-16T02:02:40.586573+00:00,1
3b82986b-3f33-4b46-8f1f-de2be52244d9,prcld,Person,Denver,Denver,2006-10-28,70,beginarea:Denver,2026-09-16T02:02:40.586573+00:00,1
7de758f8-71a0-455d-8977-4e7540e3895c,Roy Fox,Person,United States,Denver,1901-10-25,70,beginarea:Denver,2026-09-16T02:02:40.586573+00:00,1
b6b36224-bb09-408e-bad9-61b70dcc1a02,The Kinky Fingers,Group,,Denver,2012-01-01,70,beginarea:Denver,2026-09-16T02:02:40.586573+00:00,1
747e33eb-c1ed-4dc5-88cc-f4b571f74c27,All Chiefs,Group,Denver,Denver,2013,70,beginarea:Denver,2026-09-16T02:02:40.586573+00:00,1
4fe937ea-1095-4fed-b30d-22336cd66a50,Connor Ray,Person,Denver,Denver,1992-12-16,70,beginarea:Denver,2026-09-16T02:02:40.586573+00:00,1
3c7bfb9f-668a-48aa-befe-b7d0a0a9ba0c,Ivan Moody,Person,Los Angeles,Denver,1980-01-07,70,beginarea:Denver,2026-09-16T02:02:40.586573+00:00,1
e71ce5a7-718b-4ae3-aa7b-52d1f539997b,White Dwarf,Group,United States,Denver,,70,beginarea:Denver,2026-09-16T02:02:40.586573+00:00,1
c9edb80c-8e05-4b28-8446-03770dd0dd90,Gene Miller,Person,Nashville,Denver,,70,beginarea:Denver,2026-09-16T02:02:40.586573+00:00,1
c29a6b60-3f32-4935-8412-91534cf24d27,Chuck Berghofer,Person,United States,Denver,1937-06-14,70,beginarea:Denver,2026-09-16T02:02:40.586573+00:00,1
deec4f95-f6f0-42be-913d-557537a51750,GUTS,,,Denver,,70,beginarea:Denver,2026-09-16T02:02:40.586573+00:00,1
dff15ac9-9832-42f8-a3a3-67cd3ecbb909,Melody Monroe,Person,,Denver,,70,beginarea:Denver,2026-09-16T02:02:40.586573+00:00,1
9caf45e0-c95e-40cc-8cef-d0bec28bdc62,Frozen Tide,Group,United States,Denver,2008,70,beginarea:Denver,2026-09-16T02:02:40.586573+00:00,1
bdd1cd33-bdbb-44f5-b95b-253e3e189fe0,Mama Magnolia,Group,Denver,Denver,2014-10-01,70,beginarea:Denver,2026-09-16T02:02:40.586573+00:00,1
7ba10ca6-d64d-4d0b-a6db-92332b4dd6a8,John Searle,Person,United States,Denver,1932-07-31,70,beginarea:Denver,2026-09-16T02:02:40.586573+00:00,1
7136576e-6f0c-429a-b790-327243b0cc93,David Pearl,Person,United States,Denver,,70,beginarea:Denver,2026-09-16T02:02:40.586573+00:00,1
e377c116-283d-4bf6-af5c-dea0ed49c571,La Pompe Jazz,Group,Denver,Denver,2013,70,beginarea:Denver,2026-09-16T02:02:40.586573+00:00,1
1e3664b4-9657-456e-902d-d2164d8d475f,If I Fail,Group,United States,Denver,2014,70,beginarea:Denver,2026-09-16T02:02:40.586573+00:00,1
166e10aa-b869-4394-9e58-939d66c8c5d7,Meggie,Person,,Denver,2002-01-22,70,beginarea:Denver,2026-09-16T02:02:40.586573+00:00,1
e3aff137-e13f-4ac6-a4d1-bad1d215f9b2,Moongold,Group,United States,Denver,,70,beginarea:Denver,2026-09-16T02:02:40.586573+00:00,1
7cbe346b-d546-4d01-acad-d96a627280ef,Joe Redifer,Person,,Denver,,70,beginarea:Denver,2026-09-16T02:02:40.586573+00:00,1
170a944c-4535-4846-9f6c-6f9c3cc6ca26,John Dolan,Person,United States,Denver,1955-07,70,beginarea:Denver,2026-09-16T02:02:40.586573+00:00,1
f3efb95d-6d6f-420d-87a5-38341aafed52,Analog Son,Group,,Denver,,70,beginarea:Denver,2026-09-16T02:02:40.586573+00:00,1
3f9d09ee-2cab-4439-a870-6747b5b7f091,Brother Sister Hex,Group,United States,Denver,2013,70,beginarea:Denver,2026-09-16T02:02:40.586573+00:00,1
05be9dbc-ee0b-41f6-b0cd-468154fca375,High Tide Low Tide,Group,United States,Denver,2011,70,beginarea:Denver,2026-09-16T02:02:40.586573+00:00,1
c851b58c-820c-4848-af4b-cdd9c4a71255,AMZY,Group,Denver,Denver,2015,70,beginarea:Denver,2026-09-16T02:02:40.586573+00:00,1
ca1437b0-06e3-4f38-9ce4-f33933ef7e40,Humanity,Group,Denver,Denver,2018,70,beginarea:Denver,2026-09-16T02:02:40.586573+00:00,1
35d515d6-b878-4e8f-bd65-717ff8c68e23,Cronos Compulsion,Group,Denver,Denver,2021,70,beginarea:Denver,2026-09-16T02:02:40.586573+00:00,1
3f433b59-48b1-4a51-8e5d-a1c184023a19,Massacration,Group,United States,Denver,,70,beginarea:Denver,2026-09-16T02:02:40.586573+00:00,1
ad9425d5-cba3-4259-84b4-ef136f8d331d,Rhoda Williams,Person,United States,Denver,1930-07-19,70,beginarea:Denver,2026-09-16T02:02:40.586573+00:00,1
4bf1cca6-09c9-46ef-a998-861c06dda719,Holden Reed,Group,Denver,Denver,2023-09-01,70,beginarea:Denver,2026-09-16T02:02:40.586573+00:00,1
3dab8774-a9a9-44a8-a4c4-ca9931bf8b5c,Sanctify Her,Group,United States,Denver,,70,beginarea:Denver,2026-09-16T02:02:40.586573+00:00,1
8712273b-fd78-4a50-be98-0940be441bd1,Cindygod,Group,United States,Denver,,70,beginarea:Denver,2026-09-16T02:02:40.586573+00:00,1
1a7f6371-42ae-4b61-b48b-08286d1880f9,Lucilla Udovich,Person,United States,Denver,1930-02-09,70,beginarea:Denver,2026-09-16T02:02:40.586573+00:00,1
f120e781-892b-49b2-bc11-c64c83b0d943,Knuckle Pups,Group,Denver,Denver,,70,beginarea:Denver,2026-09-16T02:02:40.586573+00:00,1
adbbf2a8-06c1-4cdd-90dc-8c2c87eb31d8,Venture 5,Person,Boulder,Denver,,70,beginarea:Denver,2026-09-16T02:02:40.586573+00:00,1
c9a29058-ef36-4716-93be-82f50a86c4e2,Refugium,Group,United States,Denver,,70,beginarea:Denver,2026-09-16T02:02:40.586573+00:00,1
67527708-f096-4112-bfb5-10a322f97f88,Morsel,Group,United States,Denver,,70,beginarea:Denver,2026-09-16T02:02:40.586573+00:00,1
555c549c-06c1-4480-a029-aafbb02f2389,Replica City,Group,Denver,Denver,,70,beginarea:Denver,2026-09-16T02:02:40.586573+00:00,1
8a398d92-b744-4dca-bc29-df482958e20a,Linda J. Albertano,Person,California,Denver,,70,beginarea:Denver,2026-09-16T02:02:40.586573+00:00,0
1f59f7ef-2f57-4487-83b6-fe5080684e5f,Wayne Carson Thompson,Person,United States,Denver,1943-05-31,70,beginarea:Denver,2026-09-16T02:02:40.586573+00:00,1
df51d332-23fb-4636-a929-d8dc8175fda0,Alexander Ross,Person,United States,Denver,1960,70,beginarea:Denver,2026-09-16T02:02:40.586573+00:00,1
0bbfff7b-5934-4428-b8c5-5b1c606e0e81,Wild Beautiful Orchestra,Orchestra,Denver,Denver,,70,beginarea:Denver,2026-09-16T02:02:40.586573+00:00,1
813aa384-260d-46f8-a611-fa421b6e118f,AnnaSophia Robb,Person,United States,Denver,1993-12-08,70,beginarea:Denver,2026-09-16T02:02:40.586573+00:00,1
a9a1d962-705c-49c3-9d9b-2f4bb66b70f4,Alesa Rose,Person,Denver,Denver,2002-01-31,70,beginarea:Denver,2026-09-16T02:02:40.586573+00:00,1
ae25a720-a035-4de0-a5de-7758ff49decf,The Social System,Person,,Denver,1994-03-25,70,beginarea:Denver,2026-09-16T02:02:40.586573+00:00,1
56045fe8-849c-4935-b11e-25bdf8193736,Ancient Colossal,Group,Denver,Denver,2020,70,beginarea:Denver,2026-09-16T02:02:40.586573+00:00,1
c76051b9-ff3b-4e56-bb29-01538e43e175,Red Kitsu,Person,United States,Denver,,70,beginarea:Denver,2026-09-16T02:02:40.586573+00:00,1
e62a47b0-e776-441f-bf06-a085ff90588b,Younger Than Neil,Group,Denver,Denver,2015,70,beginarea:Denver,2026-09-16T02:02:40.586573+00:00,1
c6029add-33ca-4a0a-8fa5-c47a1c4b2f9d,Isaac Slade,Person,United States,Denver,1981-05-26,70,beginarea:Denver,2026-09-16T02:02:40.586573+00:00,1
5a3e94e1-2b29-4663-b312-32c8e2f253a7,Tim Allen,Person,United States,Denver,1953-06-13,70,beginarea:Denver,2026-09-16T02:02:40.586573+00:00,1
2717cd0e-5891-410f-b011-ec2f2acc5016,digitalb0y,Person,Denver,Denver,1978-02-13,70,beginarea:Denver,2026-09-16T02:02:40.586573+00:00,1
9ae1a5ca-0918-4627-9a0c-360ded3d4e36,Northern Lights,Group,,Denver,2015,70,beginarea:Denver,2026-09-16T02:02:40.586573+00:00,1
76a50ad5-1da1-4a9a-8856-0bbeece180f1,Demon Goat,,,Denver,,70,beginarea:Denver,2026-09-16T02:02:40.586573+00:00,1
ec62fb38-e94a-40f6-a958-805d9657fc03,Keith Olsen,Person,United States,Denver,1957,70,beginarea:Denver,2026-09-16T02:02:40.586573+00:00,1
9ae9d18b-134d-4fc5-8d01-f83434371cd6,Don P,Person,Denver,Denver,1993-07-20,70,beginarea:Denver,2026-09-16T02:02:40.586573+00:00,1
b1be18b5-eadb-4102-985c-138242225dfb,Isaiah Ardie,Person,United States,Denver,1992-04-18,70,beginarea:Denver,2026-09-16T02:02:40.586573+00:00,1
9a738917-4776-4b57-ba9a-0f7fb2a74000,Craig C.,Person,United States,Denver,,70,beginarea:Denver,2026-09-16T02:02:40.586573+00:00,1
7bfc4cdf-d738-4584-9b5c-cd084110b777,Mary D. Watkins,Person,United States,Denver,1939,70,beginarea:Denver,2026-09-16T02:02:40.586573+00:00,1
57a24abd-884c-43b0-8bb4-b18c8d6e3dfb,Mista Swisha,Person,Virginia Beach,Denver,1989-12-26,70,beginarea:Denver,2026-09-16T02:02:40.586573+00:00,0
d39622f8-7c29-44a5-bd8c-8fcc198af885,Willow Pill,Person,United States,Denver,1995-01-22,70,beginarea:Denver,2026-09-16T02:02:40.586573+00:00,1
cbc3f4dd-f5ed-4092-b6dc-ce77a5d81138,Haskell Sadler,Person,United States,Denver,1935-04-16,70,beginarea:Denver,2026-09-16T02:02:40.586573+00:00,1
981c1977-6c80-48ab-a044-8587b0517b0f,Natürgeist,Group,United States,Denver,,70,beginarea:Denver,2026-09-16T02:02:40.586573+00:00,1
fabbec5b-eca1-4696-a034-147a67d7149a,Iceaxe,Group,United States,Denver,2017,70,beginarea:Denver,2026-09-16T02:02:40.586573+00:00,1
1c7d4e1b-7b76-4ba5-b56e-764a651e5cf8,Eaglewing,Group,Denver,Denver,2021,70,beginarea:Denver,2026-09-16T02:02:40.586573+00:00,1
1a3b1fea-c4de-42cb-98e7-a44f379580ff,C.J. Vanston,Person,United States,Denver,,70,beginarea:Denver,2026-09-16T02:02:40.586573+00:00,1
9dcba0fe-4a7d-4aa5-8672-0323a546052d,Norman Shelly,Person,United States,Denver,1921-05-03,70,beginarea:Denver,2026-09-16T02:02:40.586573+00:00,1
182e65ca-c980-4238-b8e7-1ebf632b6189,John Patrick Thomas,Person,United States,Denver,1941,70,beginarea:Denver,2026-09-16T02:02:40.586573+00:00,1
894472cb-61de-4394-94fd-74eb82b6db20,Frank Welker,Person,United States,Denver,1946-03-12,70,beginarea:Denver,2026-09-16T02:02:40.586573+00:00,1
50107dec-41af-4174-a310-86d3ba59d85f,B. Ryan,Person,,Denver,1993-01-20,70,beginarea:Denver,2026-09-16T02:02:40.586573+00:00,1
8f8a89b8-c6fc-4746-a6b1-631c75115000,Uphollow,Group,United States,Denver,,70,beginarea:Denver,2026-09-16T02:02:40.586573+00:00,1
d6277888-18f6-4436-8d63-6b8417278c86,Povi,Person,United States,Denver,,70,beginarea:Denver,2026-09-16T02:02:40.586573+00:00,1
d1d0814f-fab8-42ef-82fd-cd429cd0cca7,Martin Moran,Person,United States,Denver,1959-12-29,70,beginarea:Denver,2026-09-16T02:02:40.586573+00:00,1
b60584ce-9ceb-44c9-b0dd-eb24d4b020e2,Scott Derrickson,Person,Los Angeles,Denver,1966-07-16,69,beginarea:Denver,2026-09-16T02:02:40.586573+00:00,1
1803c4cd-5db8-480b-a9be-185e572387eb,Matthew Berry,Person,United States,Denver,1969-12-29,69,beginarea:Denver,2026-09-16T02:02:40.586573+00:00,1
92826489-02d6-4f4e-95c5-f06cd59dbea0,Thy Shade,Group,United States,Denver,2015,69,beginarea:Denver,2026-09-16T02:02:40.586573+00:00,1
52596691-e298-4949-8c49-d499245224bb,Rowan Kerrick,Person,United States,Denver,,69,beginarea:Denver,2026-09-16T02:02:40.586573+00:00,1
27071d05-4c58-4b03-ba2a-ad0da94713cf,Maliblis,Group,Denver,Denver,2015,69,beginarea:Denver,2026-09-16T02:02:40.586573+00:00,1
88e08641-2a46-4db6-a35e-b8ac1997c7fe,Paranoid Image,Group,Denver,Denver,2016,69,beginarea:Denver,2026-09-16T02:02:40.586573+00:00,1
6d81c15f-b96e-474b-951d-f5d788a220d8,David Alexander,Person,Denver,Denver,,69,beginarea:Denver,2026-09-16T02:02:40.586573+00:00,1
46fd2e26-6fe9-4cbf-add6-731a0325718e,Kahanna Montrese,Person,United States,Denver,1993-03-25,69,beginarea:Denver,2026-09-16T02:02:40.586573+00:00,1
a9f11629-f55a-4fd3-a171-9b708a1c653e,Starblind,Group,Denver,Denver,2024-04-20,69,beginarea:Denver,2026-09-16T02:02:40.586573+00:00,1
037c742b-b374-4976-8b9a-a8bf11eebdd3,Clem RockZ,Other,Denver,Denver,2024-03-20,69,beginarea:Denver,2026-09-16T02:02:40.586573+00:00,1
ef8fe502-5032-4550-afd8-03849a80517f,Erika Coleman-Williams,Person,Denver,Denver,1978-06-14,69,beginarea:Denver,2026-09-16T02:02:40.586573+00:00,1
598edb39-2f34-4557-9229-3715315f5333,Crucified Division,Person,New York,Denver,,69,beginarea:Denver,2026-09-16T02:02:40.586573+00:00,0
3994b853-0ea2-45c5-ac3b-2c5107548a48,Trubdr. Adam Road,Person,New York,Denver,,69,beginarea:Denver,2026-09-16T02:02:40.586573+00:00,0
20e7f50b-4a94-4f6c-be3b-8e5930703424,Marva Jan Marrow,Person,,Denver,1948-04-22,69,beginarea:Denver,2026-09-16T02:02:40.586573+00:00,1
043b740c-86b4-4678-a7c2-0040d01d24e7,Covina & Mateo,Group,,Denver,2015-06-01,69,beginarea:Denver,2026-09-16T02:02:40.586573+00:00,1
1cb47f96-e607-4a93-a59d-689c7c8aceba,Mary Jo Catlett,Person,United States,Denver,1938-09-02,69,beginarea:Denver,2026-09-16T02:02:40.586573+00:00,1
b90816dd-2bc4-4095-b117-7ca15a57fcbb,Sightlow,Person,North Carolina,Denver,,69,beginarea:Denver,2026-09-16T02:02:40.586573+00:00,0
c84f2d6d-8532-4bc7-8928-22e1550193dd,Rodolfo “Corky” Gonzalez,Person,United States,Denver,1928-06-18,69,beginarea:Denver,2026-09-16T02:02:40.586573+00:00,1
6389fc4d-9b77-4820-a08a-c2fc40c4ae75,Ralov,Person,United States,Denver,,69,beginarea:Denver,2026-09-16T02:02:40.586573+00:00,1
e9ee5a10-fe63-4ffe-bafa-a6b65053cc5e,Polish,Group,Denver,Denver,,69,beginarea:Denver,2026-09-16T02:02:40.586573+00:00,1
89849cea-2084-4de4-b596-3b8779d5705b,Josh Graham,Person,United States,Denver,1974-03-07,69,beginarea:Denver,2026-09-16T02:02:40.586573+00:00,1
8d9f306b-9fa2-4985-98bb-0aa5e0bbb645,Kristen Renton,Person,United States,Denver,1982-09-14,69,beginarea:Denver,2026-09-16T02:02:40.586573+00:00,1
a81709c1-2ea9-47b7-b63d-abd8b61a51a3,Digital Dirt Heads,Person,United States,Denver,1981-08-27,69,beginarea:Denver,2026-09-16T02:02:40.586573+00:00,1
0b3ab22e-48d2-4a0c-8dae-bdf4586b5d26,Carin C. Tietze,Person,United States,Denver,1964-10-03,69,beginarea:Denver,2026-09-16T02:02:40.586573+00:00,1
6895b1fc-c9b7-45f6-aa9a-049525e8a4e0,Erica Brown Band,Group,,Denver,1998,69,beginarea:Denver,2026-09-16T02:02:40.586573+00:00,1
796f29ff-66d3-428a-98bc-8eb39c33d3ee,Empire of Modern Though,Person,United States,Denver,1981-08-27,69,beginarea:Denver,2026-09-16T02:02:40.586573+00:00,1
0997332c-7319-49ea-a067-a8aae3cd06a0,Omnicron,Person,United States,Denver,1981-08-27,69,beginarea:Denver,2026-09-16T02:02:40.586573+00:00,1
975054b8-47d8-4a14-8a6e-9de0831e1dfd,Marty Cooper,Person,United States,Denver,1946-03-12,69,beginarea:Denver,2026-09-16T02:02:40.586573+00:00,1
453f9e3f-17a3-438c-956e-bcb1744c0962,Skeið,Group,United States,Denver,2015,69,beginarea:Denver,2026-09-16T02:02:40.586573+00:00,1
d0ba1872-26e8-4cf9-9f20-f2d1da1214bc,The Rainy Daze,Group,United States,Denver,1965,69,beginarea:Denver,2026-09-16T02:02:40.586573+00:00,1
6cdd2d0c-9f2f-4987-bf68-b815af015345,T-May,Person,Denver,Denver,1988-05-26,69,beginarea:Denver,2026-09-16T02:02:40.586573+00:00,1
d53b7c21-eb32-484f-b65f-c62eb1e8b9c0,Tanner Mata,Person,Philippines,Denver,1995-05-12,69,beginarea:Denver,2026-09-16T02:02:40.586573+00:00,1
a38102a8-ae81-46ac-939b-01ba7b3ea386,GS5,Person,United States,Denver,,69,beginarea:Denver,2026-09-16T02:02:40.586573+00:00,1
4260a557-60a1-4fce-becf-a9bdeee7afd2,Crestfallen,Group,United States,Denver,,69,beginarea:Denver,2026-09-16T02:02:40.586573+00:00,1
d389d37d-5a70-40e2-9e9c-4bf7093f4b1b,Kantorei,Choir,Denver,Denver,1997,69,beginarea:Denver,2026-09-16T02:02:40.586573+00:00,1
eacf08fb-0a22-46e6-b948-6b42c32180fd,Hellafied Funk Crew,Group,Dallas,Denver,1993,69,beginarea:Denver,2026-09-16T02:02:40.586573+00:00,1
2d7f2638-70d0-4382-a472-69bef708b010,The Orthobox,Person,Israel,Denver,1992-03-15,69,beginarea:Denver,2026-09-16T02:02:40.586573+00:00,1
0dc44695-959b-4f34-8d53-4fd76987c90d,Levi Double U,Person,United States,Denver,,69,beginarea:Denver,2026-09-16T02:02:40.586573+00:00,1
fc8bb5ae-286e-450e-a04e-a5050d40e0e7,Brian Joseph,Person,United States,Denver,,69,beginarea:Denver,2026-09-16T02:02:40.586573+00:00,1
3430a0b0-c150-4ebc-8c70-742da4bd5fd2,Jonny 5,Person,United States,Denver,1977-10-06,69,beginarea:Denver,2026-09-16T02:02:40.586573+00:00,1
e382b52b-9ccd-4a42-8e62-3c96deef7119,Scott Johnson,Person,United States,Denver,1962-10-11,69,beginarea:Denver,2026-09-16T02:02:40.586573+00:00,1
611f4ec4-245e-49cc-b3ac-713d44d9d7e0,Moore,Group,Denver,Denver,1995,69,beginarea:Denver,2026-09-16T02:02:40.586573+00:00,1
6ff769fd-c2d5-4dad-bbea-39cb41e614e4,Bill Austin,Person,United States,Denver,1896-03-06,69,beginarea:Denver,2026-09-16T02:02:40.586573+00:00,1
2c1b5b47-6340-4e5a-b147-66cbfc4b8d36,Girls Walk By,Group,Denver,Denver,,69,beginarea:Denver,2026-09-16T02:02:40.586573+00:00,1
9501c26d-635a-4529-a6f2-b9024f820f96,MTHDS,Group,United States,Denver,,69,beginarea:Denver,2026-09-16T02:02:40.586573+00:00,1
76bfce3c-3ec9-40b1-938b-752a05b6d833,Frontside Five,Group,Denver,Denver,2002,69,beginarea:Denver,2026-09-16T02:02:40.586573+00:00,1
69add3b5-ddb7-43cb-8e83-9c37291d50a8,Carbon Choir,Group,Denver,Denver,2007,69,beginarea:Denver,2026-09-16T02:02:40.586573+00:00,1
bdc641bf-0f22-4b2b-9d80-9363f5f7ddff,Paul Mehling,Person,San Francisco,Denver,,69,beginarea:Denver,2026-09-16T02:02:40.586573+00:00,1
4c9ce33e-bf4f-4072-b192-e0636aac85a3,Cobraconda,Group,United States,Denver,,69,beginarea:Denver,2026-09-16T02:02:40.586573+00:00,1
49e3b124-8792-4337-b19b-4c0fcb0e0860,The Larimers,Group,,Denver,,69,beginarea:Denver,2026-09-16T02:02:40.586573+00:00,1
18e64387-7285-417e-ba9f-17c74e634b1e,Landslide,Group,,Denver,1987,69,beginarea:Denver,2026-09-16T02:02:40.586573+00:00,1
bb4c1b34-193b-42fe-9294-042707eca9cc,D-ELITE,Person,Denver,Denver,1987-12-12,69,beginarea:Denver,2026-09-16T02:02:40.586573+00:00,1
fe120cd0-d5cd-485e-8432-280b2ff23de5,Front,Group,United States,Denver,,69,beginarea:Denver,2026-09-16T02:02:40.586573+00:00,1
1eb7c775-c441-422b-9ed9-bf7dda4de490,Urophagia,Group,United States,Denver,2006,69,beginarea:Denver,2026-09-16T02:02:40.586573+00:00,1
83f0a793-4172-42ec-80ed-e15f784bc90d,Jason Klobnak Quartet,Group,Denver,Denver,2012,69,beginarea:Denver,2026-09-16T02:02:40.586573+00:00,1
e783fced-7a52-46c0-8fda-4f69921d4289,Alexis C. Lamb,Person,Ypsilanti,Denver,1993,69,beginarea:Denver,2026-09-16T02:02:40.586573+00:00,1
515d7261-8051-427a-a88b-03f1cac03eca,Paul Davies,Person,United States,Denver,1953,69,beginarea:Denver,2026-09-16T02:02:40.586573+00:00,1
950970a8-f6d1-4075-9806-f4632e900948,Jack Swigert,Person,United States,Denver,1931-08-30,69,beginarea:Denver,2026-09-16T02:02:40.586573+00:00,1
0dc5a7e2-9a2e-4f27-8297-8a91590b276f,Jef Duncan,Person,San Diego,Denver,1962-05-09,69,beginarea:Denver,2026-09-16T02:02:40.586573+00:00,1
b693ac41-7fa3-48b0-875f-e0b3a96be479,J's Ruckus,Group,Denver,Denver,2018,69,beginarea:Denver,2026-09-16T02:02:40.586573+00:00,1
b3f1d0cd-4342-4e9c-94a4-0c1d6b1a8f0b,Fannie Charles Dillon,Person,United States,Denver,1881-03-16,69,beginarea:Denver,2026-09-16T02:02:40.586573+00:00,1
a40f3e8e-5543-46a6-ae90-57282cd73f8a,David Fincher,Person,United States,Denver,1962-08-28,69,beginarea:Denver,2026-09-16T02:02:40.586573+00:00,1
b73bd2ad-7771-4045-93d6-87e1d34d6e77,Royal Dead,,,Denver,2004,69,beginarea:Denver,2026-09-16T02:02:40.586573+00:00,1
344864fb-5559-4ea9-892c-7529717a3ac6,The Hunger Artist,,,Denver,,69,beginarea:Denver,2026-09-16T02:02:40.586573+00:00,1
49d4d0c6-4482-4b04-8a7c-69d3da50872f,Trip Face,Person,Denver,Denver,,69,beginarea:Denver,2026-09-16T02:02:40.586573+00:00,1
dbd4d6e7-69bd-4cdd-8f29-153b0c039498,Tom Bower,Person,United States,Denver,1938-01-03,69,beginarea:Denver,2026-09-16T02:02:40.586573+00:00,1
ca155edc-0bd8-4eed-afdf-fe3ab9162540,Larry Jordan,Person,United States,Denver,1934,69,beginarea:Denver,2026-09-16T02:02:40.586573+00:00,1
7e062423-552c-4ddc-8ffe-c00374f01846,Brent Boutte,Person,United States,Denver,1988-12-09,69,beginarea:Denver,2026-09-16T02:02:40.586573+00:00,1
be6c3fff-348a-421b-80d9-dbec9b7c4b70,Patricia King,Person,Philadelphia,Denver,,69,beginarea:Denver,2026-09-16T02:02:40.586573+00:00,1
c291fcdb-f43f-4b5b-88fb-cc7061b84d26,Eugene Gash,Person,,Denver,1920-07-26,69,beginarea:Denver,2026-09-16T02:02:40.586573+00:00,1
fa8cd2dd-4a07-4e19-b20b-e58ca34541eb,Robb Peezy,Person,United States,Denver,,69,beginarea:Denver,2026-09-16T02:02:40.586573+00:00,1
5aaf0d65-caa5-4030-bc1a-e0d3e6e1861f,Sam Silverman,Person,United States,Denver,,69,beginarea:Denver,2026-09-16T02:02:40.586573+00:00,1
33fad2ad-b1df-4ef1-b4ae-05fb47ca8c53,William Pell,Person,United States,Denver,1947-08-16,69,beginarea:Denver,2026-09-16T02:02:40.586573+00:00,1
64dc0b9b-9417-4040-a72e-e70cecf24e72,Takács Quartet,Group,Boulder,Budapest,1975,100,area:Boulder,2026-09-16T02:02:40.586573+00:00,1
5c61efe6-3cdf-4160-b43c-9274944369e6,Gregory Alan Isakov,Person,Boulder,Johannesburg,1979-10-19,99,area:Boulder,2026-09-16T02:02:40.586573+00:00,1
0c445197-bab3-442a-b1d2-32963f1b39a0,Phutureprimitive,Person,Boulder,,,95,area:Boulder,2026-09-16T02:02:40.586573+00:00,1
cfa44aeb-2cfa-40ff-b2bf-cef345312325,Kill Paris,Person,Boulder,,,93,area:Boulder,2026-09-16T02:02:40.586573+00:00,1
c1b7ee2c-ba93-445a-ae8c-10957aa62d7f,Frequent,Person,Boulder,,1997-01-27,93,area:Boulder,2026-09-16T02:02:40.586573+00:00,1
ce06384f-3ac7-4da8-bd58-8033d3f8abee,Dead Disk Drive,Person,Boulder,,,92,area:Boulder,2026-09-16T02:02:40.586573+00:00,1
9a849703-6273-47ed-902c-df24e2106651,astrid,Person,Boulder,,,92,area:Boulder,2026-09-16T02:02:40.586573+00:00,1
72f20384-1467-4d08-9d0d-6d55b98aae1f,Face Vocal Band,Group,Boulder,Boulder,2002,92,area:Boulder,2026-09-16T02:02:40.586573+00:00,1
31797219-9ac8-4e43-9603-d27a3b04140a,Grant Farm,Group,Boulder,,,91,area:Boulder,2026-09-16T02:02:40.586573+00:00,1
756a0cef-3e71-40d7-9fb4-c344122dc28a,Jon Sousa,Person,Boulder,Monmouth County,,91,area:Boulder,2026-09-16T02:02:40.586573+00:00,1
223108bd-77d7-4d2a-b231-ee0db77f9a0f,Subculture,Person,Boulder,,,91,area:Boulder,2026-09-16T02:02:40.586573+00:00,1
97d8bf29-2952-4a4f-8281-816bdd6bc033,Source Vibrations,Other,Boulder,,,90,area:Boulder,2026-09-16T02:02:40.586573+00:00,1
f813948c-8f11-4fa7-9415-3a51699a350e,Andy Thorn,Person,Boulder,,,90,area:Boulder,2026-09-16T02:02:40.586573+00:00,1
3c00c60b-35c6-4d0e-9477-55667bd35e84,Reverend Freakchild,Person,Boulder,,,90,area:Boulder,2026-09-16T02:02:40.586573+00:00,1
95eba0df-9cd2-46ac-8809-f37a49d3326e,Rifkin,Person,Boulder,Syracuse,,90,area:Boulder,2026-09-16T02:02:40.586573+00:00,1
409a8526-5fac-40a3-88db-a0e9ba243613,Call of the Void,Group,Boulder,,2010,90,area:Boulder,2026-09-16T02:02:40.586573+00:00,1
10d20d1b-ec43-4739-8968-e86ae66503cc,Source,Group,Boulder,Boulder,2014-03-01,89,area:Boulder,2026-09-16T02:02:40.586573+00:00,1
3708c724-c8f1-4c56-aaa6-a8173a0f0008,sunnnner,Group,Boulder,,,89,area:Boulder,2026-09-16T02:02:40.586573+00:00,1
48778fbe-d786-4154-9e49-0249ecc8df55,Thee Goochi Boiz,Group,Boulder,,2009,89,area:Boulder,2026-09-16T02:02:40.586573+00:00,1
1bd1af72-1d10-4406-ae3f-b157c0886408,Moors & McCumber,Group,Boulder,,,89,area:Boulder,2026-09-16T02:02:40.586573+00:00,1
0e45298a-e187-42b6-bba1-57795306b6ce,Chatterbox and the Latter Day Satanists,Group,Boulder,,2012-03-04,89,area:Boulder,2026-09-16T02:02:40.586573+00:00,1
e0d8441b-7cf5-4737-bda0-5b46da900ed3,Adam Agee,Person,Boulder,San Jose,,89,area:Boulder,2026-09-16T02:02:40.586573+00:00,1
9da1b9fe-1547-4c22-b3a6-e8da771fa452,Tom Wasinger,Person,Boulder,,1956,89,area:Boulder,2026-09-16T02:02:40.586573+00:00,1
2893f2da-1e49-444a-9863-f40c8c59ba88,The Aefonic,Person,Boulder,,,88,area:Boulder,2026-09-16T02:02:40.586573+00:00,1
ae474d1f-add9-4b14-9bfd-03f2176af2e5,Cualli,Person,Boulder,,,88,area:Boulder,2026-09-16T02:02:40.586573+00:00,1
b7e0d4ed-7656-4d8d-83e6-a200dd48b15b,Evanoff,Group,Boulder,United States,,88,area:Boulder,2026-09-16T02:02:40.586573+00:00,1
7724a463-2ac8-4f64-bef0-821617136e05,Wizard Moon,Group,Boulder,United States,,88,area:Boulder,2026-09-16T02:02:40.586573+00:00,1
cd68aefc-b41a-47d0-b3ad-bfd242f4e676,Labyr1nth,Person,Boulder,,,87,area:Boulder,2026-09-16T02:02:40.586573+00:00,1
ea871089-95b7-4ef1-99b5-2d9a098988b0,Pura Scout,Person,Boulder,,,87,area:Boulder,2026-09-16T02:02:40.586573+00:00,1
2c371939-4b2e-435b-84a4-708153f29cae,Bonnie & Taylor Sims,Group,Boulder,,,87,area:Boulder,2026-09-16T02:02:40.586573+00:00,1
bb2bd652-6fcd-45df-9222-55d3934c7fcf,Aaron Strumpel,Person,Boulder,,,87,area:Boulder,2026-09-16T02:02:40.586573+00:00,1
ba53710a-dc02-422b-81e3-7b95fcb68f49,Sturtz,Group,Boulder,,,87,area:Boulder,2026-09-16T02:02:40.586573+00:00,1
40632c59-8621-49d5-9c94-b3ec8c6fafd5,Anti Scrunti Faction,Group,Boulder,,,87,area:Boulder,2026-09-16T02:02:40.586573+00:00,1
fd7e9544-2904-4525-b39c-9ec2bd5e2f7d,Kwest,Person,Boulder,Langenthal,,87,area:Boulder,2026-09-16T02:02:40.586573+00:00,1
57f3fdd3-8f60-4176-995d-564b5ce6238b,Steven Vidaic,Person,Boulder,,,87,area:Boulder,2026-09-16T02:02:40.586573+00:00,1
27c473fb-4eaf-4e70-b6b5-28de2479cec8,Iceplants,Group,Boulder,,,87,area:Boulder,2026-09-16T02:02:40.586573+00:00,1
8d89f34b-aae6-4ff6-b53a-bfe5e7ffebe4,Kapei,Group,Boulder,Boulder,2022-05-21,87,area:Boulder,2026-09-16T02:02:40.586573+00:00,1
da0da0af-e787-43ae-bd5a-da20c1174cf2,Peter Silsbee,,Boulder,,,87,area:Boulder,2026-09-16T02:02:40.586573+00:00,1
baa0682e-bf61-4d4d-a339-bf70c38f285f,Dawn & Dave,Group,Boulder,,,87,area:Boulder,2026-09-16T02:02:40.586573+00:00,1
bc16246f-c5e6-4c86-81ae-6e5194f14a3b,Mysteries Of The Night,Group,Boulder,,,86,area:Boulder,2026-09-16T02:02:40.586573+00:00,1
c214deb9-f883-4625-904c-7ac257d57d4d,Card Catalog,Group,Boulder,,2013,86,area:Boulder,2026-09-16T02:02:40.586573+00:00,1
d2c456b7-8fa5-4cc9-8ab1-781d21253a03,Mason Brown,,Boulder,,,86,area:Boulder,2026-09-16T02:02:40.586573+00:00,1
6e52e4c6-0289-4327-91f1-62bd6f3f3562,Cuckoo,Group,Boulder,Boulder,,86,area:Boulder,2026-09-16T02:02:40.586573+00:00,1
f4b57ccf-3848-4d1d-b63c-c9fd018a3608,Dirty Pirates,Group,Boulder,,,86,area:Boulder,2026-09-16T02:02:40.586573+00:00,1
95b4f9d0-d6f4-40b7-a36a-adb70eae38c5,Light Black,Group,Boulder,,,86,area:Boulder,2026-09-16T02:02:40.586573+00:00,1
aa537af6-5099-4266-a8bd-541d29036674,Sweeney,Person,Boulder,,,86,area:Boulder,2026-09-16T02:02:40.586573+00:00,1
d72966c0-75be-48c1-b4e2-244dfc1372d1,Mark Brende,Person,Boulder,,,86,area:Boulder,2026-09-16T02:02:40.586573+00:00,1
b63a8705-59c1-4b5b-aad2-e699efba9f2d,Anthony Salvo,,Boulder,,,86,area:Boulder,2026-09-16T02:02:40.586573+00:00,1
52b9241d-2256-4c46-a512-b5f275139704,Acef Stripe,,Boulder,,,86,area:Boulder,2026-09-16T02:02:40.586573+00:00,1
932fa0dc-7603-40b4-8198-98bb1e0b15cb,Ivory Drive,Group,Boulder,,,86,area:Boulder,2026-09-16T02:02:40.586573+00:00,1
4cec245b-5fc7-4e58-8818-ff6e680affaa,Canyon Sounds,Group,Boulder,Boulder,2017,86,area:Boulder,2026-09-16T02:02:40.586573+00:00,1
149e65fb-4475-4525-9e5b-da5bc3b85075,Monocle Band,Group,Boulder,,,86,area:Boulder,2026-09-16T02:02:40.586573+00:00,1
ae644578-78ba-4dbe-a2f2-e265ba61cac4,Serenity Forge,,Boulder,,,86,area:Boulder,2026-09-16T02:02:40.586573+00:00,1
9a6c7145-576a-4fce-a147-4244155217b3,Addict Suunshine,Group,Boulder,,,86,area:Boulder,2026-09-16T02:02:40.586573+00:00,1
c4b1b4d1-1e99-4a53-96c9-51d1a67f2491,Flex Vector,Person,Boulder,,,86,area:Boulder,2026-09-16T02:02:40.586573+00:00,1
3d26c02e-dc79-4317-b3bf-258928120dcb,Banshee Tree,Group,Boulder,,,86,area:Boulder,2026-09-16T02:02:40.586573+00:00,1
ce265637-79fb-4794-915b-1bdcaa1499a1,Eli Spiral,Person,Boulder,,,86,area:Boulder,2026-09-16T02:02:40.586573+00:00,1
fb5230d9-9ce7-4163-9216-b3f1a715f3c8,Backflip Studios,Group,Boulder,Boulder,2009-04-01,86,area:Boulder,2026-09-16T02:02:40.586573+00:00,1
dade8296-cf51-4c6f-9710-3c947d636051,Black Acid Devil,Group,Boulder,,2009-12-06,86,area:Boulder,2026-09-16T02:02:40.586573+00:00,1
4e4eb165-3958-4821-888b-9099d8d86ebb,Jessica Carson,Person,Boulder,Sweetwater,1987-01-06,85,area:Boulder,2026-09-16T02:02:40.586573+00:00,1
fd5fb438-06d1-40bf-9223-73c2bdb0d128,Trepanation,Group,Boulder,Boulder,1998,85,area:Boulder,2026-09-16T02:02:40.586573+00:00,1
3ddc3dc1-99ef-4daa-9aab-207dec09402b,Spacecorpse,Group,Boulder,,2020,85,area:Boulder,2026-09-16T02:02:40.586573+00:00,1
f8d7b8f2-c364-44eb-a4c7-d673ad2d7ff6,Nyquist,Person,Boulder,,,85,area:Boulder,2026-09-16T02:02:40.586573+00:00,1
96e43faa-c0b5-4b33-a551-a4a5b9e0d5ad,Pattern Language,Person,Boulder,,,85,area:Boulder,2026-09-16T02:02:40.586573+00:00,1
b39826fa-fc1f-4c1a-a89e-72dbf38c3878,Intimidating Mage,Group,Boulder,,2016,85,area:Boulder,2026-09-16T02:02:40.586573+00:00,1
773a0c5b-6675-4fcd-aaaf-05975f311875,Sad Bug,Group,Boulder,,,85,area:Boulder,2026-09-16T02:02:40.586573+00:00,1
8e01e668-974e-4396-8942-bdd1d7b1145a,One Dying Wish,Group,Boulder,Boulder,2001,85,area:Boulder,2026-09-16T02:02:40.586573+00:00,1
0b92c32e-1a21-42a5-a8ab-8fe51f125b13,Teresa Storch,Person,Boulder,,1972-04-18,85,area:Boulder,2026-09-16T02:02:40.586573+00:00,1
98bf7f57-62fc-474e-9c9e-9efdcdd206d0,monotropa.,Person,Boulder,,,85,area:Boulder,2026-09-16T02:02:40.586573+00:00,1
7f22afc6-13ec-477e-9b12-a4b859f64952,SREYAS,Person,Boulder,Parker,1991-10-12,85,area:Boulder,2026-09-16T02:02:40.586573+00:00,1
521b6a23-f168-4f6c-ac23-493fdf0b607f,Amél,Person,Boulder,,,85,area:Boulder,2026-09-16T02:02:40.586573+00:00,1
1766a60e-a306-4032-a593-8d5eb69a7cd0,Herrin,Person,Boulder,,,85,area:Boulder,2026-09-16T02:02:40.586573+00:00,1
2df6cffa-2634-4886-a5fd-078f81a8f010,Royal Talons,Group,Boulder,,,85,area:Boulder,2026-09-16T02:02:40.586573+00:00,1
39e05926-6833-4db3-a356-f7266bb98809,Paul McGowan,Person,Boulder,,,85,area:Boulder,2026-09-16T02:02:40.586573+00:00,1
32288866-bbc0-4eb5-94bb-7abc1d59db4d,Boulder Brass,Group,Boulder,,1993,85,area:Boulder,2026-09-16T02:02:40.586573+00:00,1
fc027375-310b-4f0b-8ffc-4ea625380c5d,Deborah Schmit-Lobis,Person,Boulder,,,85,area:Boulder,2026-09-16T02:02:40.586573+00:00,1
d2365dd0-f064-470c-aa57-2e57e0b9ce02,The Amphibious Man,Group,Boulder,,2012-03-13,85,area:Boulder,2026-09-16T02:02:40.586573+00:00,1
43dd9403-831b-48cd-ae4c-d8d96f5d5553,DreamWalker,Person,Boulder,,,85,area:Boulder,2026-09-16T02:02:40.586573+00:00,1
223a0331-5906-456d-b013-cec250bc1fbb,Duo Azure,Group,Boulder,,,85,area:Boulder,2026-09-16T02:02:40.586573+00:00,1
8cf0ba78-ab12-43b7-a245-e7277750f72e,Gioto,Person,Boulder,,,85,area:Boulder,2026-09-16T02:02:40.586573+00:00,1
2b9bd520-6055-4c3d-bd26-c0cfabedc0f6,Malaine Snow,Person,Boulder,,,85,area:Boulder,2026-09-16T02:02:40.586573+00:00,1
f85640eb-7c61-41a8-9562-89c665899a8a,Fordham Murdy,Person,Boulder,,,85,area:Boulder,2026-09-16T02:02:40.586573+00:00,1
c2f53b6b-795e-4736-9dbb-06644845dfac,Joel Haertling,Person,Boulder,,,85,area:Boulder,2026-09-16T02:02:40.586573+00:00,1
9ee27694-1c96-4195-bd73-b0c6539a01c6,Kyle Donovan,Person,Boulder,,,85,area:Boulder,2026-09-16T02:02:40.586573+00:00,1
179f3486-d619-4ea6-b4f1-a45f4c22c51e,Dechen Hawk,Person,Boulder,,,85,area:Boulder,2026-09-16T02:02:40.586573+00:00,1
7e66bb49-06f7-4723-b318-22708558ee6d,Jake Leg,Group,Boulder,,,85,area:Boulder,2026-09-16T02:02:40.586573+00:00,1
1fac7e5b-d3dc-42d8-a798-df0b70fc1340,Bradley Morse,Person,Boulder,,,85,area:Boulder,2026-09-16T02:02:40.586573+00:00,1
72648c3f-4124-4a12-9fa7-90e3d01d1913,Michael Wiebold,Person,Boulder,,,85,area:Boulder,2026-09-16T02:02:40.586573+00:00,1
f83026ff-777c-4173-95a1-0c093265fe9f,Christie Schneider,Person,Boulder,,,85,area:Boulder,2026-09-16T02:02:40.586573+00:00,1
2ede70aa-4190-4b10-a791-42035904aa80,Katie Mac,Person,Boulder,,,85,area:Boulder,2026-09-16T02:02:40.586573+00:00,1
42fc7f79-a4b3-4ba2-9114-961877e773ad,J Simpson,Person,Boulder,,,85,area:Boulder,2026-09-16T02:02:40.586573+00:00,1
b4f32acf-2145-4c01-8e3b-8d743fef20f3,Max Davies,Person,Boulder,,,85,area:Boulder,2026-09-16T02:02:40.586573+00:00,1
12fcd8e4-c29c-4597-90a2-1a843d6b8c7d,Pirates of The Landlocked State,,Boulder,,,85,area:Boulder,2026-09-16T02:02:40.586573+00:00,1
d96ef53a-98b0-49fd-87d6-c1c90cd8d5b0,Justin Hoffenberg,Person,Boulder,,,85,area:Boulder,2026-09-16T02:02:40.586573+00:00,1
2cd02c98-69f9-49cd-a6b9-aac53d77b95a,Scott Coulter,Person,Boulder,,,85,area:Boulder,2026-09-16T02:02:40.586573+00:00,1
d8b9d4b2-132f-4813-9614-749295318fe3,Halle Tomlinson,Person,Boulder,,,85,area:Boulder,2026-09-16T02:02:40.586573+00:00,1
46d53586-90ba-4339-9260-4563e0a83d75,:undefined,Group,Boulder,,,85,area:Boulder,2026-09-16T02:02:40.586573+00:00,1
f024259d-e394-4a16-adb2-fad77c7012f7,Zenotope,,Boulder,,,85,area:Boulder,2026-09-16T02:02:40.586573+00:00,1
50bbdcff-822a-44b2-a4ae-3d9c1501370c,sporadik,,Boulder,,,85,area:Boulder,2026-09-16T02:02:40.586573+00:00,1
3ffd30b9-1e14-4d6e-85fa-7de7eb271f2e,Matthew Leger,Person,Boulder,,,85,area:Boulder,2026-09-16T02:02:40.586573+00:00,1
a0012352-6616-4c5c-b56b-ca3e6ad5a22c,Flash Mountain Flood,Group,Boulder,,2013-05-28,84,area:Boulder,2026-09-16T02:02:40.586573+00:00,1
1a6a9a87-129b-4492-a154-4905c41e0034,Amoramora,Group,Boulder,,2015-01-01,84,area:Boulder,2026-09-16T02:02:40.586573+00:00,1
7ae45ed5-d3da-43b2-87ad-a3f3d00df347,DYNOHUNTER,Group,Boulder,,,84,area:Boulder,2026-09-16T02:02:40.586573+00:00,1
233f3000-09be-4c55-913b-a788d4906952,Margaret Thompson,Person,Boulder,,,84,area:Boulder,2026-09-16T02:02:40.586573+00:00,1
b5f0e8e7-dc23-4a17-b004-745a09ae43ee,Booster,Group,Boulder,,,84,area:Boulder,2026-09-16T02:02:40.586573+00:00,1
e46c37ee-349e-4c90-a99f-42c192a974e7,Jim Gallagher,Person,Boulder,,1943-06-21,84,area:Boulder,2026-09-16T02:02:40.586573+00:00,1
881b5196-76b8-4c12-a038-367ae87f2b6f,Abhinandan,Person,Boulder,,,84,area:Boulder,2026-09-16T02:02:40.586573+00:00,1
ccacc561-2ca5-4291-83ed-203a7ecad882,Sun Jr.,Group,Boulder,Boulder,2016,84,area:Boulder,2026-09-16T02:02:40.586573+00:00,1
ff884ebf-5b1d-412b-918b-a55b27a86c3f,Dave Crowder,Person,Boulder,,,84,area:Boulder,2026-09-16T02:02:40.586573+00:00,1
c98b6f51-2fec-4964-ab26-fe0ab4e3c546,Joshua Fairman,Person,Boulder,,,84,area:Boulder,2026-09-16T02:02:40.586573+00:00,1
157b6673-4ec1-4f9c-b8d0-b9a514c23895,Chris Anderson,Person,Boulder,,,84,area:Boulder,2026-09-16T02:02:40.586573+00:00,1
4640add5-255e-496c-a979-b6d10d1f0859,Braxton Kahn,Person,Boulder,,,84,area:Boulder,2026-09-16T02:02:40.586573+00:00,1
f79c28b7-497f-4dc5-b737-63ad589eb52d,Andrew McNew,Person,Boulder,,,84,area:Boulder,2026-09-16T02:02:40.586573+00:00,1
32b89dca-ce50-4fb5-948a-5c6f6dcb57df,Christian Carland,Person,Boulder,,,84,area:Boulder,2026-09-16T02:02:40.586573+00:00,1
ff6f5366-11da-4c02-a532-9f56d6fa16ed,Navarro,Group,Boulder,Boulder,,84,area:Boulder,2026-09-16T02:02:40.586573+00:00,1
411b5d9c-d196-40b4-80bf-14ef5922cf89,Matt Cantor,Person,Boulder,,,84,area:Boulder,2026-09-16T02:02:40.586573+00:00,1
190374a3-c004-496d-9123-6b906bca1c7d,Courtlyn Carpenter,Person,Boulder,,,84,area:Boulder,2026-09-16T02:02:40.586573+00:00,1
9142e678-f0da-4ef9-ae77-d079b3d96098,Will Kuepper,Person,Boulder,,,84,area:Boulder,2026-09-16T02:02:40.586573+00:00,1
84af005c-814c-4f73-a454-9c09d1f13a6d,Aftermath,Group,Boulder,,1988,84,area:Boulder,2026-09-16T02:02:40.586573+00:00,1
c412e3ae-bebf-4280-8795-201dcd1a9a37,Sounds True Catalog,Other,Boulder,,,84,area:Boulder,2026-09-16T02:02:40.586573+00:00,1
72bc8d78-bec3-4bb9-bc63-9a6181d51561,Jonathan Skinas,Person,Boulder,,,84,area:Boulder,2026-09-16T02:02:40.586573+00:00,1
2afac827-d8d3-4492-bee3-a6094b188991,Katie Rose Nelson,Person,Boulder,,,84,area:Boulder,2026-09-16T02:02:40.586573+00:00,1
9aed5753-e0f2-4dd2-943a-0fb60f10e4b1,Eric Imbrosciano,Person,Boulder,,,84,area:Boulder,2026-09-16T02:02:40.586573+00:00,1
07865909-cca9-4f93-93f7-23864b5f8a77,Boulder Chamber Orchestra,Orchestra,Boulder,,,84,area:Boulder,2026-09-16T02:02:40.586573+00:00,1
aff5fc6d-6dae-4e1c-90e9-afb467503e37,Conner Hollingsworth,Person,Boulder,,,84,area:Boulder,2026-09-16T02:02:40.586573+00:00,1
5404f611-446b-4245-8ba3-75723b207517,Clay Rose,Person,Boulder,,,84,area:Boulder,2026-09-16T02:02:40.586573+00:00,1
98238fcd-a679-49e2-b84f-42c47138672a,Don Ambory,Person,Boulder,,,84,area:Boulder,2026-09-16T02:02:40.586573+00:00,1
9dd2e12b-7362-472c-8cf8-4f086310c5e2,Jesse Ryan Hunter,Person,Boulder,,,84,area:Boulder,2026-09-16T02:02:40.586573+00:00,1
36f3cd84-8b3e-4c6b-bb18-f2aa7dc959ae,Tenth Mountain Division,Group,Boulder,,,84,area:Boulder,2026-09-16T02:02:40.586573+00:00,1
fa374ec5-663c-4fd6-a591-38f46d82cb4e,Jason Bertone,Person,Boulder,,,84,area:Boulder,2026-09-16T02:02:40.586573+00:00,1
c04a6fda-e972-4e50-8470-ce1d7d8564c7,Nick Carter,Person,Boulder,,,84,area:Boulder,2026-09-16T02:02:40.586573+00:00,1
a0665335-803d-463e-a562-349a2565544e,Dustin Moran,Person,Boulder,,,84,area:Boulder,2026-09-16T02:02:40.586573+00:00,1
1f49d97a-822e-42bf-aa0c-a505e3427e9e,Kyla Witt,Person,Boulder,,,84,area:Boulder,2026-09-16T02:02:40.586573+00:00,1
dd0ba6e7-0e8c-4215-81dc-0746fd0d225a,Tyson Bennett,Person,Boulder,,,84,area:Boulder,2026-09-16T02:02:40.586573+00:00,1
e6af85a1-783b-450b-b2f1-eda9d8ecc947,Dianne Betkowski,Person,Boulder,,,84,area:Boulder,2026-09-16T02:02:40.586573+00:00,1
336787b7-f5fc-4878-a5e3-a6f8668b9c75,Andy Skellinger,Person,Boulder,,,84,area:Boulder,2026-09-16T02:02:40.586573+00:00,1
8b98a809-0b05-4e00-bc0d-0c985747fc30,Randy Hoepker,Person,Boulder,,,84,area:Boulder,2026-09-16T02:02:40.586573+00:00,1
cd425f2a-e20d-4c19-af28-7dea1f4ab4b4,Mark Wiegers,Person,Boulder,,,84,area:Boulder,2026-09-16T02:02:40.586573+00:00,1
f802b166-63d8-4766-8ed8-e0948ad62dcf,Luminous Moon Design + Press,Group,Boulder,,,84,area:Boulder,2026-09-16T02:02:40.586573+00:00,1
55f73b6f-e79e-43fd-a79b-fe7cc3438e12,Brune Macary,Person,Boulder,,,84,area:Boulder,2026-09-16T02:02:40.586573+00:00,1
e3bc02f8-1818-45da-9924-db0c7521c5ef,Vince Herman & Drew Emmitt,Group,Boulder,,,84,area:Boulder,2026-09-16T02:02:40.586573+00:00,1
52c51f90-601a-4b2a-a60f-5e4d9249eb91,Joy Adams,Person,Boulder,,,84,area:Boulder,2026-09-16T02:02:40.586573+00:00,1
3b6ead3b-dcc0-4934-b972-be74ed098e3a,Emily Bowman,Person,Boulder,,,84,area:Boulder,2026-09-16T02:02:40.586573+00:00,1
79450368-d639-412b-878a-61c58fc29bd1,Gus Skinas,Person,Boulder,,,84,area:Boulder,2026-09-16T02:02:40.586573+00:00,1
7eb91d89-179d-40b3-b297-a9e4a688041c,Andy Arahood,Person,Boulder,,,84,area:Boulder,2026-09-16T02:02:40.586573+00:00,1
cb17f073-44ed-4dcd-ba54-561b504dbc79,Andrew Sturtz,Person,Boulder,,,84,area:Boulder,2026-09-16T02:02:40.586573+00:00,1
b95851dc-723a-41b3-8289-05449cbdb7fd,Rafael Castillo-Halvorssen,Person,Boulder,,,84,area:Boulder,2026-09-16T02:02:40.586573+00:00,1
4528b08a-a18d-480f-8584-1d01026ca020,Derek Pyle,Person,Boulder,,,84,area:Boulder,2026-09-16T02:02:40.586573+00:00,1
dbeccfa8-3d44-4cbf-9ecd-a03f9758214b,Cherryvale,Group,Boulder,Boulder,2022-07-01,84,area:Boulder,2026-09-16T02:02:40.586573+00:00,1
74b4427c-6216-4145-bbce-101c8c9dee5b,Junkdrawer,Group,Boulder,,,84,area:Boulder,2026-09-16T02:02:40.586573+00:00,1
0bceee82-e13d-47b1-9169-33252eb31748,Savalas,Group,Boulder,,1990,84,area:Boulder,2026-09-16T02:02:40.586573+00:00,1
8f0fc91d-7968-45c4-b23c-3ac677ce43e8,Richard Thomas,Person,Boulder,,,84,area:Boulder,2026-09-16T02:02:40.586573+00:00,1
4c279ae9-a2ee-4031-907f-a5fe4566bb93,Hobbledehoy,Group,Boulder,,,84,area:Boulder,2026-09-16T02:02:40.586573+00:00,1
8087f526-2b2d-461c-80d1-712866d4d693,Gamma Death Wave,Group,Boulder,,,84,area:Boulder,2026-09-16T02:02:40.586573+00:00,1
948ebbcf-85eb-43b7-a591-7c2fb055bcde,Michael Gunnar Murray,Person,Boulder,,,84,area:Boulder,2026-09-16T02:02:40.586573+00:00,1
b98f2bf2-32ef-4331-a903-a85215c5dd21,COmpass REsonance,Orchestra,Boulder,,,84,area:Boulder,2026-09-16T02:02:40.586573+00:00,1
0a2ea4ef-1ac9-4a6d-8e90-18d65959804c,Birmingham Radio,Person,Boulder,,,84,area:Boulder,2026-09-16T02:02:40.586573+00:00,1
83d52645-f389-4919-9bec-995dd72e87c1,The Thugs,Group,Boulder,,,84,area:Boulder,2026-09-16T02:02:40.586573+00:00,1
270a83c4-bbe9-49cb-90f9-ba65e01b7876,Karen Karsh,Person,Boulder,,,84,area:Boulder,2026-09-16T02:02:40.586573+00:00,1
4eba4ce5-e93b-4673-b82a-54799d5a486c,Steve Christopher,Person,Boulder,,,84,area:Boulder,2026-09-16T02:02:40.586573+00:00,1
0a11cab6-17c2-4ade-b20a-0378a51321ff,Nancy Headlee,Person,Boulder,,,84,area:Boulder,2026-09-16T02:02:40.586573+00:00,1
0075ad7b-a566-4b82-9329-89095f0cf804,Wendy Haun,Person,Boulder,,,84,area:Boulder,2026-09-16T02:02:40.586573+00:00,1
9d3de72d-a040-4be5-aeb0-bbb07c2869a9,Yvonne Haun,Person,Boulder,,,84,area:Boulder,2026-09-16T02:02:40.586573+00:00,1
26974817-05b2-4fef-a195-67037d309e1c,Scott Roche,Person,Boulder,,,84,area:Boulder,2026-09-16T02:02:40.586573+00:00,1
f21196f1-0771-49f7-903f-81c80ef86410,James Marienthal,Person,Boulder,,,84,area:Boulder,2026-09-16T02:02:40.586573+00:00,1
c4120add-7342-4ec5-a3ed-384bfdd661d2,Christine Chandler,Person,Boulder,,,84,area:Boulder,2026-09-16T02:02:40.586573+00:00,1
2003ada4-97fb-4fa4-9316-c6f54c6793af,John McVey,Person,Boulder,,,84,area:Boulder,2026-09-16T02:02:40.586573+00:00,1
b83fa83e-2c73-4d13-bc9b-440082a9dca6,Klaus Schober,Person,Boulder,,,84,area:Boulder,2026-09-16T02:02:40.586573+00:00,1
048806ef-7685-46c5-9fd2-d1659aa33986,Tina Fields,Person,Boulder,,,84,area:Boulder,2026-09-16T02:02:40.586573+00:00,1
5bd1f437-4e45-435f-9493-d9c9ad19327b,Quark,,Boulder,,,84,area:Boulder,2026-09-16T02:02:40.586573+00:00,1
38e26998-79c9-4da1-9e82-f7bc67fdf682,Chair Bomb,Group,Boulder,,,84,area:Boulder,2026-09-16T02:02:40.586573+00:00,1
706792b0-a90d-4bb4-8e80-83e1e4d8499f,DUBV,Person,Boulder,,,84,area:Boulder,2026-09-16T02:02:40.586573+00:00,1
12aded13-80e3-44bb-a0e8-4f3e07c27566,SLEEP CLUB,Person,Boulder,,,84,area:Boulder,2026-09-16T02:02:40.586573+00:00,1
c2cb35e7-eecd-429b-9529-2339e8c48e7e,Trouble's Braids,Group,Boulder,,,84,area:Boulder,2026-09-16T02:02:40.586573+00:00,1
1788bd8c-bdf5-4818-add5-6df10072ee74,bleach,,Boulder,,,84,area:Boulder,2026-09-16T02:02:40.586573+00:00,1
d70631e5-3e5e-4b0d-8a0c-a43d03d5b5cf,Bell Jar,Group,Boulder,,,84,area:Boulder,2026-09-16T02:02:40.586573+00:00,1
841a3db8-a189-4fca-8b89-c0d3f9ef4648,Kip Kuepper,Person,Boulder,,,84,area:Boulder,2026-09-16T02:02:40.586573+00:00,1
6c66aa50-f685-447a-a76b-fb8e7033d58c,Norman Haun,Person,Boulder,,,84,area:Boulder,2026-09-16T02:02:40.586573+00:00,1
33d72ba2-a499-4438-9e9c-6345196e26ca,Aaron Lasko,Person,Boulder,,,84,area:Boulder,2026-09-16T02:02:40.586573+00:00,1
bea185fe-b3d6-49fe-b146-3f452da5de42,Young and Dead,Group,Boulder,Boulder,2023-12-15,84,area:Boulder,2026-09-16T02:02:40.586573+00:00,1
a69e8063-c460-4778-98cb-edb32140ee5a,RasMoses,Person,Boulder,,,84,area:Boulder,2026-09-16T02:02:40.586573+00:00,1
899edb09-f294-4e1c-a24e-e46c633a1443,Shorts,Group,Boulder,,,84,area:Boulder,2026-09-16T02:02:40.586573+00:00,1
d3c1d566-cb2c-4ed7-84de-63bc2da0c2d0,gush,Group,Boulder,,,84,area:Boulder,2026-09-16T02:02:40.586573+00:00,1
95c79933-1abb-43ae-8426-7cb721888d4a,Doug Walter,Person,Boulder,,,84,area:Boulder,2026-09-16T02:02:40.586573+00:00,1
85a731a9-2145-4955-a056-ab231b4f2bc1,The Widow's Bane,Group,Boulder,,,84,area:Boulder,2026-09-16T02:02:40.586573+00:00,1
da2378db-12a7-4e6c-bdbc-4f6c53935091,Scuzzlebutt,Person,Boulder,,,84,area:Boulder,2026-09-16T02:02:40.586573+00:00,1
70059a9f-58f5-4ad1-8e67-b6e637462754,Lilah,Person,Boulder,,,84,area:Boulder,2026-09-16T02:02:40.586573+00:00,1
090d5faa-f652-4a11-b1b7-4e79c5136c29,diva cup,Group,Boulder,,,84,area:Boulder,2026-09-16T02:02:40.586573+00:00,1
dc49bec1-ba66-4d3a-910f-d1626dace7e5,Jon Sirkis,Person,Boulder,,,84,area:Boulder,2026-09-16T02:02:40.586573+00:00,1
43b54ccb-943c-42a5-8b23-9dc29376f019,On the Dot,,Boulder,,,84,area:Boulder,2026-09-16T02:02:40.586573+00:00,1
a6fcc187-c218-4d03-a11c-38b737075040,Sound Circle,Group,Boulder County,Boulder County,1994,82,area:Boulder,2026-09-16T02:02:40.586573+00:00,1
1fdcb04e-cf05-4ecf-abc4-c10d2ecc021e,Bud Hahn,Person,Boulder Junction,Indiana,1956-01-19,82,area:Boulder,2026-09-16T02:02:40.586573+00:00,0
bc089386-4eb0-4444-81ac-99cd1e5a777b,Fun at The Zoo,Group,Colorado Springs,,,91,"area:""Colorado Springs""",2026-09-16T02:02:40.586573+00:00,1
11e9d588-35c1-4ca6-8a72-76c7a15d974b,Brooke Newman,Person,Aspen,,,100,area:Aspen,2026-09-16T02:02:40.586573+00:00,1
1abd8d26-cd50-44e5-9782-a949f60c435c,Aspen Festival Orchestra,Orchestra,Aspen,,,99,area:Aspen,2026-09-16T02:02:40.586573+00:00,1
d2b5855c-6968-49f5-af9f-de35938fe63c,Tom Paxton,Person,Aspen,,,99,area:Aspen,2026-09-16T02:02:40.586573+00:00,1
be430623-9141-4159-9294-4ffc121ec0d5,Aggie Flores,Person,Aspen,,,99,area:Aspen,2026-09-16T02:02:40.586573+00:00,1
401c3991-b76b-499d-8082-9f2df958ef78,Phil Collins,Person,United Kingdom,Hounslow,1951-01-30,100,area:Fort Collins,2026-09-16T02:02:40.586573+00:00,0
8e3fcd7d-bda1-4ca0-b987-b8528d2ee74e,Genesis,Group,United Kingdom,Godalming,1967,96,area:Fort Collins,2026-09-16T02:02:40.586573+00:00,0
06f9c474-0547-40fc-be3d-1ae6ce38abd7,Judy Collins,Person,United States,Seattle,1939-05-01,94,area:Fort Collins,2026-09-16T02:02:40.586573+00:00,0
e7b9a380-237b-4c2d-9ac3-ba7d9fe4effc,Suzanne Collins,Person,United States,Hartford,1962-08-10,92,area:Fort Collins,2026-09-16T02:02:40.586573+00:00,0
73b8dddb-ec29-4d11-b449-d97fde73f07b,Albert Collins,Person,United States,Leona,1932-10-01,88,area:Fort Collins,2026-09-16T02:02:40.586573+00:00,0
856ba0a6-e2e3-4449-a60c-0e639e7329b3,Arthur Collins,Person,United States,Philadelphia,1864-02-07,86,area:Fort Collins,2026-09-16T02:02:40.586573+00:00,0
d7db2c9e-40f1-451a-b868-782b6dce7fbf,Shirley Collins,Person,United Kingdom,Hastings,1935-07-05,86,area:Fort Collins,2026-09-16T02:02:40.586573+00:00,0
14c0c282-e0c1-46fe-acd1-9a015ba721c5,Edwyn Collins,Person,United Kingdom,Edinburgh,1959-08-23,85,area:Fort Collins,2026-09-16T02:02:40.586573+00:00,0
b0ca0d85-24a8-4a00-860d-357ff688b69c,Bootsy Collins,Person,United States,Cincinnati,1951-10-26,85,area:Fort Collins,2026-09-16T02:02:40.586573+00:00,0
701a2ee3-85ef-40ec-b8f1-8aa439187f39,Collins,,,,,85,area:Fort Collins,2026-09-16T02:02:40.586573+00:00,0
bce145bd-f72a-46f7-9b89-ea6372504881,Fort Collins Symphony,Orchestra,Fort Collins,,,84,area:Fort Collins,2026-09-16T02:02:40.586573+00:00,1
dd64ad95-da13-493b-b5bd-32b3715e69b1,Bridget Collins,Person,United Kingdom,Kent,1981-08-18,83,area:Fort Collins,2026-09-16T02:02:40.586573+00:00,0
6ac1a6d1-ea6b-4de6-b77e-5232efad470e,Dorothy Collins,Person,Canada,,1926-11-18,82,area:Fort Collins,2026-09-16T02:02:40.586573+00:00,0
3569c2ed-2315-40d9-b041-3c48dae1be43,Au5,Person,United States,New Jersey,1992-09-18,81,area:Fort Collins,2026-09-16T02:02:40.586573+00:00,0
a8cd824e-837c-43dc-b074-b187ee177b67,The Enigma TNG,Person,United States,,1990-01-01,81,area:Fort Collins,2026-09-16T02:02:40.586573+00:00,0
dba14974-c3a7-43db-8de4-cfa996c1b05c,Lyn Collins,Person,United States,Abilene,1948-06-12,81,area:Fort Collins,2026-09-16T02:02:40.586573+00:00,0
7d3fa3ae-d7a4-48fc-aa94-d9ab2605d59b,Ellery Collins,Person,Pennsylvania,,,81,area:Fort Collins,2026-09-16T02:02:40.586573+00:00,0
98b5374a-fd90-4dd7-b842-9ae7930d48eb,Rich Collins,Person,Derby,,,80,area:Fort Collins,2026-09-16T02:02:40.586573+00:00,0
c8327cc0-54f3-424f-a68d-000ee7289a41,Sizzla,Person,Jamaica,Kingston,1976-04-17,80,area:Fort Collins,2026-09-16T02:02:40.586573+00:00,0
52d46f69-4289-4b5e-b4e7-7e63c130b1d1,Collins,,Rio de Janeiro,,,80,area:Fort Collins,2026-09-16T02:02:40.586573+00:00,0
1f5d15cf-5461-4dd9-a23a-ff7db542ffa6,Tommy Collins,Person,United States,Bethany,1930-09-28,80,area:Fort Collins,2026-09-16T02:02:40.586573+00:00,0
80a8851f-444c-4539-892b-ad2a49292aa9,[language instruction],Other,,,,80,area:Fort Collins,2026-09-16T02:02:40.586573+00:00,0
4ea5fd41-62e7-4087-91eb-f9a0ae3edc88,Collins,Person,United States,,,79,area:Fort Collins,2026-09-16T02:02:40.586573+00:00,0
2f8f1a8b-d24f-473f-9d73-43687c624ca3,Troy Ave,Person,Crown Heights,,,79,area:Fort Collins,2026-09-16T02:02:40.586573+00:00,0
8ebb8739-986b-4dd7-89bc-0d6ec9ab3ec1,John Collins,Person,,,,79,area:Fort Collins,2026-09-16T02:02:40.586573+00:00,0
60614320-9caf-4ae4-bded-7140672fdf8a,Kid Ink,Person,United States,Los Angeles,1986-04-01,79,area:Fort Collins,2026-09-16T02:02:40.586573+00:00,0
1f9377fc-ea6d-41c7-8ba3-36f66802c04d,Dolly Collins,Person,United Kingdom,Hastings,1933-03-06,79,area:Fort Collins,2026-09-16T02:02:40.586573+00:00,0
a27f7187-aa44-4016-9fad-65fc97be19f6,Collins,Person,,,,78,area:Fort Collins,2026-09-16T02:02:40.586573+00:00,0
a5290efb-c3e3-458e-878c-0c8c93e0b969,Collins,,,,,78,area:Fort Collins,2026-09-16T02:02:40.586573+00:00,0
478e1c5e-cf31-4fc8-a65f-14c7fe86754c,RBX,Person,United States,Long Beach,1968-06-20,78,area:Fort Collins,2026-09-16T02:02:40.586573+00:00,0
c2f3f281-bebe-4218-a303-910d65fe27fe,Collins,,,,,78,area:Fort Collins,2026-09-16T02:02:40.586573+00:00,0
d8a934ab-4f8c-411a-8c74-958e5b10e511,Collins,,,,,78,area:Fort Collins,2026-09-16T02:02:40.586573+00:00,0
a3c52254-eafc-4d78-9e73-f3a981457386,Collins,Person,France,United States,,78,area:Fort Collins,2026-09-16T02:02:40.586573+00:00,0
ba6a24b4-fd0c-496d-bb56-9d73c74c150e,Glenda Collins,Person,United Kingdom,,1943-12-16,78,area:Fort Collins,2026-09-16T02:02:40.586573+00:00,0
534e1610-b9a0-41cc-87e0-c8f09222ba9b,clementine,Group,Fort Collins,,2021,78,area:Fort Collins,2026-09-16T02:02:40.586573+00:00,1
2ead3dbc-dd41-4830-b802-3ab500c8879b,Travis Collins,Person,Australia,,,77,area:Fort Collins,2026-09-16T02:02:40.586573+00:00,0
e79df5d8-1c1a-4f47-a3c3-faa20239b242,Collins & Collins,Group,United States,,,77,area:Fort Collins,2026-09-16T02:02:40.586573+00:00,0
3de857fb-8437-42cd-9afe-95e48fdbe508,Michael Collins,Person,United Kingdom,Isleworth,1962-01-27,77,area:Fort Collins,2026-09-16T02:02:40.586573+00:00,0
efe20b1a-f7fc-4b0b-b99b-a65dff8e8f5f,Ansel Collins,Person,Jamaica,Kingston,1949,77,area:Fort Collins,2026-09-16T02:02:40.586573+00:00,0
9ae2448c-55a9-4fd1-b0ad-7de7ee888721,Jim Collins,Person,United States,,1958-01-25,77,area:Fort Collins,2026-09-16T02:02:40.586573+00:00,0
150e7047-5e2e-40a4-b2d3-cec95fc618d1,Paul Collins,Person,United States,New York,1956,77,area:Fort Collins,2026-09-16T02:02:40.586573+00:00,0
018ee93d-27c5-4c06-8dd8-493b9ed6d812,Matthew Lloyd Davies,Person,United Kingdom,,,77,area:Fort Collins,2026-09-16T02:02:40.586573+00:00,0
547562d3-364f-496a-a387-ebe9e4a08116,Johnny Collins,Person,United Kingdom,Norfolk,1938-05-10,76,area:Fort Collins,2026-09-16T02:02:40.586573+00:00,0
f6ddb502-fd55-4324-8ed7-c363dc3d8700,Kevin T. Collins,Person,United States,,1972-03-17,76,area:Fort Collins,2026-09-16T02:02:40.586573+00:00,0
f966f831-246a-4788-8d3f-002f25b657d5,Shatterproof,Group,Fort Collins,,,76,area:Fort Collins,2026-09-16T02:02:40.586573+00:00,1
339248fd-883b-4b2d-8803-62a7ded53e23,Dave & Ansel Collins,Group,Jamaica,Kingston,1970,76,area:Fort Collins,2026-09-16T02:02:40.586573+00:00,0
4b5322e4-f965-4b81-a209-246a7886ee85,Lui Collins,Person,United States,,1950,76,area:Fort Collins,2026-09-16T02:02:40.586573+00:00,0
3371f855-27b5-43de-9e6a-133e483f852b,The Collins Kids,Group,United States,,,76,area:Fort Collins,2026-09-16T02:02:40.586573+00:00,0
4bb33701-dca1-4d15-acbf-119be8a0624a,Billy Collins,Person,United States,,1941-03-22,76,area:Fort Collins,2026-09-16T02:02:40.586573+00:00,0
577006bb-71fb-46d1-874f-7d1507b0ab90,autumnal,Group,Fort Collins,,,76,area:Fort Collins,2026-09-16T02:02:40.586573+00:00,1
739c67eb-2d6e-4062-821f-125affb4d98e,Mitzie Collins,Person,United States,,,75,area:Fort Collins,2026-09-16T02:02:40.586573+00:00,0
0b427dad-1ee5-48f1-aa4b-026680a3338e,Shaboozey,Person,United States,Fairfax,1995-05-09,75,area:Fort Collins,2026-09-16T02:02:40.586573+00:00,0
71d59a90-750d-48ea-9cd2-284a4f4eaee6,Aviators,Person,Fort Myers,,1995-09-07,75,area:Fort Collins,2026-09-16T02:02:40.586573+00:00,0
f7a5c31b-fd2c-4fc3-8f1e-82be21683d05,Nicolas Collins,Person,United States,New York,1954-03-26,75,area:Fort Collins,2026-09-16T02:02:40.586573+00:00,0
21ce7d61-1148-42b9-b9e4-5b27d0385a42,Simon Collins,Person,Canada,Hammersmith,1976-09-14,75,area:Fort Collins,2026-09-16T02:02:40.586573+00:00,0
069c1cf1-f97b-4f74-92df-264b1ab55391,Bobby Collins,Person,United States,,1951-09-21,75,area:Fort Collins,2026-09-16T02:02:40.586573+00:00,0
feb01f6e-58cd-48da-b49d-befc59c595fe,Stacie Collins,Person,United States,,,75,area:Fort Collins,2026-09-16T02:02:40.586573+00:00,0
67b08fdc-ee07-4f93-957e-8ade23cf6ac8,Mel Collins,Person,United Kingdom,Isle of Man,1947-09-05,74,area:Fort Collins,2026-09-16T02:02:40.586573+00:00,0
9e758af0-ea05-4654-a142-3c2da7fad112,Anthony Collins,Person,France,United States,,74,area:Fort Collins,2026-09-16T02:02:40.586573+00:00,0
d3d161bf-0406-4b71-aaf6-137aa07f1bfb,Richard Wunderer,Person,,Wien,1947,74,area:Fort Collins,2026-09-16T02:02:40.586573+00:00,0
9314577c-188d-4ecc-90b6-1e7c9e8f5f60,Anthony Collins,Person,United Kingdom,Hastings,1893-09-03,74,area:Fort Collins,2026-09-16T02:02:40.586573+00:00,0
47d20d3f-17b4-45c5-8b3c-ed3de9db6375,Cal Collins,Person,United States,Jackson County,1933-05-05,74,area:Fort Collins,2026-09-16T02:02:40.586573+00:00,0
a1de972f-51a3-45b8-8a85-481fbc21eeec,Nico Collins,Person,United States,Los Angeles,1997-04-06,74,area:Fort Collins,2026-09-16T02:02:40.586573+00:00,0
a46cb0ac-3e57-42bd-b9e0-7616427f65fe,Tyler Collins,Person,United States,Harlem,1965-10-29,73,area:Fort Collins,2026-09-16T02:02:40.586573+00:00,0
8d12aa0f-a361-40b0-a98e-ae73e92bb05a,Brandon Michael Collins,Person,United States,,,73,area:Fort Collins,2026-09-16T02:02:40.586573+00:00,0
836e2599-f563-4d42-8db5-5ef43097db88,Rukkus,Group,Fort Collins,,,73,area:Fort Collins,2026-09-16T02:02:40.586573+00:00,1
eb9962f5-ab08-4212-a70f-3dd0b668c230,Tim Collins,Person,München,United States,1977,73,area:Fort Collins,2026-09-16T02:02:40.586573+00:00,0
1854c232-c8eb-4d2b-9ce9-5ce7b0211bbf,Larry Collins,Person,United States,Tulsa,1944-10-04,73,area:Fort Collins,2026-09-16T02:02:40.586573+00:00,0
4a51d3de-dedd-4dfd-93e7-e70365c26201,Joshua Collins,Person,,,,73,area:Fort Collins,2026-09-16T02:02:40.586573+00:00,0
bbf6544e-81d9-46f4-8bde-8ece1c219dfa,Chris Collins,Person,United States,,,73,area:Fort Collins,2026-09-16T02:02:40.586573+00:00,0
713896a6-d3f1-44bb-8faa-4f99fdad6000,Finghin Collins,Person,Ireland,Dublin,1977-03-31,73,area:Fort Collins,2026-09-16T02:02:40.586573+00:00,0
405cb0b9-cf25-4a37-8027-71bd0a753cee,Sam Collins,Person,United States,Louisiana,1887-08-11,73,area:Fort Collins,2026-09-16T02:02:40.586573+00:00,0
e2be284a-8e6f-4194-9fed-1cff900a2b37,Ruthie Collins,Person,New York,Fredonia,1989,73,area:Fort Collins,2026-09-16T02:02:40.586573+00:00,0
d94d0bd2-8075-4954-b0a4-b62161c8ac82,Sandra Collins,Person,United States,,,73,area:Fort Collins,2026-09-16T02:02:40.586573+00:00,0
32639f51-bf85-4c5a-b584-b791a66facb8,Sincerely Collins,Person,Phoenix,,,73,area:Fort Collins,2026-09-16T02:02:40.586573+00:00,0
882103cd-71ba-4eb3-8bda-76355bdc5c29,Rossington Collins Band,Group,United States,Jacksonville,1980,73,area:Fort Collins,2026-09-16T02:02:40.586573+00:00,0
e6983ba3-1d03-4bbf-a009-e14921fd6121,Ed Collins,Person,,,,73,area:Fort Collins,2026-09-16T02:02:40.586573+00:00,0
2079d278-2035-42a5-9347-7dcaa7ed9a1c,Charlie Collins,Person,Australia,,,73,area:Fort Collins,2026-09-16T02:02:40.586573+00:00,0
9cf5c1b9-5fb6-43bf-aa2c-c733eece7742,Kirsten Collins,Person,Calgary,Calgary,1994-03-27,73,area:Fort Collins,2026-09-16T02:02:40.586573+00:00,0
8b7f7957-37f2-46df-9b24-63c5ec7e91d3,Wes Collins,Person,North Carolina,Lenoir,1960-07-17,73,area:Fort Collins,2026-09-16T02:02:40.586573+00:00,0
83d32236-de45-4351-a664-6f22754eab9a,Paul Collins Beat,Group,United States,San Francisco,1979,73,area:Fort Collins,2026-09-16T02:02:40.586573+00:00,0
55b550fb-e520-4bd5-93ae-afb898631499,Bernard Collins,Person,,,,72,area:Fort Collins,2026-09-16T02:02:40.586573+00:00,0
86e205b1-93d7-45a6-a626-e0e605574236,Pierce Fulton,Person,United States,Vermont,1992-06-06,72,area:Fort Collins,2026-09-16T02:02:40.586573+00:00,0
79db2dcb-a550-43c0-8dcf-ccbdd552fbe7,Kathleen Collins,Person,New York,New York,1940,72,area:Fort Collins,2026-09-16T02:02:40.586573+00:00,0
c2dbf8ad-4bef-428c-a910-ce71cc1a5d28,Dean Collins,Person,,,,72,area:Fort Collins,2026-09-16T02:02:40.586573+00:00,0
72a09a68-c554-4c12-b5a6-91964c594dfc,Anne Collins,Person,England,County Durham,1943-08-29,72,area:Fort Collins,2026-09-16T02:02:40.586573+00:00,0
4392c609-9ede-449d-b6e9-2d3b3b5864fa,Austin Collins,Person,United States,,,72,area:Fort Collins,2026-09-16T02:02:40.586573+00:00,0
3532ae51-8ad5-4d1f-9eb9-ca984aef8be9,Mollie Collins,Person,England,,,72,area:Fort Collins,2026-09-16T02:02:40.586573+00:00,0
65fd3f2c-f6b6-4615-9f48-5bdbbf80d047,Marcus Collins,Person,United Kingdom,,1988-05-15,72,area:Fort Collins,2026-09-16T02:02:40.586573+00:00,0
213d54d5-d49a-4ca0-8b17-9afd7ae27c05,Mikey Collins,Person,United Kingdom,,,72,area:Fort Collins,2026-09-16T02:02:40.586573+00:00,0
128b2997-ac47-46ae-8c1d-d3595bbaf6e6,Mark Collins,Person,United Kingdom,Barton-upon-Irwell,1965-08-14,72,area:Fort Collins,2026-09-16T02:02:40.586573+00:00,0
afda06ca-a0eb-4fe0-b0cf-9c1cb40cb6ec,Jayne Collins,Person,,,,72,area:Fort Collins,2026-09-16T02:02:40.586573+00:00,0
59d9be0b-f36f-454a-898b-649b568b8138,Still Collins,Group,Germany,Germany,1995,72,area:Fort Collins,2026-09-16T02:02:40.586573+00:00,0
b60b9df9-932c-45d9-8564-715e537b4e58,Kweku Collins,,United States,Evanston,,72,area:Fort Collins,2026-09-16T02:02:40.586573+00:00,0
ba7621ac-2559-45ea-bf97-96c976c8cda1,Freshwater Collins,Group,United States,Milwaukee,1997,72,area:Fort Collins,2026-09-16T02:02:40.586573+00:00,0
6fb204d3-9fec-420b-a91e-8def048c3eb3,Andy Collins,Person,,,,72,area:Fort Collins,2026-09-16T02:02:40.586573+00:00,0
9e87c975-ce14-48c3-b6a8-0d207d6195cd,Chelsea Collins,Person,United States,,,72,area:Fort Collins,2026-09-16T02:02:40.586573+00:00,0
979aaba1-9b34-43ec-adc8-90a3e01bb99b,Rodger Collins,Person,United States,Santa Anna,1940-08-20,72,area:Fort Collins,2026-09-16T02:02:40.586573+00:00,0
06713267-9a19-498b-8508-aaf8ecd29745,James Collins,Person,United States,,,72,area:Fort Collins,2026-09-16T02:02:40.586573+00:00,0
76c41c57-7686-405f-b4f6-6ec6eb2a47dc,Quentin Collins,Person,United Kingdom,,,72,area:Fort Collins,2026-09-16T02:02:40.586573+00:00,0
b53a265c-a2a4-494e-97ba-d8c8c0a846e7,Vodka Collins,Group,Japan,,1971,71,area:Fort Collins,2026-09-16T02:02:40.586573+00:00,0
e3c909a1-9b2b-4529-a967-f89643895083,Graham Collins,,,,,71,area:Fort Collins,2026-09-16T02:02:40.586573+00:00,0
0e890cef-32b0-4ed5-bf18-40f6a982cded,Todd Collins,Person,United States,,,71,area:Fort Collins,2026-09-16T02:02:40.586573+00:00,0
67d0efaa-c70e-4456-88d9-0111a7bf70db,Randall Collins,Person,United States,Blairsville,1940-05-24,71,area:Fort Collins,2026-09-16T02:02:40.586573+00:00,0
c23c1eab-9ce1-41b3-bb18-c2dc90c189e9,Max Collins,Person,United States,,1978-08-28,71,area:Fort Collins,2026-09-16T02:02:40.586573+00:00,0
ea8cbd81-5c76-40d8-a837-4e19e8b2af6a,Harlan Collins,Person,United States,,,71,area:Fort Collins,2026-09-16T02:02:40.586573+00:00,0
cbbec22e-8ab4-4ff6-a0cc-a98d6ad474cd,modrn,Group,Fort Collins,,,71,area:Fort Collins,2026-09-16T02:02:40.586573+00:00,1
c33513d6-fffb-4f6f-a092-0ab0683644e9,Yapper,Group,Fort Collins,,,71,area:Fort Collins,2026-09-16T02:02:40.586573+00:00,1
f9cc6e95-be00-4124-8cb0-fdfa6c780571,Talking Point,Group,Fort Collins,,,71,area:Fort Collins,2026-09-16T02:02:40.586573+00:00,1
9223c3bd-c302-4cbc-bacc-6605537f77ef,Stephen Collins,Person,United States,Des Moines,1947-10-01,71,area:Fort Collins,2026-09-16T02:02:40.586573+00:00,0
94021d15-8cf8-448d-9d6c-a736148f4cb0,Chris Collins,Person,United States,,,71,area:Fort Collins,2026-09-16T02:02:40.586573+00:00,0
57eaa338-de5a-42f6-aa1d-918bb1318c87,Hannah Collins,Person,,,,71,area:Fort Collins,2026-09-16T02:02:40.586573+00:00,0
1750967c-dd1a-4c86-8ca8-832b0a8f35b1,Filth Collins,,,,,71,area:Fort Collins,2026-09-16T02:02:40.586573+00:00,0
9c8228da-561b-437a-8983-14213f60ecb6,Chloe Collins,Person,Nashville,,2006,71,area:Fort Collins,2026-09-16T02:02:40.586573+00:00,0
e67e9d51-6b35-48cd-9fa0-a97b95715f7f,Dawn Collins,Person,Maryland,,,71,area:Fort Collins,2026-09-16T02:02:40.586573+00:00,0
7e970943-e369-4bab-bcf6-b63cf8f9b926,Earl Collins,,,,,71,area:Fort Collins,2026-09-16T02:02:40.586573+00:00,0
96c342bd-8d96-44e8-a4e3-3042c4a93821,Mojo Collins,,,,,71,area:Fort Collins,2026-09-16T02:02:40.586573+00:00,0
541cd94c-8105-4740-9182-6eb6ba4be7a4,Vince Collins,Person,,,,71,area:Fort Collins,2026-09-16T02:02:40.586573+00:00,0
0d070957-2daa-4fa6-8d9a-1d6fb3e8ab8c,Slow Caves,Group,Fort Collins,Fort Collins,2014,71,area:Fort Collins,2026-09-16T02:02:40.586573+00:00,1
fd3f9c4c-2dc6-4b3f-bab7-9c97f7554075,Elodie Collins,Person,United States,,,71,area:Fort Collins,2026-09-16T02:02:40.586573+00:00,0
ef72575c-e202-4ece-8421-eb9544e1656b,Tim Collins,Person,Ireland,,,71,area:Fort Collins,2026-09-16T02:02:40.586573+00:00,0
fc492481-a118-4ded-8a62-e31e452037aa,Wilkie Collins,Person,United Kingdom,London,1824-01-07,71,area:Fort Collins,2026-09-16T02:02:40.586573+00:00,0
60d76f2a-31c5-4ad9-a9d0-21e6f6bae7c0,Annette Collins,,,,,71,area:Fort Collins,2026-09-16T02:02:40.586573+00:00,0
6ccdc3ad-b29b-4e2d-a56a-623e854d509a,Willow Collins,,,,,71,area:Fort Collins,2026-09-16T02:02:40.586573+00:00,0
b54fbb75-cacc-4cdb-8564-e47c5cc54f44,Merrill Collins,Person,United States,,,71,area:Fort Collins,2026-09-16T02:02:40.586573+00:00,0
b3733b10-ee25-4f48-90e2-31b35c5c8854,Charlie Collins,Person,United States,Tennessee,1933-04-05,71,area:Fort Collins,2026-09-16T02:02:40.586573+00:00,0
0b065777-5243-4e7f-930f-40ed31567c51,Barry Collins,Person,,,,71,area:Fort Collins,2026-09-16T02:02:40.586573+00:00,0
4442485e-cb00-43c1-8f9d-6ce4223169a9,Geoffrey Collins,Person,Australia,,,71,area:Fort Collins,2026-09-16T02:02:40.586573+00:00,0
3a6d286b-b25e-4173-af73-c3a9351ecd50,Samantha Collins,,,,,71,area:Fort Collins,2026-09-16T02:02:40.586573+00:00,0
4d32a9e3-b867-4ea6-8b4b-ca4e6ba627ac,Sam Collins,Person,,,,71,area:Fort Collins,2026-09-16T02:02:40.586573+00:00,0
0b52aa3c-702e-4011-b125-539bb35627e6,Andrew Collins,Person,United Kingdom,,,71,area:Fort Collins,2026-09-16T02:02:40.586573+00:00,0
3a1774bb-6b97-44f4-aa55-6d9832991d24,Andrew Collins,Person,Canada,,,71,area:Fort Collins,2026-09-16T02:02:40.586573+00:00,0
36b2a4a5-6e0c-4d63-bbb4-bd74f545c65c,Tim Collins,Person,,,,71,area:Fort Collins,2026-09-16T02:02:40.586573+00:00,0
e0afc11c-2156-4727-844d-99bd4d3639d5,Scott Collins,Person,Austin,,,71,area:Fort Collins,2026-09-16T02:02:40.586573+00:00,0
dd70a032-516d-46e9-ac3f-ab2b84c49d0a,Sir Collins,Person,United Kingdom,Kingston,1937,71,area:Fort Collins,2026-09-16T02:02:40.586573+00:00,0
33e543e7-7b33-4f6a-ab03-9b6e93cba1c6,Tom Collins,Person,United Kingdom,,1997-10-07,71,area:Fort Collins,2026-09-16T02:02:40.586573+00:00,0
74ce015f-9762-4cf2-abbd-e9d14a5fbd6f,Michelle Collins,Person,United Kingdom,,1963-05-28,71,area:Fort Collins,2026-09-16T02:02:40.586573+00:00,0
1fa78b1b-5295-4c6b-965b-c409fcd2be32,The Collins,Group,Denmark,,,71,area:Fort Collins,2026-09-16T02:02:40.586573+00:00,0
29b91a1d-1762-4085-b56c-37c4b8f569e3,Nick Collins,Person,United Kingdom,,,71,area:Fort Collins,2026-09-16T02:02:40.586573+00:00,0
4f7f159b-c5c0-453d-aefc-e1fcb27d1c33,Joey Collins,Person,Nottingham,Oswestry,1995-12-19,71,area:Fort Collins,2026-09-16T02:02:40.586573+00:00,0
a73217e0-44ee-4881-bff9-f3d3ad6e2e76,Dick Collins,Person,United States,Seattle,1924-07-19,71,area:Fort Collins,2026-09-16T02:02:40.586573+00:00,0
26e53976-84c1-41e4-a3fe-0eb9695d424a,Gwendolyn Collins,Person,United States,United States,1969-08-25,71,area:Fort Collins,2026-09-16T02:02:40.586573+00:00,0
215bca30-5304-4b4b-8ccf-8c2f15819119,Collins Pennie,Person,United States,Fort Greene,1985-06-20,71,area:Fort Collins,2026-09-16T02:02:40.586573+00:00,0
b373ab9b-815c-425c-bcca-a07b75e4b3e9,Brimble Collins,,,,,71,area:Fort Collins,2026-09-16T02:02:40.586573+00:00,0
8696ec16-07a8-4674-b05b-89104aa4ac20,Aubrey Collins,Person,United States,Littleton,1987-11,71,area:Fort Collins,2026-09-16T02:02:40.586573+00:00,1
bb1d83a4-d839-4a87-b229-4d3e0445e596,Shad Collins,Person,United States,Elizabeth,1910-06-27,71,area:Fort Collins,2026-09-16T02:02:40.586573+00:00,0
ac3e5ed4-31ca-4054-9e7c-949a18b2bc47,Turner Collins,Person,United States,,,71,area:Fort Collins,2026-09-16T02:02:40.586573+00:00,0
d2b31419-8feb-464b-8735-252df21a1a7d,Philth Collins,,,,,71,area:Fort Collins,2026-09-16T02:02:40.586573+00:00,0
0239f73f-0d74-4195-aff6-9557efd81412,Sugarcane Collins,Person,Australia,,,71,area:Fort Collins,2026-09-16T02:02:40.586573+00:00,0
05437876-19b7-42e9-8af7-9f19db033999,Skooly Collins,,,,,71,area:Fort Collins,2026-09-16T02:02:40.586573+00:00,0
c40dfc09-0ec5-48ef-9cc4-2f1d7d7e27dc,Dale Collins,Person,Canada,Victoria,,71,area:Fort Collins,2026-09-16T02:02:40.586573+00:00,0
e859e0ac-f934-4031-ad18-bfe12102b575,Hannah Collins,Person,United States,,,71,area:Fort Collins,2026-09-16T02:02:40.586573+00:00,0
6ca99bff-5de6-4941-a240-a0864009c7c0,Paul Collins,Person,United Kingdom,,1937-07-25,71,area:Fort Collins,2026-09-16T02:02:40.586573+00:00,0
27d4c8a4-8ddf-4843-9ead-3c9742e802bf,Rebecca Collins,Person,Ireland,,,70,area:Fort Collins,2026-09-16T02:02:40.586573+00:00,0
28a81a4c-de7b-48a6-bfa6-3c98382bd7aa,Anthony Collins,Person,Berlin,,,70,area:Fort Collins,2026-09-16T02:02:40.586573+00:00,0
293dac15-867d-4c0d-8a98-e3ba51d2c0c3,Brendan Collins,Person,,,,70,area:Fort Collins,2026-09-16T02:02:40.586573+00:00,0
e4303e9c-e35d-4b91-acb2-d88cd0861881,John Collins,Person,United States,Montgomery,1913-09-20,70,area:Fort Collins,2026-09-16T02:02:40.586573+00:00,0
54b69078-91e7-4fac-a11f-7a15764c710b,Todd Collins,,,,,70,area:Fort Collins,2026-09-16T02:02:40.586573+00:00,0
c7744175-0942-4364-bb93-fe0ef587e7a2,Jay Collins,Person,United States,,,70,area:Fort Collins,2026-09-16T02:02:40.586573+00:00,0
ed4963a5-d9c5-4e82-a89d-4d581d76d369,Adam Collins,Person,,,,70,area:Fort Collins,2026-09-16T02:02:40.586573+00:00,0
d2d2f755-cb02-4ad9-8320-e6fd72929b35,Fred Collins,,,,,70,area:Fort Collins,2026-09-16T02:02:40.586573+00:00,0
44fabe65-a4d6-4ab1-aa3c-2669c275461d,Tony Collins,Person,,,,70,area:Fort Collins,2026-09-16T02:02:40.586573+00:00,0
7155d7b6-11b5-4dc2-b36c-51e9a16eee91,Crissy Collins,Person,,,,70,area:Fort Collins,2026-09-16T02:02:40.586573+00:00,0
a13aeaa5-f934-4e9a-97b9-357960f9b8bf,Lula Collins,Person,,,,70,area:Fort Collins,2026-09-16T02:02:40.586573+00:00,0
767b2412-6479-4805-8232-ce181310a443,Eunice Collins,,,,,70,area:Fort Collins,2026-09-16T02:02:40.586573+00:00,0
3f5ec0cd-9a90-4b80-a9bc-e61ec29984e9,Buz Collins,Person,United Kingdom,,1972,70,area:Fort Collins,2026-09-16T02:02:40.586573+00:00,0
61553fdb-a71f-4c6a-9373-21973ba82aca,Kevin Collins,Person,Canada,Placentia,1961-04-18,70,area:Fort Collins,2026-09-16T02:02:40.586573+00:00,0
ed581815-9f09-4533-8fa3-a75afe529c29,Ron Collins,Person,United States,,,70,area:Fort Collins,2026-09-16T02:02:40.586573+00:00,0
f7dc3e60-1f1f-4a5b-95d0-661c558e1c20,Collins System,,,,,70,area:Fort Collins,2026-09-16T02:02:40.586573+00:00,0
a3b227da-5c13-4502-a29c-de7077ef6fc1,Collins Beach,Group,Anacortes,Anacortes,2023,70,area:Fort Collins,2026-09-16T02:02:40.586573+00:00,0
6725dfea-e5ae-4a3f-b5d1-60c90d46f7ef,Keith Collins,Person,,,,70,area:Fort Collins,2026-09-16T02:02:40.586573+00:00,0
ad7d31b7-7d9d-41ff-901a-af4a75b9e81e,Thrill Collins,Group,Christchurch,,2000,70,area:Fort Collins,2026-09-16T02:02:40.586573+00:00,0
184cfad6-bedb-407a-a8f5-378289f3d2a9,Richard Collins,Person,,,1928-06-30,70,area:Fort Collins,2026-09-16T02:02:40.586573+00:00,0
4d3942f9-7c3f-4300-9f38-8da3805f9a6c,Elijah Collins,,,,,70,area:Fort Collins,2026-09-16T02:02:40.586573+00:00,0
bdc639b3-c980-42c0-9a49-86721acfa8eb,Georgee Collins,,,,,70,area:Fort Collins,2026-09-16T02:02:40.586573+00:00,0
c1f94b58-5a8c-4f44-83a0-92eeaee811aa,Amy Collins,Person,United Kingdom,,,70,area:Fort Collins,2026-09-16T02:02:40.586573+00:00,0
f1c642d6-d3df-4d82-86ed-d5d01650d09c,Lee Collins,Person,United States,New Orleans,1901-10-17,70,area:Fort Collins,2026-09-16T02:02:40.586573+00:00,0
089f26f6-4d0d-4ed6-af9b-fd326489ac0f,Christopher Collins,Person,,,,70,area:Fort Collins,2026-09-16T02:02:40.586573+00:00,0
d1e00ea3-f116-4739-b103-95b23d832c35,Lorrie Collins,Person,United States,Tahlequah,1942-05-07,70,area:Fort Collins,2026-09-16T02:02:40.586573+00:00,0
ec17c7cc-edb8-4aed-bca3-3179e2a0cf3d,Walter Collins,Person,United Kingdom,,,70,area:Fort Collins,2026-09-16T02:02:40.586573+00:00,0
d1af422c-b46e-4589-88e5-ffd8562e1eb6,Dustin Collins,Person,,Villa Rica,1988-08-14,70,area:Fort Collins,2026-09-16T02:02:40.586573+00:00,0
0f4681a4-115d-4f7b-88eb-fe06f8cf79e9,Rena Collins,,,,,70,area:Fort Collins,2026-09-16T02:02:40.586573+00:00,0
e26ffe51-d38f-4b77-8b46-19ff1e8479d2,Eddie Collins,,,,,70,area:Fort Collins,2026-09-16T02:02:40.586573+00:00,0
102c02ed-22bb-43ff-96c4-e24ca722cb47,Matt Collins,Person,Oregon,,,70,area:Fort Collins,2026-09-16T02:02:40.586573+00:00,0
47affcac-b598-484e-853c-959c6a709443,Kimball Collins,Person,United States,,,70,area:Fort Collins,2026-09-16T02:02:40.586573+00:00,0
ccdef5a5-d987-46f0-a04f-8ee37bcf28b3,Mick Collins,Person,United States,Detroit,1965-12-18,70,area:Fort Collins,2026-09-16T02:02:40.586573+00:00,0
acee456d-4e3e-4def-8971-6d7b0024cce7,Nora Collins,Person,Milwaukee,,,70,area:Fort Collins,2026-09-16T02:02:40.586573+00:00,0
2b270e98-40a8-4c06-b91f-290a9a8f49fd,Jeff Collins,Person,Vancouver,,,70,area:Fort Collins,2026-09-16T02:02:40.586573+00:00,0
b442b791-0993-4cf4-b717-2188177adf89,Josh Collins,Person,,,,70,area:Fort Collins,2026-09-16T02:02:40.586573+00:00,0
c421273b-0d25-4ca2-b0b5-1416386b8970,Charlie Collins,Person,United Kingdom,,1952-09-26,70,area:Fort Collins,2026-09-16T02:02:40.586573+00:00,0
e7837017-ee3e-4318-8280-4fa7102954da,Ben Collins,Person,United States,,1986-09-03,70,area:Fort Collins,2026-09-16T02:02:40.586573+00:00,0
c652668d-1e5c-4c9b-8919-3e88505a872d,Spida Collins,,,,,70,area:Fort Collins,2026-09-16T02:02:40.586573+00:00,0
1e9f1192-bd13-446d-a108-a1334993840e,Tom Collins,Person,United Kingdom,Edinburgh,,70,area:Fort Collins,2026-09-16T02:02:40.586573+00:00,0
6a6a3fda-96eb-4896-9d16-62400021be12,Alex Collins,Person,,,,70,area:Fort Collins,2026-09-16T02:02:40.586573+00:00,0
2bf18878-d7df-41ae-b04b-3292693ccac3,Janelle Collins,,,,,70,area:Fort Collins,2026-09-16T02:02:40.586573+00:00,0
bf35e709-dbe1-47d0-80b5-f24473ef5afb,Rick Collins,Person,,,,70,area:Fort Collins,2026-09-16T02:02:40.586573+00:00,0
4aa3e6c5-7370-4706-af33-3e92804bd232,West Collins,Person,Mexico,Mexico,,70,area:Fort Collins,2026-09-16T02:02:40.586573+00:00,0
e254050a-78d5-4495-beb6-33df72f6816b,Aidan Collins,Person,New York,,,70,area:Fort Collins,2026-09-16T02:02:40.586573+00:00,0
d0f9bd8c-c82e-4cae-bac7-1fc6dd834356,Mike Collins,Person,United Kingdom,,,70,area:Fort Collins,2026-09-16T02:02:40.586573+00:00,0
a069265c-ddc7-49ad-a780-1cd3f549b0d9,Matt Collins,,,,,70,area:Fort Collins,2026-09-16T02:02:40.586573+00:00,0
dd28ee68-673e-4fe9-acfc-fa3c81877469,Stephen Foster,Person,United States,Lawrenceville,1826-07-04,70,area:Fort Collins,2026-09-16T02:02:40.586573+00:00,0
66f2b68d-d9c5-4320-a6d7-d5c59a2f0f1d,Thomas Collins,Person,,,,70,area:Fort Collins,2026-09-16T02:02:40.586573+00:00,0
8c2862df-c2e8-4617-bca1-498dfbad9aca,Casey Collins,,,,,70,area:Fort Collins,2026-09-16T02:02:40.586573+00:00,0
abb6cc5f-c22a-4d6b-a352-c0d2ac704065,Madaline Collins,Person,Memphis,,,70,area:Fort Collins,2026-09-16T02:02:40.586573+00:00,0
f35a4e1b-c76c-4452-a607-db60f33b67f0,Jim Collins,Person,United States,,1956-06-19,70,area:Fort Collins,2026-09-16T02:02:40.586573+00:00,0
5ea2c7d2-cd9c-41ba-a1c2-42889e9c4584,Albert Collins,Person,United States,,1899,70,area:Fort Collins,2026-09-16T02:02:40.586573+00:00,0
98730b2f-24a4-4231-ab30-45a4a7669640,Michelle Collins,,,,,70,area:Fort Collins,2026-09-16T02:02:40.586573+00:00,0
95a52467-5220-49c0-b085-65cdaf524518,Ezra Collins,,,,,70,area:Fort Collins,2026-09-16T02:02:40.586573+00:00,0
4b08378d-34eb-4df0-94d8-e9637081f291,Connie Collins,Person,Ireland,,1958-10,70,area:Fort Collins,2026-09-16T02:02:40.586573+00:00,0
c52c045a-a15c-429f-a899-3b6cd19ee682,Thrill Collins,Group,United Kingdom,United Kingdom,2009-05-31,70,area:Fort Collins,2026-09-16T02:02:40.586573+00:00,0
6b513487-5948-4f24-8b70-3e1decd7fb05,Gary Collins,Person,,,,70,area:Fort Collins,2026-09-16T02:02:40.586573+00:00,0
861bae03-ce42-48f9-9cec-9ce9fa063b47,Devon Parker,Person,Fort Collins,Fort Collins,,70,area:Fort Collins,2026-09-16T02:02:40.586573+00:00,1
4f60c3de-a2dc-4e1f-8adc-9bca46c3c982,Chris Collins,Person,Sweden,,,70,area:Fort Collins,2026-09-16T02:02:40.586573+00:00,0
0c4a3413-4580-475e-a80b-e7c3803cbbdb,Felicia Collins,Person,United States,,1964-04-10,70,area:Fort Collins,2026-09-16T02:02:40.586573+00:00,0
8584c751-2e4d-4340-b38f-a7c1ff34ff78,Jared Collins,Person,,,,70,area:Fort Collins,2026-09-16T02:02:40.586573+00:00,0
ffbe7865-6e07-43b1-b427-9fb418df4b0f,Richard Collins,Person,,,,70,area:Fort Collins,2026-09-16T02:02:40.586573+00:00,0
847f055f-0b15-4ff1-a73b-7d99d5869906,Gary Collins,,,,,70,area:Fort Collins,2026-09-16T02:02:40.586573+00:00,0
c469d889-e463-4337-a377-e60de078be48,Terry Collins,Person,United States,,,70,area:Fort Collins,2026-09-16T02:02:40.586573+00:00,0
1996be47-9eae-409f-a580-66a388e3ba05,Bryan Collins,Person,,,,70,area:Fort Collins,2026-09-16T02:02:40.586573+00:00,0
712bf7a9-db9c-491c-8d8e-55e736274b94,Osmond Collins,,,,,70,area:Fort Collins,2026-09-16T02:02:40.586573+00:00,0
d1ae9bb3-0e77-4406-9406-60057599705c,Ryan Collins,,,,,70,area:Fort Collins,2026-09-16T02:02:40.586573+00:00,0
1331b5a9-e912-418a-a386-25a8320ab24a,Spot Collins,,,,,70,area:Fort Collins,2026-09-16T02:02:40.586573+00:00,0
0ab345c7-e95c-473c-b13d-bdcecda8b28d,Selah Collins,Person,United Kingdom,,,70,area:Fort Collins,2026-09-16T02:02:40.586573+00:00,0
c1069ac6-3d9e-4d87-a0b4-642ed2b84f67,Mitchell Collins,,,,,70,area:Fort Collins,2026-09-16T02:02:40.586573+00:00,0
7febc49d-619a-42c4-9dab-885a8eecd7e9,Les Collins,Person,,,,70,area:Fort Collins,2026-09-16T02:02:40.586573+00:00,0
2f6487d1-b800-4450-b5f0-5940cb861c58,Albert Collins,,,,,70,area:Fort Collins,2026-09-16T02:02:40.586573+00:00,0
103ae173-2204-40b8-a6a8-f1623304deed,The Abyssinians,Group,Jamaica,,1969,70,area:Fort Collins,2026-09-16T02:02:40.586573+00:00,0
759e46c9-0611-4879-9e00-a0064ffddaf6,Michael DuCharme,Person,Fort Collins,,,70,area:Fort Collins,2026-09-16T02:02:40.586573+00:00,1
be668f2a-374d-4df6-a32b-8de5c74eeab1,Elijah Brady,Person,Fort Collins,,,70,area:Fort Collins,2026-09-16T02:02:40.586573+00:00,1
cc8a784d-3080-447b-aa5a-c2db7441a77d,Owen Mouton,Person,Fort Collins,,,70,area:Fort Collins,2026-09-16T02:02:40.586573+00:00,1
8f11e6de-4517-46eb-af8a-97e007e93ace,Kyler Kerr,Person,Fort Collins,,,70,area:Fort Collins,2026-09-16T02:02:40.586573+00:00,1
76c821c5-b323-49bf-9d22-2745f36bc04e,Old Skin,Group,Fort Collins,,,70,area:Fort Collins,2026-09-16T02:02:40.586573+00:00,1
05c255ed-9ec5-44ce-a3ae-b5ea34325b7d,prairie,Group,Fort Collins,,,70,area:Fort Collins,2026-09-16T02:02:40.586573+00:00,1
f6b2d6ef-7c77-4165-9900-8a9e3c0a5077,KANNA,Person,Fort Collins,,,70,area:Fort Collins,2026-09-16T02:02:40.586573+00:00,1
5ac90b96-0e8a-4d12-b52a-9d77444856fd,Ducki,Group,Fort Collins,,2023-01,70,area:Fort Collins,2026-09-16T02:02:40.586573+00:00,1
61271681-f571-47c9-a71d-5f611f970a94,Remedies,Group,Fort Collins,,,70,area:Fort Collins,2026-09-16T02:02:40.586573+00:00,1
7ed63685-6a05-4364-8db3-0163f38143be,Midriff,Group,Fort Collins,,,70,area:Fort Collins,2026-09-16T02:02:40.586573+00:00,1
f51d0a5d-4086-48a4-bf8e-3cfecfafdbdc,Chasey Collins,Person,United States,,,70,area:Fort Collins,2026-09-16T02:02:40.586573+00:00,0
add732de-2ec6-470e-9a82-88ee24225b7e,Brianna Collins,Person,United States,Scranton,1991-07-21,70,area:Fort Collins,2026-09-16T02:02:40.586573+00:00,0
b534219a-f7c1-4816-a76c-697e6bc6977f,Willie Collins,Person,United States,,,70,area:Fort Collins,2026-09-16T02:02:40.586573+00:00,0
b9576215-a4cd-4624-8528-0066d70f645f,Camo Collins,Person,,,,70,area:Fort Collins,2026-09-16T02:02:40.586573+00:00,0
b6ce6933-02de-4856-be06-5edf92ba49f9,Paul Collins,Person,,,,70,area:Fort Collins,2026-09-16T02:02:40.586573+00:00,0
d3ec2331-d6a8-4f73-9411-9130dbc306b0,Jerod Collins,Person,,,,70,area:Fort Collins,2026-09-16T02:02:40.586573+00:00,0
4aa9d72c-68cf-4160-b51d-b8f417cc9e17,Karisma Collins,Person,,,,70,area:Fort Collins,2026-09-16T02:02:40.586573+00:00,0
471b9f36-3e77-49e8-a210-e767fa2f6edf,John Collins,,,,,70,area:Fort Collins,2026-09-16T02:02:40.586573+00:00,0
94f8e41e-1efd-4efa-a118-5c85d38e09e4,Collins Avenue,,,,,70,area:Fort Collins,2026-09-16T02:02:40.586573+00:00,0
f4c97580-9ed5-420c-9366-d9e81265a37d,Boots Collins,Person,,,,70,area:Fort Collins,2026-09-16T02:02:40.586573+00:00,0
0fce0aa4-3c7f-4501-922d-662076e6aa8e,Aaron Collins,Person,United States,Arkansas,1930-09-03,70,area:Fort Collins,2026-09-16T02:02:40.586573+00:00,0
8a8076dd-b7fe-463a-9039-69140c3ff9e1,Marty Collins,Person,,,,70,area:Fort Collins,2026-09-16T02:02:40.586573+00:00,0
19fc9345-dd19-46ec-bd97-c61a6cc99353,Catfish Collins,Person,United States,,1943-10-17,70,area:Fort Collins,2026-09-16T02:02:40.586573+00:00,0
78ad71cb-2abf-4ffb-9e69-58b8ea9fdbca,Steven Collins,Person,,,,70,area:Fort Collins,2026-09-16T02:02:40.586573+00:00,0
787acf71-f91c-4c1a-b749-e0d46edff9c5,Christian Collins,Person,United States,,,70,area:Fort Collins,2026-09-16T02:02:40.586573+00:00,0
bf8b51b1-748e-4f9c-8653-675f82013e2a,Crystal Collins,Person,United States,,,70,area:Fort Collins,2026-09-16T02:02:40.586573+00:00,0
ed7658cb-e5cf-4980-a8fb-1d90ef740a5d,Aaron Collins,Person,United Kingdom,,,70,area:Fort Collins,2026-09-16T02:02:40.586573+00:00,0
6ce90595-de2e-4170-9194-d2062c7829a4,Danny Collins,,,,,70,area:Fort Collins,2026-09-16T02:02:40.586573+00:00,0
5ae47f3f-deea-4f17-be91-2d195a0fba1d,Howard Collins,Person,,,,70,area:Fort Collins,2026-09-16T02:02:40.586573+00:00,0
76bf357d-7126-4a9b-bde4-c6bf628e8d9f,Romona Collins,Person,Toledo,Toledo,1948,70,area:Fort Collins,2026-09-16T02:02:40.586573+00:00,0
f5914d7e-9acc-47a8-81b7-63de9fa10e7b,Beau Collins,Person,Netherlands,,1997-06-02,70,area:Fort Collins,2026-09-16T02:02:40.586573+00:00,0
a1e968e9-b8a5-4bc4-87ab-4c1e84efb751,Vivian Collins,,,,,70,area:Fort Collins,2026-09-16T02:02:40.586573+00:00,0
16a9b0d6-cbbd-4bc6-9c24-2778503c70d1,Jay Collins,Person,England,,,70,area:Fort Collins,2026-09-16T02:02:40.586573+00:00,0
a4d16aa0-601a-473f-9052-2f4698a01518,Kimia Collins,,,,,70,area:Fort Collins,2026-09-16T02:02:40.586573+00:00,0
e6116a98-11b3-4981-b645-50b6e5218a05,R. Collins,Person,United States,,,70,area:Fort Collins,2026-09-16T02:02:40.586573+00:00,0
ecca834f-6b9f-4ea3-9e54-2951dba5f51e,Reverend Collins,Person,,,,70,area:Fort Collins,2026-09-16T02:02:40.586573+00:00,0
5df65f26-e97e-4e0d-8678-6496a3fba07d,Rögg Collins,Person,,,,70,area:Fort Collins,2026-09-16T02:02:40.586573+00:00,0
78de924c-bd63-4b40-a6cf-8b90cc3baf92,Marc Collins,Person,Scotland,,,70,area:Fort Collins,2026-09-16T02:02:40.586573+00:00,0
0ab29f0c-6a18-4ace-ad6e-e493abfaa30f,Mattew Collins,,,,,70,area:Fort Collins,2026-09-16T02:02:40.586573+00:00,0
55e49eb6-6dd4-4983-8ad0-596b3d60cb91,Nigel Collins,Person,,,,70,area:Fort Collins,2026-09-16T02:02:40.586573+00:00,0
5eb36220-4591-4177-9bb6-b8a093f0e342,Don Collins,,,,,70,area:Fort Collins,2026-09-16T02:02:40.586573+00:00,0
aeb8d919-014d-4a97-ae7e-a463955481cd,J.R. Collins,Person,,,,70,area:Fort Collins,2026-09-16T02:02:40.586573+00:00,0
43ba2fe6-6590-41c9-be1f-27ebfe76f7aa,Kim Collins,Person,,,,70,area:Fort Collins,2026-09-16T02:02:40.586573+00:00,0
1f6c8cbd-3137-4d51-bab2-0a43c77d7ead,Jared Collins,Person,,,,70,area:Fort Collins,2026-09-16T02:02:40.586573+00:00,0
0537cbab-3f73-497f-9fb0-edf53c50a242,Rachel Collins,Person,,,,70,area:Fort Collins,2026-09-16T02:02:40.586573+00:00,0
114f3ec6-6d41-4112-aebd-f3db7c07dfb2,Liam Collins,Person,,,,70,area:Fort Collins,2026-09-16T02:02:40.586573+00:00,0
48dc75fa-36aa-4529-9595-9013f7a66d00,Matt Collins,,,,,70,area:Fort Collins,2026-09-16T02:02:40.586573+00:00,0
62ae839c-6019-431f-b29f-d046a73a4b00,Collins Robert,,,,,70,area:Fort Collins,2026-09-16T02:02:40.586573+00:00,0
f43f3771-9b5a-45f7-91fd-25df30274a34,Blake Collins,Person,,,,70,area:Fort Collins,2026-09-16T02:02:40.586573+00:00,0
6ab89b6c-d43a-4b67-9e19-06ede71df86c,Dalon Collins,Person,,,,70,area:Fort Collins,2026-09-16T02:02:40.586573+00:00,0
e26b06bf-c26f-4ab5-8c37-20f15a0de678,Lily Collins,Person,,,,70,area:Fort Collins,2026-09-16T02:02:40.586573+00:00,0
fc394492-1c5c-4af0-bd6f-c3b9430ae7b0,Henry Collins,Person,,,,70,area:Fort Collins,2026-09-16T02:02:40.586573+00:00,0
fc82e438-d25f-4944-80f1-855e6a990c20,Conny Collins,Person,Belgium,Belgium,,70,area:Fort Collins,2026-09-16T02:02:40.586573+00:00,0
1fa740e4-b9e3-4e00-82d5-5f92693d447e,Louise Collins,Person,,,,69,area:Fort Collins,2026-09-16T02:02:40.586573+00:00,0
eceb4d3f-20af-4725-ad55-6e18683c4375,Barra Collins,Person,,,,69,area:Fort Collins,2026-09-16T02:02:40.586573+00:00,0
cd1b585f-be37-43b3-843f-db17a76f3065,Hylton Collins,,,,,69,area:Fort Collins,2026-09-16T02:02:40.586573+00:00,0
41650a86-5bca-4a9a-a002-8033cde2efa4,Peter Collins,Person,United States,New York,,69,area:Fort Collins,2026-09-16T02:02:40.586573+00:00,0
6e40706d-62da-42b2-9da0-693fc0bbb853,William Collins,Person,,,,69,area:Fort Collins,2026-09-16T02:02:40.586573+00:00,0
f48da855-5378-4e10-8663-43175156547e,Dave Collins,Person,New York,New York,,69,area:Fort Collins,2026-09-16T02:02:40.586573+00:00,0
a5d15845-a2e7-4ad2-805c-f6548aa92421,Vonitra Collins,,,,,69,area:Fort Collins,2026-09-16T02:02:40.586573+00:00,0
f946c9a7-84a5-49e2-9575-7edb6f34afaf,Ardie Collins,,,,,69,area:Fort Collins,2026-09-16T02:02:40.586573+00:00,0
da43c564-0699-4b5a-b23c-b58c8705c5a4,Coleen Collins,Person,,,,69,area:Fort Collins,2026-09-16T02:02:40.586573+00:00,0
1be8367c-7b6a-4cc5-9087-76fa890ea8f1,Kenneth Collins,Person,Australia,Birmingham,1935-10-21,69,area:Fort Collins,2026-09-16T02:02:40.586573+00:00,0
eec99584-0678-4c58-9e20-c6179ef6d6ab,Misha Collins,Person,United States,,,69,area:Fort Collins,2026-09-16T02:02:40.586573+00:00,0
de54a5c2-ee28-4635-83a8-fc5f4df5fbe2,Helen Collins,Person,,,,69,area:Fort Collins,2026-09-16T02:02:40.586573+00:00,0
67350136-21d5-4f85-8aa5-bab0bc12b873,Gus Collins,Person,,County Galway,1908,69,area:Fort Collins,2026-09-16T02:02:40.586573+00:00,0
26364adf-b804-4322-aff2-234949fec0d5,JC Collins,,,,,69,area:Fort Collins,2026-09-16T02:02:40.586573+00:00,0
fa4ca086-996d-44d7-b93b-50cf5dc1777e,Bill Collins,Person,United States,,1956-08-28,69,area:Fort Collins,2026-09-16T02:02:40.586573+00:00,0
78a88e05-623f-4e4b-9ff2-e55a3b5effbc,Joan Collins,Person,United Kingdom,Paddington,1933-05-23,69,area:Fort Collins,2026-09-16T02:02:40.586573+00:00,0
24789258-c287-4039-902f-ccd14f85dc11,Bobby Collins,,,,,69,area:Fort Collins,2026-09-16T02:02:40.586573+00:00,0
baa1839e-86dc-4454-a174-602399391dd1,Nick Collins,Person,,,,69,area:Fort Collins,2026-09-16T02:02:40.586573+00:00,0
9a67d558-9b83-4321-bfc0-ddec42fa583e,Steve Collins,Person,,,,69,area:Fort Collins,2026-09-16T02:02:40.586573+00:00,0
e586fb49-c4ed-465b-8f8d-e7bcfa83ce1e,Aziz Collins,Person,Philadelphia,,,69,area:Fort Collins,2026-09-16T02:02:40.586573+00:00,0
a6f88175-7ca9-4e4e-b216-166450f4c469,Carrie Collins,,,,,69,area:Fort Collins,2026-09-16T02:02:40.586573+00:00,0
2dc9cd11-7308-41d3-ba73-b419c1c12702,Coyote Collins,Person,United States,,,69,area:Fort Collins,2026-09-16T02:02:40.586573+00:00,0
254b838e-4daa-44c7-a253-12e4e629fc6c,Ouiwey Collins,Person,United States,Cincinnati,,69,area:Fort Collins,2026-09-16T02:02:40.586573+00:00,0
4319f8bf-01ff-4982-9495-06328f9e1f8d,Steve Collins,Person,Germany,,,69,area:Fort Collins,2026-09-16T02:02:40.586573+00:00,0
d7bc9b06-4e79-4ff1-858c-d4ea0055d7d0,Walt Collins,,,,,69,area:Fort Collins,2026-09-16T02:02:40.586573+00:00,0
41ea6540-3776-46fc-becb-5d61fd2fbaf7,Mario Collins,,,,,69,area:Fort Collins,2026-09-16T02:02:40.586573+00:00,0
5d207ac5-6f2f-4ae8-8935-c3e950788b0a,Phil Collins,,,,,69,area:Fort Collins,2026-09-16T02:02:40.586573+00:00,0
b437f6b4-d15c-4eaf-91ed-dfa4b362bab8,Amy Collins,Person,United States,,,69,area:Fort Collins,2026-09-16T02:02:40.586573+00:00,0
6945ad88-19e2-4bc2-981c-42a96dac39cf,Phil Collins,Person,England,,1970,69,area:Fort Collins,2026-09-16T02:02:40.586573+00:00,0
fc7a60fe-a00d-4d62-8627-e28d00132f67,Ricky Collins,Person,,,,69,area:Fort Collins,2026-09-16T02:02:40.586573+00:00,0
577c2f11-52f9-4784-9943-ad14753d09e4,Kieran Collins,Person,,,,69,area:Fort Collins,2026-09-16T02:02:40.586573+00:00,0
bd22accd-9656-451d-b241-670f60a53117,Caroline Collins,Person,,,,69,area:Fort Collins,2026-09-16T02:02:40.586573+00:00,0
48d5e1e6-a626-4552-91b1-527ce44ec4f9,Marco Collins,Person,Seattle,,1965-02-25,69,area:Fort Collins,2026-09-16T02:02:40.586573+00:00,0
273357e0-535f-43e3-b3dd-45a3dac971d2,Wil Collins,Person,,,,69,area:Fort Collins,2026-09-16T02:02:40.586573+00:00,0
8a0a3e04-58d2-4343-bb0a-dccd58636ef8,Jonathan Collins,Person,,,,69,area:Fort Collins,2026-09-16T02:02:40.586573+00:00,0
4b65b72f-2c0b-47f4-8bda-ee12bb81caa7,Kurt Collins,,,,,69,area:Fort Collins,2026-09-16T02:02:40.586573+00:00,0
39f95b88-e77f-4a09-a443-4be394ce01c9,Ronald Collins,Person,,,,69,area:Fort Collins,2026-09-16T02:02:40.586573+00:00,0
60723bfd-3fc0-4e6b-9d79-a75435168432,Lewis Collins,Person,,,1946-05-27,69,area:Fort Collins,2026-09-16T02:02:40.586573+00:00,0
24f977b7-205c-4873-a318-d652fa5923c5,Adam Collins,,,,,69,area:Fort Collins,2026-09-16T02:02:40.586573+00:00,0
c6e7de3e-3009-4c21-b26d-abd6d80a8e76,Jason Collins,Person,,,,69,area:Fort Collins,2026-09-16T02:02:40.586573+00:00,0
8ce78f3e-3f64-4ffb-bc34-fc4ced65efff,Ted Collins,,,,,69,area:Fort Collins,2026-09-16T02:02:40.586573+00:00,0
d37950f8-af43-411f-87c9-ec78b7f03161,John Collins,Person,,,,69,area:Fort Collins,2026-09-16T02:02:40.586573+00:00,0
4d7c60f8-a9a9-483b-974f-63b65b32a5f3,Dave Collins,,,,,69,area:Fort Collins,2026-09-16T02:02:40.586573+00:00,0
0ef894e6-4881-4d05-bb1d-31be8c326513,Matthew Collins,Person,Cork,,,69,area:Fort Collins,2026-09-16T02:02:40.586573+00:00,0
7daefd55-8c58-45bf-a777-851a6b8e2302,Ben Collins,Person,United States,,,69,area:Fort Collins,2026-09-16T02:02:40.586573+00:00,0
6b18a758-6c0b-4a03-b431-d90030496635,Will Collins,,,,,69,area:Fort Collins,2026-09-16T02:02:40.586573+00:00,0
81a262a0-280b-4104-8d88-89dabc785ce3,Keith Collins,Person,,,,69,area:Fort Collins,2026-09-16T02:02:40.586573+00:00,0
27d5454d-13fa-49d2-8e13-340dce44bf28,Laura Collins,Person,,,,69,area:Fort Collins,2026-09-16T02:02:40.586573+00:00,0
4a3fe707-0536-4783-a32f-55197b020068,Norman Collins,Person,,,,69,area:Fort Collins,2026-09-16T02:02:40.586573+00:00,0
2f2d3dff-4a05-4687-a8bc-fd2df39beaae,Janette Collins,Person,,,,69,area:Fort Collins,2026-09-16T02:02:40.586573+00:00,0
6a4908a4-7685-4bcb-ae0e-726b054640a7,Rodgers Collins,Person,,,,69,area:Fort Collins,2026-09-16T02:02:40.586573+00:00,0
3e2c8a78-6315-4ff7-bcb3-57201f488c98,Gazz Collins,Person,,,,69,area:Fort Collins,2026-09-16T02:02:40.586573+00:00,0
8dcc3a9e-a68d-4c94-a0f5-c8446c163945,Peter Collins,Person,,,,69,area:Fort Collins,2026-09-16T02:02:40.586573+00:00,0
672b9c22-bd5e-4776-800d-5ec6d05bd716,Gutzy Collins,,,,,69,area:Fort Collins,2026-09-16T02:02:40.586573+00:00,0
44982504-585f-4b2b-9417-728e02baf3bd,Derek Collins,Person,,,,69,area:Fort Collins,2026-09-16T02:02:40.586573+00:00,0
e83e8fe6-2ded-44db-a030-0280960eec97,Owen Collins,,,,,69,area:Fort Collins,2026-09-16T02:02:40.586573+00:00,0
8040cb99-e47c-4d6e-b4be-a6b1e77372fa,Noah Collins,Person,Chattanooga,,,69,area:Fort Collins,2026-09-16T02:02:40.586573+00:00,0
d8a54044-3550-422e-89d0-fd21c4aac8a9,Anna Collins,Person,,,,69,area:Fort Collins,2026-09-16T02:02:40.586573+00:00,0
14d553e4-2ed7-4d3f-8152-6517e102ee97,Lolla Collins,,,,,69,area:Fort Collins,2026-09-16T02:02:40.586573+00:00,0
9d136733-63d3-419d-8f38-4fdb708b7c68,Collins Peters,Person,,,,69,area:Fort Collins,2026-09-16T02:02:40.586573+00:00,0
4617185a-40a2-4f32-b7ba-459a12e25282,Roman Collins,,,,,69,area:Fort Collins,2026-09-16T02:02:40.586573+00:00,0
358a63cf-5b14-4ecf-8992-603b98fba01a,Jack Collins,Person,,,,69,area:Fort Collins,2026-09-16T02:02:40.586573+00:00,0
ef6e72cc-d81e-4a43-b16d-027856d7c602,Trill Collins,,,,,69,area:Fort Collins,2026-09-16T02:02:40.586573+00:00,0
b80296e5-aa3f-4904-bdbd-283323b847e0,Charles Collins,Person,,,,69,area:Fort Collins,2026-09-16T02:02:40.586573+00:00,0
27ddac3a-e7c0-4c76-b6ee-43461fc4c5be,ABOLAJI COLLINS,Person,,,,69,area:Fort Collins,2026-09-16T02:02:40.586573+00:00,0
b3cb0153-7a17-4a15-a034-40bb6ba595f0,Nate Collins,,,,,69,area:Fort Collins,2026-09-16T02:02:40.586573+00:00,0
b78f7df9-b371-4e71-8e9c-292ff3bdda86,Ava Collins,,,,,69,area:Fort Collins,2026-09-16T02:02:40.586573+00:00,0
1bc60b9e-e29a-4293-88be-15562c56cd74,Cherry Collins,,,,,69,area:Fort Collins,2026-09-16T02:02:40.586573+00:00,0
93b3f410-d457-432b-9ffc-f578ca4e3c5a,Ray Collins,Person,United States,Pomona,1936-11-19,69,area:Fort Collins,2026-09-16T02:02:40.586573+00:00,0
2c7212be-295f-4728-bba9-6d4fb5a659a1,Bella Collins,Person,,,,69,area:Fort Collins,2026-09-16T02:02:40.586573+00:00,0
989402fb-3ce4-455a-a327-98e202ea466a,Cathy Collins,,,,,69,area:Fort Collins,2026-09-16T02:02:40.586573+00:00,0
33c47842-c034-491d-be7a-ecf22e81bed1,Sean Collins,,,,,69,area:Fort Collins,2026-09-16T02:02:40.586573+00:00,0
8535ccc1-7969-444d-9a6b-8be6ab23c29a,Joyce Collins,Person,United States,Lander County,1930-05-05,69,area:Fort Collins,2026-09-16T02:02:40.586573+00:00,0
c593be2d-53a2-4f2e-84ca-08cec844ed88,Dolphin Collins,Person,,,,69,area:Fort Collins,2026-09-16T02:02:40.586573+00:00,0
2d26e0b5-a951-4c4f-85f7-5a5a0a27e53d,José Collins,Person,,,,69,area:Fort Collins,2026-09-16T02:02:40.586573+00:00,0
9aad4bc1-8f10-42f3-8889-8300b87391b3,Jack Collins,Person,United States,,,69,area:Fort Collins,2026-09-16T02:02:40.586573+00:00,0
67c5474b-9cc8-4927-afb5-56a3d91e53b9,Snoopy Collins,Person,,,,69,area:Fort Collins,2026-09-16T02:02:40.586573+00:00,0
88e9cf6c-f82a-4ccd-8988-8d7b826fe1af,Jo Collins,Person,United Kingdom,,,69,area:Fort Collins,2026-09-16T02:02:40.586573+00:00,0
2fe18146-5dec-4b3c-820b-55c7da65caab,Kerry Collins,,,,,69,area:Fort Collins,2026-09-16T02:02:40.586573+00:00,0
3b90550c-cdef-4e10-8277-f33871cc8634,Viola Collins,,,,,69,area:Fort Collins,2026-09-16T02:02:40.586573+00:00,0
0b18f26f-5022-4f1f-a991-c59d03e55380,Tasha Collins,Person,United States,,,69,area:Fort Collins,2026-09-16T02:02:40.586573+00:00,0
1170f835-b1af-418a-8bf1-4f442201c603,Boby Collins,,,,,69,area:Fort Collins,2026-09-16T02:02:40.586573+00:00,0
6fdb5011-8540-47e4-956c-62522cab35e0,Gromyko Collins,Person,,,,69,area:Fort Collins,2026-09-16T02:02:40.586573+00:00,0
22bcbf16-48c0-4792-be1a-965cf64b48a8,Dwayne Collins,Person,United States,,,69,area:Fort Collins,2026-09-16T02:02:40.586573+00:00,0
72ba59ba-5fb5-4205-807a-b7c5caf790c7,4 Collins,Person,,,,69,area:Fort Collins,2026-09-16T02:02:40.586573+00:00,0
17e28487-a781-49ea-81fa-49954f77b199,Kenya Collins,,,,,69,area:Fort Collins,2026-09-16T02:02:40.586573+00:00,0
352e792d-9790-40d8-bf6b-5ee91939c32e,Cat Collins,Person,,,,69,area:Fort Collins,2026-09-16T02:02:40.586573+00:00,0
7cf928ac-28d6-4951-838e-44c8016fd956,Kenny Collins,,,,,69,area:Fort Collins,2026-09-16T02:02:40.586573+00:00,0
711f7699-d604-42b7-81e5-d7b6b00088d8,Dennis Collins,Person,Detroit,,,69,area:Fort Collins,2026-09-16T02:02:40.586573+00:00,0
12c79600-0175-4c17-a78f-1077953290c2,Rudy Collins,Person,United States,New York,1934-07-24,69,area:Fort Collins,2026-09-16T02:02:40.586573+00:00,0
5e06a40c-ed30-4802-8c3b-3e65536227a2,Sarah Collins,Person,United Kingdom,,1964-10-20,69,area:Fort Collins,2026-09-16T02:02:40.586573+00:00,0
98aa1c6c-ca19-42e7-9310-f2a2b2812e01,Carlton Collins,Person,,,,69,area:Fort Collins,2026-09-16T02:02:40.586573+00:00,0
e41eb06b-0196-4750-878f-72f1cd8eeea8,Lindsay Collins,,,,,69,area:Fort Collins,2026-09-16T02:02:40.586573+00:00,0
2f5349ea-b712-4870-99fb-85cdfcbb4933,Bud Collins,Person,Charleston,,,69,area:Fort Collins,2026-09-16T02:02:40.586573+00:00,0
38df5235-b725-4c55-a5dc-c0235841df6b,Kayslee Collins,Person,,,,69,area:Fort Collins,2026-09-16T02:02:40.586573+00:00,0
e800e32c-9ccf-4724-9aeb-e8c69154d1d8,Keith Collins,Person,,,,69,area:Fort Collins,2026-09-16T02:02:40.586573+00:00,0
5b9481bc-f796-49b0-843b-fd59a9d41efa,Sly Collins,Person,Ghana,,,69,area:Fort Collins,2026-09-16T02:02:40.586573+00:00,0
4dd78424-e188-429d-9400-bd31c94b5a71,Emm Collins,Person,,,,69,area:Fort Collins,2026-09-16T02:02:40.586573+00:00,0
9dfa1889-aea4-42a4-adb8-6f4251b5a15f,Ollie Collins,Person,,,,69,area:Fort Collins,2026-09-16T02:02:40.586573+00:00,0
ea1b7d2b-49f0-41bb-bbb3-40869fffda97,Al Collins,Person,United States,,,69,area:Fort Collins,2026-09-16T02:02:40.586573+00:00,0
492bb800-dbad-42d7-975d-6d6dab6df6fe,Barnabas Collins,,,,,69,area:Fort Collins,2026-09-16T02:02:40.586573+00:00,0
5ed1cf54-d380-476c-9f97-cdd68f42294f,Billy Collins,Person,,,,69,area:Fort Collins,2026-09-16T02:02:40.586573+00:00,0
24f95021-7799-438c-9ce2-6f19f0a5732f,Susan Collins,Person,United States,,,69,area:Fort Collins,2026-09-16T02:02:40.586573+00:00,0
7e8808c4-f29b-4182-896a-0bc5d9d2e432,Combat Collins,,,,,69,area:Fort Collins,2026-09-16T02:02:40.586573+00:00,0
f5786669-7755-4306-83c2-ca85bf3d9bf9,John Collins,Person,United Kingdom,,1950,69,area:Fort Collins,2026-09-16T02:02:40.586573+00:00,0
7b751138-79d4-46ee-8e01-6f76ab9f3493,Suzanne Collins,Person,,,,69,area:Fort Collins,2026-09-16T02:02:40.586573+00:00,0
aada6961-4c16-419a-a256-f5640cea28ea,Chill Collins,,,,,69,area:Fort Collins,2026-09-16T02:02:40.586573+00:00,0
d1c141ea-1aef-4022-a46d-f66f90d2f4a0,Nadine Collins,Person,,,,69,area:Fort Collins,2026-09-16T02:02:40.586573+00:00,0
0d35f7db-194d-4afc-8127-9275fb96ab20,Adams Collins,Person,Fayetteville,Fayetteville,,69,area:Fort Collins,2026-09-16T02:02:40.586573+00:00,0
3012239a-aef0-40b9-9294-6b9c03b76bb2,Clancy Collins,Person,United Kingdom,Kingston,1937,69,area:Fort Collins,2026-09-16T02:02:40.586573+00:00,0
1431ea3e-14f7-4917-bdbe-68ec99c98c4c,Sir Collins,,,,,69,area:Fort Collins,2026-09-16T02:02:40.586573+00:00,0
87a63485-b620-4db4-98ad-a77df059cf9c,Leon Collins,,,,,69,area:Fort Collins,2026-09-16T02:02:40.586573+00:00,0
d448e10e-a163-4ee4-a53c-a61e5df5bc32,George Collins,Person,United Kingdom,,,69,area:Fort Collins,2026-09-16T02:02:40.586573+00:00,0
e493f432-6c2a-42d6-9a97-be385770bb93,Filthy Collins,,,,,69,area:Fort Collins,2026-09-16T02:02:40.586573+00:00,0
5f5f4c12-3c35-400d-ba4e-2b51b49e7494,Renate Collins,Person,United Kingdom,Praha,1933,69,area:Fort Collins,2026-09-16T02:02:40.586573+00:00,0
d94419f8-98f4-4730-baeb-5f0409d16aec,Peter Collins,Person,United Kingdom,London,1951-01-15,69,area:Fort Collins,2026-09-16T02:02:40.586573+00:00,0
5e34284d-9a1d-4eee-872c-fbabcfc83296,Jeremy Collins,Person,United States,,1986,69,area:Fort Collins,2026-09-16T02:02:40.586573+00:00,0
39b907bc-5a86-4f63-99a9-66c9260e3e7d,Dearbhla Collins,Person,,,,69,area:Fort Collins,2026-09-16T02:02:40.586573+00:00,0
159e72d9-ad69-40b6-adb6-37d8e5194c35,Megan Collins,Person,,,,69,area:Fort Collins,2026-09-16T02:02:40.586573+00:00,0
5cbf5877-d09d-4db4-a9e6-10e93ca2c0e8,Derek Collins,Person,,,,69,area:Fort Collins,2026-09-16T02:02:40.586573+00:00,0
e19fc197-398a-49e8-ba0f-93f9b5164c89,Zach Collins,Person,,,,69,area:Fort Collins,2026-09-16T02:02:40.586573+00:00,0
e1b6d435-ebea-43db-987e-da403d910e48,Sarah Collins,Person,,,,69,area:Fort Collins,2026-09-16T02:02:40.586573+00:00,0
f06dc10e-753b-41f6-bcbe-327f7198cc7c,Paul Collins,Person,,,,69,area:Fort Collins,2026-09-16T02:02:40.586573+00:00,0
9663a176-9fed-4729-8710-31ab8743641d,Andrew Collins,Person,,,,69,area:Fort Collins,2026-09-16T02:02:40.586573+00:00,0
7412cfe3-7f0f-4f8c-b08b-bb5059d08d6a,Dan Collins,Person,Dorset,,1987-07-01,69,area:Fort Collins,2026-09-16T02:02:40.586573+00:00,0
dc6e1054-5538-4023-8dfd-c8f3429bda52,Niamh Collins,Person,,,,69,area:Fort Collins,2026-09-16T02:02:40.586573+00:00,0
3ebdb68c-1575-4ffc-81b4-96f539fc9f20,Henry Collins,Person,,,,69,area:Fort Collins,2026-09-16T02:02:40.586573+00:00,0
7dd6cc5c-0044-402d-9a9a-dcc471b7b4cc,Stewart Collins,Person,,,,69,area:Fort Collins,2026-09-16T02:02:40.586573+00:00,0
42a22281-31de-42e3-a845-7ab875dad240,Dorothy Collins,Person,,,,69,area:Fort Collins,2026-09-16T02:02:40.586573+00:00,0
07aceea3-8424-4704-b226-c57010619899,Drew Collins,Person,United States,,1975,69,area:Fort Collins,2026-09-16T02:02:40.586573+00:00,0
be4a7191-3ff7-4000-8a65-72aa38880d67,Philip Collins,Person,,,,69,area:Fort Collins,2026-09-16T02:02:40.586573+00:00,0
fc8faf3c-5666-4025-9400-7599735c1f82,Adm Collins,Person,,,,69,area:Fort Collins,2026-09-16T02:02:40.586573+00:00,0
d1ea607a-dbb7-4624-8837-9305952550a5,Charles Collins,Person,,,1874,69,area:Fort Collins,2026-09-16T02:02:40.586573+00:00,0
00c49c93-5c9b-422b-9c1c-ad077375e309,Wahl Collins,Group,Toronto,Toronto,2012,69,area:Fort Collins,2026-09-16T02:02:40.586573+00:00,0
3d60644c-6e69-41b5-b9b3-54582cc78479,Ernie Collins,Person,United States,,,69,area:Fort Collins,2026-09-16T02:02:40.586573+00:00,0
8de2437e-6765-43b7-aa8d-f436d25fc727,David Collins,Person,,,,69,area:Fort Collins,2026-09-16T02:02:40.586573+00:00,0
e27d9d3b-1dfc-4060-892d-cb1cdeb68d72,Brian Collins,Person,United States,,,69,area:Fort Collins,2026-09-16T02:02:40.586573+00:00,0
2792385c-9bcf-4513-9b75-904c71258d6c,Dan Collins,Person,United States,,,69,area:Fort Collins,2026-09-16T02:02:40.586573+00:00,0
2e148383-7f08-49cb-a861-c6e919c8dc27,Dan Collins,Person,United States,,,69,area:Fort Collins,2026-09-16T02:02:40.586573+00:00,0
c9b9bc38-c15a-489f-adc4-8222b8697b96,Howard Collins,Person,,,,69,area:Fort Collins,2026-09-16T02:02:40.586573+00:00,0
2b92727c-bf8c-4f30-bf1c-d845355675d1,Bob Collins,Person,,,,69,area:Fort Collins,2026-09-16T02:02:40.586573+00:00,0
afc2e4cd-af0d-40fe-b858-70f1accc1cf6,Henry Collins,Person,United Kingdom,,,69,area:Fort Collins,2026-09-16T02:02:40.586573+00:00,0
0785291b-bcc9-4102-a0e7-493746c83ed7,Steve Collins,Person,,,,69,area:Fort Collins,2026-09-16T02:02:40.586573+00:00,0
bfef4121-a8e8-4f01-aa0d-edd3f50fba2f,Everald Collins,Person,,,,69,area:Fort Collins,2026-09-16T02:02:40.586573+00:00,0
814dffe6-e9ac-44a0-80d9-549953cdfb94,Frank Collins,Person,Philadelphia,,,69,area:Fort Collins,2026-09-16T02:02:40.586573+00:00,0
751e2cc1-502c-4fc7-b2bc-bd6a4a2627bb,Mathew Collins,Person,,,,69,area:Fort Collins,2026-09-16T02:02:40.586573+00:00,0
e3451a2a-f211-41d9-903d-a1b95a851eda,Nicholas Collins,Person,United States,Miami,2001-04-21,69,area:Fort Collins,2026-09-16T02:02:40.586573+00:00,0
a9b5e6c7-47e8-47ac-b6f7-8927117abbf5,Alfie Collins,Person,Canada,,,69,area:Fort Collins,2026-09-16T02:02:40.586573+00:00,0
d098ea44-f1a3-4596-a982-a4591a702306,Marjory Collins,Person,United States,,,69,area:Fort Collins,2026-09-16T02:02:40.586573+00:00,0
206997a4-8b84-45d4-9742-fec3be1b4372,Ren Collins,Person,Belgium,Heist-op-den-Berg,,69,area:Fort Collins,2026-09-16T02:02:40.586573+00:00,0
fe323e58-ca27-4766-b2f5-f22cd8bad585,Rick Collins,Person,,,,69,area:Fort Collins,2026-09-16T02:02:40.586573+00:00,0
59938129-ddfb-45b1-89f2-662324d9ee98,Dlajaith Collins,Person,,,,69,area:Fort Collins,2026-09-16T02:02:40.586573+00:00,0
1391c7c4-360f-4267-80a6-9d89cc654acc,Will Collins,Person,,,,69,area:Fort Collins,2026-09-16T02:02:40.586573+00:00,0
0772ef3f-2508-4f77-bf59-6dd893053f05,Zoe Collins,Person,,,,69,area:Fort Collins,2026-09-16T02:02:40.586573+00:00,0
a46321f4-f910-4069-8630-40ea68c97e63,Peter Collins,Person,United Kingdom,,,69,area:Fort Collins,2026-09-16T02:02:40.586573+00:00,0
ddc87482-10b5-4c62-97d5-36c4a2bf2341,Reggie Collins,Person,United States,,,69,area:Fort Collins,2026-09-16T02:02:40.586573+00:00,0
ba9dd27f-d449-4496-bae8-3c8258097f0b,Virginia Collins,Person,,,,69,area:Fort Collins,2026-09-16T02:02:40.586573+00:00,0
857a6a5c-5abe-42ca-ac99-8e3da1126abf,Susan Collins,Person,,,,69,area:Fort Collins,2026-09-16T02:02:40.586573+00:00,0
efbcfbbe-9121-4501-8e85-febc493cbe85,Nathan Collins,Person,Australia,,,69,area:Fort Collins,2026-09-16T02:02:40.586573+00:00,0
f190a5c6-9b91-4f8e-af27-c682a6ebf5ff,Barry Collins,Person,,,,69,area:Fort Collins,2026-09-16T02:02:40.586573+00:00,0
0c5a6813-a173-4513-9bb1-2ce0db3a4857,Janet Collins,Person,,,,69,area:Fort Collins,2026-09-16T02:02:40.586573+00:00,0
c208234c-4827-43bd-a598-2ffcbcf05c7e,Meredith Collins,Person,,,,69,area:Fort Collins,2026-09-16T02:02:40.586573+00:00,0
86011bf6-a525-4030-8752-237b1d3b0e5d,Dakota Collins,Person,Santa Barbara,Solvang,1990-04-28,69,area:Fort Collins,2026-09-16T02:02:40.586573+00:00,0
f44c57e6-fc75-4bd3-b44f-546f100b66d6,Simon Collins,Person,Australia,,,69,area:Fort Collins,2026-09-16T02:02:40.586573+00:00,0
355a43d9-f9bf-4203-987c-c913309ba802,Mitchy Collins,Person,,,,69,area:Fort Collins,2026-09-16T02:02:40.586573+00:00,0
a91370fd-1b07-4e60-bf59-857f5ed7fdab,Daniel Collins,Person,,,,69,area:Fort Collins,2026-09-16T02:02:40.586573+00:00,0
9aa98ee2-4f24-4e67-9a52-0bc05ffbd8de,Tina Collins,Person,Asheville,Cincinnati,1982-07-27,69,area:Fort Collins,2026-09-16T02:02:40.586573+00:00,0
1fb64de3-0e0e-4883-b55b-4c23f6d034bc,Duncan Collins,Person,,,,69,area:Fort Collins,2026-09-16T02:02:40.586573+00:00,0
40f43a3b-aaee-47e9-85a4-c3f52754f2e3,Chris Collins,Person,,,,69,area:Fort Collins,2026-09-16T02:02:40.586573+00:00,0
3b307fe9-a669-4b55-af61-666d867fadba,Ben Collins,Person,,,,69,area:Fort Collins,2026-09-16T02:02:40.586573+00:00,0
9f0048ed-da37-490a-b85a-154b3521eaf9,Paddy Collins,Person,United Kingdom,,,69,area:Fort Collins,2026-09-16T02:02:40.586573+00:00,0
d0ad6e20-5b80-48f8-97ec-480f45296735,Monty Collins,Person,United States,New York,1898-12-03,69,area:Fort Collins,2026-09-16T02:02:40.586573+00:00,0
d58cf7a8-00c4-4cf8-974f-c0042323338c,Wallace Collins,,,,,69,area:Fort Collins,2026-09-16T02:02:40.586573+00:00,0
9a6fefa5-2526-43b3-babb-5c6fc0c2a8f4,James Collins,Person,,,,69,area:Fort Collins,2026-09-16T02:02:40.586573+00:00,0
117823a3-1c4f-4c60-90c0-e468d464036f,Adam Collins,Person,United States,,,69,area:Fort Collins,2026-09-16T02:02:40.586573+00:00,0
d3c4be86-f5b0-427e-b28d-d5beaa79088b,John Collins,Person,,,,69,area:Fort Collins,2026-09-16T02:02:40.586573+00:00,0
07f002fc-7c4f-42d2-8a30-692c0055082b,Nas Collins,Person,,,,69,area:Fort Collins,2026-09-16T02:02:40.586573+00:00,0
11d72fae-a2d4-4c22-b63b-1e162ca23b70,Roy Collins,Person,,,,69,area:Fort Collins,2026-09-16T02:02:40.586573+00:00,0
dcdc61de-de0a-45fb-9487-503f5e4e0e7f,Ben Collins,Person,United States,,,69,area:Fort Collins,2026-09-16T02:02:40.586573+00:00,0
74131a38-a7f0-4570-82e9-4d681a159b01,Rod Collins,Person,,,,69,area:Fort Collins,2026-09-16T02:02:40.586573+00:00,0
8d1fe8ee-4070-488b-b0eb-d27383605694,Bryan Collins,Person,United States,,,69,area:Fort Collins,2026-09-16T02:02:40.586573+00:00,0
f293bf0b-a427-471d-a6c7-133a033f5280,Bob Collins,Person,,,,69,area:Fort Collins,2026-09-16T02:02:40.586573+00:00,0
04cb0d84-3c7a-484c-853a-44b95c37c9a2,Dave Collins,Person,,,,69,area:Fort Collins,2026-09-16T02:02:40.586573+00:00,0
f857edfb-8b03-484b-8ea3-1926a73e560e,Steve Collins,Person,Alabama,,,69,area:Fort Collins,2026-09-16T02:02:40.586573+00:00,0
91e536fb-f7cf-4170-9ad0-85249b9c6ace,Kayla Collins,Person,,,,69,area:Fort Collins,2026-09-16T02:02:40.586573+00:00,0
4a26c03f-0482-4cab-ad42-e6b88c809e72,Meloney Collins,Person,,,,69,area:Fort Collins,2026-09-16T02:02:40.586573+00:00,0
3c73bec1-72b3-4178-8449-996425c1c1d6,Ferenc Collins,Person,United Kingdom,,,69,area:Fort Collins,2026-09-16T02:02:40.586573+00:00,0
12eb80f0-a9b4-4cda-bfab-0bd09b48ca07,Robert Collins,Person,,,,69,area:Fort Collins,2026-09-16T02:02:40.586573+00:00,0
19e9af20-83ba-4907-8589-7ba411585c18,Jordan Collins,Person,,,,69,area:Fort Collins,2026-09-16T02:02:40.586573+00:00,0
4a6bc955-7357-49a0-8616-d363ab22b998,Dorian Collins,Person,,,,69,area:Fort Collins,2026-09-16T02:02:40.586573+00:00,0
51cc0038-78b3-4357-9d2b-4dfb4ef891f7,Andrew Collins,Person,,,,69,area:Fort Collins,2026-09-16T02:02:40.586573+00:00,0
5763ea4c-fa20-4da5-be5c-3344e1d181db,Josh Collins,Person,,,,69,area:Fort Collins,2026-09-16T02:02:40.586573+00:00,0
8b213ced-f647-44fc-95f1-af55c9a3f05f,Chrissy Collins,,,,,69,area:Fort Collins,2026-09-16T02:02:40.586573+00:00,0
5fe74676-a325-412f-a047-ab39f901bf91,Collins Class,Group,Brisbane,,,69,area:Fort Collins,2026-09-16T02:02:40.586573+00:00,0
a5bcb17c-fe92-4bb8-bf65-cee6ce745e0a,Rich Collins,Person,,,,69,area:Fort Collins,2026-09-16T02:02:40.586573+00:00,0
83247c1c-e103-442d-b5ab-28268a05a62a,Todd Collins,Person,Basking Ridge,,,69,area:Fort Collins,2026-09-16T02:02:40.586573+00:00,0
eb04e1e4-58a1-4dcc-8010-bb87ca592b47,Marlon Collins,Person,United States,,,69,area:Fort Collins,2026-09-16T02:02:40.586573+00:00,0
cbab90f3-ded7-4d05-bc00-3f8781e081ad,Crown Collins,Person,,,,69,area:Fort Collins,2026-09-16T02:02:40.586573+00:00,0
fda1d829-2ca9-404c-9a93-06c2fcf60734,Kenneth Collins,Person,Wales,,,69,area:Fort Collins,2026-09-16T02:02:40.586573+00:00,0
cff7b6f4-eb5f-42dc-8cb5-c1146ee94b53,Lenny Collins,Person,United States,,,69,area:Fort Collins,2026-09-16T02:02:40.586573+00:00,0
121385be-d112-4817-9fca-5fa629203cc9,Rosie Collins,Person,Los Angeles,,1941,69,area:Fort Collins,2026-09-16T02:02:40.586573+00:00,0
1097acc0-05a7-4082-b0a9-6e4109ebcc07,Betty Collins,Person,Los Angeles,,1939,69,area:Fort Collins,2026-09-16T02:02:40.586573+00:00,0
13a356ad-ea26-4db3-91d1-8691aaab5b9d,Collins Enebeli,Person,Nigeria,,,69,area:Fort Collins,2026-09-16T02:02:40.586573+00:00,0
39ddb903-59b9-4a61-af82-a8f925c91eec,James Collins,,,,,69,area:Fort Collins,2026-09-16T02:02:40.586573+00:00,0
fd614051-d09d-43e0-9cb4-2ffef5d8284d,Mick Collins,Person,,,,69,area:Fort Collins,2026-09-16T02:02:40.586573+00:00,0
b79bb503-4cb1-4831-b438-8799defac973,Phil Collins,Person,Germany,,,69,area:Fort Collins,2026-09-16T02:02:40.586573+00:00,0
ceb7f793-1c3c-47d4-b65f-ac8340f5352a,Jeff Collins,Person,,,,69,area:Fort Collins,2026-09-16T02:02:40.586573+00:00,0
53a5f6d6-5a2f-4fdb-b97c-4be83cc20527,Robert Collins,Person,United Kingdom,,,69,area:Fort Collins,2026-09-16T02:02:40.586573+00:00,0
f9a1c746-8781-4e5c-bf04-205113b83a42,Colleen Collins,Person,Canada,,,69,area:Fort Collins,2026-09-16T02:02:40.586573+00:00,0
f0e81b95-92a1-4612-9bc5-98e2b695bf1e,Jill Collins,Person,,,,69,area:Fort Collins,2026-09-16T02:02:40.586573+00:00,0
844dc2a4-bdb8-4b67-b2fa-a4733ab472b2,Dan Collins,Person,United States,,,69,area:Fort Collins,2026-09-16T02:02:40.586573+00:00,0
6618efec-79ad-48aa-a8e3-9e89f8c57c1d,Brendan Collins,Person,,,,69,area:Fort Collins,2026-09-16T02:02:40.586573+00:00,0
eddf47b3-92b7-45fb-9098-e24073ad2cab,Mac Collins,Person,,,,69,area:Fort Collins,2026-09-16T02:02:40.586573+00:00,0
3b0a899b-4536-45ce-b0c8-121f292e8aeb,Bass Bakery,Group,Colorado,,,78,"area:""Colorado""",2026-09-16T02:27:12.196683+00:00,1
6f3dedca-26fb-4efc-b724-5a539a5df70c,AwpSnax,Person,Colorado,,,78,"area:""Colorado""",2026-09-16T02:27:12.196683+00:00,1
a0b250da-4b74-4262-89c3-84f388af439a,Freak Delusion,,Colorado,,,78,"area:""Colorado""",2026-09-16T02:27:12.196683+00:00,1
fe31ddbb-b043-4f38-993c-21dafc7c1abd,Blighter,,Colorado,,,78,"area:""Colorado""",2026-09-16T02:27:12.196683+00:00,1
41bb82ce-ab70-4f75-ba4c-ec96fc6a0569,Jacket of Spiders,,Colorado,,,78,"area:""Colorado""",2026-09-16T02:27:12.196683+00:00,1
5ed13791-0cea-4111-99f4-bc548d9b1ece,Blood of Lilith,,Colorado,,,78,"area:""Colorado""",2026-09-16T02:27:12.196683+00:00,1
8fe1a7e1-4edf-4a85-bcf1-430d6ab3e836,Letters from the Sun,,Colorado,,,78,"area:""Colorado""",2026-09-16T02:27:12.196683+00:00,1
84e60adc-51f2-4641-88f9-ccbeb71df436,Los Toms,,Colorado,,,78,"area:""Colorado""",2026-09-16T02:27:12.196683+00:00,1
c675e2b9-c5f6-45b2-bd1f-1f3c7ecaeaf6,Burial Rites,,Colorado,,,78,"area:""Colorado""",2026-09-16T02:27:12.196683+00:00,1
3123779f-8b8d-432a-a509-24ce2e9fe3c9,Marvylus,Person,,Colorado Springs,1996-04-12,69,"beginarea:""Colorado""",2026-09-16T02:27:12.196683+00:00,1
60daadda-801c-4950-a985-ec35ec259b94,John Romero,Person,United States,Colorado Springs,1967-10-28,69,"beginarea:""Colorado""",2026-09-16T02:27:12.196683+00:00,1
4592aab6-35d0-4dff-a8eb-015f9e067504,Lise Simms,Person,United States,Colorado Springs,1963-03-17,69,"beginarea:""Colorado""",2026-09-16T02:27:12.196683+00:00,1
3fe30d36-b88a-43d2-938e-cc10e9892977,Sorry Sweetheart,Group,Denver,,,73,"area:""Denver""",2026-09-16T02:27:12.196683+00:00,1
9365f025-d2d8-4394-8dbe-e2ec73ef43b2,Floatgoat,,Denver,,,72,"area:""Denver""",2026-09-16T02:27:12.196683+00:00,1
4c886c19-2bd1-4d50-81f3-6803c044748b,First Born,,Denver,Chicago,2020-06-05,72,"area:""Denver""",2026-09-16T02:27:12.196683+00:00,1
27fd00f9-6a86-439f-b055-de29cdc48b8b,bitbeak,Person,Denver,,,72,"area:""Denver""",2026-09-16T02:27:12.196683+00:00,1
739be440-980f-4156-8daa-368ea955f07f,TRIGO,Person,Denver,,,71,"area:""Denver""",2026-09-16T02:27:12.196683+00:00,1
aca6d8ab-b4d7-49e0-ac39-94307d45d361,fabdot,,Denver,,,71,"area:""Denver""",2026-09-16T02:27:12.196683+00:00,1
1566ab3b-f476-453f-ac60-8532c620702f,Nu Strut,Person,Denver,,,71,"area:""Denver""",2026-09-16T02:27:12.196683+00:00,1
c5b3d8ad-2bbb-42da-bb75-6fc27aaa70ff,Chmura,Person,Denver,,,71,"area:""Denver""",2026-09-16T02:27:12.196683+00:00,1
a67e6c1f-35fd-441e-a1f7-2bd88d7d8190,shwang,Person,Denver,,,71,"area:""Denver""",2026-09-16T02:27:12.196683+00:00,1
4cd4a175-3c45-40b5-a7ca-01dc9737abd3,Sleekwave,Group,Denver,,,71,"area:""Denver""",2026-09-16T02:27:12.196683+00:00,1
7092efee-1f33-4768-9587-15268de3c096,Murphy's Law,Person,Westminster,Denver,2000-03-01,69,"beginarea:""Denver""",2026-09-16T02:27:12.196683+00:00,1
e0d1f5c2-9dc8-4a27-9613-76f1d22fb0ba,Epileptinomicon,Group,United States,Denver,,69,"beginarea:""Denver""",2026-09-16T02:27:12.196683+00:00,1
4c5c4cd2-38e9-4772-970c-2651336f1d4a,Guilty as Charged,Group,United States,Denver,2013,69,"beginarea:""Denver""",2026-09-16T02:27:12.196683+00:00,1
c1aa3cce-24a3-40b7-8140-c9bc831daa45,Whitacre,Group,Denver,Denver,2017,69,"beginarea:""Denver""",2026-09-16T02:27:12.196683+00:00,1
5b25c96e-84a1-40a9-a3f2-6eeedf9b6e6b,Perry Domingo,Person,United States,Denver,,69,"beginarea:""Denver""",2026-09-16T02:27:12.196683+00:00,1
8af93b36-4523-4cec-aca5-d27c2e836bb7,The Informants,Group,Denver,Denver,,69,"beginarea:""Denver""",2026-09-16T02:27:12.196683+00:00,1
ea57492c-d40f-4d3e-854b-32bddfe40fe9,忍,Person,Fort Collins,,,100,"area:""Fort Collins""",2026-09-16T02:27:12.196683+00:00,1
6093443d-d1fd-4bf0-b058-63840f11c0cd,TX2,Person,Fort Collins,,,97,"area:""Fort Collins""",2026-09-16T02:27:12.196683+00:00,1
05e471d1-5e1e-4117-ad70-bf710577396d,Life Education,Person,Fort Collins,,,97,"area:""Fort Collins""",2026-09-16T02:27:12.196683+00:00,1
ea9fbe33-1085-4bc0-8b2c-1d7c6841ba96,The Psyatics,Group,Fort Collins,,,96,"area:""Fort Collins""",2026-09-16T02:27:12.196683+00:00,1
a07ab1a4-0877-42b0-879b-3d1005af3fd4,Gleemer,Group,Fort Collins,New York,2011,96,"area:""Fort Collins""",2026-09-16T02:27:12.196683+00:00,0
626cf7b3-eb6b-4073-ae24-6f3a1c39a979,Cody Wright,Person,Fort Collins,,,96,"area:""Fort Collins""",2026-09-16T02:27:12.196683+00:00,1
837c2332-51e1-4f86-baae-902041dd2238,Broken Bow,Group,Fort Collins,,2011,95,"area:""Fort Collins""",2026-09-16T02:27:12.196683+00:00,1
e84bea6b-9d30-4184-8454-2294108acb38,The Swashbuckling Doctors,Group,Fort Collins,Fort Collins,2010-09-01,95,"area:""Fort Collins""",2026-09-16T02:27:12.196683+00:00,1
3a0fd805-f467-4ed1-ad07-9178ad455b4d,Skinned,Group,Fort Collins,,1995,94,"area:""Fort Collins""",2026-09-16T02:27:12.196683+00:00,1
4cf8d6b1-a18d-4996-9c2d-95d1d65e5df9,The Chunderfins,Group,Fort Collins,,,94,"area:""Fort Collins""",2026-09-16T02:27:12.196683+00:00,1
1678f0ba-590f-4a27-a735-f18a9ede3137,stasis.,Person,Fort Collins,,,94,"area:""Fort Collins""",2026-09-16T02:27:12.196683+00:00,1
75230a54-50f2-44c9-8064-0454d5cd270b,Vee Device,Group,Fort Collins,,,94,"area:""Fort Collins""",2026-09-16T02:27:12.196683+00:00,1
9eead629-2a46-4e91-bcb2-46b2ac864bdf,Dinosaurus Rex,Person,Fort Collins,,,94,"area:""Fort Collins""",2026-09-16T02:27:12.196683+00:00,1
96d2a130-34e8-42a9-b4b1-309e1b91d49b,Ghost Tapes,Group,Fort Collins,,,94,"area:""Fort Collins""",2026-09-16T02:27:12.196683+00:00,1
c2f1f3f0-8684-4dc5-a041-ae316896ecd5,GasHead,Group,Fort Collins,,2002,94,"area:""Fort Collins""",2026-09-16T02:27:12.196683+00:00,1
cb842b2b-7bd9-45b2-a860-e2998deb4732,Cil,Person,Fort Collins,,2002-06-04,93,"area:""Fort Collins""",2026-09-16T02:27:12.196683+00:00,1
954763e3-30bb-4d06-b14d-35247c628b6e,Telling Tasha,Group,Fort Collins,,,92,"area:""Fort Collins""",2026-09-16T02:27:12.196683+00:00,1
e489982f-852f-4f7f-a5f8-34f4dcedab44,Curci,Person,Fort Collins,Fort Collins,1995-02-20,92,"area:""Fort Collins""",2026-09-16T02:27:12.196683+00:00,1
891fc9b1-bf3b-44d4-9fbb-95527d2dc330,Flesh Tape,,Fort Collins,,,92,"area:""Fort Collins""",2026-09-16T02:27:12.196683+00:00,1
651e08fe-a465-4d30-ab3e-72be20f12067,Monarch Mtn,Person,Fort Collins,,,92,"area:""Fort Collins""",2026-09-16T02:27:12.196683+00:00,1
d643eafb-3a42-4970-ad51-09e96ff48262,8-Bit Harakiri,Group,Fort Collins,Fort Collins,2012-06,92,"area:""Fort Collins""",2026-09-16T02:27:12.196683+00:00,1
f74fc455-16a4-4569-a70a-a50a0cf4829a,Fierce Bad Rabbit,Group,Fort Collins,,,92,"area:""Fort Collins""",2026-09-16T02:27:12.196683+00:00,1
04d076f2-0191-468a-ae0c-4af497ad55a2,Tyler Thompson,Person,Fort Collins,Texas,,92,"area:""Fort Collins""",2026-09-16T02:27:12.196683+00:00,0
3e366a9e-4cee-4925-9255-612df4cf9196,Thomas LaFond,Person,Fort Collins,,,92,"area:""Fort Collins""",2026-09-16T02:27:12.196683+00:00,1
a4566ae5-f79a-4653-a175-2e5104760e0a,Aleister Cowboy,Group,Fort Collins,Fort Collins,,92,"area:""Fort Collins""",2026-09-16T02:27:12.196683+00:00,1
572b069e-9d73-465f-972f-2c33f5ebf7e5,Cromkayer,Person,Fort Collins,,1982-08-05,92,"area:""Fort Collins""",2026-09-16T02:27:12.196683+00:00,1
30c21aab-9da3-4ca4-8d94-a17c87557a83,Wasteland Hop,Group,Fort Collins,Fort Collins,2011,91,"area:""Fort Collins""",2026-09-16T02:27:12.196683+00:00,1
44ceff7f-79c2-4390-8012-27c62bc8eb04,American Blackout,Group,Fort Collins,Fort Collins,2012-12-09,91,"area:""Fort Collins""",2026-09-16T02:27:12.196683+00:00,1
44f8a305-6c38-4540-ac02-e2fa16d6240d,Roseville,Person,Fort Collins,Fort Collins,,91,"area:""Fort Collins""",2026-09-16T02:27:12.196683+00:00,1
22f1bce4-e1d2-4ca1-aa0c-0b880b440bd0,Atomic Shine,Group,Fort Collins,,,91,"area:""Fort Collins""",2026-09-16T02:27:12.196683+00:00,1
ef44ebea-8763-4e8b-8e06-b79453f4d3a1,Post Paradise,Group,Fort Collins,,,91,"area:""Fort Collins""",2026-09-16T02:27:12.196683+00:00,1
f48c2c6b-08d6-49d7-bda2-588a3b9a00bb,Will C.,Person,Fort Collins,,,91,"area:""Fort Collins""",2026-09-16T02:27:12.196683+00:00,1
ef1470b6-9b9e-410c-860c-bff61ac684ba,Sheltr.,,Fort Collins,,,91,"area:""Fort Collins""",2026-09-16T02:27:12.196683+00:00,1
aa8a1453-d635-43e8-ab40-3b289772f9db,Beautiful Errors,Person,Fort Collins,,,91,"area:""Fort Collins""",2026-09-16T02:27:12.196683+00:00,1
91ab6ddd-b799-40e6-8dda-9f96260e15ae,Lunar Light Parade,,Fort Collins,,,91,"area:""Fort Collins""",2026-09-16T02:27:12.196683+00:00,1
1455d6b5-e4dc-453d-80c7-fc1b052b929b,Brian Jasper Hull,Person,Fort Collins,,,91,"area:""Fort Collins""",2026-09-16T02:27:12.196683+00:00,1
c7dc0f81-4f89-4f79-bae1-2ac581805b72,Meadowlark Jivin!,Group,Fort Collins,,,91,"area:""Fort Collins""",2026-09-16T02:27:12.196683+00:00,1
ca811726-3012-43ea-9b07-b0fae7e787f3,Foreign Suns,Group,Fort Collins,California,2013,91,"area:""Fort Collins""",2026-09-16T02:27:12.196683+00:00,0
10f11585-3d2a-460b-9465-a04d81869b05,Defy You Stars,,Fort Collins,,,91,"area:""Fort Collins""",2026-09-16T02:27:12.196683+00:00,1
723d4aaa-c0dd-418a-bba4-f2d7eb5a6189,The Longest Day of the Year,Group,Fort Collins,Boulder,2010,91,"area:""Fort Collins""",2026-09-16T02:27:12.196683+00:00,1
c5cc14ae-f59e-42bd-b0fe-a3f1a90b5ffc,Companion,Group,Fort Collins,,2013,91,"area:""Fort Collins""",2026-09-16T02:27:12.196683+00:00,1
0b4e0fe3-04b6-4332-9d44-b1597d4d5141,Von Stomper,Group,Fort Collins,Fort Collins,2013-08-01,91,"area:""Fort Collins""",2026-09-16T02:27:12.196683+00:00,1
091cd92b-389c-49b3-9f44-60a43469271f,Tristan J. Moore,Person,Fort Collins,,,91,"area:""Fort Collins""",2026-09-16T02:27:12.196683+00:00,1
6c1aa250-42b2-49a6-bcd6-311d699027ee,.retnuH,Person,Fort Collins,,,90,"area:""Fort Collins""",2026-09-16T02:27:12.196683+00:00,1
3ed97f63-3465-4db7-ab1d-77ee9e07a854,Lo Fi Ho Hum,Group,Fort Collins,,,90,"area:""Fort Collins""",2026-09-16T02:27:12.196683+00:00,1
b92d72bd-1f4a-4982-909e-2d497842914d,Good Gravy,Group,Fort Collins,,2010,90,"area:""Fort Collins""",2026-09-16T02:27:12.196683+00:00,1
bf66d587-9cbd-48f2-a723-a5d22a5871f1,Bethel Steele,Person,Fort Collins,,,90,"area:""Fort Collins""",2026-09-16T02:27:12.196683+00:00,1
e1afed38-5c39-4521-92d9-0e20a5f83023,Robert Shredford,Group,Fort Collins,,,90,"area:""Fort Collins""",2026-09-16T02:27:12.196683+00:00,1
4aea2645-2967-437a-83d5-98a00b486b27,Bevin Luna,Person,Fort Collins,,,90,"area:""Fort Collins""",2026-09-16T02:27:12.196683+00:00,1
cadc7a6b-1ef5-468f-be8d-5a8b679c2306,Candles On,Person,Fort Collins,Fort Collins,,90,"area:""Fort Collins""",2026-09-16T02:27:12.196683+00:00,1
032df649-daf7-4bd5-b714-959d2b10fc7d,Jackson Dean,Person,Fort Collins,,,90,"area:""Fort Collins""",2026-09-16T02:27:12.196683+00:00,1
d158d83d-e030-43d3-be74-8be620ede202,Robi,Person,Fort Collins,,,90,"area:""Fort Collins""",2026-09-16T02:27:12.196683+00:00,1
b40ebfe9-e229-4602-9cbd-16f9c0f337ed,OG $wagg,Person,Fort Collins,,,90,"area:""Fort Collins""",2026-09-16T02:27:12.196683+00:00,1
e5eb4f1f-8b73-41c7-855a-bc6feebc43cc,Chieftain,Group,Fort Collins,,,90,"area:""Fort Collins""",2026-09-16T02:27:12.196683+00:00,1
d086a0a0-5569-43fb-80d8-bef9fec3997a,Alana Rolfe,Person,Fort Collins,,,90,"area:""Fort Collins""",2026-09-16T02:27:12.196683+00:00,1
39df3655-244b-4c89-b937-3436d5ad3ced,Kira Lynn Sands,Person,Fort Collins,,,90,"area:""Fort Collins""",2026-09-16T02:27:12.196683+00:00,1
51619323-3e87-4ff8-b642-a9a84b5222dd,More Than Physics,Group,Fort Collins,Fort Collins,2011,90,"area:""Fort Collins""",2026-09-16T02:27:12.196683+00:00,1
40386f7a-df85-479d-8992-cb5e1b430168,Crimbrule,,Fort Collins,,,90,"area:""Fort Collins""",2026-09-16T02:27:12.196683+00:00,1
2964935c-8065-4c5d-8b7b-30cbf8f636f0,Please Mosh,Person,Fort Collins,,,90,"area:""Fort Collins""",2026-09-16T02:27:12.196683+00:00,1
ac60da8c-6e1d-4351-860f-d412bca79ef4,Curious Gage,Group,Fort Collins,,2003,90,"area:""Fort Collins""",2026-09-16T02:27:12.196683+00:00,1
b72203c5-3e04-42cf-900e-1205d1f141c6,Josh Stevens,Person,Fort Collins,,1988-09-19,90,"area:""Fort Collins""",2026-09-16T02:27:12.196683+00:00,1
df9589c4-c3ec-4851-b51a-38b678ff7c9b,Nick Vancil,Person,Fort Collins,,2006-05-17,90,"area:""Fort Collins""",2026-09-16T02:27:12.196683+00:00,1
0f89b58c-e08f-4530-8c22-8903ee761a46,Aluminum Redemption,Group,Fort Collins,,,90,"area:""Fort Collins""",2026-09-16T02:27:12.196683+00:00,1
6cc40606-dafc-478f-a8d7-9b98385a8ee2,Sinister Pig,,Fort Collins,,,90,"area:""Fort Collins""",2026-09-16T02:27:12.196683+00:00,1
b06248b6-b480-45e3-9bf7-2828e268d38d,Michael Olson,Person,Fort Collins,,,90,"area:""Fort Collins""",2026-09-16T02:27:12.196683+00:00,1
223263ff-52fc-4f64-833a-047f59612066,Mickey Kenny,Person,Fort Collins,,,90,"area:""Fort Collins""",2026-09-16T02:27:12.196683+00:00,1
f2186780-dd88-409b-970a-c7227c0058a2,Formula 409,Person,Fort Collins,,,90,"area:""Fort Collins""",2026-09-16T02:27:12.196683+00:00,1
00ebf9b6-cb9f-44ee-81b2-e2decea15cea,Aklock,Person,Fort Collins,,,90,"area:""Fort Collins""",2026-09-16T02:27:12.196683+00:00,1
2ce56140-fcbb-4337-9d05-c2d9dfbfc1a6,James M. David,Person,Fort Collins,Georgia,1978,90,"area:""Fort Collins""",2026-09-16T02:27:12.196683+00:00,0
0f99c4cc-235c-4f79-904e-c25892c65829,Matt Skinner,Person,Fort Collins,Alpine,,90,"area:""Fort Collins""",2026-09-16T02:27:12.196683+00:00,1
7d864a72-3a69-4e8b-9835-06ca51e7e642,13 Nails,Group,Fort Collins,,,90,"area:""Fort Collins""",2026-09-16T02:27:12.196683+00:00,1
dbe1332e-2281-4196-ac47-2c881e2cbeaf,Musketeer Gripweed,Group,Fort Collins,Fort Collins,,90,"area:""Fort Collins""",2026-09-16T02:27:12.196683+00:00,1
92ae4f32-2110-45dd-b5bc-d61076e39a81,Mercyride,Group,Fort Collins,,,90,"area:""Fort Collins""",2026-09-16T02:27:12.196683+00:00,1
1c79f46f-1995-4e64-8436-ee1a1062dd29,Scott Allen,Person,Fort Collins,,,89,"area:""Fort Collins""",2026-09-16T02:27:12.196683+00:00,1
9c8ecc26-21d6-488b-affe-56a570aaede1,I Am the Owl,Group,Fort Collins,Fort Collins,,89,"area:""Fort Collins""",2026-09-16T02:27:12.196683+00:00,1
f8b46e9a-ba1b-434b-aacc-5183c75c069a,sovietcitrus,Person,Fort Collins,,2006-05-17,89,"area:""Fort Collins""",2026-09-16T02:27:12.196683+00:00,1
18698437-67d4-4688-a88a-a78c6276c59a,Actium,Group,Fort Collins,Fort Collins,2007,89,"area:""Fort Collins""",2026-09-16T02:27:12.196683+00:00,1
7edbe6a9-8517-4601-b69f-08bd48e03817,Clint Wilcox,Person,Fort Collins,,,89,"area:""Fort Collins""",2026-09-16T02:27:12.196683+00:00,1
52bf01c4-4743-46ff-825b-517bc2079b58,Mason Bassuk,Person,Fort Collins,,,89,"area:""Fort Collins""",2026-09-16T02:27:12.196683+00:00,1
ae472ee7-03d7-45cc-86e0-9a07723f38b4,Jonah Greene,Person,Fort Collins,,,89,"area:""Fort Collins""",2026-09-16T02:27:12.196683+00:00,1
7bac6636-4aef-4207-9373-30dcbbdbffb7,Jacob Hoeffner,Person,Fort Collins,,,89,"area:""Fort Collins""",2026-09-16T02:27:12.196683+00:00,1
aaa5dce0-9bb6-4952-a50f-118a3e69ecd4,Ethan Ader,Person,Fort Collins,,,89,"area:""Fort Collins""",2026-09-16T02:27:12.196683+00:00,1
be555fdf-224b-4f0d-af76-ec11d5c081b9,Mitchell Rotunno,Person,Fort Collins,Greeley,,89,"area:""Fort Collins""",2026-09-16T02:27:12.196683+00:00,1
a9670589-90c8-4a75-848f-46f76c00b134,Daniel Thompson,Person,Fort Collins,,,89,"area:""Fort Collins""",2026-09-16T02:27:12.196683+00:00,1
5e0ff329-13b5-433f-bf3c-847d55874466,David Zekman,Person,Fort Collins,Denver,1954-11-26,89,"area:""Fort Collins""",2026-09-16T02:27:12.196683+00:00,1
72e7a3b8-62fd-4273-ba27-fa4c919a68c5,Tim Schwartz,Person,Fort Collins,,,89,"area:""Fort Collins""",2026-09-16T02:27:12.196683+00:00,1
f78b6b23-fdbe-4a58-bef3-70c601a11879,Lance Ruby,Person,Fort Collins,Utah,,89,"area:""Fort Collins""",2026-09-16T02:27:12.196683+00:00,0
1a487992-0290-4993-8fc2-62e1d06b3565,Ben Myers,Person,Fort Collins,,,89,"area:""Fort Collins""",2026-09-16T02:27:12.196683+00:00,1
53824233-e4f7-4329-a376-6448e47eac92,Crescent City Connection,Group,Fort Collins,,,89,"area:""Fort Collins""",2026-09-16T02:27:12.196683+00:00,1
d7083fc9-fbed-4d17-86be-a1deca0a564b,Finnders & Youngberg,Group,Fort Collins,,,89,"area:""Fort Collins""",2026-09-16T02:27:12.196683+00:00,1
9824ab5f-6663-4295-bc94-4ffc44783bf0,Saphyre Rain,Group,Fort Collins,,,89,"area:""Fort Collins""",2026-09-16T02:27:12.196683+00:00,1
1d05332b-71e2-4a82-a4da-8d9e6358a2f6,House With a Yard,Group,Fort Collins,,,89,"area:""Fort Collins""",2026-09-16T02:27:12.196683+00:00,1
db578760-3e46-4853-baf9-477036abf339,AXiS,Group,Fort Collins,Dayton,1995-11-15,89,"area:""Fort Collins""",2026-09-16T02:27:12.196683+00:00,1
efca6f84-260d-468e-b9d5-3d85a85f740e,Wesley Hazelhorst,Person,Fort Collins,,,89,"area:""Fort Collins""",2026-09-16T02:27:12.196683+00:00,1
36715d5a-1245-4cad-84d4-e5435dfe534a,Silen Wellington,Person,Fort Collins,,,89,"area:""Fort Collins""",2026-09-16T02:27:12.196683+00:00,1
f50066ea-7744-4d79-a78d-08cb7a0c7368,SEEPSTA,Person,Fort Collins,,,89,"area:""Fort Collins""",2026-09-16T02:27:12.196683+00:00,1
42cec1be-1c61-4942-a894-e730a0834aa4,Finn Stowers,Person,Fort Collins,,,89,"area:""Fort Collins""",2026-09-16T02:27:12.196683+00:00,1
2610f717-cac7-4b4b-b691-58c0e52a529f,Jorge Coronel,Person,Fort Collins,,,89,"area:""Fort Collins""",2026-09-16T02:27:12.196683+00:00,1
01c8a682-6cdf-4514-a103-4dfb1ad469b3,Jesse Struckhoff,Person,Fort Collins,,,89,"area:""Fort Collins""",2026-09-16T02:27:12.196683+00:00,1
e0739719-fa48-47aa-900e-95dac0aecd18,Brandon Vigil,Person,Fort Collins,,,89,"area:""Fort Collins""",2026-09-16T02:27:12.196683+00:00,1
e33705f5-f0dd-48c4-98ec-be5355ab292a,Luke Jones,Person,Fort Collins,,,89,"area:""Fort Collins""",2026-09-16T02:27:12.196683+00:00,1
cb8096bf-528c-46b5-a7dd-84d9db64e42e,Logan Doddridge,Person,Fort Collins,,,89,"area:""Fort Collins""",2026-09-16T02:27:12.196683+00:00,1
313198fe-548d-43cd-9270-0e3363b7026e,Sasha Stone,Person,Fort Collins,,,89,"area:""Fort Collins""",2026-09-16T02:27:12.196683+00:00,1
7d9e7662-0cfb-4b93-b299-bb9c08329e34,Cooper Stowers,Person,Fort Collins,,,89,"area:""Fort Collins""",2026-09-16T02:27:12.196683+00:00,1
01c63766-0bae-4209-83cf-215e47902f6c,Rex Stowers,Person,Fort Collins,,,89,"area:""Fort Collins""",2026-09-16T02:27:12.196683+00:00,1
673fd7a3-edf5-4fb9-bb89-5122c5c8f493,Bailey Mae,Person,Fort Collins,,,89,"area:""Fort Collins""",2026-09-16T02:27:12.196683+00:00,1
ba4fef6c-c10f-4d24-a357-f3aa4aec4b1f,Rayonism,Person,Fort Collins,,,89,"area:""Fort Collins""",2026-09-16T02:27:12.196683+00:00,1
5b6dfe07-fac6-4f7c-a7b6-69d52a4127fa,Sean Jaster,Person,Fort Collins,,,89,"area:""Fort Collins""",2026-09-16T02:27:12.196683+00:00,1
daec2785-c71b-4923-9124-ba405d066dad,Grace Kuch,Person,Fort Collins,,,89,"area:""Fort Collins""",2026-09-16T02:27:12.196683+00:00,1
9e20a75b-e995-4116-9e44-3d9806d0d8d0,Ken Daley,Person,Fort Collins,,,89,"area:""Fort Collins""",2026-09-16T02:27:12.196683+00:00,1
f4fcd700-d076-4530-b449-c109c79f3280,Benjamin Schroer,Person,Fort Collins,,,89,"area:""Fort Collins""",2026-09-16T02:27:12.196683+00:00,1
92a43aab-4df7-45c8-8a99-3bba504a1e43,Tadeusz Adam Menert,Person,Fort Collins,Skarżysko-Kamienna,1958-12-01,89,"area:""Fort Collins""",2026-09-16T02:27:12.196683+00:00,1
328e3ae5-7d8c-4a01-b2b3-b8f41fb7bb23,Bill Stevenson,Person,Fort Collins,Torrance,1963-09-10,89,"area:""Fort Collins""",2026-09-16T02:27:12.196683+00:00,1
d3e082b1-433a-4287-9f06-f305d6ea322a,Frail Talk,Group,Fort Collins,,,89,"area:""Fort Collins""",2026-09-16T02:27:12.196683+00:00,1
ab18cb50-dc25-4e28-b0f3-3adc8967c731,Bongi Perez,Group,Fort Collins,,,89,"area:""Fort Collins""",2026-09-16T02:27:12.196683+00:00,1
9817ade1-49f5-4529-aae0-31ee67ae6ba9,VERYVERY,Group,Fort Collins,,,89,"area:""Fort Collins""",2026-09-16T02:27:12.196683+00:00,1
893f507d-3e26-4fbb-9809-75a7cfa00b27,Release the Gimp,Group,Fort Collins,,,89,"area:""Fort Collins""",2026-09-16T02:27:12.196683+00:00,1
268f33cc-9b6a-49ce-867d-efbb5a75f34d,Suburban Downe,Person,Fort Collins,,,89,"area:""Fort Collins""",2026-09-16T02:27:12.196683+00:00,1
35963a91-1ae3-4f40-9a82-afdf2465eb3d,The Ontopsies,Group,Fort Collins,,,89,"area:""Fort Collins""",2026-09-16T02:27:12.196683+00:00,1
f9f06e25-c23b-46d5-af46-b0e3df30d2dd,Addison Cole,Person,Fort Collins,,,89,"area:""Fort Collins""",2026-09-16T02:27:12.196683+00:00,1
b36e86a7-e0ec-4714-bc94-471a5ccc8ca6,Feed Lot,Group,Fort Collins,,,89,"area:""Fort Collins""",2026-09-16T02:27:12.196683+00:00,1
a0dfe1c6-1ac1-479d-aa9c-b8dca868ba7d,Buff Cherry,Group,Fort Collins,,2025-07-31,89,"area:""Fort Collins""",2026-09-16T02:27:12.196683+00:00,1
6e75b696-91c3-4d1d-b91c-4f79bbda9a53,Animal Future,Group,Fort Collins,,,89,"area:""Fort Collins""",2026-09-16T02:27:12.196683+00:00,1
aeefe8ea-6f15-4b6a-a876-2ac1d201fab1,The Crooked Rugs,Group,Fort Collins,Fort Collins,2019,89,"area:""Fort Collins""",2026-09-16T02:27:12.196683+00:00,1
ed2d2d4b-4b29-4f7c-9160-d6c46d2ea7d1,Eva Rose King,Person,Fort Collins,,,89,"area:""Fort Collins""",2026-09-16T02:27:12.196683+00:00,1
1bad5664-e0e6-472a-a22d-68685ca95555,Decor Hans,Group,Fort Collins,,,89,"area:""Fort Collins""",2026-09-16T02:27:12.196683+00:00,1
38edb5f0-8911-45d3-8ea8-b00e32e4c9ab,Crestmore Collective,Group,Fort Collins,,,89,"area:""Fort Collins""",2026-09-16T02:27:12.196683+00:00,1
fa4b1c6a-26b6-4765-8209-da765c57d79a,Mood Swing Misery,Group,Fort Collins,,,89,"area:""Fort Collins""",2026-09-16T02:27:12.196683+00:00,1
caedd614-9bd2-429b-bd70-3cd7c501d68c,Action Figure,Group,Fort Collins,,,89,"area:""Fort Collins""",2026-09-16T02:27:12.196683+00:00,1
fa3076e6-f3be-46e9-934f-1ee426f6775e,ihtkwtsbtid,Person,Fort Collins,,,89,"area:""Fort Collins""",2026-09-16T02:27:12.196683+00:00,1
b561e34a-2a5f-407c-a93f-c275d656f9af,Nathan Acevedo,Person,Fort Collins,,,89,"area:""Fort Collins""",2026-09-16T02:27:12.196683+00:00,1
801be3db-1190-42e7-8da0-60759eb90d56,Third Turn,Group,Fort Collins,,,89,"area:""Fort Collins""",2026-09-16T02:27:12.196683+00:00,1
357899fe-8672-4378-bdfe-d4ed68706353,The Curtain,Group,Fort Collins,,,89,"area:""Fort Collins""",2026-09-16T02:27:12.196683+00:00,1
4b5690f4-0dbd-42a8-8579-777dcda02dfd,Doug Krebs,Person,Fort Collins,,,89,"area:""Fort Collins""",2026-09-16T02:27:12.196683+00:00,1
f36782e9-e79b-408e-af2f-64a21b70a9c1,Vertical Arrays,Group,Fort Collins,Fort Collins,2013,89,"area:""Fort Collins""",2026-09-16T02:27:12.196683+00:00,1
f7b0cd2a-048d-495c-a895-387e35bb4b3a,Clay K & The Vertebrates,Group,Fort Collins,,,89,"area:""Fort Collins""",2026-09-16T02:27:12.196683+00:00,1
dd2e4ec4-a776-4cd0-9eac-a04133c0ef0b,safekeeper,Group,Fort Collins,,2018-02,89,"area:""Fort Collins""",2026-09-16T02:27:12.196683+00:00,1
4ec356d8-5554-4225-9570-4005c80e12e0,PR0SPECT,Group,Fort Collins,,,89,"area:""Fort Collins""",2026-09-16T02:27:12.196683+00:00,1
198382a4-51d3-4f9b-b043-d0260b442d92,Dead Floyd,Group,Fort Collins,Fort Collins,2009,89,"area:""Fort Collins""",2026-09-16T02:27:12.196683+00:00,1
33452fa8-2f1c-49f5-b65c-5c135625f215,Pig Splitter,Group,Fort Collins,Fort Collins,2023,89,"area:""Fort Collins""",2026-09-16T02:27:12.196683+00:00,1
ad2ee10c-86c8-45d2-bd81-524d6e714bbf,Good Carver,Group,Fort Collins,,,89,"area:""Fort Collins""",2026-09-16T02:27:12.196683+00:00,1
eedd57ad-2596-4599-a4ec-e8e4a2a24eb4,Pet Leslie,Group,Fort Collins,,,89,"area:""Fort Collins""",2026-09-16T02:27:12.196683+00:00,1
880058cb-da3d-412e-8487-107c1f2e8b1f,UNDERHOOK,Group,Fort Collins,,,89,"area:""Fort Collins""",2026-09-16T02:27:12.196683+00:00,1
e1971944-1c64-42f1-9dba-7d0cdd31f844,Foxy Velour,Group,Fort Collins,,,89,"area:""Fort Collins""",2026-09-16T02:27:12.196683+00:00,1
24103886-221e-4d72-aef9-4ea0f2793796,The Rattlecaps,Group,Fort Collins,,,89,"area:""Fort Collins""",2026-09-16T02:27:12.196683+00:00,1
9930034c-bad4-4dda-a9e8-4427422e1a40,Color Me Fatigued,Group,Fort Collins,,,89,"area:""Fort Collins""",2026-09-16T02:27:12.196683+00:00,1
80e7fdc6-8152-44a9-8348-d2a27d113749,King Crawdad,Group,Fort Collins,,,89,"area:""Fort Collins""",2026-09-16T02:27:12.196683+00:00,1
c750b6b2-8741-435d-b986-77c417158aa3,Funscreen,Group,Fort Collins,,,89,"area:""Fort Collins""",2026-09-16T02:27:12.196683+00:00,1
021c37dd-2652-4d89-bcb1-3c70e8c4899e,Pool Salt,Group,Fort Collins,,,89,"area:""Fort Collins""",2026-09-16T02:27:12.196683+00:00,1
9cca207d-3e82-46bf-af17-47c45571ccc6,lumilobo,Person,Fort Collins,,,89,"area:""Fort Collins""",2026-09-16T02:27:12.196683+00:00,1
76896a13-136f-4b88-afb3-26893e3007cf,Wurzi,Person,Fort Collins,,,89,"area:""Fort Collins""",2026-09-16T02:27:12.196683+00:00,1
85eba876-a214-43b7-a536-be3eac27c2c1,feverishh,Group,Fort Collins,,,89,"area:""Fort Collins""",2026-09-16T02:27:12.196683+00:00,1
9785eb70-1420-4852-8ae9-b1b844ea65d5,Starpass,Person,Fort Collins,,,89,"area:""Fort Collins""",2026-09-16T02:27:12.196683+00:00,1
d5bef20c-9cd9-421d-805d-f4510787af9c,Salomé,Person,Fort Collins,,,89,"area:""Fort Collins""",2026-09-16T02:27:12.196683+00:00,1
36fb859f-85fd-47d4-b99f-b8c8b8a1cecc,Sludgebroker,Group,Fort Collins,,,89,"area:""Fort Collins""",2026-09-16T02:27:12.196683+00:00,1
3321de0f-9fd4-4394-aa35-e6367927cde5,ESKALITH-CR,Group,Fort Collins,,,89,"area:""Fort Collins""",2026-09-16T02:27:12.196683+00:00,1
ac332d3a-130e-4241-930c-879db3ffedd6,Spliff Tank,Group,Fort Collins,,,89,"area:""Fort Collins""",2026-09-16T02:27:12.196683+00:00,1
05dc6cc1-1db5-432c-afc4-5a741f15a9e3,DEBR4H,Group,Fort Collins,,2018,89,"area:""Fort Collins""",2026-09-16T02:27:12.196683+00:00,1
ac86014e-be11-4e58-9de0-e856e9159f70,Sonic Dispatch,Group,Fort Collins,,,89,"area:""Fort Collins""",2026-09-16T02:27:12.196683+00:00,1
3c07046e-8d1a-496f-b795-f50ce13773b0,No Fauna,Group,Fort Collins,,2023,89,"area:""Fort Collins""",2026-09-16T02:27:12.196683+00:00,1
19570e1b-69a6-40bc-9e69-b51919883783,hospital socks,Group,Fort Collins,,2021,89,"area:""Fort Collins""",2026-09-16T02:27:12.196683+00:00,1
808c2798-1050-4859-819c-61d871211b06,Birmingham Sex Club,Group,Fort Collins,,,89,"area:""Fort Collins""",2026-09-16T02:27:12.196683+00:00,1
3c2f2633-2146-4c9f-afe6-3d9a4e348db2,Winched!,Group,Fort Collins,,,89,"area:""Fort Collins""",2026-09-16T02:27:12.196683+00:00,1
dd2ff81d-3032-4dd9-a442-603d34de7a6d,Dead Key,Group,Fort Collins,,,89,"area:""Fort Collins""",2026-09-16T02:27:12.196683+00:00,1
8b1402da-13a0-43ed-b4f2-acdd1828121a,RLY ORY,Group,Fort Collins,,,89,"area:""Fort Collins""",2026-09-16T02:27:12.196683+00:00,1
3e58b3df-89ec-47f5-bcb1-6b20a56db828,Limited Supply,Group,Fort Collins,,,89,"area:""Fort Collins""",2026-09-16T02:27:12.196683+00:00,1
6e24564e-b222-4623-8886-7462ec889001,Mystee,,Fort Collins,,,89,"area:""Fort Collins""",2026-09-16T02:27:12.196683+00:00,1
23e876e8-f4b7-4a7b-84e5-d4224b33b107,Richard Naviasky,Person,Fort Collins,,,89,"area:""Fort Collins""",2026-09-16T02:27:12.196683+00:00,1
6f611924-f563-479b-b06f-217ce3cced73,Great Caesar's Ghost!,Group,Fort Collins,,1988,89,"area:""Fort Collins""",2026-09-16T02:27:12.196683+00:00,1
ea8c1771-d456-49de-b53a-de1e34b0cf36,Dominick Antonelli,,Fort Collins,,,89,"area:""Fort Collins""",2026-09-16T02:27:12.196683+00:00,1
dd271266-983a-47a1-b78b-715b2df59e94,Vibrational Perspectives,Person,Fort Collins,,,89,"area:""Fort Collins""",2026-09-16T02:27:12.196683+00:00,1
a6261f97-a10a-4667-a8ca-b410bdc3f314,Moon Tide,Group,Fort Collins,,,89,"area:""Fort Collins""",2026-09-16T02:27:12.196683+00:00,1
0fc23968-820d-4ed2-a5da-894dd0ab68d6,conlee,Person,Fort Collins,,,89,"area:""Fort Collins""",2026-09-16T02:27:12.196683+00:00,1
de412f37-2c26-40fa-8b21-29689f9e635f,Bro Short,Person,Fort Collins,,,90,"area:""Fort Collins""",2026-09-16T02:36:04.897906+00:00,1
4df0d158-77fc-4225-8ecd-bada219c383f,Ansel Foxley,Person,Fort Collins,,,90,"area:""Fort Collins""",2026-09-16T02:36:04.897906+00:00,1
9dac3c13-820c-4df1-b801-fc1bd2a23659,Darren Radach,Person,Fort Collins,,,90,"area:""Fort Collins""",2026-09-16T02:36:04.897906+00:00,1
