attraction_id,name,url,segment_id,segment_name,genre_id,genre_name,subgenre_id,subgenre_name,upcoming_events,image_url,first_seen_at,last_seen_at
K8vZ917f2N7,$UICIDEBOY$,https://www.ticketmaster.com/uicideboy-tickets/artist/2194218,KZFzniwnSyZfZ7v7nJ,Music,KnvZfZ7vAv1,Hip-Hop/Rap,KZazBEonSMnZfZ7vkvl,Hip-Hop/Rap,22,https://s1.ticketm.net/dam/a/ea8/fe1025a1-d118-4c3f-b53a-29810fd0bea8_TABLET_LANDSCAPE_16_9.jpg,2026-09-17T20:02:17.499935+00:00,2026-09-20T22:44:00.359625+00:00
K8vZpau5-e,1 Umbrella,https://www.ticketmaster.com/1-umbrella-tickets/artist/4579699,KZFzniwnSyZfZ7v7nJ,Music,KnvZfZ7vAv1,Hip-Hop/Rap,KZazBEonSMnZfZ7vkvl,Hip-Hop/Rap,3,https://s1.ticketm.net/dam/c/80b/f3cd8d24-c3ae-4fa0-b4bc-1ba99f9b380b_106091_ARTIST_PAGE_3_2.jpg,2026-09-17T20:02:20.370215+00:00,2026-09-20T22:44:03.417698+00:00
K8vZ917hZD7,156/Silence,https://www.ticketmaster.com/156silence-tickets/artist/2961049,KZFzniwnSyZfZ7v7nJ,Music,KnvZfZ7vAvt,Metal,KZazBEonSMnZfZ7vkFd,Heavy Metal,14,https://s1.ticketm.net/dam/a/e81/34b8158c-0381-4434-bbfd-e7fe1b1c5e81_RETINA_PORTRAIT_16_9.jpg,2026-09-17T20:02:17.975980+00:00,2026-09-20T22:44:00.359625+00:00
K8vZ917Lzt7,24babik,https://www.ticketmaster.com/24babik-tickets/artist/4363419,KZFzniwnSyZfZ7v7nJ,Music,KnvZfZ7vAv1,Hip-Hop/Rap,KZazBEonSMnZfZ7vkvl,Hip-Hop/Rap,1,https://s1.ticketm.net/dam/c/80b/f3cd8d24-c3ae-4fa0-b4bc-1ba99f9b380b_106091_RETINA_LANDSCAPE_16_9.jpg,2026-09-17T20:02:17.975980+00:00,2026-09-20T22:44:00.359625+00:00
K8vZ9171GyV,311,https://www.ticketmaster.com/311-tickets/artist/759806,KZFzniwnSyZfZ7v7nJ,Music,KnvZfZ7vAeA,Rock,KZazBEonSMnZfZ7v6F1,Pop,5,https://s1.ticketm.net/dam/a/0d2/e1ba75ce-3ded-4010-85cb-85975ade30d2_RETINA_PORTRAIT_3_2.jpg,2026-09-17T20:02:20.370215+00:00,2026-09-20T22:44:03.417698+00:00
K8vZ9171Gy0,38 Special,https://www.ticketmaster.com/38-special-tickets/artist/767057,KZFzniwnSyZfZ7v7nJ,Music,KnvZfZ7vAeA,Rock,KZazBEonSMnZfZ7v6F1,Pop,18,https://s1.ticketm.net/dam/a/16e/d6a56599-2b84-4f5d-a702-bf5e522b816e_ARTIST_PAGE_3_2.jpg,2026-09-17T20:02:17.499935+00:00,2026-09-17T22:38:16.765581+00:00
K8vZ917_EBV,49 Winchester,https://www.ticketmaster.com/49-winchester-tickets/artist/2822691,KZFzniwnSyZfZ7v7nJ,Music,KnvZfZ7vAv6,Country,KZazBEonSMnZfZ7vAFa,Country,12,https://s1.ticketm.net/dam/a/ec8/ab9217fe-241e-48e1-99ec-ea02f8969ec8_TABLET_LANDSCAPE_3_2.jpg,2026-09-17T20:02:18.739078+00:00,2026-09-20T22:44:01.382965+00:00
K8vZ9174IH0,6LACK,https://www.ticketmaster.com/6lack-tickets/artist/2313062,KZFzniwnSyZfZ7v7nJ,Music,KnvZfZ7vAv1,Hip-Hop/Rap,KZazBEonSMnZfZ7vkvl,Hip-Hop/Rap,32,https://s1.ticketm.net/dam/a/943/7c89470e-2cbf-4bac-b014-d5fdf8f29943_TABLET_LANDSCAPE_16_9.jpg,2026-09-17T20:02:20.370215+00:00,2026-09-20T22:44:03.417698+00:00
K8vZ917_sn7,8 Graves,https://www.ticketmaster.com/8-graves-tickets/artist/2834114,KZFzniwnSyZfZ7v7nJ,Music,KnvZfZ7vAeA,Rock,KZazBEonSMnZfZ7v6F1,Pop,3,https://s1.ticketm.net/dam/c/fbc/b293c0ad-c904-4215-bc59-8d7f2414dfbc_106141_EVENT_DETAIL_PAGE_16_9.jpg,2026-09-17T20:02:19.435167+00:00,2026-09-20T22:44:02.205267+00:00
K8vZ917ujRV,A John Waters Christmas,https://www.ticketmaster.com/a-john-waters-christmas-tickets/artist/1087407,KZFzniwnSyZfZ7v7na,Arts & Theatre,KnvZfZ7vAe1,Comedy,KZazBEonSMnZfZ7vF17,Comedy,9,https://s1.ticketm.net/dam/a/c6a/605ad60e-ac67-4366-8424-b9cb6fe24c6a_1096281_TABLET_LANDSCAPE_LARGE_16_9.jpg,2026-09-17T20:02:23.393825+00:00,2026-09-20T22:44:04.466759+00:00
K8vZ917CTaf,A Lot Like Birds,https://www.ticketmaster.com/a-lot-like-birds-tickets/artist/1644203,KZFzniwnSyZfZ7v7nJ,Music,KnvZfZ7vAeA,Rock,KZazBEonSMnZfZ7v6F1,Pop,8,https://s1.ticketm.net/dam/a/c6c/8fbc2c1f-e621-40ad-b3c1-a01a8441ec6c_SOURCE,2026-09-17T20:02:17.499935+00:00,2026-09-20T22:44:00.359625+00:00
K8vZ917_aZf,A Taste of Ireland,https://www.ticketmaster.com/a-taste-of-ireland-tickets/artist/2640777,KZFzniwnSyZfZ7v7na,Arts & Theatre,KnvZfZ7v7le,Miscellaneous,KZazBEonSMnZfZ7vF1k,Miscellaneous,9,https://s1.ticketm.net/dam/a/306/de79db81-8530-490c-b580-b4b57bf36306_RETINA_PORTRAIT_3_2.jpg,2026-09-17T20:02:20.773471+00:00,2026-09-20T22:44:03.900761+00:00
K8vZ917rmt7,ADÉLA,https://www.ticketmaster.com/adela-tickets/artist/4002524,KZFzniwnSyZfZ7v7nJ,Music,KnvZfZ7vAev,Pop,KZazBEonSMnZfZ7vk1t,Pop,27,https://s1.ticketm.net/dam/a/e6b/132de64e-984e-4eea-934a-f8360ecd4e6b_RETINA_PORTRAIT_16_9.jpg,2026-09-17T20:02:18.739078+00:00,2026-09-20T22:44:01.382965+00:00
K8vZ917f1-0,AJ McLean,https://www.ticketmaster.com/aj-mclean-tickets/artist/2190278,KZFzniwnSyZfZ7v7nJ,Music,KnvZfZ7vAeA,Rock,KZazBEonSMnZfZ7v6F1,Pop,24,https://s1.ticketm.net/dam/a/e95/39e9ea4d-b371-45fe-b402-ebdcad899e95_SOURCE,2026-09-17T20:02:23.393825+00:00,2026-09-20T22:44:04.466759+00:00
K8vZ917C1u7,ALASKA,https://www.ticketmaster.com/alaska-tickets/artist/902198,KZFzniwnSyZfZ7v7nJ,Music,KnvZfZ7vAvF,Dance/Electronic,KZazBEonSMnZfZ7vAJ1,Club Dance,33,https://s1.ticketm.net/dam/a/f03/a73e9090-1d3d-4652-bd2a-dab195c0cf03_RETINA_PORTRAIT_3_2.jpg,2026-09-17T20:02:24.505358+00:00,2026-09-20T22:44:05.657178+00:00
K8vZ917qzSf,ALI,https://www.ticketmaster.com/ali-tickets/artist/3503229,KZFzniwnSyZfZ7v7nJ,Music,KnvZfZ7vAeF,World,KZazBEonSMnZfZ7v6Ek,Afro-Beat,1,https://s1.ticketm.net/dam/c/548/5fefbd1c-973b-4b0e-9b2e-d78e4ce37548_106111_RECOMENDATION_16_9.jpg,2026-09-17T20:02:17.499935+00:00,2026-09-20T22:44:00.359625+00:00
Z7r9jZaoJ4,ARKAI,,KZFzniwnSyZfZ7v7nl,Undefined,,,,,1,https://s1.ticketm.net/dam/c/f51/ee785ed6-f806-4195-98f4-69f67e09df51_106201_RETINA_PORTRAIT_3_2.jpg,2026-09-17T20:02:23.393825+00:00,2026-09-20T22:44:04.466759+00:00
K8vZ917jmJ7,ARTMS,https://www.ticketmaster.com/artms-tickets/artist/3150959,KZFzniwnSyZfZ7v7nJ,Music,KnvZfZ7vAev,Pop,KZazBEonSMnZfZ7vkE1,K-Pop,6,https://s1.ticketm.net/dam/a/dad/3a9bbfad-440a-4b49-9cb0-2f111f764dad_RETINA_PORTRAIT_3_2.jpg,2026-09-17T20:02:19.435167+00:00,2026-09-20T22:44:02.205267+00:00
K8vZ9174xq7,ATLiens,https://www.ticketmaster.com/atliens-tickets/artist/2300715,KZFzniwnSyZfZ7v7nJ,Music,KnvZfZ7vAvF,Dance/Electronic,KZazBEonSMnZfZ7vA1E,Dance/Electronic,10,https://s1.ticketm.net/dam/a/418/89aad0b4-40b8-40e1-9dd7-6cdf8b4a6418_1836071_TABLET_LANDSCAPE_3_2.jpg,2026-09-17T20:02:20.370215+00:00,2026-09-20T22:44:03.417698+00:00
Z7r9jZaFq3,ATOMGA,,KZFzniwnSyZfZ7v7nJ,Music,KnvZfZ7vAeF,World,KZazBEonSMnZfZ7v6Jt,World,1,https://s1.ticketm.net/dam/c/548/5fefbd1c-973b-4b0e-9b2e-d78e4ce37548_106111_RETINA_PORTRAIT_3_2.jpg,2026-09-17T20:02:23.393825+00:00,2026-09-20T22:44:04.466759+00:00
K8vZ917QnM0,AUSTERIA,https://www.ticketmaster.com/austeria-tickets/artist/2921187,KZFzniwnSyZfZ7v7nJ,Music,KnvZfZ7vAvF,Dance/Electronic,KZazBEonSMnZfZ7vA1E,Dance/Electronic,2,https://s1.ticketm.net/dam/a/d63/a5372a65-be02-4318-843e-8575b62b6d63_1764201_TABLET_LANDSCAPE_3_2.jpg,2026-09-17T20:02:19.682284+00:00,2026-09-20T22:44:02.588228+00:00
K8vZ9179Id0,AZ Chike,https://www.ticketmaster.com/az-chike-tickets/artist/2307082,KZFzniwnSyZfZ7v7nJ,Music,KnvZfZ7vAv1,Hip-Hop/Rap,KZazBEonSMnZfZ7vkvl,Hip-Hop/Rap,5,https://s1.ticketm.net/dam/a/2f9/b8ef74f3-39c7-4b06-ac72-26943e0cd2f9_TABLET_LANDSCAPE_3_2.jpg,2026-09-17T20:02:19.435167+00:00,2026-09-20T22:44:02.205267+00:00
K8vZ91750K7,Aaron Watson,https://www.ticketmaster.com/aaron-watson-tickets/artist/896525,KZFzniwnSyZfZ7v7nJ,Music,KnvZfZ7vAv6,Country,KZazBEonSMnZfZ7vAFa,Country,4,https://s1.ticketm.net/dam/a/46d/66105b8a-da3a-485e-a13c-61a6f5fc346d_884371_RETINA_LANDSCAPE_16_9.jpg,2026-09-17T20:02:19.682284+00:00,2026-09-20T22:44:02.588228+00:00
Z7r9jZ1770f9,Abbie Callahan,,KZFzniwnSyZfZ7v7nl,Undefined,,,,,2,https://s1.ticketm.net/dam/c/8cf/a6653880-7899-4f67-8067-1f95f4d158cf_124761_RECOMENDATION_16_9.jpg,2026-09-17T20:02:20.370215+00:00,2026-09-20T22:44:03.417698+00:00
K8vZ9179Yn7,Acres,https://www.ticketmaster.com/acres-tickets/artist/705084,KZFzniwnSyZfZ7v7nJ,Music,KnvZfZ7vAeA,Rock,KZazBEonSMnZfZ7v66A,Indie Rock,8,https://s1.ticketm.net/dam/c/fbc/b293c0ad-c904-4215-bc59-8d7f2414dfbc_106141_RETINA_LANDSCAPE_16_9.jpg,2026-09-17T20:02:18.739078+00:00,2026-09-20T22:44:01.382965+00:00
K8vZ917GJa7,Adam Deitch,https://www.ticketmaster.com/adam-deitch-tickets/artist/1469817,KZFzniwnSyZfZ7v7nJ,Music,KnvZfZ7vAvE,Jazz,KZazBEonSMnZfZ7vkda,Jazz,10,https://s1.ticketm.net/dam/c/bea/03d47f66-d37b-4aca-aa17-0135be64dbea_105801_RECOMENDATION_16_9.jpg,2026-09-17T20:02:17.499935+00:00,2026-09-20T22:44:03.417698+00:00
K8vZ917uDh0,Afrojack,https://www.ticketmaster.com/afrojack-tickets/artist/1455189,KZFzniwnSyZfZ7v7nJ,Music,KnvZfZ7vAvF,Dance/Electronic,KZazBEonSMnZfZ7vAJ1,Club Dance,6,https://s1.ticketm.net/dam/a/d23/5d747454-b52f-422b-88c5-e38af8b50d23_RETINA_PORTRAIT_16_9.jpg,2026-09-17T20:02:19.435167+00:00,2026-09-20T22:44:02.205267+00:00
K8vZ9171DO7,Agent Orange,https://www.ticketmaster.com/agent-orange-tickets/artist/734398,KZFzniwnSyZfZ7v7nJ,Music,KnvZfZ7vAeA,Rock,KZazBEonSMnZfZ7v6dt,Alternative Rock,5,https://s1.ticketm.net/dam/a/c85/5287cad4-ebc1-4c7d-bee5-ac544d8cbc85_279201_RECOMENDATION_16_9.jpg,2026-09-17T20:02:20.370215+00:00,2026-09-20T22:44:03.417698+00:00
K8vZ917hR-7,Agriculture,https://www.ticketmaster.com/agriculture-tickets/artist/3059558,KZFzniwnSyZfZ7v7nJ,Music,KnvZfZ7vAvt,Metal,KZazBEonSMnZfZ7vkFd,Heavy Metal,8,https://s1.ticketm.net/dam/a/e8b/5910ea20-75a8-4fdc-928e-2bc7428e0e8b_RECOMENDATION_16_9.jpg,2026-09-17T20:02:20.370215+00:00,2026-09-20T22:44:03.417698+00:00
K8vZ917hTS7,Ahadadream,https://www.ticketmaster.com/ahadadream-tickets/artist/3082529,KZFzniwnSyZfZ7v7nJ,Music,KnvZfZ7vAvF,Dance/Electronic,KZazBEonSMnZfZ7vAJk,Ambient Techno,2,https://s1.ticketm.net/dam/c/df8/81eadad8-4449-412e-a2b1-3d8bbb78edf8_106181_EVENT_DETAIL_PAGE_16_9.jpg,2026-09-17T20:02:18.739078+00:00,2026-09-20T22:44:01.382965+00:00
Z7r9jZauMA,Ahee,,KZFzniwnSyZfZ7v7nJ,Music,KnvZfZ7vAvl,Other,KZazBEonSMnZfZ7vk1I,Other,7,https://s1.ticketm.net/dam/c/060/c5c08e7a-9912-456c-a060-2758be94e060_105881_RETINA_LANDSCAPE_16_9.jpg,2026-09-17T20:02:23.393825+00:00,2026-09-20T22:44:04.466759+00:00
Z7r9jZa8rB,Alana Springsteen,,KZFzniwnSyZfZ7v7nJ,Music,KnvZfZ7vAvl,Other,KZazBEonSMnZfZ7vk1I,Other,21,https://s1.ticketm.net/dam/c/060/c5c08e7a-9912-456c-a060-2758be94e060_105881_RETINA_LANDSCAPE_16_9.jpg,2026-09-17T20:02:17.499935+00:00,2026-09-20T22:44:00.359625+00:00
K8vZ917oOyf,Alaska Thunderfuck,https://www.ticketmaster.com/alaska-thunderfuck-tickets/artist/1895347,KZFzniwnSyZfZ7v7nJ,Music,KnvZfZ7vAev,Pop,KZazBEonSMnZfZ7vk1t,Pop,50,https://s1.ticketm.net/dam/a/fa2/ef3030dd-dadf-43bb-a2f7-cb92d0c18fa2_CUSTOM.jpg,2026-09-17T20:02:24.505358+00:00,2026-09-20T22:44:05.657178+00:00
K8vZ917CJN7,Alcest,https://www.ticketmaster.com/alcest-tickets/artist/1606818,KZFzniwnSyZfZ7v7nJ,Music,KnvZfZ7vAvt,Metal,KZazBEonSMnZfZ7vkFd,Heavy Metal,20,https://s1.ticketm.net/dam/a/08c/a68e876a-b712-4df2-986f-e7a0bb85608c_RETINA_PORTRAIT_3_2.jpg,2026-09-17T20:02:19.435167+00:00,2026-09-20T22:44:02.205267+00:00
K8vZ91780b7,Alchemist,https://www.ticketmaster.com/alchemist-tickets/artist/1804057,KZFzniwnSyZfZ7v7nJ,Music,KnvZfZ7vAv1,Hip-Hop/Rap,KZazBEonSMnZfZ7vkdA,Urban,6,https://s1.ticketm.net/dam/c/80b/f3cd8d24-c3ae-4fa0-b4bc-1ba99f9b380b_106091_RETINA_LANDSCAPE_16_9.jpg,2026-09-17T20:02:17.499935+00:00,2026-09-20T22:44:00.359625+00:00
K8vZ917KbX0,Aldous Harding,https://www.ticketmaster.com/aldous-harding-tickets/artist/2113180,KZFzniwnSyZfZ7v7nJ,Music,KnvZfZ7vAva,Folk,KZazBEonSMnZfZ7vAn7,Folk,13,https://s1.ticketm.net/dam/a/b92/61e5ecb4-255f-42dc-af2a-e5a429a4cb92_EVENT_DETAIL_PAGE_16_9.jpg,2026-09-17T20:02:17.499935+00:00,2026-09-20T22:44:00.359625+00:00
K8vZ917Q0-0,Alemeda,https://www.ticketmaster.com/alemeda-tickets/artist/2905907,KZFzniwnSyZfZ7v7nJ,Music,KnvZfZ7vAeA,Rock,KZazBEonSMnZfZ7v6dt,Alternative Rock,6,https://s1.ticketm.net/dam/a/3a0/52879754-92ca-4255-a022-18dab34223a0_CUSTOM.jpg,2026-09-17T20:02:17.499935+00:00,2026-09-20T22:44:00.359625+00:00
K8vZ917oh_f,Alex G,https://www.ticketmaster.com/alex-g-tickets/artist/1887738,KZFzniwnSyZfZ7v7nJ,Music,KnvZfZ7vAeA,Rock,KZazBEonSMnZfZ7v6F1,Pop,25,https://s1.ticketm.net/dam/a/5d7/c98225b1-d088-43f2-9d4b-e6f731cff5d7_TABLET_LANDSCAPE_3_2.jpg,2026-09-17T20:02:19.435167+00:00,2026-09-20T22:44:02.205267+00:00
Z7r9jZa2y8,Alexandra Kay,,KZFzniwnSyZfZ7v7nJ,Music,KnvZfZ7vAvl,Other,KZazBEonSMnZfZ7vk1I,Other,28,https://s1.ticketm.net/dam/c/060/c5c08e7a-9912-456c-a060-2758be94e060_105881_TABLET_LANDSCAPE_16_9.jpg,2026-09-17T20:02:18.739078+00:00,2026-09-20T22:44:01.382965+00:00
K8vZ917fqqf,Alice Phoebe Lou,https://www.ticketmaster.com/alice-phoebe-lou-tickets/artist/2217806,KZFzniwnSyZfZ7v7nJ,Music,KnvZfZ7vAeA,Rock,KZazBEonSMnZfZ7v6F1,Pop,4,https://s1.ticketm.net/dam/a/ab4/410d411b-fa1b-4b67-838e-1bb3098f6ab4_ARTIST_PAGE_3_2.jpg,2026-09-17T20:02:17.499935+00:00,2026-09-20T22:44:00.359625+00:00
K8vZ9175znf,Alicia Villarreal,https://www.ticketmaster.com/alicia-villarreal-tickets/artist/1019730,KZFzniwnSyZfZ7v7nJ,Music,KnvZfZ7vAeF,World,KZazBEonSMnZfZ7vFdJ,Latin,27,https://s1.ticketm.net/dam/a/4ca/5c9545d5-be9f-4824-869b-42bf3734f4ca_TABLET_LANDSCAPE_LARGE_16_9.jpg,2026-09-17T20:02:20.773471+00:00,2026-09-20T22:44:03.900761+00:00
K8vZ9171hOf,Alien Ant Farm,https://www.ticketmaster.com/alien-ant-farm-tickets/artist/806857,KZFzniwnSyZfZ7v7nJ,Music,KnvZfZ7vAeA,Rock,KZazBEonSMnZfZ7v6F1,Pop,27,https://s1.ticketm.net/dam/a/e4d/4a3510df-98ac-4779-a876-03939e3efe4d_TABLET_LANDSCAPE_16_9.jpg,2026-09-17T20:02:19.435167+00:00,2026-09-20T22:44:02.205267+00:00
K8vZ9171Q9V,Alkaline Trio,https://www.ticketmaster.com/alkaline-trio-tickets/artist/730716,KZFzniwnSyZfZ7v7nJ,Music,KnvZfZ7vAeA,Rock,KZazBEonSMnZfZ7v6F1,Pop,19,https://s1.ticketm.net/dam/a/e55/508f28fe-798f-4ff6-955c-23094665fe55_RETINA_PORTRAIT_16_9.jpg,2026-09-17T20:02:18.739078+00:00,2026-09-20T22:44:01.382965+00:00
K8vZ917fGx0,Allan Rayman,https://www.ticketmaster.com/allan-rayman-tickets/artist/2192927,KZFzniwnSyZfZ7v7nJ,Music,KnvZfZ7vAeA,Rock,KZazBEonSMnZfZ7v6F1,Pop,17,https://s1.ticketm.net/dam/a/818/d69f8a65-31d1-4ee1-837f-4ff677425818_RECOMENDATION_16_9.jpg,2026-09-17T20:02:18.739078+00:00,2026-09-20T22:44:01.382965+00:00
K8vZ917GsJ7,Allen Stone,https://www.ticketmaster.com/allen-stone-tickets/artist/1479871,KZFzniwnSyZfZ7v7nJ,Music,KnvZfZ7vAee,R&B,KZazBEonSMnZfZ7vknE,Soul,4,https://s1.ticketm.net/dam/a/ab6/9e5bbef0-56eb-487f-b3a0-400005808ab6_RETINA_LANDSCAPE_16_9.jpg,2026-09-17T20:02:20.370215+00:00,2026-09-20T22:44:03.417698+00:00
K8vZ9175JA7,Alter Bridge,https://www.ticketmaster.com/alter-bridge-tickets/artist/929867,KZFzniwnSyZfZ7v7nJ,Music,KnvZfZ7vAeA,Rock,KZazBEonSMnZfZ7v6dt,Alternative Rock,22,https://s1.ticketm.net/dam/a/19a/5916bf6f-8c45-479b-9492-388ae74ab19a_CUSTOM.jpg,2026-09-17T20:02:23.393825+00:00,2026-09-20T22:44:04.466759+00:00
Z7r9jZ177-17,Alyssa Flaherty,,KZFzniwnSyZfZ7v7nl,Undefined,,,,,5,https://s1.ticketm.net/dam/c/f51/ee785ed6-f806-4195-98f4-69f67e09df51_106201_RETINA_PORTRAIT_3_2.jpg,2026-09-17T20:02:23.393825+00:00,2026-09-20T22:44:04.466759+00:00
Z7r9jZ1779bY,Amelia Day,,KZFzniwnSyZfZ7v7nl,Undefined,,,,,2,https://s1.ticketm.net/dam/c/f51/ee785ed6-f806-4195-98f4-69f67e09df51_106201_RETINA_PORTRAIT_3_2.jpg,2026-09-17T20:02:23.393825+00:00,2026-09-20T22:44:04.466759+00:00
K8vZ9179V-7,Amelie Lens,https://www.ticketmaster.com/amelie-lens-tickets/artist/2595416,KZFzniwnSyZfZ7v7nJ,Music,KnvZfZ7vAvF,Dance/Electronic,KZazBEonSMnZfZ7vA1E,Dance/Electronic,4,https://s1.ticketm.net/dam/a/1d2/83667642-82d8-4c83-adbf-c974898f01d2_1235421_RETINA_PORTRAIT_3_2.jpg,2026-09-17T20:02:17.499935+00:00,2026-09-17T22:38:16.765581+00:00
K8vZ917uZl7,American Aquarium,https://www.ticketmaster.com/american-aquarium-tickets/artist/1490747,KZFzniwnSyZfZ7v7nJ,Music,KnvZfZ7vAeA,Rock,KZazBEonSMnZfZ7v6F1,Pop,27,https://s1.ticketm.net/dam/a/e4d/7a18f7d4-b3cb-4e4c-a07e-eb4773b5fe4d_CUSTOM.jpg,2026-09-17T20:02:17.499935+00:00,2026-09-20T22:44:00.359625+00:00
Z7r9jZa9qo,American Culture,,KZFzniwnSyZfZ7v7nl,Undefined,,,,,1,https://s1.ticketm.net/dam/c/f51/ee785ed6-f806-4195-98f4-69f67e09df51_106201_RETINA_PORTRAIT_3_2.jpg,2026-09-17T20:02:19.435167+00:00,2026-09-20T22:44:02.205267+00:00
K8vZ917Q5SV,Amor Prohibido,https://www.ticketmaster.com/amor-prohibido-tickets/artist/2865635,KZFzniwnSyZfZ7v7nJ,Music,KnvZfZ7vAe6,Undefined,KZazBEonSMnZfZ7v6JI,Undefined,2,https://s1.ticketm.net/dam/a/d3c/a20a910a-b0d7-4706-b01d-49c874660d3c_1633531_ARTIST_PAGE_3_2.jpg,2026-09-17T20:02:17.499935+00:00,2026-09-20T22:44:00.359625+00:00
K8vZ9172eq0,Amtrac,https://www.ticketmaster.com/amtrac-tickets/artist/1647851,KZFzniwnSyZfZ7v7nJ,Music,KnvZfZ7vAvF,Dance/Electronic,KZazBEonSMnZfZ7vAJ1,Club Dance,7,https://s1.ticketm.net/dam/a/db5/a88f168c-bdc7-43a7-b3ca-3605c8d60db5_RETINA_LANDSCAPE_16_9.jpg,2026-09-17T20:02:20.370215+00:00,2026-09-20T22:44:03.417698+00:00
K8vZ9171uaV,Amy Grant,https://www.ticketmaster.com/amy-grant-tickets/artist/733522,KZFzniwnSyZfZ7v7nJ,Music,KnvZfZ7vAeA,Rock,KZazBEonSMnZfZ7v6F1,Pop,41,https://s1.ticketm.net/dam/a/ba7/52660ead-ab4e-4bfe-850f-43e736357ba7_ARTIST_PAGE_3_2.jpg,2026-09-17T20:02:23.393825+00:00,2026-09-20T22:44:04.466759+00:00
K8vZ917qXN7,Amélie Farren,https://www.ticketmaster.com/amelie-farren-tickets/artist/3570299,KZFzniwnSyZfZ7v7nJ,Music,KnvZfZ7vAvv,Alternative,KZazBEonSMnZfZ7vAvJ,Alternative,5,https://s1.ticketm.net/dam/a/30c/e1ac8cb6-44ed-453f-a484-51e4cef9b30c_RETINA_PORTRAIT_3_2.jpg,2026-09-17T20:02:18.739078+00:00,2026-09-20T22:44:01.382965+00:00
K8vZ917GYcV,Anamanaguchi,https://www.ticketmaster.com/anamanaguchi-tickets/artist/1479416,KZFzniwnSyZfZ7v7nJ,Music,KnvZfZ7vAeA,Rock,KZazBEonSMnZfZ7v6F1,Pop,13,https://s1.ticketm.net/dam/a/fcf/813cfd25-6e2f-4829-a9ec-3b387e7f1fcf_RETINA_PORTRAIT_16_9.jpg,2026-09-17T20:02:17.975980+00:00,2026-09-20T22:44:00.359625+00:00
K8vZ917hCyV,Anastasia Coope,https://www.ticketmaster.com/anastasia-coope-tickets/artist/2988441,KZFzniwnSyZfZ7v7nJ,Music,KnvZfZ7vAva,Folk,KZazBEonSMnZfZ7vAn7,Folk,2,https://s1.ticketm.net/dam/c/779/d4bc7e11-1b50-4aa4-a2be-0a21569f5779_106531_ARTIST_PAGE_3_2.jpg,2026-09-17T20:02:17.499935+00:00,2026-09-20T22:44:00.359625+00:00
K8vZ9171r_0,Anberlin,https://www.ticketmaster.com/anberlin-tickets/artist/905585,KZFzniwnSyZfZ7v7nJ,Music,KnvZfZ7vAeA,Rock,KZazBEonSMnZfZ7v6dt,Alternative Rock,34,https://s1.ticketm.net/dam/a/58a/b36ff6b5-f4a9-4c01-a45a-a1d5accbd58a_ARTIST_PAGE_3_2.jpg,2026-09-17T20:02:19.435167+00:00,2026-09-20T22:44:02.205267+00:00
K8vZ917rRi7,Ando San,https://www.ticketmaster.com/ando-san-tickets/artist/4015369,KZFzniwnSyZfZ7v7nJ,Music,KnvZfZ7vAee,R&B,KZazBEonSMnZfZ7vkIt,R&B,32,https://s1.ticketm.net/dam/a/6b1/61162576-1016-4233-9298-eb863faad6b1_CUSTOM.jpg,2026-09-17T20:02:20.370215+00:00,2026-09-20T22:44:03.417698+00:00
K8vZ9171bQ0,Andrea Bocelli,https://www.ticketmaster.com/andrea-bocelli-tickets/artist/773296,KZFzniwnSyZfZ7v7nJ,Music,KnvZfZ7vAeJ,Classical,KZazBEonSMnZfZ7vF1A,Classical/Vocal,23,https://s1.ticketm.net/dam/a/ccc/9450d9ad-b5a8-45a0-9359-7ee4993f0ccc_RETINA_PORTRAIT_16_9.jpg,2026-09-17T20:02:17.499935+00:00,2026-09-20T22:44:00.359625+00:00
K8vZ917_Eq7,Andrew McMahon,https://www.ticketmaster.com/andrew-mcmahon-tickets/artist/2217012,KZFzniwnSyZfZ7v7nJ,Music,KnvZfZ7vAev,Pop,KZazBEonSMnZfZ7vk1t,Pop,11,https://s1.ticketm.net/dam/a/d87/0542e9f8-bae0-477d-9c5a-41114d3d5d87_RETINA_PORTRAIT_16_9.jpg,2026-09-17T20:02:20.370215+00:00,2026-09-20T22:44:03.417698+00:00
K8vZ917o--f,Andrew Rayel,https://www.ticketmaster.com/andrew-rayel-tickets/artist/1896381,KZFzniwnSyZfZ7v7nJ,Music,KnvZfZ7vAvF,Dance/Electronic,KZazBEonSMnZfZ7vAJ1,Club Dance,1,https://s1.ticketm.net/dam/a/91e/67310450-8a6f-4117-89b4-cec5b2afc91e_302921_EVENT_DETAIL_PAGE_16_9.jpg,2026-09-17T20:02:19.682284+00:00,2026-09-20T22:44:02.588228+00:00
K8vZ917pI-f,AngelMaker,https://www.ticketmaster.com/angelmaker-tickets/artist/2456026,KZFzniwnSyZfZ7v7nJ,Music,KnvZfZ7vAvt,Metal,KZazBEonSMnZfZ7vk6E,Metal,12,https://s1.ticketm.net/dam/a/624/1665d654-262f-4ced-8a42-068772555624_SOURCE,2026-09-17T20:02:23.393825+00:00,2026-09-20T22:44:04.466759+00:00
Z7r9jZa2gt,Anxious,,KZFzniwnSyZfZ7v7nJ,Music,KnvZfZ7vAvl,Other,KZazBEonSMnZfZ7vk1I,Other,13,https://s1.ticketm.net/dam/c/060/c5c08e7a-9912-456c-a060-2758be94e060_105881_RETINA_LANDSCAPE_16_9.jpg,2026-09-17T20:02:17.499935+00:00,2026-09-20T22:44:00.359625+00:00
K8vZ917qXTV,Arankai,https://www.ticketmaster.com/arankai-tickets/artist/3564274,KZFzniwnSyZfZ7v7nJ,Music,KnvZfZ7vAvt,Metal,KZazBEonSMnZfZ7vkFd,Heavy Metal,27,https://s1.ticketm.net/dam/a/979/8f066f5d-7268-43e2-b4ff-afe0c61a5979_RETINA_PORTRAIT_3_2.jpg,2026-09-17T20:02:19.435167+00:00,2026-09-20T22:44:02.205267+00:00
K8vZ9175hbf,Arch Enemy,https://www.ticketmaster.com/arch-enemy-tickets/artist/848439,KZFzniwnSyZfZ7v7nJ,Music,KnvZfZ7vAvt,Metal,KZazBEonSMnZfZ7vkFd,Heavy Metal,27,https://s1.ticketm.net/dam/a/3b5/08cefbd6-5bc5-4252-bd8b-f3e0e8ba33b5_RETINA_PORTRAIT_3_2.jpg,2026-09-17T20:02:18.739078+00:00,2026-09-20T22:44:01.382965+00:00
K8vZ917hT4f,Archers,https://www.ticketmaster.com/archers-tickets/artist/3083650,KZFzniwnSyZfZ7v7nJ,Music,KnvZfZ7vAvt,Metal,KZazBEonSMnZfZ7vaJk,Metalcore,9,https://s1.ticketm.net/dam/a/bd5/5f9f4112-97a9-4121-ad02-929087958bd5_TABLET_LANDSCAPE_16_9.jpg,2026-09-17T20:02:18.739078+00:00,2026-09-20T22:44:01.382965+00:00
K8vZ917okqf,Arcángel,https://www.ticketmaster.com/arcangel-tickets/artist/1854185,KZFzniwnSyZfZ7v7nJ,Music,KnvZfZ7vAv1,Hip-Hop/Rap,KZazBEonSMnZfZ7vkdv,Reggaeton,18,https://s1.ticketm.net/dam/a/4e9/464f3b9f-8fd0-4986-9565-c7e8ccd934e9_SOURCE,2026-09-17T20:02:20.370215+00:00,2026-09-20T22:44:03.417698+00:00
K8vZ917Qs90,Aren't We Amphibians,https://www.ticketmaster.com/arent-we-amphibians-tickets/artist/2936861,KZFzniwnSyZfZ7v7nJ,Music,KnvZfZ7vAvv,Alternative,KZazBEonSMnZfZ7vAvn,Alternative Rock,2,https://s1.ticketm.net/dam/c/797/5e693c26-2881-4776-8f0c-3aa94bfa3797_106511_RETINA_PORTRAIT_16_9.jpg,2026-09-17T20:02:17.975980+00:00,2026-09-20T22:44:00.359625+00:00
Z7r9jZa29w,Arlo Parks,,KZFzniwnSyZfZ7v7nJ,Music,KnvZfZ7vAvl,Other,KZazBEonSMnZfZ7vk1I,Other,31,https://s1.ticketm.net/dam/c/060/c5c08e7a-9912-456c-a060-2758be94e060_105881_RETINA_LANDSCAPE_16_9.jpg,2026-09-17T20:02:17.499935+00:00,2026-09-20T22:44:00.359625+00:00
K8vZ917_Uaf,Arm's Length,https://www.ticketmaster.com/arms-length-tickets/artist/2840324,KZFzniwnSyZfZ7v7nJ,Music,KnvZfZ7vAeA,Rock,KZazBEonSMnZfZ7v6dt,Alternative Rock,19,https://s1.ticketm.net/dam/a/3c1/ab4db4ae-ff4c-43b1-b2c1-2d79b98053c1_ARTIST_PAGE_3_2.jpg,2026-09-17T20:02:17.499935+00:00,2026-09-20T22:44:00.359625+00:00
K8vZ917_9zV,Armand Hammer,https://www.ticketmaster.com/armand-hammer-tickets/artist/2787703,KZFzniwnSyZfZ7v7nJ,Music,KnvZfZ7vAv1,Hip-Hop/Rap,KZazBEonSMnZfZ7vkvl,Hip-Hop/Rap,11,https://s1.ticketm.net/dam/a/236/32203f0b-94bb-4691-9250-62189d766236_SOURCE,2026-09-17T20:02:20.370215+00:00,2026-09-20T22:44:03.417698+00:00
K8vZ9171Go7,Armored Saint,https://www.ticketmaster.com/armored-saint-tickets/artist/734459,KZFzniwnSyZfZ7v7nJ,Music,KnvZfZ7vAvt,Metal,KZazBEonSMnZfZ7vkFd,Heavy Metal,7,https://s1.ticketm.net/dam/a/953/aefd5ca2-a023-4614-995f-bf50ed7cb953_TABLET_LANDSCAPE_16_9.jpg,2026-09-17T20:02:20.370215+00:00,2026-09-20T22:44:03.417698+00:00
K8vZ917Q190,Arrows In Action,https://www.ticketmaster.com/arrows-in-action-tickets/artist/2862381,KZFzniwnSyZfZ7v7nJ,Music,KnvZfZ7vAeA,Rock,KZazBEonSMnZfZ7v6F1,Pop,31,https://s1.ticketm.net/dam/a/44e/32447aaa-3fe2-4cb1-ab92-89703317c44e_ARTIST_PAGE_3_2.jpg,2026-09-17T20:02:17.975980+00:00,2026-09-20T22:44:00.359625+00:00
Z7r9jZaoKx,Arrows In Action,,KZFzniwnSyZfZ7v7nJ,Music,KnvZfZ7vAvl,Other,KZazBEonSMnZfZ7vk1I,Other,35,https://s1.ticketm.net/dam/c/060/c5c08e7a-9912-456c-a060-2758be94e060_105881_RETINA_LANDSCAPE_16_9.jpg,2026-09-17T20:02:17.975980+00:00,2026-09-20T22:44:00.359625+00:00
K8vZ91780bf,Artikal Sound System,https://www.ticketmaster.com/artikal-sound-system-tickets/artist/1804060,KZFzniwnSyZfZ7v7nJ,Music,KnvZfZ7vAed,Reggae,KZazBEonSMnZfZ7vknl,Reggae,12,https://s1.ticketm.net/dam/a/e76/58b4a0d2-8f04-4729-a683-01b56d692e76_1075051_EVENT_DETAIL_PAGE_16_9.jpg,2026-09-17T20:02:18.739078+00:00,2026-09-20T22:44:01.382965+00:00
K8vZ917Gd2V,As Cities Burn,https://www.ticketmaster.com/as-cities-burn-tickets/artist/1113803,KZFzniwnSyZfZ7v7nJ,Music,KnvZfZ7vAeA,Rock,KZazBEonSMnZfZ7v6dt,Alternative Rock,17,https://s1.ticketm.net/dam/c/fbc/b293c0ad-c904-4215-bc59-8d7f2414dfbc_106141_RETINA_PORTRAIT_16_9.jpg,2026-09-17T20:02:20.773471+00:00,2026-09-20T22:44:03.900761+00:00
K8vZ9175Oc0,As I Lay Dying,https://www.ticketmaster.com/as-i-lay-dying-tickets/artist/851598,KZFzniwnSyZfZ7v7nJ,Music,KnvZfZ7vAeA,Rock,KZazBEonSMnZfZ7v6dt,Alternative Rock,24,https://s1.ticketm.net/dam/a/72c/ce3434cf-090b-419f-88a4-f1503c89972c_RECOMENDATION_16_9.jpg,2026-09-17T20:02:23.393825+00:00,2026-09-20T22:44:04.466759+00:00
K8vZ9171Wbf,Atmosphere,https://www.ticketmaster.com/atmosphere-tickets/artist/717322,KZFzniwnSyZfZ7v7nJ,Music,KnvZfZ7vAv1,Hip-Hop/Rap,KZazBEonSMnZfZ7vkdA,Urban,1,https://s1.ticketm.net/dam/a/765/8922d22e-5058-472e-afc0-6b43484e1765_RETINA_PORTRAIT_16_9.jpg,2026-09-17T20:02:17.499935+00:00,2026-09-17T22:38:16.765581+00:00
Z7r9jZ17790a,Atomic Rule,,KZFzniwnSyZfZ7v7nl,Undefined,,,,,4,https://s1.ticketm.net/dam/c/f51/ee785ed6-f806-4195-98f4-69f67e09df51_106201_RETINA_PORTRAIT_3_2.jpg,2026-09-17T20:02:20.370215+00:00,2026-09-20T22:44:03.417698+00:00
K8vZ9175prV,Atreyu,https://www.ticketmaster.com/atreyu-tickets/artist/865882,KZFzniwnSyZfZ7v7nJ,Music,KnvZfZ7vAvt,Metal,KZazBEonSMnZfZ7vk6E,Metal,37,https://s1.ticketm.net/dam/a/889/d47d2d14-c0e7-4e59-89ce-c9a16366a889_RETINA_PORTRAIT_16_9.jpg,2026-09-17T20:02:20.773471+00:00,2026-09-20T22:44:03.900761+00:00
K8vZ917GGe7,August Burns Red,https://www.ticketmaster.com/august-burns-red-tickets/artist/1115308,KZFzniwnSyZfZ7v7nJ,Music,KnvZfZ7vAvt,Metal,KZazBEonSMnZfZ7vkFd,Heavy Metal,41,https://s1.ticketm.net/dam/a/855/b4435f61-5191-49f8-b205-ec8b5f06e855_TABLET_LANDSCAPE_16_9.jpg,2026-09-17T20:02:20.773471+00:00,2026-09-20T22:44:03.900761+00:00
Z7r9jZao7V,Austin Giorgio,,KZFzniwnSyZfZ7v7nJ,Music,KnvZfZ7vAvl,Other,KZazBEonSMnZfZ7vk1I,Other,16,https://s1.ticketm.net/dam/c/060/c5c08e7a-9912-456c-a060-2758be94e060_105881_RETINA_LANDSCAPE_16_9.jpg,2026-09-17T20:02:20.370215+00:00,2026-09-20T22:44:03.417698+00:00
Z7r9jZa2Ng,Author & Punisher,,KZFzniwnSyZfZ7v7nJ,Music,KnvZfZ7vAvl,Other,KZazBEonSMnZfZ7vk1I,Other,2,https://s1.ticketm.net/dam/c/060/c5c08e7a-9912-456c-a060-2758be94e060_105881_RETINA_LANDSCAPE_16_9.jpg,2026-09-17T20:02:17.499935+00:00,2026-09-20T22:44:00.359625+00:00
K8vZ9179Gff,Automatic,https://www.ticketmaster.com/automatic-tickets/artist/780102,KZFzniwnSyZfZ7v7nJ,Music,KnvZfZ7vAeA,Rock,KZazBEonSMnZfZ7v6Al,Experimental Rock,13,https://s1.ticketm.net/dam/a/e43/576f750a-10a6-4869-8363-a798a6820e43_TABLET_LANDSCAPE_3_2.jpg,2026-09-17T20:02:18.739078+00:00,2026-09-20T22:44:01.382965+00:00
Z7r9jZa2DS,Automatic,,KZFzniwnSyZfZ7v7nJ,Music,KnvZfZ7vAvl,Other,KZazBEonSMnZfZ7vk1I,Other,14,https://s1.ticketm.net/dam/c/060/c5c08e7a-9912-456c-a060-2758be94e060_105881_TABLET_LANDSCAPE_16_9.jpg,2026-09-17T20:02:18.739078+00:00,2026-09-20T22:44:01.382965+00:00
K8vZ9174m00,Autumn Kings,https://www.ticketmaster.com/autumn-kings-tickets/artist/2326751,KZFzniwnSyZfZ7v7nJ,Music,KnvZfZ7vAeA,Rock,KZazBEonSMnZfZ7v6da,Rock,24,https://s1.ticketm.net/dam/a/cae/f7deb533-8329-47b7-b47e-154106523cae_CUSTOM.jpg,2026-09-17T20:02:19.435167+00:00,2026-09-20T22:44:02.205267+00:00
K8vZ917r7mV,Ava Liv Mabry,https://www.ticketmaster.com/ava-liv-mabry-tickets/artist/3607954,KZFzniwnSyZfZ7v7nJ,Music,KnvZfZ7vAv6,Country,KZazBEonSMnZfZ7vAaA,Country Pop,6,https://s1.ticketm.net/dam/a/dd2/cb5e01ef-2092-413a-8ad2-bc5352376dd2_TABLET_LANDSCAPE_3_2.jpg,2026-09-17T20:02:19.435167+00:00,2026-09-20T22:44:02.205267+00:00
K8vZ917Q9M0,Avery Anna,https://www.ticketmaster.com/avery-anna-tickets/artist/2880441,KZFzniwnSyZfZ7v7nJ,Music,KnvZfZ7vAv6,Country,KZazBEonSMnZfZ7vAFa,Country,29,https://s1.ticketm.net/dam/a/439/e628d155-39ec-43cf-bbfc-7f26a3227439_EVENT_DETAIL_PAGE_16_9.jpg,2026-09-17T20:02:25.035143+00:00,2026-09-20T22:44:06.355282+00:00
K8vZ917br-7,Aviana,https://www.ticketmaster.com/aviana-tickets/artist/2682943,KZFzniwnSyZfZ7v7nJ,Music,KnvZfZ7vAvt,Metal,KZazBEonSMnZfZ7vaJk,Metalcore,12,https://s1.ticketm.net/dam/a/86f/128484f1-e499-4cc0-b8d2-f44ff723686f_RETINA_LANDSCAPE_16_9.jpg,2026-09-17T20:02:17.975980+00:00,2026-09-20T22:44:00.359625+00:00
K8vZ917Qca7,Ax and the Hatchetmen,https://www.ticketmaster.com/ax-and-the-hatchetmen-tickets/artist/2924484,KZFzniwnSyZfZ7v7nJ,Music,KnvZfZ7vAvv,Alternative,KZazBEonSMnZfZ7vAde,Indie Rock,31,https://s1.ticketm.net/dam/a/cfd/8e36f0d9-e75d-42e8-87c5-37a61a9d6cfd_CUSTOM.jpg,2026-09-17T20:02:17.499935+00:00,2026-09-20T22:44:03.417698+00:00
K8vZ917GJKf,B.o.B,https://www.ticketmaster.com/bob-tickets/artist/1421088,KZFzniwnSyZfZ7v7nJ,Music,KnvZfZ7vAv1,Hip-Hop/Rap,KZazBEonSMnZfZ7vkdA,Urban,12,https://s1.ticketm.net/dam/a/7be/cde9f26c-9001-43c5-b6ab-2dacfc2587be_ARTIST_PAGE_3_2.jpg,2026-09-17T20:02:17.499935+00:00,2026-09-17T22:38:16.765581+00:00
K8vZ917oaof,BEAT,https://www.ticketmaster.com/beat-tickets/artist/1860703,KZFzniwnSyZfZ7v7nJ,Music,KnvZfZ7vAeA,Rock,KZazBEonSMnZfZ7v6F1,Pop,41,https://s1.ticketm.net/dam/a/461/e58a2592-728f-4741-be53-6a7a6d97b461_RETINA_PORTRAIT_3_2.jpg,2026-09-17T20:02:19.435167+00:00,2026-09-20T22:44:02.205267+00:00
Z7r9jZab2B,BLIND EQUATION,,KZFzniwnSyZfZ7v7nl,Undefined,,,,,2,https://s1.ticketm.net/dam/c/f51/ee785ed6-f806-4195-98f4-69f67e09df51_106201_RETINA_PORTRAIT_3_2.jpg,2026-09-17T20:02:18.739078+00:00,2026-09-20T22:44:01.382965+00:00
K8vZ917h2s0,BLÜ EYES,https://www.ticketmaster.com/blu-eyes-tickets/artist/2988766,KZFzniwnSyZfZ7v7nJ,Music,KnvZfZ7vAev,Pop,KZazBEonSMnZfZ7vk1t,Pop,4,https://s1.ticketm.net/dam/a/a88/424e3b49-14c5-4d9f-8595-cfe448649a88_RETINA_PORTRAIT_16_9.jpg,2026-09-17T20:02:19.435167+00:00,2026-09-20T22:44:02.205267+00:00
K8vZ917LhMf,Baby Jane,https://www.ticketmaster.com/baby-jane-tickets/artist/4269944,KZFzniwnSyZfZ7v7nJ,Music,KnvZfZ7vAvF,Dance/Electronic,KZazBEonSMnZfZ7vA1E,Dance/Electronic,5,https://s1.ticketm.net/dam/a/d81/34fac000-3993-48f7-b4a6-8ef1e5250d81_EVENT_DETAIL_PAGE_16_9.jpg,2026-09-17T20:02:23.393825+00:00,2026-09-20T22:44:04.466759+00:00
K8vZ9172nbf,Bad Suns,https://www.ticketmaster.com/bad-suns-tickets/artist/1714459,KZFzniwnSyZfZ7v7nJ,Music,KnvZfZ7vAeA,Rock,KZazBEonSMnZfZ7v6F1,Pop,20,https://s1.ticketm.net/dam/a/065/aaa66dd1-c7ad-4e3f-8c83-7f7004aae065_TABLET_LANDSCAPE_LARGE_16_9.jpg,2026-09-17T20:02:24.038892+00:00,2026-09-20T22:44:05.080653+00:00
K8vZ917CPbf,Bag Raiders,https://www.ticketmaster.com/bag-raiders-tickets/artist/1605982,KZFzniwnSyZfZ7v7nJ,Music,KnvZfZ7vAvF,Dance/Electronic,KZazBEonSMnZfZ7vAJ1,Club Dance,4,https://s1.ticketm.net/dam/a/a7e/206ebb1e-477f-4e1b-9f52-fab423737a7e_SOURCE,2026-09-17T20:02:20.773471+00:00,2026-09-20T22:44:03.900761+00:00
K8vZ917GzZV,Bahamas,https://www.ticketmaster.com/bahamas-tickets/artist/1483767,KZFzniwnSyZfZ7v7nJ,Music,KnvZfZ7vAva,Folk,KZazBEonSMnZfZ7vAn7,Folk,16,https://s1.ticketm.net/dam/a/2c5/65f75ee0-28ae-4f02-a775-411bf4cb92c5_RETINA_LANDSCAPE_16_9.jpg,2026-09-17T20:02:20.370215+00:00,2026-09-20T22:44:03.417698+00:00
Z7r9jZap1d,Bailey Spinn,,KZFzniwnSyZfZ7v7nl,Undefined,,,,,4,https://s1.ticketm.net/dam/c/f51/ee785ed6-f806-4195-98f4-69f67e09df51_106201_RETINA_PORTRAIT_3_2.jpg,2026-09-17T20:02:18.739078+00:00,2026-09-20T22:44:01.382965+00:00
K8vZ917GmS0,Balance & Composure,https://www.ticketmaster.com/balance-composure-tickets/artist/1478547,KZFzniwnSyZfZ7v7nJ,Music,KnvZfZ7vAeA,Rock,KZazBEonSMnZfZ7v6F1,Pop,21,https://s1.ticketm.net/dam/a/73c/2221ee3f-bac1-4387-91ac-805228ee673c_RETINA_PORTRAIT_3_2.jpg,2026-09-17T20:02:19.435167+00:00,2026-09-20T22:44:02.205267+00:00
K8vZ917G0M7,Ballyhoo!,https://www.ticketmaster.com/ballyhoo-tickets/artist/1279856,KZFzniwnSyZfZ7v7nJ,Music,KnvZfZ7vAeA,Rock,KZazBEonSMnZfZ7v6F1,Pop,10,https://s1.ticketm.net/dam/a/55a/30ad18a5-118e-47d2-ac38-4db8d963455a_EVENT_DETAIL_PAGE_16_9.jpg,2026-09-17T20:02:17.499935+00:00,2026-09-20T22:44:00.359625+00:00
K8vZ9174UmV,Band Of Silver,https://www.ticketmaster.com/band-of-silver-tickets/artist/2338193,KZFzniwnSyZfZ7v7nJ,Music,KnvZfZ7vAeA,Rock,KZazBEonSMnZfZ7v6F1,Pop,17,https://s1.ticketm.net/dam/c/fbc/b293c0ad-c904-4215-bc59-8d7f2414dfbc_106141_EVENT_DETAIL_PAGE_16_9.jpg,2026-09-17T20:02:18.739078+00:00,2026-09-20T22:44:01.382965+00:00
K8vZ9173kZ0,Band of Heathens,https://www.ticketmaster.com/band-of-heathens-tickets/artist/1146329,KZFzniwnSyZfZ7v7nJ,Music,KnvZfZ7vAeA,Rock,KZazBEonSMnZfZ7v6F1,Pop,5,https://s1.ticketm.net/dam/c/fbc/b293c0ad-c904-4215-bc59-8d7f2414dfbc_106141_RETINA_PORTRAIT_16_9.jpg,2026-09-17T20:02:20.370215+00:00,2026-09-20T22:44:03.417698+00:00
K8vZ91735MV,Basement,https://www.ticketmaster.com/basement-tickets/artist/1965287,KZFzniwnSyZfZ7v7nJ,Music,KnvZfZ7vAeA,Rock,KZazBEonSMnZfZ7v6dt,Alternative Rock,29,https://s1.ticketm.net/dam/a/9a1/5b8076e9-6189-4513-bf49-10f72e73c9a1_SOURCE,2026-09-17T20:02:20.370215+00:00,2026-09-20T22:44:03.417698+00:00
K8vZ9172FMV,Bassjackers,https://www.ticketmaster.com/bassjackers-tickets/artist/1659763,KZFzniwnSyZfZ7v7nJ,Music,KnvZfZ7vAvF,Dance/Electronic,KZazBEonSMnZfZ7vAJ1,Club Dance,3,https://s1.ticketm.net/dam/c/df8/81eadad8-4449-412e-a2b1-3d8bbb78edf8_106181_RECOMENDATION_16_9.jpg,2026-09-17T20:02:17.499935+00:00,2026-09-20T22:44:00.359625+00:00
K8vZ917q8T7,Bassvictim,https://www.ticketmaster.com/bassvictim-tickets/artist/3311094,KZFzniwnSyZfZ7v7nJ,Music,KnvZfZ7vAvF,Dance/Electronic,KZazBEonSMnZfZ7vaal,Dubstep,18,https://s1.ticketm.net/dam/a/f3d/bc4e1046-5cb4-4b0d-b314-4b0fc3d42f3d_SOURCE,2026-09-17T20:02:18.739078+00:00,2026-09-20T22:44:01.382965+00:00
Z7r9jZauhP,Bayonne,,KZFzniwnSyZfZ7v7nJ,Music,KnvZfZ7vAvl,Other,KZazBEonSMnZfZ7vk1I,Other,28,https://s1.ticketm.net/dam/c/060/c5c08e7a-9912-456c-a060-2758be94e060_105881_RETINA_LANDSCAPE_16_9.jpg,2026-09-17T20:02:20.370215+00:00,2026-09-20T22:44:03.417698+00:00
Z7r9jZa325,Beach Weather,,KZFzniwnSyZfZ7v7nl,Undefined,,,,,1,https://s1.ticketm.net/dam/c/f51/ee785ed6-f806-4195-98f4-69f67e09df51_106201_RETINA_PORTRAIT_3_2.jpg,2026-09-17T20:02:20.370215+00:00,2026-09-20T22:44:03.417698+00:00
K8vZ917qk80,Bear Ghost,https://www.ticketmaster.com/bear-ghost-tickets/artist/3168100,KZFzniwnSyZfZ7v7nJ,Music,KnvZfZ7vAeA,Rock,KZazBEonSMnZfZ7v6dt,Alternative Rock,3,https://s1.ticketm.net/dam/a/cd8/403e82e5-9e19-4a90-bf9a-de39baa62cd8_RETINA_PORTRAIT_16_9.jpg,2026-09-17T20:02:18.739078+00:00,2026-09-20T22:44:01.382965+00:00
K8vZ917bVXV,Bearracuda,https://www.ticketmaster.com/bearracuda-tickets/artist/1753659,KZFzniwnSyZfZ7v7nJ,Music,KnvZfZ7vAvF,Dance/Electronic,KZazBEonSMnZfZ7vA1E,Dance/Electronic,2,https://s1.ticketm.net/dam/a/0ef/2de12bba-7136-4d7a-ba74-16902e2860ef_SOURCE,2026-09-17T20:02:18.739078+00:00,2026-09-20T22:44:01.382965+00:00
K8vZ917Q5K0,Bears In Trees,https://www.ticketmaster.com/bears-in-trees-tickets/artist/2863024,KZFzniwnSyZfZ7v7nJ,Music,KnvZfZ7vAeA,Rock,KZazBEonSMnZfZ7v6F1,Pop,9,https://s1.ticketm.net/dam/a/6b3/d9db97c9-5b02-4172-9f6c-73a5e65326b3_1867161_RETINA_PORTRAIT_16_9.jpg,2026-09-20T22:44:05.336677+00:00,2026-09-20T22:44:05.336677+00:00
K8vZ9178zM0,Beartooth,https://www.ticketmaster.com/beartooth-tickets/artist/1836474,KZFzniwnSyZfZ7v7nJ,Music,KnvZfZ7vAvt,Metal,KZazBEonSMnZfZ7vkFd,Heavy Metal,38,https://s1.ticketm.net/dam/a/aa5/5f021378-b93c-460a-b8e8-b32f1fbbeaa5_EVENT_DETAIL_PAGE_16_9.jpg,2026-09-17T20:02:23.393825+00:00,2026-09-20T22:44:04.466759+00:00
K8vZ9171fvf,Beck,https://www.ticketmaster.com/beck-tickets/artist/765320,KZFzniwnSyZfZ7v7nJ,Music,KnvZfZ7vAeA,Rock,KZazBEonSMnZfZ7v6dt,Alternative Rock,30,https://s1.ticketm.net/dam/a/847/6ff8c3b0-bcfb-4755-8a7d-5dfdf272f847_SOURCE,2026-09-17T20:02:18.739078+00:00,2026-09-20T22:44:01.382965+00:00
K8vZ917LthV,Bee Blackwell,https://www.ticketmaster.com/bee-blackwell-tickets/artist/4343299,KZFzniwnSyZfZ7v7nJ,Music,KnvZfZ7vAvv,Alternative,KZazBEonSMnZfZ7vAvn,Alternative Rock,12,https://s1.ticketm.net/dam/c/f50/96fa13be-e395-429b-8558-a51bb9054f50_105951_TABLET_LANDSCAPE_LARGE_16_9.jpg,2026-09-17T20:02:19.435167+00:00,2026-09-20T22:44:02.205267+00:00
K8vZ917rxgf,Bella Kay,https://www.ticketmaster.com/bella-kay-tickets/artist/3895934,KZFzniwnSyZfZ7v7nJ,Music,KnvZfZ7vAev,Pop,KZazBEonSMnZfZ7vk1t,Pop,17,https://s1.ticketm.net/dam/a/bff/1f2221d5-f25f-4b77-ba6d-c070698efbff_TABLET_LANDSCAPE_LARGE_16_9.jpg,2026-09-17T20:02:17.499935+00:00,2026-09-20T22:44:00.359625+00:00
K8vZ917hpSf,Bella White,https://www.ticketmaster.com/bella-white-tickets/artist/3009324,KZFzniwnSyZfZ7v7nJ,Music,KnvZfZ7vAv6,Country,KZazBEonSMnZfZ7vAad,Country Folk,10,https://s1.ticketm.net/dam/a/a07/65585da1-18b9-4375-810b-94d868932a07_SOURCE,2026-09-17T20:02:19.435167+00:00,2026-09-20T22:44:02.205267+00:00
K8vZ9171aZ0,Bellamy Brothers,https://www.ticketmaster.com/bellamy-brothers-tickets/artist/806049,KZFzniwnSyZfZ7v7nJ,Music,KnvZfZ7vAv6,Country,KZazBEonSMnZfZ7vAFa,Country,8,https://s1.ticketm.net/dam/a/ba7/513d0375-b7ee-44b6-b594-10bade0a6ba7_300961_RETINA_PORTRAIT_3_2.jpg,2026-09-17T20:02:20.370215+00:00,2026-09-20T22:44:03.417698+00:00
K8vZ9174Uuf,Belmont,https://www.ticketmaster.com/belmont-tickets/artist/2345566,KZFzniwnSyZfZ7v7nJ,Music,KnvZfZ7vAvv,Alternative,KZazBEonSMnZfZ7vAvn,Alternative Rock,6,https://s1.ticketm.net/dam/a/516/09e01ba9-6525-4630-bd27-df2bd2e2a516_SOURCE,2026-09-17T20:02:17.499935+00:00,2026-09-20T22:44:00.359625+00:00
K8vZ917C2iV,Ben Nichols,https://www.ticketmaster.com/ben-nichols-tickets/artist/1576117,KZFzniwnSyZfZ7v7nJ,Music,KnvZfZ7vAeA,Rock,KZazBEonSMnZfZ7v6F1,Pop,5,https://s1.ticketm.net/dam/c/fbc/b293c0ad-c904-4215-bc59-8d7f2414dfbc_106141_EVENT_DETAIL_PAGE_16_9.jpg,2026-09-17T20:02:17.499935+00:00,2026-09-20T22:44:00.359625+00:00
K8vZ917h0kV,Ben Quad,https://www.ticketmaster.com/ben-quad-tickets/artist/3041799,KZFzniwnSyZfZ7v7nJ,Music,KnvZfZ7vAeA,Rock,KZazBEonSMnZfZ7v6Ft,Post-Hardcore,15,https://s1.ticketm.net/dam/a/e23/44ffd66b-ec87-441b-a20a-0842c1bc3e23_RECOMENDATION_16_9.jpg,2026-09-17T20:02:20.773471+00:00,2026-09-20T22:44:03.900761+00:00
K8vZ917LtdV,Berried Alive,https://www.ticketmaster.com/berried-alive-tickets/artist/4332844,KZFzniwnSyZfZ7v7nJ,Music,KnvZfZ7vAvt,Metal,KZazBEonSMnZfZ7vk6E,Metal,1,https://s1.ticketm.net/dam/a/66f/b2aa7c21-b4f3-4e82-8362-697c6231e66f_ARTIST_PAGE_3_2.jpg,2026-09-17T20:02:19.435167+00:00,2026-09-20T22:44:02.205267+00:00
K8vZ91714U7,Beth Hart,https://www.ticketmaster.com/beth-hart-tickets/artist/935151,KZFzniwnSyZfZ7v7nJ,Music,KnvZfZ7vAeA,Rock,KZazBEonSMnZfZ7v6F1,Pop,31,https://s1.ticketm.net/dam/a/017/f058d2b5-91ef-4dd2-ba55-badc3887b017_1431271_RETINA_PORTRAIT_16_9.jpg,2026-09-17T20:02:17.975980+00:00,2026-09-20T22:44:00.359625+00:00
K8vZpZA6l7Fk,Big Dirty Cotton,https://www.ticketmaster.com/big-dirty-cotton-tickets/artist/4651006,KZFzniwnSyZfZ7v7nJ,Music,KnvZfZ7vAv1,Hip-Hop/Rap,KZazBEonSMnZfZ7vkd7,Underground Rap,1,https://s1.ticketm.net/dam/c/80b/f3cd8d24-c3ae-4fa0-b4bc-1ba99f9b380b_106091_ARTIST_PAGE_3_2.jpg,2026-09-17T20:02:18.739078+00:00,2026-09-20T22:44:01.382965+00:00
K8vZ917GRLf,Big Gigantic,https://www.ticketmaster.com/big-gigantic-tickets/artist/1474639,KZFzniwnSyZfZ7v7nJ,Music,KnvZfZ7vAvF,Dance/Electronic,KZazBEonSMnZfZ7vAJ1,Club Dance,5,https://s1.ticketm.net/dam/a/3a7/1093cf92-c5c4-4deb-aa37-1058d01c83a7_SOURCE,2026-09-17T20:02:17.499935+00:00,2026-09-20T22:44:00.359625+00:00
K8vZ9171oqV,Big Head Todd & the Monsters,https://www.ticketmaster.com/big-head-todd-the-monsters-tickets/artist/821282,KZFzniwnSyZfZ7v7nJ,Music,KnvZfZ7vAeA,Rock,KZazBEonSMnZfZ7v6F1,Pop,14,https://s1.ticketm.net/dam/a/b34/4069e75d-5ce2-43f6-91eb-4124d61ceb34_EVENT_DETAIL_PAGE_16_9.jpg,2026-09-17T20:02:20.773471+00:00,2026-09-20T22:44:03.900761+00:00
K8vZ917K5F0,Big Thief,https://www.ticketmaster.com/big-thief-tickets/artist/2086523,KZFzniwnSyZfZ7v7nJ,Music,KnvZfZ7vAeA,Rock,KZazBEonSMnZfZ7v6F1,Pop,12,https://s1.ticketm.net/dam/a/a53/cb8b3235-2bcb-4995-93bd-da0dda12aa53_RETINA_PORTRAIT_3_2.jpg,2026-09-17T20:02:18.739078+00:00,2026-09-20T22:44:01.382965+00:00
K8vZ917KFj0,Big Wild,https://www.ticketmaster.com/big-wild-tickets/artist/2080870,KZFzniwnSyZfZ7v7nJ,Music,KnvZfZ7vAvF,Dance/Electronic,KZazBEonSMnZfZ7vAJ1,Club Dance,1,https://s1.ticketm.net/dam/a/f60/67e00133-17e5-4584-be02-b7a0d07f1f60_SOURCE,2026-09-17T20:02:17.499935+00:00,2026-09-20T22:44:00.359625+00:00
K8vZ91719yV,Big Wreck,https://www.ticketmaster.com/big-wreck-tickets/artist/796191,KZFzniwnSyZfZ7v7nJ,Music,KnvZfZ7vAeA,Rock,KZazBEonSMnZfZ7v6F1,Pop,18,https://s1.ticketm.net/dam/a/b92/d547a2c7-4b53-4956-b418-c7042ed40b92_TABLET_LANDSCAPE_16_9.jpg,2026-09-17T20:02:23.393825+00:00,2026-09-20T22:44:04.466759+00:00
K8vZ9174G2V,Billy Strings,https://www.ticketmaster.com/billy-strings-tickets/artist/2253625,KZFzniwnSyZfZ7v7nJ,Music,KnvZfZ7vAv6,Country,KZazBEonSMnZfZ7vAFI,Bluegrass,41,https://s1.ticketm.net/dam/a/2c6/2e44c239-4a4c-472c-b9a8-a4e9296052c6_RETINA_LANDSCAPE_16_9.jpg,2026-09-17T20:02:17.499935+00:00,2026-09-20T22:44:00.359625+00:00
K8vZ917ug2f,Black Breath,https://www.ticketmaster.com/black-breath-tickets/artist/1540618,KZFzniwnSyZfZ7v7nJ,Music,KnvZfZ7vAeA,Rock,KZazBEonSMnZfZ7v6F1,Pop,3,https://s1.ticketm.net/dam/c/fbc/b293c0ad-c904-4215-bc59-8d7f2414dfbc_106141_RETINA_LANDSCAPE_16_9.jpg,2026-09-17T20:02:23.393825+00:00,2026-09-20T22:44:04.466759+00:00
K8vZ917C_4f,Black Jacket Symphony,https://www.ticketmaster.com/black-jacket-symphony-tickets/artist/1587642,KZFzniwnSyZfZ7v7nJ,Music,KnvZfZ7vAeA,Rock,KZazBEonSMnZfZ7v6F1,Pop,87,https://s1.ticketm.net/dam/a/95a/52b02370-e861-42f9-b979-32fa376f995a_1274881_CUSTOM.jpg,2026-09-17T20:02:20.370215+00:00,2026-09-20T22:44:05.336677+00:00
K8vZ9179mR7,Blanke,https://www.ticketmaster.com/blanke-tickets/artist/2580709,KZFzniwnSyZfZ7v7nJ,Music,KnvZfZ7vAvF,Dance/Electronic,KZazBEonSMnZfZ7vA1E,Dance/Electronic,8,https://s1.ticketm.net/dam/a/7bd/91330017-b63e-4771-b1ec-a0f773a237bd_CUSTOM.jpg,2026-09-17T20:02:24.038892+00:00,2026-09-20T22:44:05.080653+00:00
K8vZ9173GO7,Bleachers,https://www.ticketmaster.com/bleachers-tickets/artist/1965170,KZFzniwnSyZfZ7v7nJ,Music,KnvZfZ7vAeA,Rock,KZazBEonSMnZfZ7v6F1,Pop,26,https://s1.ticketm.net/dam/a/c22/c8629e9a-cca8-4ef6-992e-712853df0c22_RECOMENDATION_16_9.jpg,2026-09-17T20:02:17.499935+00:00,2026-09-20T22:44:00.359625+00:00
K8vZ917Q-Kf,BleakHeart,https://www.ticketmaster.com/bleakheart-tickets/artist/2898063,KZFzniwnSyZfZ7v7nJ,Music,KnvZfZ7vAvv,Alternative,KZazBEonSMnZfZ7vAvn,Alternative Rock,1,https://s1.ticketm.net/dam/c/f50/96fa13be-e395-429b-8558-a51bb9054f50_105951_TABLET_LANDSCAPE_LARGE_16_9.jpg,2026-09-17T20:02:17.499935+00:00,2026-09-17T22:38:16.765581+00:00
K8vZ917Oc80,Blight Town,https://www.ticketmaster.com/blight-town-tickets/artist/4527609,KZFzniwnSyZfZ7v7nJ,Music,KnvZfZ7vAvv,Alternative,KZazBEonSMnZfZ7vAvE,Adult Alternative Pop/Rock,7,https://s1.ticketm.net/dam/c/797/5e693c26-2881-4776-8f0c-3aa94bfa3797_106511_RETINA_PORTRAIT_16_9.jpg,2026-09-17T20:02:17.499935+00:00,2026-09-20T22:44:00.359625+00:00
K8vZ917jBVV,Blind Equation,https://www.ticketmaster.com/blind-equation-tickets/artist/3170814,KZFzniwnSyZfZ7v7nJ,Music,KnvZfZ7vAvt,Metal,KZazBEonSMnZfZ7vkFd,Heavy Metal,4,https://s1.ticketm.net/dam/c/e7c/86478562-7218-4e8f-b9d4-8080fe168e7c_105581_TABLET_LANDSCAPE_16_9.jpg,2026-09-17T20:02:18.739078+00:00,2026-09-20T22:44:01.382965+00:00
K8vZ9171iM0,Blood for Blood,https://www.ticketmaster.com/blood-for-blood-tickets/artist/802083,KZFzniwnSyZfZ7v7nJ,Music,KnvZfZ7vAeA,Rock,KZazBEonSMnZfZ7v6dt,Alternative Rock,4,https://s1.ticketm.net/dam/c/fbc/b293c0ad-c904-4215-bc59-8d7f2414dfbc_106141_RETINA_PORTRAIT_16_9.jpg,2026-09-17T20:02:18.739078+00:00,2026-09-20T22:44:01.382965+00:00
K8vZ917QyS7,Bloom,https://www.ticketmaster.com/bloom-tickets/artist/784536,KZFzniwnSyZfZ7v7nJ,Music,KnvZfZ7vAev,Pop,KZazBEonSMnZfZ7vk1t,Pop,3,https://s1.ticketm.net/dam/c/4f2/0109888a-61b5-4525-8432-b026ef04f4f2_105631_TABLET_LANDSCAPE_LARGE_16_9.jpg,2026-09-17T20:02:17.499935+00:00,2026-09-20T22:44:00.359625+00:00
K8vZ917_-10,Bloom,https://www.ticketmaster.com/bloom-tickets/artist/2809476,KZFzniwnSyZfZ7v7nJ,Music,KnvZfZ7vAeA,Rock,KZazBEonSMnZfZ7v6a6,Punk,10,https://s1.ticketm.net/dam/c/fbc/b293c0ad-c904-4215-bc59-8d7f2414dfbc_106141_TABLET_LANDSCAPE_LARGE_16_9.jpg,2026-09-17T20:02:17.499935+00:00,2026-09-20T22:44:00.359625+00:00
Z7r9jZa3_3,Blossom,,KZFzniwnSyZfZ7v7nl,Undefined,,,,,1,https://s1.ticketm.net/dam/c/f51/ee785ed6-f806-4195-98f4-69f67e09df51_106201_RETINA_PORTRAIT_3_2.jpg,2026-09-17T20:02:20.773471+00:00,2026-09-20T22:44:03.900761+00:00
K8vZ9171wrV,Blue October,https://www.ticketmaster.com/blue-october-tickets/artist/712450,KZFzniwnSyZfZ7v7nJ,Music,KnvZfZ7vAeA,Rock,KZazBEonSMnZfZ7v6dt,Alternative Rock,77,https://s1.ticketm.net/dam/a/472/1426901f-6f24-44ff-986e-54c2f1743472_SOURCE,2026-09-17T20:02:24.295861+00:00,2026-09-20T22:44:05.336677+00:00
K8vZ917fs_7,Bob The Drag Queen,https://www.ticketmaster.com/bob-the-drag-queen-tickets/artist/2248897,KZFzniwnSyZfZ7v7na,Arts & Theatre,KnvZfZ7v7l6,Performance Art,KZazBEonSMnZfZ7v7l1,Performance Art,13,https://s1.ticketm.net/dam/a/1b1/57318c5f-5e99-41f6-889a-d2e214d8d1b1_SOURCE,2026-09-17T20:02:18.739078+00:00,2026-09-20T22:44:01.382965+00:00
K8vZ917uPQV,Bobby Lee,https://www.ticketmaster.com/bobby-lee-tickets/artist/888070,KZFzniwnSyZfZ7v7na,Arts & Theatre,KnvZfZ7vAe1,Comedy,KZazBEonSMnZfZ7vF17,Comedy,12,https://s1.ticketm.net/dam/a/9a4/3273c2f1-bd2e-4ed7-9208-0b3b66e319a4_RECOMENDATION_16_9.jpg,2026-09-17T20:02:17.499935+00:00,2026-09-17T22:38:16.765581+00:00
K8vZ917oln0,Bonobo,https://www.ticketmaster.com/bonobo-tickets/artist/1912222,KZFzniwnSyZfZ7v7nJ,Music,KnvZfZ7vAvF,Dance/Electronic,KZazBEonSMnZfZ7vAJ1,Club Dance,41,https://s1.ticketm.net/dam/a/b2b/a42c4d0e-f83b-4d72-aad2-8b2b145c8b2b_ARTIST_PAGE_3_2.jpg,2026-09-17T20:02:20.773471+00:00,2026-09-20T22:44:03.900761+00:00
K8vZ917pAzV,Boogie T,https://www.ticketmaster.com/boogie-t-tickets/artist/2385589,KZFzniwnSyZfZ7v7nJ,Music,KnvZfZ7vAvF,Dance/Electronic,KZazBEonSMnZfZ7vA1E,Dance/Electronic,6,https://s1.ticketm.net/dam/a/811/b4c546f9-1cae-4421-8942-bee0d3a5e811_1854821_ARTIST_PAGE_3_2.jpg,2026-09-17T20:02:23.393825+00:00,2026-09-20T22:44:04.466759+00:00
K8vZ917GI6f,Born of Osiris,https://www.ticketmaster.com/born-of-osiris-tickets/artist/1256357,KZFzniwnSyZfZ7v7nJ,Music,KnvZfZ7vAeA,Rock,KZazBEonSMnZfZ7v6F1,Pop,15,https://s1.ticketm.net/dam/a/9d8/f6fa1fb9-8873-4df9-a788-b613969d19d8_RETINA_PORTRAIT_3_2.jpg,2026-09-17T20:02:23.393825+00:00,2026-09-20T22:44:04.466759+00:00
K8vZ917fhC0,Boston Manor,https://www.ticketmaster.com/boston-manor-tickets/artist/2215217,KZFzniwnSyZfZ7v7nJ,Music,KnvZfZ7vAeA,Rock,KZazBEonSMnZfZ7v6FE,Pop Punk,18,https://s1.ticketm.net/dam/a/55c/feaf81b5-444d-4940-aa80-334c428eb55c_1132191_TABLET_LANDSCAPE_LARGE_16_9.jpg,2026-09-17T20:02:20.773471+00:00,2026-09-20T22:44:03.900761+00:00
K8vZ9172qYf,Boundaries,https://www.ticketmaster.com/boundaries-tickets/artist/1696291,KZFzniwnSyZfZ7v7nJ,Music,KnvZfZ7vAeA,Rock,KZazBEonSMnZfZ7v6dt,Alternative Rock,16,https://s1.ticketm.net/dam/a/d31/b03870fb-efc9-4399-91c7-65cb2ffdcd31_SOURCE,2026-09-17T20:02:20.370215+00:00,2026-09-20T22:44:03.417698+00:00
K8vZ9175Cvf,Bowling for Soup,https://www.ticketmaster.com/bowling-for-soup-tickets/artist/835888,KZFzniwnSyZfZ7v7nJ,Music,KnvZfZ7vAeA,Rock,KZazBEonSMnZfZ7v6dt,Alternative Rock,9,https://s1.ticketm.net/dam/a/c50/899fe350-1b9e-4eb0-9b3d-1977f75b3c50_RETINA_PORTRAIT_16_9.jpg,2026-09-17T20:02:17.499935+00:00,2026-09-20T22:44:00.359625+00:00
K8vZ917p1D7,Boy Harsher,https://www.ticketmaster.com/boy-harsher-tickets/artist/2396122,KZFzniwnSyZfZ7v7nJ,Music,KnvZfZ7vAvv,Alternative,KZazBEonSMnZfZ7vAdd,Industrial,34,https://s1.ticketm.net/dam/a/d74/0971c251-d872-4d9e-ac0c-d30c9e083d74_1605951_CUSTOM.jpg,2026-09-17T20:02:18.739078+00:00,2026-09-20T22:44:01.382965+00:00
K8vZ917uABV,Brad Williams,https://www.ticketmaster.com/brad-williams-tickets/artist/1113004,KZFzniwnSyZfZ7v7na,Arts & Theatre,KnvZfZ7vAe1,Comedy,KZazBEonSMnZfZ7vF17,Comedy,85,https://s1.ticketm.net/dam/a/685/0c876ac5-1fa5-43a2-9fd5-08187f9b7685_RETINA_PORTRAIT_3_2.jpg,2026-09-17T20:02:23.657248+00:00,2026-09-20T22:44:04.817229+00:00
K8vZ91751C0,Brand New,https://www.ticketmaster.com/brand-new-tickets/artist/821088,KZFzniwnSyZfZ7v7nJ,Music,KnvZfZ7vAeA,Rock,KZazBEonSMnZfZ7v6dt,Alternative Rock,23,https://s1.ticketm.net/dam/a/740/ed73223d-f7af-40bb-9e4f-8fb13b65e740_CUSTOM.jpg,2026-09-17T20:02:20.370215+00:00,2026-09-20T22:44:03.417698+00:00
K8vZ917QEHV,Bravo the Bagchaser,https://www.ticketmaster.com/bravo-the-bagchaser-tickets/artist/2910920,KZFzniwnSyZfZ7v7nJ,Music,KnvZfZ7vAv1,Hip-Hop/Rap,KZazBEonSMnZfZ7vkvl,Hip-Hop/Rap,6,https://s1.ticketm.net/dam/a/d9d/2c58f0ea-615a-4ccf-8626-59a37d98bd9d_ARTIST_PAGE_3_2.jpg,2026-09-17T20:02:17.499935+00:00,2026-09-17T22:38:16.765581+00:00
K8vZ91758b7,Breaking Benjamin,https://www.ticketmaster.com/breaking-benjamin-tickets/artist/841686,KZFzniwnSyZfZ7v7nJ,Music,KnvZfZ7vAeA,Rock,KZazBEonSMnZfZ7v6dt,Alternative Rock,25,https://s1.ticketm.net/dam/a/255/f4f5706d-5ec7-4cbe-a6fe-7e76a233e255_ARTIST_PAGE_3_2.jpg,2026-09-17T20:02:17.975980+00:00,2026-09-20T22:44:00.359625+00:00
K8vZ917GQ-V,Breathe Carolina,https://www.ticketmaster.com/breathe-carolina-tickets/artist/1236532,KZFzniwnSyZfZ7v7nJ,Music,KnvZfZ7vAeA,Rock,KZazBEonSMnZfZ7v6F1,Pop,1,https://s1.ticketm.net/dam/a/19f/d2d4546f-5dae-43fc-b71c-0a417ce3519f_630091_RECOMENDATION_16_9.jpg,2026-09-17T20:02:23.393825+00:00,2026-09-20T22:44:04.466759+00:00
K8vZ917fBlV,Brian Fallon,https://www.ticketmaster.com/brian-fallon-tickets/artist/2254992,KZFzniwnSyZfZ7v7nJ,Music,KnvZfZ7vAeA,Rock,KZazBEonSMnZfZ7v6F1,Pop,13,https://s1.ticketm.net/dam/a/898/e52094fc-1fae-4a52-ab32-80bfe32cf898_RECOMENDATION_16_9.jpg,2026-09-17T20:02:17.499935+00:00,2026-09-20T22:44:00.359625+00:00
K8vZ917Qzc0,Broadway Rave,https://www.ticketmaster.com/broadway-rave-tickets/artist/2949358,KZFzniwnSyZfZ7v7nJ,Music,KnvZfZ7vAvF,Dance/Electronic,KZazBEonSMnZfZ7vAJJ,Dance Pop,17,https://s1.ticketm.net/dam/a/35b/608df499-b9b5-4197-9243-e0aa1227435b_EVENT_DETAIL_PAGE_16_9.jpg,2026-09-17T20:02:17.975980+00:00,2026-09-20T22:44:00.359625+00:00
K8vZ917_0yV,Brooke Combe,https://www.ticketmaster.com/brooke-combe-tickets/artist/2816354,KZFzniwnSyZfZ7v7nJ,Music,KnvZfZ7vAee,R&B,KZazBEonSMnZfZ7vknE,Soul,16,https://s1.ticketm.net/dam/c/48b/2352e3b5-8496-496b-97a3-e605177e848b_105851_RECOMENDATION_16_9.jpg,2026-09-17T20:02:20.773471+00:00,2026-09-20T22:44:03.900761+00:00
K8vZ917CfP0,Bruce Hornsby & the Noisemakers,https://www.ticketmaster.com/bruce-hornsby-the-noisemakers-tickets/artist/1343603,KZFzniwnSyZfZ7v7nJ,Music,KnvZfZ7vAeA,Rock,KZazBEonSMnZfZ7v6F1,Pop,10,https://s1.ticketm.net/dam/a/741/09951a1c-2666-4c03-aae5-f94c036ec741_TABLET_LANDSCAPE_3_2.jpg,2026-09-17T20:02:17.499935+00:00,2026-09-20T22:44:00.359625+00:00
K8vZ917GJc7,Bruno Mars,https://www.ticketmaster.com/bruno-mars-tickets/artist/1466801,KZFzniwnSyZfZ7v7nJ,Music,KnvZfZ7vAev,Pop,KZazBEonSMnZfZ7vk1t,Pop,47,https://s1.ticketm.net/dam/a/386/bdd143e5-4726-49af-9523-7927682c9386_TABLET_LANDSCAPE_3_2.jpg,2026-09-17T20:02:17.499935+00:00,2026-09-20T22:44:00.359625+00:00
K8vZpaCiNe,Bryce Alakai,https://www.ticketmaster.com/bryce-alakai-tickets/artist/4601536,KZFzniwnSyZfZ7v7nJ,Music,KnvZfZ7vAvF,Dance/Electronic,KZazBEonSMnZfZ7vAI6,House,4,https://s1.ticketm.net/dam/a/426/f10ede71-7802-4375-9aa2-b1ee8f7ef426_TABLET_LANDSCAPE_3_2.jpg,2026-09-17T20:02:19.682284+00:00,2026-09-20T22:44:02.588228+00:00
K8vZ917hxK7,Brye,https://www.ticketmaster.com/brye-tickets/artist/3039379,KZFzniwnSyZfZ7v7nJ,Music,KnvZfZ7vAev,Pop,KZazBEonSMnZfZ7vk1t,Pop,2,https://s1.ticketm.net/dam/a/e48/09282a8d-45d7-4eb1-9c32-27df8272be48_RETINA_PORTRAIT_3_2.jpg,2026-09-17T20:02:23.657248+00:00,2026-09-20T22:44:04.817229+00:00
K8vZ917Lqk7,Bríet,https://www.ticketmaster.com/briet-tickets/artist/4280064,KZFzniwnSyZfZ7v7nJ,Music,KnvZfZ7vAvv,Alternative,KZazBEonSMnZfZ7vAvE,Adult Alternative Pop/Rock,8,https://s1.ticketm.net/dam/c/797/5e693c26-2881-4776-8f0c-3aa94bfa3797_106511_TABLET_LANDSCAPE_3_2.jpg,2026-09-17T20:02:19.435167+00:00,2026-09-20T22:44:02.205267+00:00
K8vZ9179ht7,Buddha Trixie,https://www.ticketmaster.com/buddha-trixie-tickets/artist/2547014,KZFzniwnSyZfZ7v7nJ,Music,KnvZfZ7vAeA,Rock,KZazBEonSMnZfZ7v66A,Indie Rock,7,https://s1.ticketm.net/dam/a/916/2dacc851-8267-4b0d-aee8-a2bb61d7f916_RETINA_PORTRAIT_16_9.jpg,2026-09-17T20:02:20.370215+00:00,2026-09-20T22:44:03.417698+00:00
K8vZ917_9N0,Buffalo Nichols,https://www.ticketmaster.com/buffalo-nichols-tickets/artist/2786107,KZFzniwnSyZfZ7v7nJ,Music,KnvZfZ7vAvd,Blues,KZazBEonSMnZfZ7vAAd,Blues,8,https://s1.ticketm.net/dam/a/8d2/79ebd83f-5e26-4a88-85bc-9e6d731378d2_TABLET_LANDSCAPE_LARGE_16_9.jpg,2026-09-17T20:02:17.499935+00:00,2026-09-20T22:44:00.359625+00:00
K8vZ917ruB7,Buffalo Traffic Jam,https://www.ticketmaster.com/buffalo-traffic-jam-tickets/artist/3715239,KZFzniwnSyZfZ7v7nJ,Music,KnvZfZ7vAva,Folk,KZazBEonSMnZfZ7va1F,Indie Folk,36,https://s1.ticketm.net/dam/a/fee/cb007e06-6ac6-49af-bcee-c3601ce41fee_RETINA_PORTRAIT_3_2.jpg,2026-09-17T20:02:23.393825+00:00,2026-09-20T22:44:04.466759+00:00
K8vZ9171Q67,Built To Spill,https://www.ticketmaster.com/built-to-spill-tickets/artist/775453,KZFzniwnSyZfZ7v7nJ,Music,KnvZfZ7vAeA,Rock,KZazBEonSMnZfZ7v6F1,Pop,21,https://s1.ticketm.net/dam/a/3a1/20e1d114-06e5-4056-8204-9bcdd506e3a1_ARTIST_PAGE_3_2.jpg,2026-09-17T20:02:17.499935+00:00,2026-09-20T22:44:01.382965+00:00
K8vZ917u6hV,Bumpin Uglies,https://www.ticketmaster.com/bumpin-uglies-tickets/artist/1496395,KZFzniwnSyZfZ7v7nJ,Music,KnvZfZ7vAeA,Rock,KZazBEonSMnZfZ7v6F1,Pop,9,https://s1.ticketm.net/dam/a/371/4e8b0d73-f6c7-4126-8b71-1058e5b81371_EVENT_DETAIL_PAGE_16_9.jpg,2026-09-17T20:02:18.739078+00:00,2026-09-20T22:44:01.382965+00:00
K8vZ917uN7f,Butcher Babies,https://www.ticketmaster.com/butcher-babies-tickets/artist/1520500,KZFzniwnSyZfZ7v7nJ,Music,KnvZfZ7vAvt,Metal,KZazBEonSMnZfZ7vkFd,Heavy Metal,13,https://s1.ticketm.net/dam/a/47a/de8e12f8-c794-42a5-b7cd-511fe56bc47a_CUSTOM.jpg,2026-09-17T20:02:19.435167+00:00,2026-09-20T22:44:02.205267+00:00
K8vZ917qeFV,Cameron Whitcomb,https://www.ticketmaster.com/cameron-whitcomb-tickets/artist/3179064,KZFzniwnSyZfZ7v7nJ,Music,KnvZfZ7vAv6,Country,KZazBEonSMnZfZ7vAFa,Country,35,https://s1.ticketm.net/dam/a/84e/a3525439-bf0f-43fb-b0ad-0a96fb67884e_RETINA_PORTRAIT_16_9.jpg,2026-09-17T20:02:18.739078+00:00,2026-09-20T22:44:01.382965+00:00
K8vZ917_wU0,Canabliss,https://www.ticketmaster.com/canabliss-tickets/artist/2836080,KZFzniwnSyZfZ7v7nJ,Music,KnvZfZ7vAvF,Dance/Electronic,KZazBEonSMnZfZ7vA1E,Dance/Electronic,2,https://s1.ticketm.net/dam/c/df8/81eadad8-4449-412e-a2b1-3d8bbb78edf8_106181_EVENT_DETAIL_PAGE_16_9.jpg,2026-09-17T20:02:23.393825+00:00,2026-09-20T22:44:04.466759+00:00
K8vZ9171fZ7,Candlebox,https://www.ticketmaster.com/candlebox-tickets/artist/760552,KZFzniwnSyZfZ7v7nJ,Music,KnvZfZ7vAeA,Rock,KZazBEonSMnZfZ7v6dt,Alternative Rock,23,https://s1.ticketm.net/dam/a/496/f1676b3a-6bd2-4176-b124-baaad3c7c496_TABLET_LANDSCAPE_16_9.jpg,2026-09-17T20:02:18.739078+00:00,2026-09-20T22:44:01.382965+00:00
K8vZ9171VQ7,Cannibal Ox,https://www.ticketmaster.com/cannibal-ox-tickets/artist/807079,KZFzniwnSyZfZ7v7nJ,Music,KnvZfZ7vAv1,Hip-Hop/Rap,KZazBEonSMnZfZ7vkvl,Hip-Hop/Rap,3,https://s1.ticketm.net/dam/c/80b/f3cd8d24-c3ae-4fa0-b4bc-1ba99f9b380b_106091_ARTIST_PAGE_3_2.jpg,2026-09-17T20:02:20.370215+00:00,2026-09-20T22:44:03.417698+00:00
K8vZ917h2v7,Capture This,https://www.ticketmaster.com/capture-this-tickets/artist/2988928,KZFzniwnSyZfZ7v7nJ,Music,KnvZfZ7vAeA,Rock,KZazBEonSMnZfZ7v6a6,Punk,1,https://s1.ticketm.net/dam/c/fbc/b293c0ad-c904-4215-bc59-8d7f2414dfbc_106141_EVENT_DETAIL_PAGE_16_9.jpg,2026-09-17T20:02:17.499935+00:00,2026-09-20T22:44:00.359625+00:00
K8vZ917LqU0,Car Underwater,https://www.ticketmaster.com/car-underwater-tickets/artist/4294994,KZFzniwnSyZfZ7v7nJ,Music,KnvZfZ7vAeA,Rock,KZazBEonSMnZfZ7v6AI,Emo,8,https://s1.ticketm.net/dam/a/381/9c5f38e2-c2ac-4929-8b78-06b262c6e381_RECOMENDATION_16_9.jpg,2026-09-17T20:02:20.370215+00:00,2026-09-20T22:44:03.417698+00:00
K8vZ9175eD7,Carbon Leaf,https://www.ticketmaster.com/carbon-leaf-tickets/artist/829038,KZFzniwnSyZfZ7v7nJ,Music,KnvZfZ7vAeA,Rock,KZazBEonSMnZfZ7v6F1,Pop,23,https://s1.ticketm.net/dam/a/a65/4dd00fd0-4f4d-4f72-981a-b3da09bbea65_TABLET_LANDSCAPE_LARGE_16_9.jpg,2026-09-17T20:02:18.739078+00:00,2026-09-20T22:44:01.382965+00:00
K8vZ917j2Mf,Carlita,https://www.ticketmaster.com/carlita-tickets/artist/3094250,KZFzniwnSyZfZ7v7nJ,Music,KnvZfZ7vAvF,Dance/Electronic,KZazBEonSMnZfZ7vAt1,Techno,1,https://s1.ticketm.net/dam/a/ffa/6f00c231-838f-46b5-addf-26337d545ffa_RETINA_PORTRAIT_3_2.jpg,2026-09-17T20:02:17.499935+00:00,2026-09-20T22:44:00.359625+00:00
K8vZpZA6Evak,Carmelo Torres y Su Cumbia Sabanera,https://www.ticketmaster.com/carmelo-torres-y-su-cumbia-sabanera-tickets/artist/4619156,KZFzniwnSyZfZ7v7nJ,Music,KnvZfZ7vAJ6,Latin,KZazBEonSMnZfZ7va1a,Latin,2,https://s1.ticketm.net/dam/c/f50/96fa13be-e395-429b-8558-a51bb9054f50_105951_TABLET_LANDSCAPE_16_9.jpg,2026-09-17T20:02:20.370215+00:00,2026-09-20T22:44:03.417698+00:00
K8vZ917GZgf,Cartel,https://www.ticketmaster.com/cartel-tickets/artist/720721,KZFzniwnSyZfZ7v7nJ,Music,KnvZfZ7vAeA,Rock,KZazBEonSMnZfZ7v6FE,Pop Punk,15,https://s1.ticketm.net/dam/a/b2e/55edfcb2-35f6-4307-a2eb-ef34e96a5b2e_SOURCE,2026-09-17T20:02:20.773471+00:00,2026-09-20T22:44:03.900761+00:00
K8vZ917_gff,Carter Faith,https://www.ticketmaster.com/carter-faith-tickets/artist/2839584,KZFzniwnSyZfZ7v7nJ,Music,KnvZfZ7vAv6,Country,KZazBEonSMnZfZ7vAFa,Country,15,https://s1.ticketm.net/dam/a/cfd/2af92abf-a018-4a9e-9303-520e8066bcfd_CUSTOM.jpg,2026-09-17T20:02:18.739078+00:00,2026-09-20T22:44:01.382965+00:00
K8vZ917_m_f,Carín León,https://www.ticketmaster.com/carin-leon-tickets/artist/2826519,KZFzniwnSyZfZ7v7nJ,Music,KnvZfZ7vAJ6,Latin,KZazBEonSMnZfZ7va1a,Latin,15,https://s1.ticketm.net/dam/a/169/a5772a1a-973d-49ac-a04c-ec13429b0169_EVENT_DETAIL_PAGE_16_9.jpg,2026-09-17T20:02:18.739078+00:00,2026-09-20T22:44:01.382965+00:00
K8vZ917hgj0,Castle Rat,https://www.ticketmaster.com/castle-rat-tickets/artist/3068433,KZFzniwnSyZfZ7v7nJ,Music,KnvZfZ7vAeA,Rock,KZazBEonSMnZfZ7v6da,Rock,18,https://s1.ticketm.net/dam/a/23d/f306c3ac-ca95-461a-95f0-acf8105e623d_TABLET_LANDSCAPE_LARGE_16_9.jpg,2026-09-17T20:02:18.739078+00:00,2026-09-20T22:44:01.382965+00:00
K8vZ9174TR0,Cat Clyde,https://www.ticketmaster.com/cat-clyde-tickets/artist/2371801,KZFzniwnSyZfZ7v7nJ,Music,KnvZfZ7vAeA,Rock,KZazBEonSMnZfZ7v6F1,Pop,11,https://s1.ticketm.net/dam/a/6f4/f4ebe063-4fd0-43b5-8d67-ada7bede26f4_EVENT_DETAIL_PAGE_16_9.jpg,2026-09-17T20:02:20.370215+00:00,2026-09-20T22:44:03.417698+00:00
Z7r9jZaCcp,Cat Clyde,,KZFzniwnSyZfZ7v7nJ,Music,KnvZfZ7vAvl,Other,KZazBEonSMnZfZ7vk1I,Other,11,https://s1.ticketm.net/dam/c/060/c5c08e7a-9912-456c-a060-2758be94e060_105881_RETINA_LANDSCAPE_16_9.jpg,2026-09-17T20:02:20.370215+00:00,2026-09-20T22:44:03.417698+00:00
K8vZ917haF7,Catch Your Breath,https://www.ticketmaster.com/catch-your-breath-tickets/artist/2975910,KZFzniwnSyZfZ7v7nJ,Music,KnvZfZ7vAvv,Alternative,KZazBEonSMnZfZ7vAvn,Alternative Rock,44,https://s1.ticketm.net/dam/a/b79/fad89e83-5f7e-4a7f-9319-052c08101b79_RETINA_LANDSCAPE_16_9.jpg,2026-09-17T20:02:19.435167+00:00,2026-09-20T22:44:02.205267+00:00
K8vZ917b7iV,Catie Turner,https://www.ticketmaster.com/catie-turner-tickets/artist/2636822,KZFzniwnSyZfZ7v7nJ,Music,KnvZfZ7vAvl,Other,KZazBEonSMnZfZ7vk1I,Other,5,https://s1.ticketm.net/dam/a/77b/0619f08f-6ecb-4a1c-907d-1d8219deb77b_RECOMENDATION_16_9.jpg,2026-09-17T20:02:23.393825+00:00,2026-09-20T22:44:04.466759+00:00
K8vZ91792L7,Cavetown,https://www.ticketmaster.com/cavetown-tickets/artist/2519721,KZFzniwnSyZfZ7v7nJ,Music,KnvZfZ7vAeA,Rock,KZazBEonSMnZfZ7v6F1,Pop,20,https://s1.ticketm.net/dam/a/dd9/dd1c868c-8736-4919-bfc8-b4a8d89a0dd9_RETINA_LANDSCAPE_16_9.jpg,2026-09-17T20:02:18.739078+00:00,2026-09-20T22:44:01.382965+00:00
K8vZ91714R0,CeCe Winans,https://www.ticketmaster.com/cece-winans-tickets/artist/777488,KZFzniwnSyZfZ7v7nJ,Music,KnvZfZ7vAe7,Religious,KZazBEonSMnZfZ7v6ea,Gospel,42,https://s1.ticketm.net/dam/a/327/8fad4fb6-48d4-432c-9e9b-59a2ea470327_RETINA_PORTRAIT_3_2.jpg,2026-09-17T20:02:23.393825+00:00,2026-09-20T22:44:04.466759+00:00
K8vZ917_Sdf,Cece Coakley,https://www.ticketmaster.com/cece-coakley-tickets/artist/2837068,KZFzniwnSyZfZ7v7nJ,Music,KnvZfZ7vAeA,Rock,KZazBEonSMnZfZ7v6F1,Pop,3,https://s1.ticketm.net/dam/a/c2b/841afd10-8766-4267-b08d-8e74ddf61c2b_RECOMENDATION_16_9.jpg,2026-09-17T20:02:18.739078+00:00,2026-09-20T22:44:01.382965+00:00
Z7r9jZa8sh,Cece Coakley,,KZFzniwnSyZfZ7v7nJ,Music,KnvZfZ7vAvl,Other,KZazBEonSMnZfZ7vk1I,Other,4,https://s1.ticketm.net/dam/c/060/c5c08e7a-9912-456c-a060-2758be94e060_105881_RETINA_LANDSCAPE_16_9.jpg,2026-09-17T20:02:18.739078+00:00,2026-09-20T22:44:01.382965+00:00
K8vZ917G18V,Celtic Thunder,https://www.ticketmaster.com/celtic-thunder-tickets/artist/755495,KZFzniwnSyZfZ7v7nJ,Music,KnvZfZ7vAeF,World,KZazBEonSMnZfZ7v6Jt,World,20,https://s1.ticketm.net/dam/a/3b2/bdfd0554-5414-42f4-b349-ba46fcf8f3b2_RECOMENDATION_16_9.jpg,2026-09-17T20:02:19.435167+00:00,2026-09-20T22:44:02.205267+00:00
K8vZ9175wP7,Celtic Woman,https://www.ticketmaster.com/celtic-woman-tickets/artist/963285,KZFzniwnSyZfZ7v7nJ,Music,KnvZfZ7vAeF,World,KZazBEonSMnZfZ7v6Jt,World,13,https://s1.ticketm.net/dam/a/4d5/a116ab01-d73c-40e1-89df-383b4541a4d5_CUSTOM.jpg,2026-09-17T20:02:23.393825+00:00,2026-09-20T22:44:04.466759+00:00
K8vZ917G24f,Ceremony,https://www.ticketmaster.com/ceremony-tickets/artist/760647,KZFzniwnSyZfZ7v7nJ,Music,KnvZfZ7vAvt,Metal,KZazBEonSMnZfZ7vkFd,Heavy Metal,13,https://s1.ticketm.net/dam/a/169/bbb80445-fc6d-4e3b-94dc-2ac01814b169_1758011_RETINA_PORTRAIT_16_9.jpg,2026-09-17T20:02:19.435167+00:00,2026-09-20T22:44:02.205267+00:00
K8vZ9172T9V,Chance The Rapper,https://www.ticketmaster.com/chance-the-rapper-tickets/artist/1750234,KZFzniwnSyZfZ7v7nJ,Music,KnvZfZ7vAv1,Hip-Hop/Rap,KZazBEonSMnZfZ7vkdA,Urban,18,https://s1.ticketm.net/dam/a/fd0/f1e801a1-dd16-4838-b39c-8a2817e9ffd0_RETINA_PORTRAIT_3_2.jpg,2026-09-17T20:02:18.739078+00:00,2026-09-20T22:44:01.382965+00:00
K8vZ917h5u0,Chanel Beads,https://www.ticketmaster.com/chanel-beads-tickets/artist/2978362,KZFzniwnSyZfZ7v7nJ,Music,KnvZfZ7vAvF,Dance/Electronic,KZazBEonSMnZfZ7vA1E,Dance/Electronic,6,https://s1.ticketm.net/dam/a/1d7/bdf9d9a6-f5b3-411d-a5b4-bc11840071d7_TABLET_LANDSCAPE_LARGE_16_9.jpg,2026-09-17T20:02:17.499935+00:00,2026-09-20T22:44:00.359625+00:00
K8vZ9179rl7,Channel Tres,https://www.ticketmaster.com/channel-tres-tickets/artist/2554374,KZFzniwnSyZfZ7v7nJ,Music,KnvZfZ7vAvF,Dance/Electronic,KZazBEonSMnZfZ7vA1E,Dance/Electronic,12,https://s1.ticketm.net/dam/a/3f4/e5435e39-c762-4a44-b31a-7cb8064bc3f4_RECOMENDATION_16_9.jpg,2026-09-17T20:02:17.499935+00:00,2026-09-20T22:44:00.359625+00:00
K8vZ917b3lf,Charles Wesley Godwin,https://www.ticketmaster.com/charles-wesley-godwin-tickets/artist/2667928,KZFzniwnSyZfZ7v7nJ,Music,KnvZfZ7vAv6,Country,KZazBEonSMnZfZ7vAFa,Country,20,https://s1.ticketm.net/dam/a/b9a/21e3268e-901c-489a-8b5e-ce70d6a94b9a_RECOMENDATION_16_9.jpg,2026-09-17T20:02:19.435167+00:00,2026-09-20T22:44:02.205267+00:00
K8vZ91718uV,Charlie Musselwhite,https://www.ticketmaster.com/charlie-musselwhite-tickets/artist/731805,KZFzniwnSyZfZ7v7nJ,Music,KnvZfZ7vAvd,Blues,KZazBEonSMnZfZ7vAAd,Blues,5,https://s1.ticketm.net/dam/c/7be/4e1e9428-29ec-401f-aa45-f1577614b7be_105421_TABLET_LANDSCAPE_16_9.jpg,2026-09-17T20:02:17.499935+00:00,2026-09-20T22:44:00.359625+00:00
K8vZ917-hC7,Charlie Wonder,https://www.ticketmaster.com/charlie-wonder-tickets/artist/4639331,KZFzniwnSyZfZ7v7nJ,Music,KnvZfZ7vAvF,Dance/Electronic,KZazBEonSMnZfZ7vAta,Tech-House,1,https://s1.ticketm.net/dam/c/df8/81eadad8-4449-412e-a2b1-3d8bbb78edf8_106181_TABLET_LANDSCAPE_3_2.jpg,2026-09-17T20:02:19.682284+00:00,2026-09-20T22:44:02.588228+00:00
K8vZ917_rZf,Charlotte Sands,https://www.ticketmaster.com/charlotte-sands-tickets/artist/2807080,KZFzniwnSyZfZ7v7nJ,Music,KnvZfZ7vAev,Pop,KZazBEonSMnZfZ7vk1t,Pop,15,https://s1.ticketm.net/dam/a/ea6/cdc88e5b-9f5b-4ea0-805f-88fd0a389ea6_TABLET_LANDSCAPE_LARGE_16_9.jpg,2026-09-17T20:02:17.499935+00:00,2026-09-17T22:38:16.765581+00:00
Z7r9jZa8HI,Charlotte Sands,,KZFzniwnSyZfZ7v7nJ,Music,KnvZfZ7vAvl,Other,KZazBEonSMnZfZ7vk1I,Other,18,https://s1.ticketm.net/dam/c/060/c5c08e7a-9912-456c-a060-2758be94e060_105881_RETINA_LANDSCAPE_16_9.jpg,2026-09-17T20:02:17.499935+00:00,2026-09-17T22:38:16.765581+00:00
K8vZ917_qX0,Chase Petra,https://www.ticketmaster.com/chase-petra-tickets/artist/2806936,KZFzniwnSyZfZ7v7nJ,Music,KnvZfZ7vAeA,Rock,KZazBEonSMnZfZ7v6a6,Punk,7,https://s1.ticketm.net/dam/a/a20/8995ebcb-8820-4069-86cc-bb0670171a20_TABLET_LANDSCAPE_LARGE_16_9.jpg,2026-09-17T20:02:23.393825+00:00,2026-09-20T22:44:04.466759+00:00
Z7r9jZa8RS,Chase Petra,,KZFzniwnSyZfZ7v7nJ,Music,KnvZfZ7vAvl,Other,KZazBEonSMnZfZ7vk1I,Other,9,https://s1.ticketm.net/dam/c/060/c5c08e7a-9912-456c-a060-2758be94e060_105881_RETINA_LANDSCAPE_16_9.jpg,2026-09-17T20:02:23.393825+00:00,2026-09-20T22:44:04.466759+00:00
K8vZ917pZ37,Chasing Abbey,https://www.ticketmaster.com/chasing-abbey-tickets/artist/2374039,KZFzniwnSyZfZ7v7nJ,Music,KnvZfZ7vAvF,Dance/Electronic,KZazBEonSMnZfZ7vAJJ,Dance Pop,43,https://s1.ticketm.net/dam/a/2c5/82a5c2eb-25a5-4cad-a515-1ee3d8b242c5_RECOMENDATION_16_9.jpg,2026-09-17T20:02:18.739078+00:00,2026-09-20T22:44:05.657178+00:00
K8vZ917QyC0,Chat Pile,https://www.ticketmaster.com/chat-pile-tickets/artist/2952008,KZFzniwnSyZfZ7v7nJ,Music,KnvZfZ7vAvt,Metal,KZazBEonSMnZfZ7vkFE,Sludge Metal,32,https://s1.ticketm.net/dam/a/93d/79c6029f-069d-4f8a-9322-d5e59fe0393d_SOURCE,2026-09-17T20:02:17.499935+00:00,2026-09-20T22:44:00.359625+00:00
K8vZ917_bFf,Chayce Beckham,https://www.ticketmaster.com/chayce-beckham-tickets/artist/2789275,KZFzniwnSyZfZ7v7nJ,Music,KnvZfZ7vAv6,Country,KZazBEonSMnZfZ7vAFa,Country,4,https://s1.ticketm.net/dam/a/37f/f7f558d6-ba8e-4035-b6e0-9f5e5f07237f_RETINA_LANDSCAPE_16_9.jpg,2026-09-17T20:02:20.370215+00:00,2026-09-20T22:44:03.417698+00:00
K8vZfZ7aEAk,Cheekface,https://www.ticketmaster.com/cheekface-tickets/artist/2797616,KZFzniwnSyZfZ7v7nJ,Music,KnvZfZ7vAvv,Alternative,KZazBEonSMnZfZ7vAvn,Alternative Rock,23,https://s1.ticketm.net/dam/a/ab7/ad279417-8caf-4c3e-9a29-5382b5363ab7_TABLET_LANDSCAPE_16_9.jpg,2026-09-17T20:02:18.739078+00:00,2026-09-20T22:44:01.382965+00:00
K8vZ917j_sf,Cheem,https://www.ticketmaster.com/cheem-tickets/artist/3114921,KZFzniwnSyZfZ7v7nJ,Music,KnvZfZ7vAeA,Rock,KZazBEonSMnZfZ7v6F1,Pop,4,https://s1.ticketm.net/dam/a/4d6/467535f8-3e66-4272-ad67-27ab6e9b24d6_RETINA_PORTRAIT_3_2.jpg,2026-09-17T20:02:17.499935+00:00,2026-09-20T22:44:00.359625+00:00
K8vZ917LF_0,Chef Boy,https://www.ticketmaster.com/chef-boy-tickets/artist/4153673,KZFzniwnSyZfZ7v7nJ,Music,KnvZfZ7vAv1,Hip-Hop/Rap,KZazBEonSMnZfZ7vkvl,Hip-Hop/Rap,11,https://s1.ticketm.net/dam/a/072/3554b4af-4993-4a3b-8c62-cc0862885072_TABLET_LANDSCAPE_16_9.jpg,2026-09-17T20:02:18.739078+00:00,2026-09-20T22:44:01.382965+00:00
Z7r9jZa9Qo,Chef Boyarbeatz,,KZFzniwnSyZfZ7v7nl,Undefined,,,,,1,https://s1.ticketm.net/dam/c/f51/ee785ed6-f806-4195-98f4-69f67e09df51_106201_RETINA_PORTRAIT_3_2.jpg,2026-09-17T20:02:19.435167+00:00,2026-09-20T22:44:02.205267+00:00
K8vZ917GYbf,Chelsea Grin,https://www.ticketmaster.com/chelsea-grin-tickets/artist/726915,KZFzniwnSyZfZ7v7nJ,Music,KnvZfZ7vAeA,Rock,KZazBEonSMnZfZ7v6F1,Pop,29,https://s1.ticketm.net/dam/a/479/c80b801c-bdee-455d-9384-8f4ab7af1479_SOURCE,2026-09-17T20:02:23.393825+00:00,2026-09-20T22:44:04.466759+00:00
K8vZ9175ToV,Chelsea Handler,https://www.ticketmaster.com/chelsea-handler-tickets/artist/1048344,KZFzniwnSyZfZ7v7na,Arts & Theatre,KnvZfZ7vAe1,Comedy,KZazBEonSMnZfZ7vF17,Comedy,32,https://s1.ticketm.net/dam/a/e90/38e0c356-6bcb-4cd2-ab5d-97809a77ce90_RETINA_PORTRAIT_3_2.jpg,2026-09-17T20:02:23.393825+00:00,2026-09-20T22:44:04.466759+00:00
K8vZ917ugK7,Chelsea Wolfe,https://www.ticketmaster.com/chelsea-wolfe-tickets/artist/1540638,KZFzniwnSyZfZ7v7nJ,Music,KnvZfZ7vAeA,Rock,KZazBEonSMnZfZ7v6F1,Pop,28,https://s1.ticketm.net/dam/a/2b1/d1850a94-98c5-43e6-b5cc-c0c9059562b1_RETINA_PORTRAIT_3_2.jpg,2026-09-17T20:02:17.499935+00:00,2026-09-20T22:44:00.359625+00:00
K8vZ9171cz7,Chevelle,https://www.ticketmaster.com/chevelle-tickets/artist/715308,KZFzniwnSyZfZ7v7nJ,Music,KnvZfZ7vAeA,Rock,KZazBEonSMnZfZ7v6dt,Alternative Rock,23,https://s1.ticketm.net/dam/a/328/a0ddf79d-cd49-4ed0-afb5-824dd667c328_ARTIST_PAGE_3_2.jpg,2026-09-17T20:02:17.975980+00:00,2026-09-20T22:44:00.359625+00:00
K8vZ9172yfV,Chief Keef,https://www.ticketmaster.com/chief-keef-tickets/artist/1741836,KZFzniwnSyZfZ7v7nJ,Music,KnvZfZ7vAv1,Hip-Hop/Rap,KZazBEonSMnZfZ7vkdA,Urban,17,https://s1.ticketm.net/dam/a/113/a6487484-f2b3-4bca-a28b-32f016487113_RETINA_PORTRAIT_3_2.jpg,2026-09-17T20:02:19.435167+00:00,2026-09-20T22:44:02.205267+00:00
K8vZ9179w0f,Chloe Moriondo,https://www.ticketmaster.com/chloe-moriondo-tickets/artist/2546031,KZFzniwnSyZfZ7v7nJ,Music,KnvZfZ7vAvv,Alternative,KZazBEonSMnZfZ7vAvJ,Alternative,20,https://s1.ticketm.net/dam/a/948/50df9af5-1806-46b1-a57d-778aa7d1b948_EVENT_DETAIL_PAGE_16_9.jpg,2026-09-17T20:02:18.739078+00:00,2026-09-20T22:44:01.382965+00:00
K8vZ9171uUV,Choir Boy,https://www.ticketmaster.com/choir-boy-tickets/artist/1645,KZFzniwnSyZfZ7v7nJ,Music,KnvZfZ7vAeA,Rock,KZazBEonSMnZfZ7v6F1,Pop,13,https://s1.ticketm.net/dam/a/95b/62490d5e-1870-4c57-addf-9dea8fdd395b_SOURCE,2026-09-17T20:02:18.739078+00:00,2026-09-20T22:44:01.382965+00:00
Z7r9jZ177AA9,Chozen,,KZFzniwnSyZfZ7v7nl,Undefined,,,,,1,https://s1.ticketm.net/dam/c/f51/ee785ed6-f806-4195-98f4-69f67e09df51_106201_RETINA_PORTRAIT_3_2.jpg,2026-09-17T20:02:20.773471+00:00,2026-09-20T22:44:03.900761+00:00
K8vZ9171Bjf,Chris Cagle,https://www.ticketmaster.com/chris-cagle-tickets/artist/806440,KZFzniwnSyZfZ7v7nJ,Music,KnvZfZ7vAv6,Country,KZazBEonSMnZfZ7vAFa,Country,6,https://s1.ticketm.net/dam/a/857/ece7f3c9-ae33-4678-a9a2-2652a7cc6857_TABLET_LANDSCAPE_3_2.jpg,2026-09-17T20:02:19.435167+00:00,2026-09-20T22:44:02.205267+00:00
K8vZ917OWL0,Chriz Amaya,https://www.ticketmaster.com/chriz-amaya-tickets/artist/4556309,KZFzniwnSyZfZ7v7nJ,Music,KnvZfZ7vAJ6,Latin,KZazBEonSMnZfZ7vaJv,Latin Hip-Hop,12,https://s1.ticketm.net/dam/c/f50/96fa13be-e395-429b-8558-a51bb9054f50_105951_TABLET_LANDSCAPE_16_9.jpg,2026-09-17T20:02:20.773471+00:00,2026-09-20T22:44:03.900761+00:00
K8vZ9172uG0,Chuy Lizarraga,https://www.ticketmaster.com/chuy-lizarraga-tickets/artist/1665983,KZFzniwnSyZfZ7v7nJ,Music,KnvZfZ7vAeF,World,KZazBEonSMnZfZ7vFdJ,Latin,15,https://s1.ticketm.net/dam/a/90b/358a44bd-9a32-4f11-98f1-24fa0a82b90b_EVENT_DETAIL_PAGE_16_9.jpg,2026-09-17T20:02:18.739078+00:00,2026-09-20T22:44:01.382965+00:00
Z7r9jZa2Xq,Chuy Lizarraga,,KZFzniwnSyZfZ7v7nJ,Music,KnvZfZ7vAvl,Other,KZazBEonSMnZfZ7vk1I,Other,15,https://s1.ticketm.net/dam/c/060/c5c08e7a-9912-456c-a060-2758be94e060_105881_TABLET_LANDSCAPE_16_9.jpg,2026-09-17T20:02:18.739078+00:00,2026-09-20T22:44:01.382965+00:00
Z7r9jZaatu,Cicada Rhythm,,KZFzniwnSyZfZ7v7nJ,Music,KnvZfZ7vAvl,Other,KZazBEonSMnZfZ7vk1I,Other,7,https://s1.ticketm.net/dam/c/060/c5c08e7a-9912-456c-a060-2758be94e060_105881_RETINA_LANDSCAPE_16_9.jpg,2026-09-17T20:02:23.393825+00:00,2026-09-20T22:44:04.466759+00:00
K8vZ917QmPf,Cinder Well,https://www.ticketmaster.com/cinder-well-tickets/artist/2927428,KZFzniwnSyZfZ7v7nJ,Music,KnvZfZ7vAv6,Country,KZazBEonSMnZfZ7vAad,Country Folk,7,https://s1.ticketm.net/dam/c/677/c58dd0af-cda8-49b2-bdaf-068540c3a677_106541_ARTIST_PAGE_3_2.jpg,2026-09-17T20:02:23.393825+00:00,2026-09-20T22:44:04.466759+00:00
K8vZ917CMl0,Citizen,https://www.ticketmaster.com/citizen-tickets/artist/1632044,KZFzniwnSyZfZ7v7nJ,Music,KnvZfZ7vAeA,Rock,KZazBEonSMnZfZ7v6dt,Alternative Rock,11,https://s1.ticketm.net/dam/a/0ef/57ce286b-a9b5-47e2-a2ec-fc79ee4330ef_SOURCE,2026-09-17T20:02:17.499935+00:00,2026-09-20T22:44:00.359625+00:00
K8vZ917oEFV,Claptone,https://www.ticketmaster.com/claptone-tickets/artist/1904604,KZFzniwnSyZfZ7v7nJ,Music,KnvZfZ7vAvF,Dance/Electronic,KZazBEonSMnZfZ7vAJ1,Club Dance,1,https://s1.ticketm.net/dam/a/4ec/dc5e61dd-fb10-4712-b0fd-374f637214ec_RETINA_LANDSCAPE_16_9.jpg,2026-09-17T20:02:18.739078+00:00,2026-09-20T22:44:01.382965+00:00
K8vZ917q73f,Clara Cuvé,https://www.ticketmaster.com/clara-cuve-tickets/artist/3184798,KZFzniwnSyZfZ7v7nJ,Music,KnvZfZ7vAvF,Dance/Electronic,KZazBEonSMnZfZ7vA1E,Dance/Electronic,1,https://s1.ticketm.net/dam/c/df8/81eadad8-4449-412e-a2b1-3d8bbb78edf8_106181_EVENT_DETAIL_PAGE_16_9.jpg,2026-09-17T20:02:18.739078+00:00,2026-09-20T22:44:01.382965+00:00
K8vZ91713v0,Clay Walker,https://www.ticketmaster.com/clay-walker-tickets/artist/775012,KZFzniwnSyZfZ7v7nJ,Music,KnvZfZ7vAv6,Country,KZazBEonSMnZfZ7vAFa,Country,11,https://s1.ticketm.net/dam/a/b52/1b621161-e2f9-4eb0-8053-6c0f5734db52_TABLET_LANDSCAPE_LARGE_16_9.jpg,2026-09-17T20:02:23.393825+00:00,2026-09-20T22:44:04.466759+00:00
K8vZ91752xV,Clipse,https://www.ticketmaster.com/clipse-tickets/artist/861538,KZFzniwnSyZfZ7v7nJ,Music,KnvZfZ7vAv1,Hip-Hop/Rap,KZazBEonSMnZfZ7vkdA,Urban,3,https://s1.ticketm.net/dam/a/1be/9080fac2-a546-425c-bf11-95974848f1be_EVENT_DETAIL_PAGE_16_9.jpg,2026-09-17T20:02:20.370215+00:00,2026-09-20T22:44:03.417698+00:00
K8vZ917b-Of,Club Level Seating: Ball Arena,https://www.ticketmaster.com/club-level-seating-ball-arena-tickets/artist/2691443,KZFzniwnSyZfZ7v7nJ,Music,KnvZfZ7vAvl,Other,KZazBEonSMnZfZ7vk1I,Other,22,https://s1.ticketm.net/dam/c/060/c5c08e7a-9912-456c-a060-2758be94e060_105881_RETINA_LANDSCAPE_16_9.jpg,2026-09-17T20:02:17.499935+00:00,2026-09-20T22:44:06.065368+00:00
K8vZ917bx2V,Club Seating: Paramount Theatre,https://www.ticketmaster.com/club-seating-paramount-theatre-tickets/artist/2691444,KZFzniwnSyZfZ7v7nJ,Music,KnvZfZ7vAvl,Other,KZazBEonSMnZfZ7vk1I,Other,27,https://s1.ticketm.net/dam/c/060/c5c08e7a-9912-456c-a060-2758be94e060_105881_RETINA_LANDSCAPE_16_9.jpg,2026-09-17T20:02:17.499935+00:00,2026-09-20T22:44:04.817229+00:00
K8vZ917Qg6f,Coco & Breezy,https://www.ticketmaster.com/coco-breezy-tickets/artist/2946316,KZFzniwnSyZfZ7v7nJ,Music,KnvZfZ7vAvF,Dance/Electronic,KZazBEonSMnZfZ7vA1E,Dance/Electronic,3,https://s1.ticketm.net/dam/c/df8/81eadad8-4449-412e-a2b1-3d8bbb78edf8_106181_EVENT_DETAIL_PAGE_16_9.jpg,2026-09-17T20:02:17.499935+00:00,2026-09-20T22:44:00.359625+00:00
K8vZ9175Kbf,Coheed and Cambria,https://www.ticketmaster.com/coheed-and-cambria-tickets/artist/852827,KZFzniwnSyZfZ7v7nJ,Music,KnvZfZ7vAeA,Rock,KZazBEonSMnZfZ7v6dt,Alternative Rock,20,https://s1.ticketm.net/dam/a/a59/7402034d-479c-447a-8d0a-9ac40942da59_RETINA_PORTRAIT_3_2.jpg,2026-09-17T20:02:17.975980+00:00,2026-09-20T22:44:00.359625+00:00
K8vZ917qgq7,Colin Miller,https://www.ticketmaster.com/colin-miller-tickets/artist/3464444,KZFzniwnSyZfZ7v7nJ,Music,KnvZfZ7vAeA,Rock,KZazBEonSMnZfZ7v6F1,Pop,2,https://s1.ticketm.net/dam/c/fbc/b293c0ad-c904-4215-bc59-8d7f2414dfbc_106141_EVENT_DETAIL_PAGE_16_9.jpg,2026-09-17T20:02:19.435167+00:00,2026-09-20T22:44:02.205267+00:00
K8vZ9175qbf,Colorado Springs Philharmonic,https://www.ticketmaster.com/colorado-springs-philharmonic-tickets/artist/887639,KZFzniwnSyZfZ7v7na,Arts & Theatre,KnvZfZ7v7nJ,Classical,KZazBEonSMnZfZ7v7nI,Symphonic,30,https://s1.ticketm.net/dam/c/f7b/ef64d601-8740-43cd-86ea-ed9b392e4f7b_105961_TABLET_LANDSCAPE_LARGE_16_9.jpg,2026-09-17T20:02:17.499935+00:00,2026-09-20T22:44:06.065368+00:00
K8vZ9175gW7,Colorado Symphony Orchestra,https://www.ticketmaster.com/colorado-symphony-orchestra-tickets/artist/867686,KZFzniwnSyZfZ7v7na,Arts & Theatre,KnvZfZ7v7nJ,Classical,KZazBEonSMnZfZ7v7nI,Symphonic,69,https://s1.ticketm.net/dam/c/f7b/ef64d601-8740-43cd-86ea-ed9b392e4f7b_105961_TABLET_LANDSCAPE_LARGE_16_9.jpg,2026-09-17T20:02:17.499935+00:00,2026-09-20T22:44:06.065368+00:00
K8vZ9173Iv0,Colorblind,https://www.ticketmaster.com/colorblind-tickets/artist/2011784,KZFzniwnSyZfZ7v7nJ,Music,KnvZfZ7vAeA,Rock,KZazBEonSMnZfZ7v6dt,Alternative Rock,19,https://s1.ticketm.net/dam/a/887/dfebd1d6-f513-4ca7-a5aa-4eee3f7b6887_TABLET_LANDSCAPE_3_2.jpg,2026-09-17T20:02:19.435167+00:00,2026-09-20T22:44:02.205267+00:00
K8vZ917uE1V,Combat,https://www.ticketmaster.com/combat-tickets/artist/1524166,KZFzniwnSyZfZ7v7nJ,Music,KnvZfZ7vAeA,Rock,KZazBEonSMnZfZ7v6F1,Pop,7,https://s1.ticketm.net/dam/a/921/b5c036d8-e1eb-4bd5-8b03-0e8f1a46c921_EVENT_DETAIL_PAGE_16_9.jpg,2026-09-17T20:02:19.682284+00:00,2026-09-20T22:44:02.588228+00:00
K8vZ917G7s7,Combichrist,https://www.ticketmaster.com/combichrist-tickets/artist/1113108,KZFzniwnSyZfZ7v7nJ,Music,KnvZfZ7vAeA,Rock,KZazBEonSMnZfZ7v6dt,Alternative Rock,13,https://s1.ticketm.net/dam/a/3b2/ed999a0b-3e0c-4d46-8f3f-1b5a4a28d3b2_1586231_ARTIST_PAGE_3_2.jpg,2026-09-17T20:02:17.975980+00:00,2026-09-20T22:44:00.359625+00:00
K8vZ91711SV,Commodores,https://www.ticketmaster.com/commodores-tickets/artist/734798,KZFzniwnSyZfZ7v7nJ,Music,KnvZfZ7vAee,R&B,KZazBEonSMnZfZ7vkIt,R&B,4,https://s1.ticketm.net/dam/a/785/51aca37f-e3d1-42cb-92d6-b4bcee3d8785_RECOMENDATION_16_9.jpg,2026-09-17T20:02:17.499935+00:00,2026-09-20T22:44:00.359625+00:00
K8vZ917LcY0,Community Concerts of the Grand Valley,https://www.ticketmaster.com/community-concerts-of-the-grand-valley-tickets/artist/4358319,KZFzniwnSyZfZ7v7nJ,Music,KnvZfZ7vAvl,Other,KZazBEonSMnZfZ7vk1I,Other,1,https://s1.ticketm.net/dam/c/060/c5c08e7a-9912-456c-a060-2758be94e060_105881_RETINA_LANDSCAPE_16_9.jpg,2026-09-17T20:02:17.499935+00:00,2026-09-20T22:44:00.359625+00:00
Z7r9jZ177xfO,Contra,,KZFzniwnSyZfZ7v7nl,Undefined,,,,,1,https://s1.ticketm.net/dam/c/8cf/a6653880-7899-4f67-8067-1f95f4d158cf_124761_RECOMENDATION_16_9.jpg,2026-09-17T20:02:19.435167+00:00,2026-09-20T22:44:02.205267+00:00
K8vZ917fmPf,Convictions,https://www.ticketmaster.com/convictions-tickets/artist/2240689,KZFzniwnSyZfZ7v7nJ,Music,KnvZfZ7vAvt,Metal,KZazBEonSMnZfZ7vk6I,Christian Metal,9,https://s1.ticketm.net/dam/c/e7c/86478562-7218-4e8f-b9d4-8080fe168e7c_105581_TABLET_LANDSCAPE_16_9.jpg,2026-09-17T20:02:23.393825+00:00,2026-09-20T22:44:04.466759+00:00
K8vZ917bm20,Costa,https://www.ticketmaster.com/costa-tickets/artist/2718308,KZFzniwnSyZfZ7v7nJ,Music,KnvZfZ7vAvF,Dance/Electronic,KZazBEonSMnZfZ7vA1E,Dance/Electronic,7,https://s1.ticketm.net/dam/a/be6/61a0367e-b070-4d48-8354-8de1a2383be6_RETINA_PORTRAIT_3_2.jpg,2026-09-17T20:02:20.773471+00:00,2026-09-20T22:44:03.900761+00:00
K8vZ9174E07,Covet,https://www.ticketmaster.com/covet-tickets/artist/2311230,KZFzniwnSyZfZ7v7nJ,Music,KnvZfZ7vAeA,Rock,KZazBEonSMnZfZ7v6da,Rock,9,https://s1.ticketm.net/dam/a/629/27fb0996-6e8b-4500-8ee0-946519bf7629_RETINA_LANDSCAPE_16_9.jpg,2026-09-17T20:02:17.975980+00:00,2026-09-20T22:44:00.359625+00:00
K8vZ9171Spf,Cradle of Filth,https://www.ticketmaster.com/cradle-of-filth-tickets/artist/781459,KZFzniwnSyZfZ7v7nJ,Music,KnvZfZ7vAvt,Metal,KZazBEonSMnZfZ7vkFd,Heavy Metal,25,https://s1.ticketm.net/dam/a/c57/cb8a453a-5a77-42b9-96c6-15e52dd18c57_RECOMENDATION_16_9.jpg,2026-09-17T20:02:19.435167+00:00,2026-09-20T22:44:02.205267+00:00
K8vZ9175rm0,Cristian Castro,https://www.ticketmaster.com/cristian-castro-tickets/artist/844826,KZFzniwnSyZfZ7v7nJ,Music,KnvZfZ7vAeF,World,KZazBEonSMnZfZ7vFdJ,Latin,19,https://s1.ticketm.net/dam/a/7ae/9d11bef4-876c-4977-af8c-3d2c269147ae_TABLET_LANDSCAPE_3_2.jpg,2026-09-17T20:02:23.657248+00:00,2026-09-20T22:44:04.817229+00:00
K8vZ91715qf,Cro-Mags,https://www.ticketmaster.com/cromags-tickets/artist/806783,KZFzniwnSyZfZ7v7nJ,Music,KnvZfZ7vAvt,Metal,KZazBEonSMnZfZ7vkFd,Heavy Metal,6,https://s1.ticketm.net/dam/a/cdb/3f269326-837f-4613-8fca-0d2692b45cdb_TABLET_LANDSCAPE_3_2.jpg,2026-09-17T20:02:23.393825+00:00,2026-09-20T22:44:04.466759+00:00
K8vZ9171_I7,Crowbar,https://www.ticketmaster.com/crowbar-tickets/artist/740624,KZFzniwnSyZfZ7v7nJ,Music,KnvZfZ7vAvt,Metal,KZazBEonSMnZfZ7vkFd,Heavy Metal,19,https://s1.ticketm.net/dam/a/840/7129441b-c59c-4402-86a0-b87a8c4e6840_1237271_RETINA_LANDSCAPE_16_9.jpg,2026-09-17T20:02:18.739078+00:00,2026-09-20T22:44:01.382965+00:00
K8vZ917_Qb0,Crypta,https://www.ticketmaster.com/crypta-tickets/artist/2793082,KZFzniwnSyZfZ7v7nJ,Music,KnvZfZ7vAvt,Metal,KZazBEonSMnZfZ7vk6E,Metal,22,https://s1.ticketm.net/dam/c/e7c/86478562-7218-4e8f-b9d4-8080fe168e7c_105581_RECOMENDATION_16_9.jpg,2026-09-17T20:02:18.739078+00:00,2026-09-20T22:44:01.382965+00:00
K8vZ917r_Tf,Cultist,https://www.ticketmaster.com/cultist-tickets/artist/3818734,KZFzniwnSyZfZ7v7nJ,Music,KnvZfZ7vAvv,Alternative,KZazBEonSMnZfZ7vAvn,Alternative Rock,3,https://s1.ticketm.net/dam/c/f50/96fa13be-e395-429b-8558-a51bb9054f50_105951_TABLET_LANDSCAPE_LARGE_16_9.jpg,2026-09-17T20:02:24.038892+00:00,2026-09-20T22:44:05.080653+00:00
K8vZ917phpV,Culture Wars,https://www.ticketmaster.com/culture-wars-tickets/artist/2426307,KZFzniwnSyZfZ7v7nJ,Music,KnvZfZ7vAeA,Rock,KZazBEonSMnZfZ7v6F1,Pop,9,https://s1.ticketm.net/dam/a/a1b/691e42f3-1842-416e-85c8-07a7c48bba1b_EVENT_DETAIL_PAGE_16_9.jpg,2026-09-17T20:02:18.739078+00:00,2026-09-20T22:44:01.382965+00:00
K8vZ917GaEV,Cut Copy,https://www.ticketmaster.com/cut-copy-tickets/artist/1196663,KZFzniwnSyZfZ7v7nJ,Music,KnvZfZ7vAvF,Dance/Electronic,KZazBEonSMnZfZ7vAJ1,Club Dance,4,https://s1.ticketm.net/dam/a/53a/3527938d-b21e-4fe6-95e6-2f30ed20353a_TABLET_LANDSCAPE_LARGE_16_9.jpg,2026-09-17T20:02:20.370215+00:00,2026-09-20T22:44:03.417698+00:00
Z7r9jZa3sX,Cyclops,,KZFzniwnSyZfZ7v7nl,Undefined,,,,,1,https://s1.ticketm.net/dam/c/f51/ee785ed6-f806-4195-98f4-69f67e09df51_106201_RETINA_PORTRAIT_3_2.jpg,2026-09-17T20:02:23.393825+00:00,2026-09-20T22:44:04.466759+00:00
K8vZfZ7tl6k,Cydeways,https://www.ticketmaster.com/cydeways-tickets/artist/2804613,KZFzniwnSyZfZ7v7nJ,Music,KnvZfZ7vAed,Reggae,KZazBEonSMnZfZ7vknl,Reggae,4,https://s1.ticketm.net/dam/a/67f/7def199b-ec2d-42a2-b74b-9f58bea5f67f_RETINA_LANDSCAPE_16_9.jpg,2026-09-17T20:02:18.739078+00:00,2026-09-20T22:44:01.382965+00:00
Z7r9jZa3hI,Cydeways,,KZFzniwnSyZfZ7v7nl,Undefined,,,,,3,https://s1.ticketm.net/dam/c/f51/ee785ed6-f806-4195-98f4-69f67e09df51_106201_RETINA_PORTRAIT_3_2.jpg,2026-09-17T20:02:18.739078+00:00,2026-09-20T22:44:01.382965+00:00
K8vZ9171580,Cypress Hill,https://www.ticketmaster.com/cypress-hill-tickets/artist/702466,KZFzniwnSyZfZ7v7nJ,Music,KnvZfZ7vAv1,Hip-Hop/Rap,KZazBEonSMnZfZ7vkdA,Urban,6,https://s1.ticketm.net/dam/a/835/4f10fc68-3512-4e7c-a365-726dce835835_SOURCE,2026-09-17T20:02:19.435167+00:00,2026-09-20T22:44:02.205267+00:00
K8vZ917hzF7,D.K. Harrell,https://www.ticketmaster.com/dk-harrell-tickets/artist/3072772,KZFzniwnSyZfZ7v7nJ,Music,KnvZfZ7vAvd,Blues,KZazBEonSMnZfZ7vAk6,Jazz Blues,1,https://s1.ticketm.net/dam/a/b55/a161232f-f420-4555-9867-03c47bf20b55_RETINA_PORTRAIT_3_2.jpg,2026-09-17T20:02:17.499935+00:00,2026-09-20T22:44:00.359625+00:00
K8vZ917oa37,D.O.D,https://www.ticketmaster.com/dod-tickets/artist/1860711,KZFzniwnSyZfZ7v7nJ,Music,KnvZfZ7vAvF,Dance/Electronic,KZazBEonSMnZfZ7vAJ1,Club Dance,2,https://s1.ticketm.net/dam/a/28c/21424130-f7a3-41c4-bad2-cefd7ae0428c_ARTIST_PAGE_3_2.jpg,2026-09-17T20:02:20.370215+00:00,2026-09-20T22:44:03.417698+00:00
K8vZ917r9v0,DERBY,https://www.ticketmaster.com/derby-tickets/artist/3784049,KZFzniwnSyZfZ7v7nJ,Music,KnvZfZ7vAev,Pop,KZazBEonSMnZfZ7vkEk,Indie Pop,15,https://s1.ticketm.net/dam/a/65b/a3f39ef7-0e52-4a7f-8a81-73a1097db65b_EVENT_DETAIL_PAGE_16_9.jpg,2026-09-17T20:02:20.370215+00:00,2026-09-20T22:44:03.417698+00:00
K8vZ917jCIV,DIVER,https://www.ticketmaster.com/diver-tickets/artist/3092648,KZFzniwnSyZfZ7v7nJ,Music,KnvZfZ7vAeA,Rock,KZazBEonSMnZfZ7v6da,Rock,5,https://s1.ticketm.net/dam/c/fbc/b293c0ad-c904-4215-bc59-8d7f2414dfbc_106141_TABLET_LANDSCAPE_LARGE_16_9.jpg,2026-09-17T20:02:17.499935+00:00,2026-09-20T22:44:00.359625+00:00
K8vZpZAkvFtk,DJ Cozmos Mudwulf,https://www.ticketmaster.com/dj-cozmos-mudwulf-tickets/artist/4570149,KZFzniwnSyZfZ7v7nJ,Music,KnvZfZ7vAvv,Alternative,KZazBEonSMnZfZ7vAen,Goth,1,https://s1.ticketm.net/dam/c/797/5e693c26-2881-4776-8f0c-3aa94bfa3797_106511_RETINA_PORTRAIT_16_9.jpg,2026-09-17T20:02:17.499935+00:00,2026-09-20T22:44:00.359625+00:00
K8vZ9173T67,DJ Isaac,https://www.ticketmaster.com/dj-isaac-tickets/artist/2060369,KZFzniwnSyZfZ7v7nJ,Music,KnvZfZ7vAvF,Dance/Electronic,KZazBEonSMnZfZ7vAJ1,Club Dance,2,https://s1.ticketm.net/dam/c/df8/81eadad8-4449-412e-a2b1-3d8bbb78edf8_106181_EVENT_DETAIL_PAGE_16_9.jpg,2026-09-17T20:02:20.370215+00:00,2026-09-20T22:44:03.417698+00:00
K8vZ917u8G7,DJ Kurupt,https://www.ticketmaster.com/dj-kurupt-tickets/artist/1501715,KZFzniwnSyZfZ7v7nJ,Music,KnvZfZ7vAee,R&B,KZazBEonSMnZfZ7vktE,Funk,5,https://s1.ticketm.net/dam/c/48b/2352e3b5-8496-496b-97a3-e605177e848b_105851_TABLET_LANDSCAPE_3_2.jpg,2026-09-17T20:02:19.435167+00:00,2026-09-20T22:44:02.205267+00:00
K8vZ917ryx0,DJ Meredith Marks,https://www.ticketmaster.com/dj-meredith-marks-tickets/artist/4083444,KZFzniwnSyZfZ7v7nJ,Music,KnvZfZ7vAvF,Dance/Electronic,KZazBEonSMnZfZ7vA1E,Dance/Electronic,22,https://s1.ticketm.net/dam/a/5ae/0abc525e-a070-4f17-8eb5-abc3214505ae_EVENT_DETAIL_PAGE_16_9.jpg,2026-09-17T20:02:23.657248+00:00,2026-09-20T22:44:04.817229+00:00
K8vZ917QDEf,DJ Pee .Wee,https://www.ticketmaster.com/dj-pee-wee-tickets/artist/2955743,KZFzniwnSyZfZ7v7nJ,Music,KnvZfZ7vAvF,Dance/Electronic,KZazBEonSMnZfZ7vA1E,Dance/Electronic,37,https://s1.ticketm.net/dam/a/8f6/e49aecfd-feac-4143-9d3f-c2c06fea18f6_RETINA_PORTRAIT_16_9.jpg,2026-09-17T20:02:17.499935+00:00,2026-09-20T22:44:00.359625+00:00
Z7r9jZafKN,DJ Pee .Wee,,KZFzniwnSyZfZ7v7nl,Undefined,,,,,3,https://s1.ticketm.net/dam/c/f51/ee785ed6-f806-4195-98f4-69f67e09df51_106201_RETINA_PORTRAIT_3_2.jpg,2026-09-17T20:02:17.499935+00:00,2026-09-20T22:44:00.359625+00:00
K8vZ9175Fp7,DJ Shadow,https://www.ticketmaster.com/dj-shadow-tickets/artist/807354,KZFzniwnSyZfZ7v7nJ,Music,KnvZfZ7vAvF,Dance/Electronic,KZazBEonSMnZfZ7vAJ1,Club Dance,16,https://s1.ticketm.net/dam/a/e35/b74589fa-5dfb-4c6e-b4d9-0c2f83b4de35_RETINA_PORTRAIT_16_9.jpg,2026-09-17T20:02:19.435167+00:00,2026-09-20T22:44:02.205267+00:00
K8vZ917_ND7,DJ Vision,https://www.ticketmaster.com/dj-vision-tickets/artist/2815595,KZFzniwnSyZfZ7v7nJ,Music,KnvZfZ7vAv1,Hip-Hop/Rap,KZazBEonSMnZfZ7vkvl,Hip-Hop/Rap,1,https://s1.ticketm.net/dam/c/80b/f3cd8d24-c3ae-4fa0-b4bc-1ba99f9b380b_106091_RETINA_LANDSCAPE_16_9.jpg,2026-09-17T20:02:18.739078+00:00,2026-09-20T22:44:01.382965+00:00
K8vZ917oaYf,Dabin,https://www.ticketmaster.com/dabin-tickets/artist/1861251,KZFzniwnSyZfZ7v7nJ,Music,KnvZfZ7vAvF,Dance/Electronic,KZazBEonSMnZfZ7vAJ1,Club Dance,3,https://s1.ticketm.net/dam/a/958/d283c9ff-7a85-40e5-88f0-00335873d958_RETINA_PORTRAIT_16_9.jpg,2026-09-17T20:02:20.370215+00:00,2026-09-20T22:44:03.417698+00:00
K8vZ9173kl0,Dan + Shay,https://www.ticketmaster.com/dan-shay-tickets/artist/1955592,KZFzniwnSyZfZ7v7nJ,Music,KnvZfZ7vAv6,Country,KZazBEonSMnZfZ7vAFa,Country,23,https://s1.ticketm.net/dam/a/f2e/fe6e5b78-fdee-439b-bf08-cb93c41e1f2e_RECOMENDATION_16_9.jpg,2026-09-17T20:02:19.435167+00:00,2026-09-20T22:44:02.205267+00:00
K8vZ917fhh0,Dan and Phil,https://www.ticketmaster.com/dan-and-phil-tickets/artist/2216064,KZFzniwnSyZfZ7v7na,Arts & Theatre,KnvZfZ7vAe1,Comedy,KZazBEonSMnZfZ7vF17,Comedy,52,https://s1.ticketm.net/dam/a/415/040df804-f51a-4e21-8137-d17f51f0e415_ARTIST_PAGE_3_2.jpg,2026-09-17T20:02:17.499935+00:00,2026-09-20T22:44:00.359625+00:00
Z7r9jZao6T,Dana and Alden,,KZFzniwnSyZfZ7v7nJ,Music,KnvZfZ7vAvl,Other,KZazBEonSMnZfZ7vk1I,Other,19,https://s1.ticketm.net/dam/c/060/c5c08e7a-9912-456c-a060-2758be94e060_105881_RETINA_LANDSCAPE_16_9.jpg,2026-09-17T20:02:17.499935+00:00,2026-09-17T22:38:16.765581+00:00
K8vZ91792mV,Daniel Donato,https://www.ticketmaster.com/daniel-donato-tickets/artist/2519516,KZFzniwnSyZfZ7v7nJ,Music,KnvZfZ7vAvd,Blues,KZazBEonSMnZfZ7vAAd,Blues,17,https://s1.ticketm.net/dam/a/8e4/d554c869-559e-4fb4-84fd-fd30ab9948e4_ARTIST_PAGE_3_2.jpg,2026-09-17T20:02:17.499935+00:00,2026-09-20T22:44:03.417698+00:00
K8vZ917u6NV,Daniel Sloss,https://www.ticketmaster.com/daniel-sloss-tickets/artist/1496632,KZFzniwnSyZfZ7v7na,Arts & Theatre,KnvZfZ7vAe1,Comedy,KZazBEonSMnZfZ7vF17,Comedy,61,https://s1.ticketm.net/dam/a/cfa/e476394e-b2ce-4a11-8230-879e15686cfa_RECOMENDATION_16_9.jpg,2026-09-17T20:02:19.435167+00:00,2026-09-20T22:44:02.205267+00:00
K8vZ9175x07,Darkest Hour,https://www.ticketmaster.com/darkest-hour-tickets/artist/868374,KZFzniwnSyZfZ7v7nJ,Music,KnvZfZ7vAeA,Rock,KZazBEonSMnZfZ7v6dt,Alternative Rock,9,https://s1.ticketm.net/dam/a/9ff/5abe8b50-c0f4-4ae8-bd36-fac1fd7a89ff_896931_TABLET_LANDSCAPE_16_9.jpg,2026-09-17T20:02:20.370215+00:00,2026-09-20T22:44:03.417698+00:00
K8vZ9174_J0,Darude,https://www.ticketmaster.com/darude-tickets/artist/941397,KZFzniwnSyZfZ7v7nJ,Music,KnvZfZ7vAvF,Dance/Electronic,KZazBEonSMnZfZ7vAJ1,Club Dance,2,https://s1.ticketm.net/dam/c/df8/81eadad8-4449-412e-a2b1-3d8bbb78edf8_106181_EVENT_DETAIL_PAGE_16_9.jpg,2026-09-17T20:02:20.370215+00:00,2026-09-20T22:44:03.417698+00:00
K8vZ917b39f,Dave Hause & The Mermaid,https://www.ticketmaster.com/dave-hause-the-mermaid-tickets/artist/2666464,KZFzniwnSyZfZ7v7nJ,Music,KnvZfZ7vAeA,Rock,KZazBEonSMnZfZ7v6a6,Punk,13,https://s1.ticketm.net/dam/a/136/af864e61-66ca-4700-9169-69de3a8e8136_1583581_TABLET_LANDSCAPE_3_2.jpg,2026-09-17T20:02:20.370215+00:00,2026-09-20T22:44:03.417698+00:00
K8vZ917GXW0,David Jacobs-Strain,https://www.ticketmaster.com/david-jacobsstrain-tickets/artist/1107694,KZFzniwnSyZfZ7v7nJ,Music,KnvZfZ7vAvd,Blues,KZazBEonSMnZfZ7vAAd,Blues,1,https://s1.ticketm.net/dam/c/7be/4e1e9428-29ec-401f-aa45-f1577614b7be_105421_RETINA_PORTRAIT_16_9.jpg,2026-09-17T20:02:17.499935+00:00,2026-09-20T22:44:00.359625+00:00
K8vZ9175sMf,Day Out with Thomas,https://www.ticketmaster.com/day-out-with-thomas-tickets/artist/1342825,KZFzniwnSyZfZ7v7n1,Miscellaneous,KnvZfZ7vAeE,Fairs & Festivals,KZazBEonSMnZfZ7vF1F,Fairs & Festivals,151,https://s1.ticketm.net/dam/a/144/e3235c11-e05f-4254-8712-6d53ee093144_291971_TABLET_LANDSCAPE_3_2.jpg,2026-09-17T20:02:17.499935+00:00,2026-09-20T22:44:00.359625+00:00
K8vZ917rhZ7,Day Trip Festival Denver,https://www.ticketmaster.com/day-trip-festival-denver-tickets/artist/3822339,KZFzniwnSyZfZ7v7nJ,Music,KnvZfZ7vAe6,Undefined,KZazBEonSMnZfZ7v6JI,Undefined,1,https://s1.ticketm.net/dam/a/401/21bf116a-2fe0-4cd5-b67e-887c2bcd1401_TABLET_LANDSCAPE_LARGE_16_9.jpg,2026-09-17T20:02:17.499935+00:00,2026-09-20T22:44:00.359625+00:00
Z7r9jZa94F,Dazegxd,,KZFzniwnSyZfZ7v7nl,Undefined,,,,,6,https://s1.ticketm.net/dam/c/f51/ee785ed6-f806-4195-98f4-69f67e09df51_106201_RETINA_PORTRAIT_3_2.jpg,2026-09-17T20:02:18.739078+00:00,2026-09-20T22:44:01.382965+00:00
K8vZ917bzof,Daði Freyr,https://www.ticketmaster.com/dai-freyr-tickets/artist/2754658,KZFzniwnSyZfZ7v7nJ,Music,KnvZfZ7vAvF,Dance/Electronic,KZazBEonSMnZfZ7vAJJ,Dance Pop,19,https://s1.ticketm.net/dam/a/124/20ba9f0d-d63e-46da-b014-861c050a0124_RETINA_PORTRAIT_16_9.jpg,2026-09-17T20:02:19.435167+00:00,2026-09-20T22:44:02.205267+00:00
K8vZ917h1bf,Db.boutabag,https://www.ticketmaster.com/dbboutabag-tickets/artist/2958324,KZFzniwnSyZfZ7v7nJ,Music,KnvZfZ7vAv1,Hip-Hop/Rap,KZazBEonSMnZfZ7vkvl,Hip-Hop/Rap,2,https://s1.ticketm.net/dam/a/f4e/9aabc8af-350f-48dc-8b15-47c014e4af4e_RECOMENDATION_16_9.jpg,2026-09-17T20:02:17.975980+00:00,2026-09-20T22:44:00.359625+00:00
Z7r9jZa9xX,Dead Animal Assembly Plant,,KZFzniwnSyZfZ7v7nl,Undefined,,,,,1,https://s1.ticketm.net/dam/c/f51/ee785ed6-f806-4195-98f4-69f67e09df51_106201_RETINA_PORTRAIT_3_2.jpg,2026-09-17T20:02:17.975980+00:00,2026-09-20T22:44:00.359625+00:00
K8vZ917uRmf,Dead Floyd,https://www.ticketmaster.com/dead-floyd-tickets/artist/1533378,KZFzniwnSyZfZ7v7nJ,Music,KnvZfZ7vAeA,Rock,KZazBEonSMnZfZ7v6F1,Pop,3,https://s1.ticketm.net/dam/c/fbc/b293c0ad-c904-4215-bc59-8d7f2414dfbc_106141_EVENT_DETAIL_PAGE_16_9.jpg,2026-09-17T20:02:19.435167+00:00,2026-09-20T22:44:02.205267+00:00
K8vZ917h0qV,Dead On A Sunday,https://www.ticketmaster.com/dead-on-a-sunday-tickets/artist/3043272,KZFzniwnSyZfZ7v7nJ,Music,KnvZfZ7vAeA,Rock,KZazBEonSMnZfZ7v6da,Rock,13,https://s1.ticketm.net/dam/a/be5/922d18da-37a5-4d89-a75f-57babd4d7be5_TABLET_LANDSCAPE_16_9.jpg,2026-09-17T20:02:19.682284+00:00,2026-09-20T22:44:02.588228+00:00
Z7r9jZafws,Dead on a Sunday,,KZFzniwnSyZfZ7v7nl,Undefined,,,,,3,https://s1.ticketm.net/dam/c/f51/ee785ed6-f806-4195-98f4-69f67e09df51_106201_RETINA_PORTRAIT_3_2.jpg,2026-09-17T20:02:19.682284+00:00,2026-09-20T22:44:03.417698+00:00
K8vZ917CKc0,Deafheaven,https://www.ticketmaster.com/deafheaven-tickets/artist/1581026,KZFzniwnSyZfZ7v7nJ,Music,KnvZfZ7vAeA,Rock,KZazBEonSMnZfZ7v6F1,Pop,21,https://s1.ticketm.net/dam/a/5b9/aa39a70d-7fc7-41dc-b5e6-94032082f5b9_RECOMENDATION_16_9.jpg,2026-09-17T20:02:19.435167+00:00,2026-09-20T22:44:02.205267+00:00
K8vZ917hOyf,Dean Johnson,https://www.ticketmaster.com/dean-johnson-tickets/artist/3036354,KZFzniwnSyZfZ7v7nJ,Music,KnvZfZ7vAv6,Country,KZazBEonSMnZfZ7vAFa,Country,8,https://s1.ticketm.net/dam/a/888/b5d822bb-cba7-4a2a-80f1-eb665de10888_SOURCE,2026-09-17T20:02:20.370215+00:00,2026-09-20T22:44:03.417698+00:00
Z7r9jZapXd,Dean Johnson,,KZFzniwnSyZfZ7v7nl,Undefined,,,,,3,https://s1.ticketm.net/dam/c/f51/ee785ed6-f806-4195-98f4-69f67e09df51_106201_RETINA_PORTRAIT_3_2.jpg,2026-09-17T20:02:20.370215+00:00,2026-09-20T22:44:03.417698+00:00
K8vZ917qMpV,Dear Maryanne,https://www.ticketmaster.com/dear-maryanne-tickets/artist/3487529,KZFzniwnSyZfZ7v7nJ,Music,KnvZfZ7vAvv,Alternative,KZazBEonSMnZfZ7vAde,Indie Rock,5,https://s1.ticketm.net/dam/a/d85/ac6d3f8b-3ba9-4892-b95d-2b8d5ebf5d85_RETINA_LANDSCAPE_16_9.jpg,2026-09-17T20:02:17.975980+00:00,2026-09-20T22:44:00.359625+00:00
Z7r9jZap2n,Death Before Dishonor,,KZFzniwnSyZfZ7v7nl,Undefined,,,,,1,https://s1.ticketm.net/dam/c/f51/ee785ed6-f806-4195-98f4-69f67e09df51_106201_RETINA_PORTRAIT_3_2.jpg,2026-09-17T20:02:18.739078+00:00,2026-09-20T22:44:01.382965+00:00
K8vZ9175lu0,Death From Above 1979,https://www.ticketmaster.com/death-from-above-1979-tickets/artist/949908,KZFzniwnSyZfZ7v7nJ,Music,KnvZfZ7vAeA,Rock,KZazBEonSMnZfZ7v6F1,Pop,20,https://s1.ticketm.net/dam/a/e6e/721cdfef-5b60-47d2-86fc-1ca41bc6de6e_SOURCE,2026-09-17T20:02:19.435167+00:00,2026-09-20T22:44:02.205267+00:00
K8vZ9174Sq0,Decibel Metal & Beer Fest,https://www.ticketmaster.com/decibel-metal-beer-fest-tickets/artist/2305801,KZFzniwnSyZfZ7v7nJ,Music,KnvZfZ7vAvt,Metal,KZazBEonSMnZfZ7vk6E,Metal,4,https://s1.ticketm.net/dam/a/a9f/faab7e5f-02dc-46e8-bd14-f5b794ed3a9f_EVENT_DETAIL_PAGE_16_9.jpg,2026-09-17T20:02:23.393825+00:00,2026-09-20T22:44:04.466759+00:00
K8vZ917GEz0,Deer Tick,https://www.ticketmaster.com/deer-tick-tickets/artist/1322441,KZFzniwnSyZfZ7v7nJ,Music,KnvZfZ7vAva,Folk,KZazBEonSMnZfZ7vAn7,Folk,20,https://s1.ticketm.net/dam/a/ddd/fb759cf3-0e29-4a38-9961-c85d75e6bddd_RECOMENDATION_16_9.jpg,2026-09-17T20:02:17.975980+00:00,2026-09-20T22:44:00.359625+00:00
K8vZ917Cz1V,Deleasa,https://www.ticketmaster.com/deleasa-tickets/artist/1633901,KZFzniwnSyZfZ7v7nJ,Music,KnvZfZ7vAeA,Rock,KZazBEonSMnZfZ7v6F1,Pop,40,https://s1.ticketm.net/dam/c/fbc/b293c0ad-c904-4215-bc59-8d7f2414dfbc_106141_EVENT_DETAIL_PAGE_16_9.jpg,2026-09-17T20:02:23.393825+00:00,2026-09-20T22:44:04.466759+00:00
K8vZ9171nXf,Deltron 3030,https://www.ticketmaster.com/deltron-3030-tickets/artist/9491,KZFzniwnSyZfZ7v7nJ,Music,KnvZfZ7vAv1,Hip-Hop/Rap,KZazBEonSMnZfZ7vkdA,Urban,31,https://s1.ticketm.net/dam/a/c2c/ae332ad5-8ba6-4a3c-90f6-4975d8575c2c_SOURCE,2026-09-17T20:02:19.435167+00:00,2026-09-20T22:44:02.205267+00:00
K8vZ9175NQ0,Demon Hunter,https://www.ticketmaster.com/demon-hunter-tickets/artist/913709,KZFzniwnSyZfZ7v7nJ,Music,KnvZfZ7vAeA,Rock,KZazBEonSMnZfZ7v6dt,Alternative Rock,15,https://s1.ticketm.net/dam/a/8c0/719a5247-095d-4e4f-bb87-e1a18f0a08c0_TABLET_LANDSCAPE_LARGE_16_9.jpg,2026-09-17T20:02:19.435167+00:00,2026-09-20T22:44:02.205267+00:00
K8vZ917qNK7,Dennett,https://www.ticketmaster.com/dennett-tickets/artist/3387814,KZFzniwnSyZfZ7v7nJ,Music,KnvZfZ7vAvF,Dance/Electronic,KZazBEonSMnZfZ7vA1E,Dance/Electronic,9,https://s1.ticketm.net/dam/c/df8/81eadad8-4449-412e-a2b1-3d8bbb78edf8_106181_EVENT_DETAIL_PAGE_16_9.jpg,2026-09-17T20:02:23.393825+00:00,2026-09-20T22:44:04.466759+00:00
K8vZ9173Fz7,Denzel Curry,https://www.ticketmaster.com/denzel-curry-tickets/artist/1960272,KZFzniwnSyZfZ7v7nJ,Music,KnvZfZ7vAv1,Hip-Hop/Rap,KZazBEonSMnZfZ7vkdA,Urban,24,https://s1.ticketm.net/dam/a/c42/201422b7-7e52-4d87-9e16-d69651e5cc42_RETINA_LANDSCAPE_16_9.jpg,2026-09-17T20:02:20.370215+00:00,2026-09-20T22:44:03.417698+00:00
K8vZ917ohff,Deorro,https://www.ticketmaster.com/deorro-tickets/artist/1887569,KZFzniwnSyZfZ7v7nJ,Music,KnvZfZ7vAvF,Dance/Electronic,KZazBEonSMnZfZ7vAJ1,Club Dance,10,https://s1.ticketm.net/dam/a/3f6/ac887a17-3bcf-4f27-97bc-3c95e16ee3f6_RECOMENDATION_16_9.jpg,2026-09-17T20:02:18.739078+00:00,2026-09-20T22:44:01.382965+00:00
K8vZ917Ku7V,Dermot Kennedy,https://www.ticketmaster.com/dermot-kennedy-tickets/artist/2089473,KZFzniwnSyZfZ7v7nJ,Music,KnvZfZ7vAeA,Rock,KZazBEonSMnZfZ7v6F1,Pop,33,https://s1.ticketm.net/dam/a/970/92588748-6362-4a68-886b-71f55bee6970_RECOMENDATION_16_9.jpg,2026-09-17T20:02:19.435167+00:00,2026-09-20T22:44:02.205267+00:00
K8vZ917rGH7,Derrick Stroup,https://www.ticketmaster.com/derrick-stroup-tickets/artist/3705574,KZFzniwnSyZfZ7v7na,Arts & Theatre,KnvZfZ7vAe1,Comedy,KZazBEonSMnZfZ7vF17,Comedy,15,https://s1.ticketm.net/dam/a/caf/4f085b97-dc06-4a71-9cda-ea3e9eccecaf_RETINA_PORTRAIT_16_9.jpg,2026-09-17T20:02:20.370215+00:00,2026-09-20T22:44:03.417698+00:00
K8vZ917_387,Derya Yildirim & Grup Şimşek,https://www.ticketmaster.com/derya-yildirim-grup-simsek-tickets/artist/2776735,KZFzniwnSyZfZ7v7nJ,Music,KnvZfZ7vAva,Folk,KZazBEonSMnZfZ7vAn7,Folk,4,https://s1.ticketm.net/dam/a/cf2/47ef7e7a-f09a-4f00-bd1e-5e2c93da3cf2_SOURCE,2026-09-17T20:02:19.435167+00:00,2026-09-20T22:44:02.205267+00:00
K8vZ917CiX0,Descendents,https://www.ticketmaster.com/descendents-tickets/artist/734910,KZFzniwnSyZfZ7v7nJ,Music,KnvZfZ7vAeA,Rock,KZazBEonSMnZfZ7v6a6,Punk,11,https://s1.ticketm.net/dam/a/3ac/1594c4ba-9fa5-49ae-9b9e-9921d994b3ac_RETINA_LANDSCAPE_16_9.jpg,2026-09-17T20:02:17.499935+00:00,2026-09-20T22:44:00.359625+00:00
K8vZ917oBZ7,Desert Dwellers,https://www.ticketmaster.com/desert-dwellers-tickets/artist/1934310,KZFzniwnSyZfZ7v7nJ,Music,KnvZfZ7vAvF,Dance/Electronic,KZazBEonSMnZfZ7vAJ1,Club Dance,5,https://s1.ticketm.net/dam/a/a0c/0249728c-0a55-4480-b3bc-c6c4cb0c4a0c_1746701_TABLET_LANDSCAPE_LARGE_16_9.jpg,2026-09-17T20:02:17.499935+00:00,2026-09-17T22:38:16.765581+00:00
K8vZ917hQBV,Destiny Bond,https://www.ticketmaster.com/destiny-bond-tickets/artist/3018857,KZFzniwnSyZfZ7v7nJ,Music,KnvZfZ7vAeA,Rock,KZazBEonSMnZfZ7v6a6,Punk,1,https://s1.ticketm.net/dam/a/f74/a692c2de-517d-4878-a9b2-4279b43b6f74_RETINA_PORTRAIT_3_2.jpg,2026-09-17T20:02:19.435167+00:00,2026-09-20T22:44:02.205267+00:00
K8vZ917QLi7,Destroy Lonely,https://www.ticketmaster.com/destroy-lonely-tickets/artist/2895379,KZFzniwnSyZfZ7v7nJ,Music,KnvZfZ7vAv1,Hip-Hop/Rap,KZazBEonSMnZfZ7vkvl,Hip-Hop/Rap,9,https://s1.ticketm.net/dam/a/72e/4d1e3a96-0c7d-41ec-9218-bef9a185872e_ARTIST_PAGE_3_2.jpg,2026-09-17T20:02:17.499935+00:00,2026-09-20T22:44:00.359625+00:00
K8vZ917LBGf,Deterioration,https://www.ticketmaster.com/deterioration-tickets/artist/4376473,KZFzniwnSyZfZ7v7nJ,Music,KnvZfZ7vAvt,Metal,KZazBEonSMnZfZ7vaJk,Metalcore,13,https://s1.ticketm.net/dam/a/6ae/082ccbbe-63e2-45af-bed7-4e8791b896ae_TABLET_LANDSCAPE_LARGE_16_9.jpg,2026-09-17T20:02:18.739078+00:00,2026-09-20T22:44:01.382965+00:00
K8vZ917hCV7,Dev Lemons,https://www.ticketmaster.com/dev-lemons-tickets/artist/2832033,KZFzniwnSyZfZ7v7nJ,Music,KnvZfZ7vAev,Pop,KZazBEonSMnZfZ7vk1t,Pop,12,https://s1.ticketm.net/dam/a/633/b9bf19e0-a504-4a2f-8a90-5d3f8afec633_RECOMENDATION_16_9.jpg,2026-09-17T20:02:20.370215+00:00,2026-09-20T22:44:03.417698+00:00
Z7r9jZa58-,Devon Gilfillian,,KZFzniwnSyZfZ7v7nJ,Music,KnvZfZ7vAvl,Other,KZazBEonSMnZfZ7vk1I,Other,9,https://s1.ticketm.net/dam/c/060/c5c08e7a-9912-456c-a060-2758be94e060_105881_RETINA_LANDSCAPE_16_9.jpg,2026-09-17T20:02:18.739078+00:00,2026-09-20T22:44:01.382965+00:00
K8vZ917_x2f,Devora,https://www.ticketmaster.com/devora-tickets/artist/2811211,KZFzniwnSyZfZ7v7nJ,Music,KnvZfZ7vAeA,Rock,KZazBEonSMnZfZ7v6dt,Alternative Rock,8,https://s1.ticketm.net/dam/c/fbc/b293c0ad-c904-4215-bc59-8d7f2414dfbc_106141_EVENT_DETAIL_PAGE_16_9.jpg,2026-09-17T20:02:20.773471+00:00,2026-09-20T22:44:03.900761+00:00
Z7r9jZa3oT,Devora,,KZFzniwnSyZfZ7v7nl,Undefined,,,,,4,https://s1.ticketm.net/dam/c/f51/ee785ed6-f806-4195-98f4-69f67e09df51_106201_RETINA_PORTRAIT_3_2.jpg,2026-09-17T20:02:20.773471+00:00,2026-09-20T22:44:03.900761+00:00
K8vZ917hal7,Dexter and The Moonrocks,https://www.ticketmaster.com/dexter-and-the-moonrocks-tickets/artist/2974286,KZFzniwnSyZfZ7v7nJ,Music,KnvZfZ7vAvv,Alternative,KZazBEonSMnZfZ7vAvn,Alternative Rock,34,https://s1.ticketm.net/dam/a/9fd/1d4cce63-297e-4921-ab18-53957583b9fd_TABLET_LANDSCAPE_3_2.jpg,2026-09-17T20:02:23.393825+00:00,2026-09-20T22:44:04.466759+00:00
Z7r9jZauij,Diggin Dirt,,KZFzniwnSyZfZ7v7nJ,Music,KnvZfZ7vAvl,Other,KZazBEonSMnZfZ7vk1I,Other,1,https://s1.ticketm.net/dam/c/060/c5c08e7a-9912-456c-a060-2758be94e060_105881_RETINA_LANDSCAPE_16_9.jpg,2026-09-17T20:02:19.682284+00:00,2026-09-20T22:44:02.588228+00:00
K8vZ917Kk20,Dimond Saints,https://www.ticketmaster.com/dimond-saints-tickets/artist/2076097,KZFzniwnSyZfZ7v7nJ,Music,KnvZfZ7vAvF,Dance/Electronic,KZazBEonSMnZfZ7vAJ1,Club Dance,2,https://s1.ticketm.net/dam/c/df8/81eadad8-4449-412e-a2b1-3d8bbb78edf8_106181_EVENT_DETAIL_PAGE_16_9.jpg,2026-09-17T20:02:18.739078+00:00,2026-09-20T22:44:01.382965+00:00
K8vZ91716S0,Dinosaur Jr.,https://www.ticketmaster.com/dinosaur-jr-tickets/artist/966351,KZFzniwnSyZfZ7v7nJ,Music,KnvZfZ7vAeA,Rock,KZazBEonSMnZfZ7v6dt,Alternative Rock,31,https://s1.ticketm.net/dam/a/148/6f9098fe-e645-4636-bdcd-2c63d5ced148_RECOMENDATION_16_9.jpg,2026-09-17T20:02:19.435167+00:00,2026-09-20T22:44:02.205267+00:00
K8vZ917ryz0,Disastry,https://www.ticketmaster.com/disastry-tickets/artist/4095894,KZFzniwnSyZfZ7v7nJ,Music,KnvZfZ7vAvt,Metal,KZazBEonSMnZfZ7vk6t,Death Metal/Black Metal,1,https://s1.ticketm.net/dam/c/e7c/86478562-7218-4e8f-b9d4-8080fe168e7c_105581_TABLET_LANDSCAPE_16_9.jpg,2026-09-17T20:02:19.435167+00:00,2026-09-20T22:44:02.205267+00:00
K8vZ917qo40,Disney Worlds Collide Concert Tour,https://www.ticketmaster.com/disney-worlds-collide-concert-tour-tickets/artist/3318339,KZFzniwnSyZfZ7v7nJ,Music,KnvZfZ7vAe6,Undefined,KZazBEonSMnZfZ7v6JI,Undefined,63,https://s1.ticketm.net/dam/a/d49/63d21920-3adb-4160-a213-72eb06965d49_ARTIST_PAGE_3_2.jpg,2026-09-17T20:02:19.435167+00:00,2026-09-20T22:44:02.205267+00:00
K8vZ917_W50,Distant,https://www.ticketmaster.com/distant-tickets/artist/2846892,KZFzniwnSyZfZ7v7nJ,Music,KnvZfZ7vAvt,Metal,KZazBEonSMnZfZ7vkFd,Heavy Metal,11,https://s1.ticketm.net/dam/a/d41/906637df-a9ad-4cda-96f8-34e930a72d41_EVENT_DETAIL_PAGE_16_9.jpg,2026-09-17T20:02:20.773471+00:00,2026-09-20T22:44:03.900761+00:00
K8vZ9179hO7,Dizgo,https://www.ticketmaster.com/dizgo-tickets/artist/2546098,KZFzniwnSyZfZ7v7nJ,Music,KnvZfZ7vAee,R&B,KZazBEonSMnZfZ7vktE,Funk,14,https://s1.ticketm.net/dam/a/f36/c45b9a12-19e7-447a-a43b-a955e5d22f36_TABLET_LANDSCAPE_16_9.jpg,2026-09-17T20:02:20.370215+00:00,2026-09-20T22:44:03.417698+00:00
Z7r9jZad2d,Doc Martin,,KZFzniwnSyZfZ7v7nJ,Music,KnvZfZ7vAvl,Other,KZazBEonSMnZfZ7vk1I,Other,1,https://s1.ticketm.net/dam/c/060/c5c08e7a-9912-456c-a060-2758be94e060_105881_RETINA_LANDSCAPE_16_9.jpg,2026-09-17T20:02:18.739078+00:00,2026-09-20T22:44:01.382965+00:00
K8vZ917Gwq7,Doctor P,https://www.ticketmaster.com/doctor-p-tickets/artist/1480055,KZFzniwnSyZfZ7v7nJ,Music,KnvZfZ7vAvF,Dance/Electronic,KZazBEonSMnZfZ7vAJ1,Club Dance,3,https://s1.ticketm.net/dam/c/df8/81eadad8-4449-412e-a2b1-3d8bbb78edf8_106181_EVENT_DETAIL_PAGE_16_9.jpg,2026-09-17T20:02:20.773471+00:00,2026-09-20T22:44:03.900761+00:00
K8vZ917hsRf,Dogpark,https://www.ticketmaster.com/dogpark-tickets/artist/3065108,KZFzniwnSyZfZ7v7nJ,Music,KnvZfZ7vAeA,Rock,KZazBEonSMnZfZ7v6F1,Pop,6,https://s1.ticketm.net/dam/a/68c/2ec764a3-66eb-4898-8f6e-a407afa3068c_RECOMENDATION_16_9.jpg,2026-09-17T20:02:20.370215+00:00,2026-09-20T22:44:03.417698+00:00
K8vZ9173TJf,Doja Cat,https://www.ticketmaster.com/doja-cat-tickets/artist/2062205,KZFzniwnSyZfZ7v7nJ,Music,KnvZfZ7vAv1,Hip-Hop/Rap,KZazBEonSMnZfZ7vkdA,Urban,34,https://s1.ticketm.net/dam/a/d8c/219cd3e1-c1c5-47f9-81a9-e5547a4ebd8c_TABLET_LANDSCAPE_16_9.jpg,2026-09-17T20:02:18.739078+00:00,2026-09-20T22:44:01.382965+00:00
K8vZ9178Nb0,Don Broco,https://www.ticketmaster.com/don-broco-tickets/artist/1803021,KZFzniwnSyZfZ7v7nJ,Music,KnvZfZ7vAeA,Rock,KZazBEonSMnZfZ7v6F1,Pop,45,https://s1.ticketm.net/dam/a/2f7/4a39e665-c35b-4c3f-885c-9af6ae2602f7_SOURCE,2026-09-17T20:02:23.393825+00:00,2026-09-20T22:44:04.466759+00:00
K8vZ9175yK0,Don Omar,https://www.ticketmaster.com/don-omar-tickets/artist/1031846,KZFzniwnSyZfZ7v7nJ,Music,KnvZfZ7vAv1,Hip-Hop/Rap,KZazBEonSMnZfZ7vkdv,Reggaeton,41,https://s1.ticketm.net/dam/a/176/29d3d08d-14df-40be-a440-7cbb72a81176_EVENT_DETAIL_PAGE_16_9.jpg,2026-09-17T20:02:24.038892+00:00,2026-09-20T22:44:05.080653+00:00
K8vZ917rAS0,Don West,https://www.ticketmaster.com/don-west-tickets/artist/3613342,KZFzniwnSyZfZ7v7nJ,Music,KnvZfZ7vAvv,Alternative,KZazBEonSMnZfZ7vAvJ,Alternative,14,https://s1.ticketm.net/dam/a/5ab/bbaa2013-0dcf-4895-8072-678806e435ab_CUSTOM.jpg,2026-09-17T20:02:18.739078+00:00,2026-09-20T22:44:01.382965+00:00
K8vZ9175c0V,Donavon Frankenreiter,https://www.ticketmaster.com/donavon-frankenreiter-tickets/artist/953083,KZFzniwnSyZfZ7v7nJ,Music,KnvZfZ7vAeA,Rock,KZazBEonSMnZfZ7v6dt,Alternative Rock,10,https://s1.ticketm.net/dam/a/137/57f1284a-166e-4875-b0d0-fde75c3a7137_RECOMENDATION_16_9.jpg,2026-09-17T20:02:20.370215+00:00,2026-09-20T22:44:03.417698+00:00
K8vZ917bcQ0,Donzii,https://www.ticketmaster.com/donzii-tickets/artist/2718192,KZFzniwnSyZfZ7v7nJ,Music,KnvZfZ7vAeA,Rock,KZazBEonSMnZfZ7v6da,Rock,1,https://s1.ticketm.net/dam/c/fbc/b293c0ad-c904-4215-bc59-8d7f2414dfbc_106141_EVENT_DETAIL_PAGE_16_9.jpg,2026-09-17T20:02:18.739078+00:00,2026-09-20T22:44:01.382965+00:00
Z7r9jZa9hO,Donzii,,KZFzniwnSyZfZ7v7nl,Undefined,,,,,2,https://s1.ticketm.net/dam/c/f51/ee785ed6-f806-4195-98f4-69f67e09df51_106201_RETINA_PORTRAIT_3_2.jpg,2026-09-17T20:02:18.739078+00:00,2026-09-20T22:44:01.382965+00:00
K8vZ9175dt0,Down,https://www.ticketmaster.com/down-tickets/artist/777401,KZFzniwnSyZfZ7v7nJ,Music,KnvZfZ7vAvt,Metal,KZazBEonSMnZfZ7vkFd,Heavy Metal,6,https://s1.ticketm.net/dam/a/952/3763715e-60ce-445c-af6c-3f1f59034952_SOURCE,2026-09-17T20:02:23.393825+00:00,2026-09-20T22:44:04.466759+00:00
K8vZ917jl_7,Downswing,https://www.ticketmaster.com/downswing-tickets/artist/3141894,KZFzniwnSyZfZ7v7nJ,Music,KnvZfZ7vAvt,Metal,KZazBEonSMnZfZ7vk6E,Metal,4,https://s1.ticketm.net/dam/c/e7c/86478562-7218-4e8f-b9d4-8080fe168e7c_105581_TABLET_LANDSCAPE_16_9.jpg,2026-09-17T20:02:23.393825+00:00,2026-09-20T22:44:04.466759+00:00
K8vZ917Gj_f,Drag the River,https://www.ticketmaster.com/drag-the-river-tickets/artist/704593,KZFzniwnSyZfZ7v7nJ,Music,KnvZfZ7vAeA,Rock,KZazBEonSMnZfZ7v6F1,Pop,2,https://s1.ticketm.net/dam/c/fbc/b293c0ad-c904-4215-bc59-8d7f2414dfbc_106141_EVENT_DETAIL_PAGE_16_9.jpg,2026-09-17T20:02:23.393825+00:00,2026-09-20T22:44:04.466759+00:00
K8vZ9175lTV,DragonForce,https://www.ticketmaster.com/dragonforce-tickets/artist/1016671,KZFzniwnSyZfZ7v7nJ,Music,KnvZfZ7vAvt,Metal,KZazBEonSMnZfZ7vkFd,Heavy Metal,24,https://s1.ticketm.net/dam/a/b68/e0fc74ad-fecb-4e22-aca7-5656f4882b68_CUSTOM.jpg,2026-09-17T20:02:23.393825+00:00,2026-09-20T22:44:04.466759+00:00
K8vZ9174fnV,Drop Dead Gorgeous,https://www.ticketmaster.com/drop-dead-gorgeous-tickets/artist/1050935,KZFzniwnSyZfZ7v7nJ,Music,KnvZfZ7vAeA,Rock,KZazBEonSMnZfZ7v6dt,Alternative Rock,2,https://s1.ticketm.net/dam/a/748/ab26c03d-4839-4e5a-a3a6-88cab848e748_EVENT_DETAIL_PAGE_16_9.jpg,2026-09-17T20:02:23.393825+00:00,2026-09-20T22:44:04.466759+00:00
K8vZ9171WjV,Drowning Pool,https://www.ticketmaster.com/drowning-pool-tickets/artist/740788,KZFzniwnSyZfZ7v7nJ,Music,KnvZfZ7vAvt,Metal,KZazBEonSMnZfZ7vkFd,Heavy Metal,7,https://s1.ticketm.net/dam/a/4f7/b0b509b0-bf31-4ac3-a103-85eb0d4d64f7_94861_RETINA_PORTRAIT_16_9.jpg,2026-09-17T20:02:18.739078+00:00,2026-09-20T22:44:01.382965+00:00
K8vZ917rMm7,Druidess,https://www.ticketmaster.com/druidess-tickets/artist/4080784,KZFzniwnSyZfZ7v7nJ,Music,KnvZfZ7vAvt,Metal,KZazBEonSMnZfZ7vkFt,Stoner Metal,1,https://s1.ticketm.net/dam/c/e7c/86478562-7218-4e8f-b9d4-8080fe168e7c_105581_TABLET_LANDSCAPE_16_9.jpg,2026-09-17T20:02:18.739078+00:00,2026-09-20T22:44:01.382965+00:00
Z7r9jZ177-Ff,Druidess,,KZFzniwnSyZfZ7v7nl,Undefined,,,,,1,https://s1.ticketm.net/dam/c/f51/ee785ed6-f806-4195-98f4-69f67e09df51_106201_RETINA_PORTRAIT_3_2.jpg,2026-09-17T20:02:18.739078+00:00,2026-09-20T22:44:01.382965+00:00
Z7r9jZaCF9,Drums of the World,,KZFzniwnSyZfZ7v7nJ,Music,KnvZfZ7vAvl,Other,KZazBEonSMnZfZ7vk1I,Other,1,https://s1.ticketm.net/dam/c/060/c5c08e7a-9912-456c-a060-2758be94e060_105881_RETINA_LANDSCAPE_16_9.jpg,2026-09-17T20:02:24.505358+00:00,2026-09-20T22:44:05.657178+00:00
Z7r9jZadu_,Dummy,,KZFzniwnSyZfZ7v7nJ,Music,KnvZfZ7vAvl,Other,KZazBEonSMnZfZ7vk1I,Other,1,https://s1.ticketm.net/dam/c/060/c5c08e7a-9912-456c-a060-2758be94e060_105881_RETINA_LANDSCAPE_16_9.jpg,2026-09-17T20:02:19.435167+00:00,2026-09-20T22:44:02.205267+00:00
K8vZ9171Ckf,Dweezil Zappa,https://www.ticketmaster.com/dweezil-zappa-tickets/artist/736516,KZFzniwnSyZfZ7v7nJ,Music,KnvZfZ7vAeA,Rock,KZazBEonSMnZfZ7v6F1,Pop,32,https://s1.ticketm.net/dam/a/1f7/518f1877-3460-4738-a3b0-f5a6a1ff91f7_CUSTOM.jpg,2026-09-17T20:02:19.435167+00:00,2026-09-20T22:44:02.205267+00:00
K8vZ9171a70,Dwight Yoakam,https://www.ticketmaster.com/dwight-yoakam-tickets/artist/732992,KZFzniwnSyZfZ7v7nJ,Music,KnvZfZ7vAv6,Country,KZazBEonSMnZfZ7vAFa,Country,18,https://s1.ticketm.net/dam/a/c3c/e14063b8-45c3-42b1-8f26-9bb6bbcecc3c_RETINA_PORTRAIT_16_9.jpg,2026-09-17T20:02:18.739078+00:00,2026-09-20T22:44:01.382965+00:00
K8vZ9175_f0,Dying Fetus,https://www.ticketmaster.com/dying-fetus-tickets/artist/872626,KZFzniwnSyZfZ7v7nJ,Music,KnvZfZ7vAeA,Rock,KZazBEonSMnZfZ7v6dt,Alternative Rock,28,https://s1.ticketm.net/dam/a/21b/10b80d4f-74a9-475c-97b3-cc94fa04321b_EVENT_DETAIL_PAGE_16_9.jpg,2026-09-17T20:02:18.739078+00:00,2026-09-20T22:44:01.382965+00:00
K8vZ917_kB0,Dying Wish,https://www.ticketmaster.com/dying-wish-tickets/artist/2770557,KZFzniwnSyZfZ7v7nJ,Music,KnvZfZ7vAeA,Rock,KZazBEonSMnZfZ7v6kl,Hard Rock,28,https://s1.ticketm.net/dam/a/5d2/7671b75a-bb71-4810-a189-f3fcd9d895d2_RETINA_LANDSCAPE_16_9.jpg,2026-09-17T20:02:23.393825+00:00,2026-09-20T22:44:04.466759+00:00
K8vZ9179FLV,Dylan Reese,https://www.ticketmaster.com/dylan-reese-tickets/artist/2061825,KZFzniwnSyZfZ7v7nJ,Music,KnvZfZ7vAv1,Hip-Hop/Rap,KZazBEonSMnZfZ7vkvl,Hip-Hop/Rap,5,https://s1.ticketm.net/dam/a/612/45666ee3-642f-4bc0-ad14-bfd800394612_TABLET_LANDSCAPE_LARGE_16_9.jpg,2026-09-17T20:02:18.739078+00:00,2026-09-20T22:44:01.382965+00:00
Z7r9jZa1uo,Dylan Reese,,KZFzniwnSyZfZ7v7nJ,Music,KnvZfZ7vAvl,Other,KZazBEonSMnZfZ7vk1I,Other,6,https://s1.ticketm.net/dam/c/060/c5c08e7a-9912-456c-a060-2758be94e060_105881_TABLET_LANDSCAPE_16_9.jpg,2026-09-17T20:02:18.739078+00:00,2026-09-20T22:44:01.382965+00:00
K8vZ917r6a0,E.M.E.,https://www.ticketmaster.com/eme-tickets/artist/3642244,KZFzniwnSyZfZ7v7nJ,Music,KnvZfZ7vAv1,Hip-Hop/Rap,KZazBEonSMnZfZ7vkvl,Hip-Hop/Rap,1,https://s1.ticketm.net/dam/a/138/14845958-a074-4cd2-a6e5-19dbf26a5138_SOURCE,2026-09-17T20:02:20.773471+00:00,2026-09-20T22:44:03.900761+00:00
K8vZ9172De0,Earl Sweatshirt,https://www.ticketmaster.com/earl-sweatshirt-tickets/artist/1744608,KZFzniwnSyZfZ7v7nJ,Music,KnvZfZ7vAv1,Hip-Hop/Rap,KZazBEonSMnZfZ7vkvl,Hip-Hop/Rap,26,https://s1.ticketm.net/dam/a/f04/fbf95a99-f309-4c63-9173-fff814368f04_SOURCE,2026-09-17T20:02:18.739078+00:00,2026-09-20T22:44:01.382965+00:00
K8vZ917qSSf,Earth to Emily,https://www.ticketmaster.com/earth-to-emily-tickets/artist/3463614,KZFzniwnSyZfZ7v7nJ,Music,KnvZfZ7vAev,Pop,KZazBEonSMnZfZ7vkEl,Pop Rock,2,https://s1.ticketm.net/dam/a/2c8/9396c0ee-c7d2-4bb1-909d-f2dcb38c52c8_RECOMENDATION_16_9.jpg,2026-09-17T20:02:18.739078+00:00,2026-09-20T22:44:01.382965+00:00
K8vZ917GE40,Easton Corbin,https://www.ticketmaster.com/easton-corbin-tickets/artist/1413818,KZFzniwnSyZfZ7v7nJ,Music,KnvZfZ7vAv6,Country,KZazBEonSMnZfZ7vAFa,Country,4,https://s1.ticketm.net/dam/a/f8c/793d810d-8f1e-47ff-8324-56548678af8c_284111_RECOMENDATION_16_9.jpg,2026-09-17T20:02:23.393825+00:00,2026-09-20T22:44:04.466759+00:00
Z7r9jZ177tk7,Eddie,,KZFzniwnSyZfZ7v7nl,Undefined,,,,,1,https://s1.ticketm.net/dam/c/8cf/a6653880-7899-4f67-8067-1f95f4d158cf_124761_TABLET_LANDSCAPE_16_9.jpg,2026-09-17T20:02:24.038892+00:00,2026-09-20T22:44:05.080653+00:00
K8vZ917hZ20,Eddie 9V,https://www.ticketmaster.com/eddie-9v-tickets/artist/2838960,KZFzniwnSyZfZ7v7nJ,Music,KnvZfZ7vAvd,Blues,KZazBEonSMnZfZ7vA6J,Soul-Blues,9,https://s1.ticketm.net/dam/a/9af/0db43e19-4d89-4c09-ac26-8aff69dbf9af_RETINA_PORTRAIT_16_9.jpg,2026-09-17T20:02:17.499935+00:00,2026-09-20T22:44:00.359625+00:00
K8vZ917jck0,Edgehill,https://www.ticketmaster.com/edgehill-tickets/artist/3123498,KZFzniwnSyZfZ7v7nJ,Music,KnvZfZ7vAvv,Alternative,KZazBEonSMnZfZ7vAvn,Alternative Rock,6,https://s1.ticketm.net/dam/a/ac8/9c0088e0-c2d0-433b-808c-1841fd730ac8_TABLET_LANDSCAPE_3_2.jpg,2026-09-17T20:02:18.739078+00:00,2026-09-20T22:44:01.382965+00:00
K8vZ917hZA7,Eem Triplin,https://www.ticketmaster.com/eem-triplin-tickets/artist/2961071,KZFzniwnSyZfZ7v7nJ,Music,KnvZfZ7vAv1,Hip-Hop/Rap,KZazBEonSMnZfZ7vkvl,Hip-Hop/Rap,24,https://s1.ticketm.net/dam/a/d28/2a95911e-525f-4389-af43-8627ef6b2d28_RETINA_LANDSCAPE_16_9.jpg,2026-09-17T20:02:20.370215+00:00,2026-09-20T22:44:03.417698+00:00
Z7r9jZa2mV,Eivor,,KZFzniwnSyZfZ7v7nJ,Music,KnvZfZ7vAvl,Other,KZazBEonSMnZfZ7vk1I,Other,12,https://s1.ticketm.net/dam/c/060/c5c08e7a-9912-456c-a060-2758be94e060_105881_RETINA_LANDSCAPE_16_9.jpg,2026-09-17T20:02:20.370215+00:00,2026-09-20T22:44:03.417698+00:00
K8vZ917pG40,El David Aguilar,https://www.ticketmaster.com/el-david-aguilar-tickets/artist/2399814,KZFzniwnSyZfZ7v7nJ,Music,KnvZfZ7vAeF,World,KZazBEonSMnZfZ7vFdJ,Latin,2,https://s1.ticketm.net/dam/a/8ee/83299177-1d0a-419a-aa9d-e2c68928d8ee_TABLET_LANDSCAPE_16_9.jpg,2026-09-17T20:02:19.435167+00:00,2026-09-20T22:44:02.205267+00:00
K8vZ917pQx0,Elder Island,https://www.ticketmaster.com/elder-island-tickets/artist/2426563,KZFzniwnSyZfZ7v7nJ,Music,KnvZfZ7vAvv,Alternative,KZazBEonSMnZfZ7vAvJ,Alternative,13,https://s1.ticketm.net/dam/a/238/6614829d-3cd4-4f8c-8b60-14d2a2168238_SOURCE,2026-09-17T20:02:17.975980+00:00,2026-09-20T22:44:00.359625+00:00
K8vZ917qPA0,Electrik Seoul,https://www.ticketmaster.com/electrik-seoul-tickets/artist/3399364,KZFzniwnSyZfZ7v7nJ,Music,KnvZfZ7vAvF,Dance/Electronic,KZazBEonSMnZfZ7vA1E,Dance/Electronic,2,https://s1.ticketm.net/dam/a/138/f695ee79-aca7-4f24-b0f2-8a121b620138_RETINA_LANDSCAPE_16_9.jpg,2026-09-17T20:02:17.499935+00:00,2026-09-17T22:38:16.765581+00:00
K8vZ917LpM0,Electronic Orchestra,https://www.ticketmaster.com/electronic-orchestra-tickets/artist/4242284,KZFzniwnSyZfZ7v7nJ,Music,KnvZfZ7vAvF,Dance/Electronic,KZazBEonSMnZfZ7vA1E,Dance/Electronic,1,https://s1.ticketm.net/dam/a/299/eeeb8af0-4396-46fe-9737-7738a143e299_RETINA_LANDSCAPE_16_9.jpg,2026-09-17T20:02:23.393825+00:00,2026-09-20T22:44:04.466759+00:00
K8vZ9174_ef,Elefante,https://www.ticketmaster.com/elefante-tickets/artist/886746,KZFzniwnSyZfZ7v7nJ,Music,KnvZfZ7vAeF,World,KZazBEonSMnZfZ7vFdJ,Latin,10,https://s1.ticketm.net/dam/a/bf1/065f696c-1669-42c6-a4cd-2841556cbbf1_TABLET_LANDSCAPE_16_9.jpg,2026-09-17T20:02:17.499935+00:00,2026-09-20T22:44:00.359625+00:00
K8vZ917GYsf,Elephant Revival,https://www.ticketmaster.com/elephant-revival-tickets/artist/1451085,KZFzniwnSyZfZ7v7nJ,Music,KnvZfZ7vAva,Folk,KZazBEonSMnZfZ7vAn7,Folk,2,https://s1.ticketm.net/dam/a/e38/64c7efef-7f8f-4cae-b85d-4749b83b3e38_EVENT_DETAIL_PAGE_16_9.jpg,2026-09-17T20:02:17.499935+00:00,2026-09-17T22:38:16.765581+00:00
Z7r9jZauhW,Eliminate,,KZFzniwnSyZfZ7v7nJ,Music,KnvZfZ7vAvl,Other,KZazBEonSMnZfZ7vk1I,Other,5,https://s1.ticketm.net/dam/c/060/c5c08e7a-9912-456c-a060-2758be94e060_105881_RETINA_LANDSCAPE_16_9.jpg,2026-09-17T20:02:23.393825+00:00,2026-09-20T22:44:04.466759+00:00
K8vZ917GIHV,Eliot Lipp,https://www.ticketmaster.com/eliot-lipp-tickets/artist/1471648,KZFzniwnSyZfZ7v7nJ,Music,KnvZfZ7vAeA,Rock,KZazBEonSMnZfZ7v6F1,Pop,1,https://s1.ticketm.net/dam/c/fbc/b293c0ad-c904-4215-bc59-8d7f2414dfbc_106141_EVENT_DETAIL_PAGE_16_9.jpg,2026-09-17T20:02:17.499935+00:00,2026-09-20T22:44:00.359625+00:00
K8vZ917_mB0,Ella Langley,https://www.ticketmaster.com/ella-langley-tickets/artist/2514177,KZFzniwnSyZfZ7v7nJ,Music,KnvZfZ7vAv6,Country,KZazBEonSMnZfZ7vAFa,Country,12,https://s1.ticketm.net/dam/a/10b/3e5a6f73-de54-42c4-818c-0e422b59810b_CUSTOM.jpg,2026-09-17T20:02:18.739078+00:00,2026-09-20T22:44:01.382965+00:00
K8vZ917q0sf,Ella Red,https://www.ticketmaster.com/ella-red-tickets/artist/3406779,KZFzniwnSyZfZ7v7nJ,Music,KnvZfZ7vAvv,Alternative,KZazBEonSMnZfZ7vAvn,Alternative Rock,7,https://s1.ticketm.net/dam/a/017/f43fdcbf-f4f8-4f21-a2c4-02d27b070017_RETINA_PORTRAIT_3_2.jpg,2026-09-17T20:02:20.370215+00:00,2026-09-20T22:44:03.417698+00:00
K8vZ917q2cV,Ella Woolsey,https://www.ticketmaster.com/ella-woolsey-tickets/artist/3300494,KZFzniwnSyZfZ7v7nJ,Music,KnvZfZ7vAev,Pop,KZazBEonSMnZfZ7vkEl,Pop Rock,10,https://s1.ticketm.net/dam/a/6bf/188006dc-ca8c-4189-9f49-82d0d17fb6bf_TABLET_LANDSCAPE_16_9.jpg,2026-09-17T20:02:19.435167+00:00,2026-09-20T22:44:02.205267+00:00
K8vZ917-hi0,Elysia Biro,https://www.ticketmaster.com/elysia-biro-tickets/artist/4648171,KZFzniwnSyZfZ7v7nJ,Music,KnvZfZ7vAev,Pop,KZazBEonSMnZfZ7vk1t,Pop,1,https://s1.ticketm.net/dam/c/4f2/0109888a-61b5-4525-8432-b026ef04f4f2_105631_ARTIST_PAGE_3_2.jpg,2026-09-17T20:02:20.773471+00:00,2026-09-20T22:44:03.900761+00:00
K8vZ917hy0f,Elías Medina,https://www.ticketmaster.com/elias-medina-tickets/artist/3075671,KZFzniwnSyZfZ7v7nJ,Music,KnvZfZ7vAev,Pop,KZazBEonSMnZfZ7vk1t,Pop,11,https://s1.ticketm.net/dam/a/8a3/66a42534-9856-4389-a966-2b9cc22538a3_SOURCE,2026-09-17T20:02:24.505358+00:00,2026-09-20T22:44:05.657178+00:00
K8vZ917GG6f,Emarosa,https://www.ticketmaster.com/emarosa-tickets/artist/1220529,KZFzniwnSyZfZ7v7nJ,Music,KnvZfZ7vAeA,Rock,KZazBEonSMnZfZ7v6F1,Pop,9,https://s1.ticketm.net/dam/a/6da/2d59eb3e-79ca-49c8-8720-2da581c1f6da_TABLET_LANDSCAPE_LARGE_16_9.jpg,2026-09-17T20:02:17.499935+00:00,2026-09-20T22:44:00.359625+00:00
K8vZ917hN57,Emei,https://www.ticketmaster.com/emei-tickets/artist/3037918,KZFzniwnSyZfZ7v7nJ,Music,KnvZfZ7vAvv,Alternative,KZazBEonSMnZfZ7vAvn,Alternative Rock,21,https://s1.ticketm.net/dam/a/964/f73491ac-00d6-4c09-9063-e5637083b964_RETINA_PORTRAIT_3_2.jpg,2026-09-17T20:02:18.739078+00:00,2026-09-20T22:44:01.382965+00:00
K8vZ9173gI7,Emma Ruth Rundle,https://www.ticketmaster.com/emma-ruth-rundle-tickets/artist/2040446,KZFzniwnSyZfZ7v7nJ,Music,KnvZfZ7vAeA,Rock,KZazBEonSMnZfZ7v6F1,Pop,22,https://s1.ticketm.net/dam/a/e81/b3b9d1ce-d9bc-4082-82c6-84b1839c0e81_359031_RETINA_PORTRAIT_16_9.jpg,2026-09-17T20:02:23.393825+00:00,2026-09-20T22:44:04.466759+00:00
K8vZ917GQfV,Emmure,https://www.ticketmaster.com/emmure-tickets/artist/910538,KZFzniwnSyZfZ7v7nJ,Music,KnvZfZ7vAeA,Rock,KZazBEonSMnZfZ7v6F1,Pop,24,https://s1.ticketm.net/dam/a/947/37b7efad-c370-47a7-b3df-ec7337979947_923921_TABLET_LANDSCAPE_3_2.jpg,2026-09-17T20:02:23.393825+00:00,2026-09-20T22:44:04.466759+00:00
K8vZ917QIn7,Emo Night Karaoke,https://www.ticketmaster.com/emo-night-karaoke-tickets/artist/2728701,KZFzniwnSyZfZ7v7nJ,Music,KnvZfZ7vAeA,Rock,KZazBEonSMnZfZ7v6AI,Emo,13,https://s1.ticketm.net/dam/a/da3/f24f8c69-3a34-4ac8-8cca-9f7f09709da3_EVENT_DETAIL_PAGE_16_9.jpg,2026-09-17T20:02:24.038892+00:00,2026-09-20T22:44:05.080653+00:00
K8vZ9179fE7,Emo Nite,https://www.ticketmaster.com/emo-nite-tickets/artist/2279588,KZFzniwnSyZfZ7v7nJ,Music,KnvZfZ7vAeA,Rock,KZazBEonSMnZfZ7v6AI,Emo,23,https://s1.ticketm.net/dam/a/bd6/32e3c503-5c23-4d1b-96fe-887a218c0bd6_1035051_RECOMENDATION_16_9.jpg,2026-09-17T20:02:17.499935+00:00,2026-09-17T22:38:16.765581+00:00
K8vZ917GBs0,Ensiferum,https://www.ticketmaster.com/ensiferum-tickets/artist/1159164,KZFzniwnSyZfZ7v7nJ,Music,KnvZfZ7vAvt,Metal,KZazBEonSMnZfZ7vkFd,Heavy Metal,31,https://s1.ticketm.net/dam/a/84e/ce0552bf-291d-4590-b909-909cdf89684e_CUSTOM.jpg,2026-09-17T20:02:23.393825+00:00,2026-09-20T22:44:04.466759+00:00
K8vZ917ofM0,Eptic,https://www.ticketmaster.com/eptic-tickets/artist/1878498,KZFzniwnSyZfZ7v7nJ,Music,KnvZfZ7vAvF,Dance/Electronic,KZazBEonSMnZfZ7vAJ1,Club Dance,1,https://s1.ticketm.net/dam/a/af5/f4ec210a-b13a-4d87-8435-8d73f25b3af5_ARTIST_PAGE_3_2.jpg,2026-09-17T20:02:20.773471+00:00,2026-09-20T22:44:03.900761+00:00
K8vZ917G5G0,Eric Church,https://www.ticketmaster.com/eric-church-tickets/artist/1020885,KZFzniwnSyZfZ7v7nJ,Music,KnvZfZ7vAv6,Country,KZazBEonSMnZfZ7vAFa,Country,19,https://s1.ticketm.net/dam/a/89b/14142880-b2fa-4a13-a246-6d90fe8ad89b_RETINA_LANDSCAPE_16_9.jpg,2026-09-17T20:02:25.310831+00:00,2026-09-20T22:44:06.585672+00:00
K8vZ917f1M7,Eric Prydz,https://www.ticketmaster.com/eric-prydz-tickets/artist/1159524,KZFzniwnSyZfZ7v7nJ,Music,KnvZfZ7vAvF,Dance/Electronic,KZazBEonSMnZfZ7vAJ1,Club Dance,7,https://s1.ticketm.net/dam/a/f6c/31ac367b-eed6-44cb-abea-bea12ec9af6c_SOURCE,2026-09-17T20:02:20.773471+00:00,2026-09-20T22:44:03.900761+00:00
K8vZ917QfTV,Erin Kinsey,https://www.ticketmaster.com/erin-kinsey-tickets/artist/2874392,KZFzniwnSyZfZ7v7nJ,Music,KnvZfZ7vAv6,Country,KZazBEonSMnZfZ7vAFa,Country,5,https://s1.ticketm.net/dam/a/1cf/c9b6dcc4-8ec0-4bce-b79d-2b86d80231cf_CUSTOM.jpg,2026-09-17T20:02:17.499935+00:00,2026-09-20T22:44:00.359625+00:00
K8vZ9171b0f,Erykah Badu,https://www.ticketmaster.com/erykah-badu-tickets/artist/781503,KZFzniwnSyZfZ7v7nJ,Music,KnvZfZ7vAee,R&B,KZazBEonSMnZfZ7vkIt,R&B,16,https://s1.ticketm.net/dam/a/b18/37cb7114-5814-48af-826e-e9df84673b18_RETINA_PORTRAIT_3_2.jpg,2026-09-17T20:02:17.499935+00:00,2026-09-20T22:44:00.359625+00:00
K8vZ917rsCf,EsDeeKid,https://www.ticketmaster.com/esdeekid-tickets/artist/4035134,KZFzniwnSyZfZ7v7nJ,Music,KnvZfZ7vAv1,Hip-Hop/Rap,KZazBEonSMnZfZ7vkvl,Hip-Hop/Rap,37,https://s1.ticketm.net/dam/a/a52/571ecd1b-5559-4f1d-80fc-fd534a0e0a52_ARTIST_PAGE_3_2.jpg,2026-09-17T20:02:17.975980+00:00,2026-09-20T22:44:00.359625+00:00
K8vZ9175TaV,Escape the Fate,https://www.ticketmaster.com/escape-the-fate-tickets/artist/1095690,KZFzniwnSyZfZ7v7nJ,Music,KnvZfZ7vAvt,Metal,KZazBEonSMnZfZ7vkFd,Heavy Metal,23,https://s1.ticketm.net/dam/a/a29/85c4268d-6263-47c7-859c-8a587fc0ba29_RETINA_LANDSCAPE_16_9.jpg,2026-09-17T20:02:19.435167+00:00,2026-09-20T22:44:02.205267+00:00
K8vZ9175430,Evanescence,https://www.ticketmaster.com/evanescence-tickets/artist/857529,KZFzniwnSyZfZ7v7nJ,Music,KnvZfZ7vAeA,Rock,KZazBEonSMnZfZ7v6dt,Alternative Rock,6,https://s1.ticketm.net/dam/a/b1c/47597ee7-9a3b-4fca-aec8-0edc61978b1c_TABLET_LANDSCAPE_LARGE_16_9.jpg,2026-09-17T20:02:19.435167+00:00,2026-09-20T22:44:02.205267+00:00
K8vZ917h9l0,Evanora Unlimited,https://www.ticketmaster.com/evanora-unlimited-tickets/artist/3009474,KZFzniwnSyZfZ7v7nJ,Music,KnvZfZ7vAvv,Alternative,KZazBEonSMnZfZ7vAvn,Alternative Rock,8,https://s1.ticketm.net/dam/a/e0d/14d27bb7-f06f-40f4-8842-d0049c5b1e0d_SOURCE,2026-09-17T20:02:18.739078+00:00,2026-09-20T22:44:01.382965+00:00
K8vZ917hTXf,Evening Elephants,https://www.ticketmaster.com/evening-elephants-tickets/artist/3063754,KZFzniwnSyZfZ7v7nJ,Music,KnvZfZ7vAvv,Alternative,KZazBEonSMnZfZ7vAde,Indie Rock,6,https://s1.ticketm.net/dam/a/827/51d6bec1-ceb9-41d8-a762-b2fc8ec09827_TABLET_LANDSCAPE_3_2.jpg,2026-09-17T20:02:17.975980+00:00,2026-09-20T22:44:00.359625+00:00
K8vZ9171480,Everclear,https://www.ticketmaster.com/everclear-tickets/artist/776809,KZFzniwnSyZfZ7v7nJ,Music,KnvZfZ7vAeA,Rock,KZazBEonSMnZfZ7v6F1,Pop,21,https://s1.ticketm.net/dam/a/cc9/32d29a7a-b21d-413b-a1a8-40fe127e5cc9_SOURCE,2026-09-17T20:02:20.370215+00:00,2026-09-20T22:44:03.417698+00:00
K8vZ917uOx7,Evergrey,https://www.ticketmaster.com/evergrey-tickets/artist/1311339,KZFzniwnSyZfZ7v7nJ,Music,KnvZfZ7vAvt,Metal,KZazBEonSMnZfZ7vkFd,Heavy Metal,18,https://s1.ticketm.net/dam/c/e7c/86478562-7218-4e8f-b9d4-8080fe168e7c_105581_EVENT_DETAIL_PAGE_16_9.jpg,2026-09-17T20:02:17.975980+00:00,2026-09-20T22:44:00.359625+00:00
K8vZ917G1af,Every Avenue,https://www.ticketmaster.com/every-avenue-tickets/artist/1173505,KZFzniwnSyZfZ7v7nJ,Music,KnvZfZ7vAeA,Rock,KZazBEonSMnZfZ7v6F1,Pop,16,https://s1.ticketm.net/dam/a/470/86e83fed-0262-4b7b-86d8-ef9cc8191470_SOURCE,2026-09-17T20:02:18.739078+00:00,2026-09-20T22:44:01.382965+00:00
K8vZ917-b3f,Evil Island,https://www.ticketmaster.com/evil-island-tickets/artist/4628846,KZFzniwnSyZfZ7v7nJ,Music,KnvZfZ7vAeA,Rock,KZazBEonSMnZfZ7v6a6,Punk,2,https://s1.ticketm.net/dam/a/598/8b254050-9ffa-4640-b6bb-307ec5819598_EVENT_DETAIL_PAGE_16_9.jpg,2026-09-17T20:02:23.393825+00:00,2026-09-20T22:44:04.466759+00:00
K8vZ917uEc0,Exhorder,https://www.ticketmaster.com/exhorder-tickets/artist/740850,KZFzniwnSyZfZ7v7nJ,Music,KnvZfZ7vAeA,Rock,KZazBEonSMnZfZ7v6F1,Pop,3,https://s1.ticketm.net/dam/a/933/7938c0ec-c0c1-4a36-be95-d505a9e4d933_SOURCE,2026-09-17T20:02:19.435167+00:00,2026-09-20T22:44:02.205267+00:00
K8vZ9174rTV,FACE Vocal Band,https://www.ticketmaster.com/face-vocal-band-tickets/artist/2291888,KZFzniwnSyZfZ7v7nJ,Music,KnvZfZ7vAev,Pop,KZazBEonSMnZfZ7vaJF,A Cappella,1,https://s1.ticketm.net/dam/a/376/1c004eb7-6c59-4792-93f7-eb4d18105376_RECOMENDATION_16_9.jpg,2026-09-17T20:02:20.370215+00:00,2026-09-20T22:44:03.417698+00:00
K8vZ917hBlV,FIGHTMASTER,https://www.ticketmaster.com/fightmaster-tickets/artist/3078215,KZFzniwnSyZfZ7v7nJ,Music,KnvZfZ7vAvv,Alternative,KZazBEonSMnZfZ7vAde,Indie Rock,7,https://s1.ticketm.net/dam/a/ef1/1d8fbc2a-82a0-4f50-960c-652446245ef1_RETINA_PORTRAIT_3_2.jpg,2026-09-17T20:02:18.739078+00:00,2026-09-20T22:44:01.382965+00:00
K8vZ917K9M7,FKJ,https://www.ticketmaster.com/fkj-tickets/artist/2110704,KZFzniwnSyZfZ7v7nJ,Music,KnvZfZ7vAvF,Dance/Electronic,KZazBEonSMnZfZ7vAJ1,Club Dance,31,https://s1.ticketm.net/dam/a/edb/13ccd785-bef5-455a-9733-13385879bedb_TABLET_LANDSCAPE_3_2.jpg,2026-09-17T20:02:24.505358+00:00,2026-09-20T22:44:05.657178+00:00
K8vZ917oTCf,Failure,https://www.ticketmaster.com/failure-tickets/artist/1943314,KZFzniwnSyZfZ7v7nJ,Music,KnvZfZ7vAeA,Rock,KZazBEonSMnZfZ7v6dt,Alternative Rock,21,https://s1.ticketm.net/dam/a/dd9/b084ba10-e6ef-4d9d-aad4-978623bbfdd9_RETINA_PORTRAIT_16_9.jpg,2026-09-17T20:02:19.435167+00:00,2026-09-20T22:44:02.205267+00:00
K8vZ917C930,Fairlane,https://www.ticketmaster.com/fairlane-tickets/artist/1586011,KZFzniwnSyZfZ7v7nJ,Music,KnvZfZ7vAeA,Rock,KZazBEonSMnZfZ7v6F1,Pop,2,https://s1.ticketm.net/dam/a/bfe/762884db-3bca-4021-b2f2-8adb54f57bfe_TABLET_LANDSCAPE_3_2.jpg,2026-09-17T20:02:23.657248+00:00,2026-09-20T22:44:04.817229+00:00
K8vZ917fCmf,Fat Nick,https://www.ticketmaster.com/fat-nick-tickets/artist/2194217,KZFzniwnSyZfZ7v7nJ,Music,KnvZfZ7vAv1,Hip-Hop/Rap,KZazBEonSMnZfZ7vkvl,Hip-Hop/Rap,42,https://s1.ticketm.net/dam/a/58a/d2ce640d-7295-4890-aa3d-e478a1daf58a_SOURCE,2026-09-17T20:02:18.739078+00:00,2026-09-20T22:44:01.382965+00:00
K8vZ917rtX0,Fatal Realm,https://www.ticketmaster.com/fatal-realm-tickets/artist/3957364,KZFzniwnSyZfZ7v7nJ,Music,KnvZfZ7vAvt,Metal,KZazBEonSMnZfZ7vk6E,Metal,4,https://s1.ticketm.net/dam/c/e7c/86478562-7218-4e8f-b9d4-8080fe168e7c_105581_TABLET_LANDSCAPE_16_9.jpg,2026-09-17T20:02:19.435167+00:00,2026-09-20T22:44:02.205267+00:00
K8vZ9171bR0,Fear Factory,https://www.ticketmaster.com/fear-factory-tickets/artist/905044,KZFzniwnSyZfZ7v7nJ,Music,KnvZfZ7vAvt,Metal,KZazBEonSMnZfZ7vkFd,Heavy Metal,34,https://s1.ticketm.net/dam/a/098/5d2c9698-7eba-4130-829b-0bc19b3ac098_CUSTOM.jpg,2026-09-17T20:02:20.370215+00:00,2026-09-20T22:44:03.417698+00:00
K8vZ917qD17,Febuary,https://www.ticketmaster.com/febuary-tickets/artist/3535724,KZFzniwnSyZfZ7v7nJ,Music,KnvZfZ7vAeA,Rock,KZazBEonSMnZfZ7v6AI,Emo,8,https://s1.ticketm.net/dam/c/fbc/b293c0ad-c904-4215-bc59-8d7f2414dfbc_106141_EVENT_DETAIL_PAGE_16_9.jpg,2026-09-17T20:02:19.435167+00:00,2026-09-20T22:44:02.205267+00:00
K8vZ917CpfV,Feed Me,https://www.ticketmaster.com/feed-me-tickets/artist/1581302,KZFzniwnSyZfZ7v7nJ,Music,KnvZfZ7vAvF,Dance/Electronic,KZazBEonSMnZfZ7vAJ1,Club Dance,2,https://s1.ticketm.net/dam/c/df8/81eadad8-4449-412e-a2b1-3d8bbb78edf8_106181_RETINA_PORTRAIT_3_2.jpg,2026-09-17T20:02:20.773471+00:00,2026-09-20T22:44:03.900761+00:00
K8vZ917KE7V,Felicity,https://www.ticketmaster.com/felicity-tickets/artist/2139834,KZFzniwnSyZfZ7v7nJ,Music,KnvZfZ7vAeA,Rock,KZazBEonSMnZfZ7v6F1,Pop,5,https://s1.ticketm.net/dam/c/fbc/b293c0ad-c904-4215-bc59-8d7f2414dfbc_106141_EVENT_DETAIL_PAGE_16_9.jpg,2026-09-17T20:02:18.739078+00:00,2026-09-20T22:44:01.382965+00:00
K8vZ917K8TV,Fetty Wap,https://www.ticketmaster.com/fetty-wap-tickets/artist/2097256,KZFzniwnSyZfZ7v7nJ,Music,KnvZfZ7vAv1,Hip-Hop/Rap,KZazBEonSMnZfZ7vkdA,Urban,11,https://s1.ticketm.net/dam/a/26d/064fcb36-4986-40ee-97cd-0931e9ecc26d_RETINA_LANDSCAPE_16_9.jpg,2026-09-17T20:02:23.393825+00:00,2026-09-20T22:44:04.466759+00:00
K8vZ917KYRf,Fever Dog,https://www.ticketmaster.com/fever-dog-tickets/artist/2154342,KZFzniwnSyZfZ7v7nJ,Music,KnvZfZ7vAeA,Rock,KZazBEonSMnZfZ7v6dt,Alternative Rock,2,https://s1.ticketm.net/dam/a/67f/ddf2f932-e9cd-47f6-8fbf-a991475f367f_RETINA_PORTRAIT_16_9.jpg,2026-09-17T20:02:17.499935+00:00,2026-09-20T22:44:00.359625+00:00
K8vZ917KaH7,Flamingosis,https://www.ticketmaster.com/flamingosis-tickets/artist/2083548,KZFzniwnSyZfZ7v7nJ,Music,KnvZfZ7vAv1,Hip-Hop/Rap,KZazBEonSMnZfZ7vkdA,Urban,4,https://s1.ticketm.net/dam/a/ae1/106c7de2-c82d-4af3-b1b1-3d2e28d20ae1_1448061_RECOMENDATION_16_9.jpg,2026-09-17T20:02:23.657248+00:00,2026-09-20T22:44:04.817229+00:00
K8vZ917h94f,Fleshwater,https://www.ticketmaster.com/fleshwater-tickets/artist/3012591,KZFzniwnSyZfZ7v7nJ,Music,KnvZfZ7vAvv,Alternative,KZazBEonSMnZfZ7vAvn,Alternative Rock,30,https://s1.ticketm.net/dam/a/fcc/52cc9506-d240-402d-a862-8f11150fcfcc_CUSTOM.jpg,2026-09-17T20:02:18.739078+00:00,2026-09-20T22:44:01.382965+00:00
K8vZ917GMf7,Flex,https://www.ticketmaster.com/flex-tickets/artist/729750,KZFzniwnSyZfZ7v7nJ,Music,KnvZfZ7vAeF,World,KZazBEonSMnZfZ7vFdJ,Latin,4,https://s1.ticketm.net/dam/a/c4a/4a4053aa-e93d-4ee4-95cb-67b4c7f3fc4a_RETINA_PORTRAIT_3_2.jpg,2026-09-17T20:02:20.370215+00:00,2026-09-20T22:44:03.417698+00:00
K8vZ917hfYV,Flight By Nothing,https://www.ticketmaster.com/flight-by-nothing-tickets/artist/3002095,KZFzniwnSyZfZ7v7nJ,Music,KnvZfZ7vAvv,Alternative,KZazBEonSMnZfZ7vAvn,Alternative Rock,3,https://s1.ticketm.net/dam/a/a65/081c1ff7-ce40-494c-b9b7-3d4f76254a65_RECOMENDATION_16_9.jpg,2026-09-17T20:02:20.370215+00:00,2026-09-20T22:44:03.417698+00:00
Z7r9jZa9l1,Flight By Nothing,,KZFzniwnSyZfZ7v7nl,Undefined,,,,,4,https://s1.ticketm.net/dam/c/f51/ee785ed6-f806-4195-98f4-69f67e09df51_106201_RETINA_PORTRAIT_3_2.jpg,2026-09-17T20:02:20.370215+00:00,2026-09-20T22:44:03.417698+00:00
K8vZ917GEf0,Forbidden,https://www.ticketmaster.com/forbidden-tickets/artist/735105,KZFzniwnSyZfZ7v7nJ,Music,KnvZfZ7vAeA,Rock,KZazBEonSMnZfZ7v6F1,Pop,5,https://s1.ticketm.net/dam/a/0e6/796b0df4-b770-44a3-9f1f-70d7188630e6_RECOMENDATION_16_9.jpg,2026-09-17T20:02:19.435167+00:00,2026-09-20T22:44:02.205267+00:00
K8vZ917uVr7,Fortunate Youth,https://www.ticketmaster.com/fortunate-youth-tickets/artist/1540123,KZFzniwnSyZfZ7v7nJ,Music,KnvZfZ7vAed,Reggae,KZazBEonSMnZfZ7vknl,Reggae,11,https://s1.ticketm.net/dam/a/279/b33ba291-e576-498b-9c41-4002ca94d279_SOURCE,2026-09-17T20:02:18.739078+00:00,2026-09-20T22:44:01.382965+00:00
K8vZ9178ld0,Fortune Feimster,https://www.ticketmaster.com/fortune-feimster-tickets/artist/1785398,KZFzniwnSyZfZ7v7na,Arts & Theatre,KnvZfZ7vAe1,Comedy,KZazBEonSMnZfZ7vF17,Comedy,17,https://s1.ticketm.net/dam/a/276/47149ce4-970f-43e2-9440-dc698662d276_TABLET_LANDSCAPE_LARGE_16_9.jpg,2026-09-17T20:02:20.370215+00:00,2026-09-20T22:44:03.417698+00:00
K8vZ917GmLV,Foster the People,https://www.ticketmaster.com/foster-the-people-tickets/artist/1478293,KZFzniwnSyZfZ7v7nJ,Music,KnvZfZ7vAeA,Rock,KZazBEonSMnZfZ7v6dt,Alternative Rock,26,https://s1.ticketm.net/dam/a/c41/d6a7f0e3-fbaf-4a44-9a26-39041ac60c41_TABLET_LANDSCAPE_LARGE_16_9.jpg,2026-09-17T20:02:17.499935+00:00,2026-09-20T22:44:00.359625+00:00
K8vZ917G-K7,Four Tet,https://www.ticketmaster.com/four-tet-tickets/artist/1291160,KZFzniwnSyZfZ7v7nJ,Music,KnvZfZ7vAvF,Dance/Electronic,KZazBEonSMnZfZ7vAJ1,Club Dance,4,https://s1.ticketm.net/dam/a/910/6c90c061-b8ee-4853-8a4d-c6ed73615910_SOURCE,2026-09-17T20:02:17.499935+00:00,2026-09-20T22:44:00.359625+00:00
K8vZ917348f,Fox Stevenson,https://www.ticketmaster.com/fox-stevenson-tickets/artist/1980593,KZFzniwnSyZfZ7v7nJ,Music,KnvZfZ7vAvF,Dance/Electronic,KZazBEonSMnZfZ7vAJ1,Club Dance,11,https://s1.ticketm.net/dam/a/08f/04104bf1-4798-496d-a4e0-622443b8108f_ARTIST_PAGE_3_2.jpg,2026-09-17T20:02:20.370215+00:00,2026-09-20T22:44:03.417698+00:00
K8vZ917Gk00,Foy Vance,https://www.ticketmaster.com/foy-vance-tickets/artist/35430,KZFzniwnSyZfZ7v7nJ,Music,KnvZfZ7vAeA,Rock,KZazBEonSMnZfZ7v6dt,Alternative Rock,30,https://s1.ticketm.net/dam/a/668/fe88f9d0-7691-4c7a-9c9d-2773fb647668_ARTIST_PAGE_3_2.jpg,2026-09-17T20:02:20.773471+00:00,2026-09-20T22:44:03.900761+00:00
K8vZ917qvd0,Frank Carter,https://www.ticketmaster.com/frank-carter-tickets/artist/3177485,KZFzniwnSyZfZ7v7nJ,Music,KnvZfZ7vAeA,Rock,KZazBEonSMnZfZ7v6a6,Punk,4,https://s1.ticketm.net/dam/c/fbc/b293c0ad-c904-4215-bc59-8d7f2414dfbc_106141_RETINA_PORTRAIT_16_9.jpg,2026-09-17T20:02:18.739078+00:00,2026-09-20T22:44:01.382965+00:00
K8vZ917uZqf,Frank Reyes,https://www.ticketmaster.com/frank-reyes-tickets/artist/795914,KZFzniwnSyZfZ7v7nJ,Music,KnvZfZ7vAeF,World,KZazBEonSMnZfZ7vFdJ,Latin,4,https://s1.ticketm.net/dam/c/548/5fefbd1c-973b-4b0e-9b2e-d78e4ce37548_106111_TABLET_LANDSCAPE_16_9.jpg,2026-09-17T20:02:20.370215+00:00,2026-09-20T22:44:03.417698+00:00
K8vZ9178YPf,Fred Armisen,https://www.ticketmaster.com/fred-armisen-tickets/artist/1825174,KZFzniwnSyZfZ7v7na,Arts & Theatre,KnvZfZ7vAe1,Comedy,KZazBEonSMnZfZ7vF17,Comedy,24,https://s1.ticketm.net/dam/a/6e5/8623a3d5-a590-4f02-8243-8d04c19966e5_RECOMENDATION_16_9.jpg,2026-09-17T20:02:19.682284+00:00,2026-09-20T22:44:02.588228+00:00
K8vZ917QOE0,Freddie Dredd,https://www.ticketmaster.com/freddie-dredd-tickets/artist/2895657,KZFzniwnSyZfZ7v7nJ,Music,KnvZfZ7vAv1,Hip-Hop/Rap,KZazBEonSMnZfZ7vkvl,Hip-Hop/Rap,2,https://s1.ticketm.net/dam/a/1e9/5485a6c3-c419-4ecc-bced-be591ac2f1e9_RETINA_PORTRAIT_3_2.jpg,2026-09-17T20:02:18.739078+00:00,2026-09-20T22:44:01.382965+00:00
K8vZ917bkp0,Fredo Bang,https://www.ticketmaster.com/fredo-bang-tickets/artist/2592958,KZFzniwnSyZfZ7v7nJ,Music,KnvZfZ7vAv1,Hip-Hop/Rap,KZazBEonSMnZfZ7vkvl,Hip-Hop/Rap,1,https://s1.ticketm.net/dam/a/e14/9845c886-1192-4b9f-9a4b-e42f97a54e14_1042701_TABLET_LANDSCAPE_3_2.jpg,2026-09-17T20:02:20.370215+00:00,2026-09-20T22:44:03.417698+00:00
K8vZ917Kd5V,Free Throw,https://www.ticketmaster.com/free-throw-tickets/artist/2068685,KZFzniwnSyZfZ7v7nJ,Music,KnvZfZ7vAeA,Rock,KZazBEonSMnZfZ7v6F1,Pop,25,https://s1.ticketm.net/dam/a/ab8/3c36a86c-456f-4bc9-8876-ca6a2ef1cab8_SOURCE,2026-09-17T20:02:19.435167+00:00,2026-09-20T22:44:02.205267+00:00
Z7r9jZabA5,Free Whenever,,KZFzniwnSyZfZ7v7nl,Undefined,,,,,2,https://s1.ticketm.net/dam/c/f51/ee785ed6-f806-4195-98f4-69f67e09df51_106201_RETINA_PORTRAIT_3_2.jpg,2026-09-17T20:02:18.739078+00:00,2026-09-20T22:44:01.382965+00:00
K8vZ917_bK0,French 79,https://www.ticketmaster.com/french-79-tickets/artist/2785127,KZFzniwnSyZfZ7v7nJ,Music,KnvZfZ7vAvF,Dance/Electronic,KZazBEonSMnZfZ7vA1E,Dance/Electronic,17,https://s1.ticketm.net/dam/a/9b9/6dd33d7c-be0c-43e8-abaa-5986b12209b9_CUSTOM.jpg,2026-09-17T20:02:24.505358+00:00,2026-09-20T22:44:05.657178+00:00
K8vZ917h4_V,French Police,https://www.ticketmaster.com/french-police-tickets/artist/3005202,KZFzniwnSyZfZ7v7nJ,Music,KnvZfZ7vAeA,Rock,KZazBEonSMnZfZ7v6F1,Pop,18,https://s1.ticketm.net/dam/a/7b7/dea1fbc1-8dc4-43b9-80fd-80b0f7d857b7_TABLET_LANDSCAPE_16_9.jpg,2026-09-17T20:02:19.435167+00:00,2026-09-20T22:44:02.205267+00:00
K8vZ917qDN7,Frigga Five,https://www.ticketmaster.com/frigga-five-tickets/artist/3286509,KZFzniwnSyZfZ7v7nJ,Music,KnvZfZ7vAvv,Alternative,KZazBEonSMnZfZ7vAvn,Alternative Rock,1,https://s1.ticketm.net/dam/c/f50/96fa13be-e395-429b-8558-a51bb9054f50_105951_TABLET_LANDSCAPE_LARGE_16_9.jpg,2026-09-17T20:02:17.499935+00:00,2026-09-20T22:44:00.359625+00:00
K8vZ917hvZV,Friko,https://www.ticketmaster.com/friko-tickets/artist/2961539,KZFzniwnSyZfZ7v7nJ,Music,KnvZfZ7vAvv,Alternative,KZazBEonSMnZfZ7vAvn,Alternative Rock,20,https://s1.ticketm.net/dam/a/0cf/2f10dac6-13fc-4b73-a5a7-8d6a28ca80cf_RETINA_PORTRAIT_3_2.jpg,2026-09-17T20:02:18.739078+00:00,2026-09-20T22:44:01.382965+00:00
K8vZ917Qc77,Frost Children,https://www.ticketmaster.com/frost-children-tickets/artist/2924238,KZFzniwnSyZfZ7v7nJ,Music,KnvZfZ7vAev,Pop,KZazBEonSMnZfZ7vkEl,Pop Rock,14,https://s1.ticketm.net/dam/a/47c/42056f93-6a2e-47ff-b63a-61ee2398547c_TABLET_LANDSCAPE_16_9.jpg,2026-09-17T20:02:23.393825+00:00,2026-09-20T22:44:04.466759+00:00
K8vZ917_qm7,Frozen Soul,https://www.ticketmaster.com/frozen-soul-tickets/artist/2805456,KZFzniwnSyZfZ7v7nJ,Music,KnvZfZ7vAvt,Metal,KZazBEonSMnZfZ7vkFd,Heavy Metal,38,https://s1.ticketm.net/dam/a/576/2149e9c7-8a7e-4ac3-9c63-2de1fc45c576_RETINA_PORTRAIT_16_9.jpg,2026-09-17T20:02:23.393825+00:00,2026-09-20T22:44:04.466759+00:00
K8vZ9175960,Fruit Bats,https://www.ticketmaster.com/fruit-bats-tickets/artist/869932,KZFzniwnSyZfZ7v7nJ,Music,KnvZfZ7vAeA,Rock,KZazBEonSMnZfZ7v6F1,Pop,22,https://s1.ticketm.net/dam/a/e63/3f909802-49cf-48d7-b2a0-656aaef9de63_CUSTOM.jpg,2026-09-17T20:02:19.435167+00:00,2026-09-20T22:44:02.205267+00:00
K8vZ91731rV,Fruko Y Sus Tesos,https://www.ticketmaster.com/fruko-y-sus-tesos-tickets/artist/787273,KZFzniwnSyZfZ7v7nJ,Music,KnvZfZ7vAeF,World,KZazBEonSMnZfZ7vFdJ,Latin,3,https://s1.ticketm.net/dam/c/548/5fefbd1c-973b-4b0e-9b2e-d78e4ce37548_106111_RETINA_PORTRAIT_3_2.jpg,2026-09-17T20:02:20.370215+00:00,2026-09-20T22:44:03.417698+00:00
K8vZ9179vO0,Fuerza Regida,https://www.ticketmaster.com/fuerza-regida-tickets/artist/2499958,KZFzniwnSyZfZ7v7nJ,Music,KnvZfZ7vAeF,World,KZazBEonSMnZfZ7vFdJ,Latin,20,https://s1.ticketm.net/dam/a/a5b/d253e4da-483a-4720-b191-7c4be1ceca5b_RECOMENDATION_16_9.jpg,2026-09-17T20:02:20.370215+00:00,2026-09-20T22:44:03.417698+00:00
K8vZ9172VO7,G. Love & Special Sauce,https://www.ticketmaster.com/g-love-special-sauce-tickets/artist/1177573,KZFzniwnSyZfZ7v7nJ,Music,KnvZfZ7vAeA,Rock,KZazBEonSMnZfZ7v6F1,Pop,5,https://s1.ticketm.net/dam/a/345/3f3fa93a-452b-435f-8c98-d80b59784345_ARTIST_PAGE_3_2.jpg,2026-09-17T20:02:17.499935+00:00,2026-09-20T22:44:00.359625+00:00
K8vZ917baSV,GA-20,https://www.ticketmaster.com/ga20-tickets/artist/2649977,KZFzniwnSyZfZ7v7nJ,Music,KnvZfZ7vAvd,Blues,KZazBEonSMnZfZ7vAkv,Electric Blues,9,https://s1.ticketm.net/dam/a/d14/6b95dc92-c3d0-48ac-bbde-0b24ff4fdd14_TABLET_LANDSCAPE_LARGE_16_9.jpg,2026-09-17T20:02:17.499935+00:00,2026-09-20T22:44:00.359625+00:00
Z7r9jZ177AC8,GHOSTWOMAN,,KZFzniwnSyZfZ7v7nl,Undefined,,,,,8,https://s1.ticketm.net/dam/c/f51/ee785ed6-f806-4195-98f4-69f67e09df51_106201_RETINA_PORTRAIT_3_2.jpg,2026-09-17T20:02:20.370215+00:00,2026-09-20T22:44:03.417698+00:00
K8vZ917qoSV,GODHANDUSA,https://www.ticketmaster.com/godhandusa-tickets/artist/3317304,KZFzniwnSyZfZ7v7nJ,Music,KnvZfZ7vAv1,Hip-Hop/Rap,KZazBEonSMnZfZ7vkvl,Hip-Hop/Rap,2,https://s1.ticketm.net/dam/c/80b/f3cd8d24-c3ae-4fa0-b4bc-1ba99f9b380b_106091_RETINA_LANDSCAPE_16_9.jpg,2026-09-17T20:02:23.393825+00:00,2026-09-20T22:44:04.466759+00:00
K8vZ917fZt0,GRYFFIN,https://www.ticketmaster.com/gryffin-tickets/artist/2176562,KZFzniwnSyZfZ7v7nJ,Music,KnvZfZ7vAvF,Dance/Electronic,KZazBEonSMnZfZ7vA1E,Dance/Electronic,12,https://s1.ticketm.net/dam/a/ee1/ce2ed7fd-563e-423a-a557-281cd7486ee1_RETINA_PORTRAIT_3_2.jpg,2026-09-17T20:02:20.370215+00:00,2026-09-20T22:44:03.417698+00:00
K8vZ91787I0,GRiZ,https://www.ticketmaster.com/griz-tickets/artist/1758408,KZFzniwnSyZfZ7v7nJ,Music,KnvZfZ7vAvF,Dance/Electronic,KZazBEonSMnZfZ7vAJ1,Club Dance,2,https://s1.ticketm.net/dam/a/2ec/99363e49-1e84-4346-9c22-4072c27882ec_TABLET_LANDSCAPE_LARGE_16_9.jpg,2026-09-17T20:02:17.975980+00:00,2026-09-20T22:44:00.359625+00:00
K8vZ9171G4f,GWAR,https://www.ticketmaster.com/gwar-tickets/artist/735222,KZFzniwnSyZfZ7v7nJ,Music,KnvZfZ7vAvt,Metal,KZazBEonSMnZfZ7vkFd,Heavy Metal,38,https://s1.ticketm.net/dam/a/fb2/3a21ec04-36e3-4510-baa9-d04f58b81fb2_CUSTOM.jpg,2026-09-17T20:02:20.370215+00:00,2026-09-20T22:44:03.417698+00:00
Z7r9jZ177_AM,Gabriella Rose,,KZFzniwnSyZfZ7v7nl,Undefined,,,,,4,https://s1.ticketm.net/dam/c/f51/ee785ed6-f806-4195-98f4-69f67e09df51_106201_RETINA_PORTRAIT_3_2.jpg,2026-09-17T20:02:18.739078+00:00,2026-09-20T22:44:01.382965+00:00
K8vZ917_dVf,Gaerea,https://www.ticketmaster.com/gaerea-tickets/artist/2767434,KZFzniwnSyZfZ7v7nJ,Music,KnvZfZ7vAvt,Metal,KZazBEonSMnZfZ7vk6t,Death Metal/Black Metal,21,https://s1.ticketm.net/dam/c/e7c/86478562-7218-4e8f-b9d4-8080fe168e7c_105581_RETINA_LANDSCAPE_16_9.jpg,2026-09-17T20:02:23.393825+00:00,2026-09-20T22:44:04.466759+00:00
K8vZ9173uP7,Galantis,https://www.ticketmaster.com/galantis-tickets/artist/1967888,KZFzniwnSyZfZ7v7nJ,Music,KnvZfZ7vAvF,Dance/Electronic,KZazBEonSMnZfZ7vA1E,Dance/Electronic,4,https://s1.ticketm.net/dam/a/c59/43a49717-225c-4c1a-965b-ee2c546f0c59_CUSTOM.jpg,2026-09-17T20:02:19.435167+00:00,2026-09-20T22:44:02.205267+00:00
K8vZ917Q197,Games We Play,https://www.ticketmaster.com/games-we-play-tickets/artist/2862266,KZFzniwnSyZfZ7v7nJ,Music,KnvZfZ7vAvv,Alternative,KZazBEonSMnZfZ7vAvn,Alternative Rock,11,https://s1.ticketm.net/dam/a/414/90c4598d-f7ca-456d-af60-231548d90414_EVENT_DETAIL_PAGE_16_9.jpg,2026-09-20T22:44:05.336677+00:00,2026-09-20T22:44:05.336677+00:00
K8vZ917Cpd0,Gary Clark Jr.,https://www.ticketmaster.com/gary-clark-jr-tickets/artist/1583670,KZFzniwnSyZfZ7v7nJ,Music,KnvZfZ7vAeA,Rock,KZazBEonSMnZfZ7v6da,Rock,15,https://s1.ticketm.net/dam/a/f4c/ad97e28a-7c34-4c04-b7f8-46cddb0c3f4c_EVENT_DETAIL_PAGE_16_9.jpg,2026-09-17T20:02:19.435167+00:00,2026-09-20T22:44:02.205267+00:00
K8vZ917_HW7,Gatlin,https://www.ticketmaster.com/gatlin-tickets/artist/1259733,KZFzniwnSyZfZ7v7nJ,Music,KnvZfZ7vAev,Pop,KZazBEonSMnZfZ7vk1t,Pop,10,https://s1.ticketm.net/dam/a/116/54e32165-ba32-4365-a4e0-0ccad47a9116_RETINA_PORTRAIT_3_2.jpg,2026-09-17T20:02:20.370215+00:00,2026-09-20T22:44:03.417698+00:00
K8vZ917_6ef,Geese,https://www.ticketmaster.com/geese-tickets/artist/2768569,KZFzniwnSyZfZ7v7nJ,Music,KnvZfZ7vAvv,Alternative,KZazBEonSMnZfZ7vAvn,Alternative Rock,37,https://s1.ticketm.net/dam/a/ee1/70f01b8c-cae3-4556-9454-d43b67451ee1_TABLET_LANDSCAPE_3_2.jpg,2026-09-17T20:02:19.435167+00:00,2026-09-20T22:44:02.205267+00:00
K8vZ917jmf7,Geordie Kieffer,https://www.ticketmaster.com/geordie-kieffer-tickets/artist/3149150,KZFzniwnSyZfZ7v7nJ,Music,KnvZfZ7vAeA,Rock,KZazBEonSMnZfZ7v6da,Rock,2,https://s1.ticketm.net/dam/a/b96/ee9ef252-715e-42d4-bd37-056a71234b96_CUSTOM.jpg,2026-09-17T20:02:20.370215+00:00,2026-09-20T22:44:03.417698+00:00
K8vZ917bAwV,George Clanton,https://www.ticketmaster.com/george-clanton-tickets/artist/2641188,KZFzniwnSyZfZ7v7nJ,Music,KnvZfZ7vAeA,Rock,KZazBEonSMnZfZ7v6F1,Pop,17,https://s1.ticketm.net/dam/a/012/a75f270a-166b-416f-b50c-2146c7778012_RETINA_LANDSCAPE_16_9.jpg,2026-09-17T20:02:19.682284+00:00,2026-09-20T22:44:02.588228+00:00
Z7r9jZa5sv,George Clanton,,KZFzniwnSyZfZ7v7nJ,Music,KnvZfZ7vAvl,Other,KZazBEonSMnZfZ7vk1I,Other,19,https://s1.ticketm.net/dam/c/060/c5c08e7a-9912-456c-a060-2758be94e060_105881_RETINA_LANDSCAPE_16_9.jpg,2026-09-17T20:02:19.682284+00:00,2026-09-20T22:44:03.417698+00:00
K8vZ917GEfV,Get the Led Out,https://www.ticketmaster.com/get-the-led-out-tickets/artist/1029212,KZFzniwnSyZfZ7v7nJ,Music,KnvZfZ7vAe6,Undefined,KZazBEonSMnZfZ7v6JI,Undefined,39,https://s1.ticketm.net/dam/a/953/6e37dcfe-530d-4c39-9fc3-3c9e6e346953_1044511_RECOMENDATION_16_9.jpg,2026-09-17T20:02:17.499935+00:00,2026-09-17T22:38:16.765581+00:00
K8vZ9172JeV,Gilla Band,https://www.ticketmaster.com/gilla-band-tickets/artist/1708224,KZFzniwnSyZfZ7v7nJ,Music,KnvZfZ7vAeA,Rock,KZazBEonSMnZfZ7v6F1,Pop,18,https://s1.ticketm.net/dam/a/11c/83bac608-6f7a-4c38-a272-ae5cefee911c_EVENT_DETAIL_PAGE_16_9.jpg,2026-09-17T20:02:19.435167+00:00,2026-09-20T22:44:02.205267+00:00
K8vZ917uOQV,Girlfriends,https://www.ticketmaster.com/girlfriends-tickets/artist/1518076,KZFzniwnSyZfZ7v7nJ,Music,KnvZfZ7vAvv,Alternative,KZazBEonSMnZfZ7vAvn,Alternative Rock,1,https://s1.ticketm.net/dam/a/4eb/dccd8b72-adc5-4d14-9a4b-c6a6624504eb_RETINA_PORTRAIT_3_2.jpg,2026-09-17T20:02:23.393825+00:00,2026-09-20T22:44:04.466759+00:00
Z7r9jZ1774jb,Golomb,,KZFzniwnSyZfZ7v7nl,Undefined,,,,,1,https://s1.ticketm.net/dam/c/f51/ee785ed6-f806-4195-98f4-69f67e09df51_106201_RETINA_PORTRAIT_3_2.jpg,2026-09-17T20:02:19.435167+00:00,2026-09-20T22:44:02.205267+00:00
K8vZ917QzOf,Good Boy Daisy,https://www.ticketmaster.com/good-boy-daisy-tickets/artist/2948237,KZFzniwnSyZfZ7v7nJ,Music,KnvZfZ7vAvv,Alternative,KZazBEonSMnZfZ7vAvn,Alternative Rock,11,https://s1.ticketm.net/dam/a/fdb/adb3f447-2347-467b-a186-1242f5aecfdb_RECOMENDATION_16_9.jpg,2026-09-17T20:02:17.975980+00:00,2026-09-20T22:44:00.359625+00:00
Z7r9jZauXJ,Good Boy Daisy,,KZFzniwnSyZfZ7v7nJ,Music,KnvZfZ7vAvl,Other,KZazBEonSMnZfZ7vk1I,Other,15,https://s1.ticketm.net/dam/c/060/c5c08e7a-9912-456c-a060-2758be94e060_105881_RETINA_LANDSCAPE_16_9.jpg,2026-09-17T20:02:17.975980+00:00,2026-09-20T22:44:00.359625+00:00
Z7r9jZaGre,"Goodnight, Texas",,KZFzniwnSyZfZ7v7nJ,Music,KnvZfZ7vAvl,Other,KZazBEonSMnZfZ7vk1I,Other,3,https://s1.ticketm.net/dam/c/060/c5c08e7a-9912-456c-a060-2758be94e060_105881_RETINA_LANDSCAPE_16_9.jpg,2026-09-17T20:02:20.773471+00:00,2026-09-20T22:44:03.900761+00:00
K8vZ9171zxV,Gorillaz,https://www.ticketmaster.com/gorillaz-tickets/artist/807314,KZFzniwnSyZfZ7v7nJ,Music,KnvZfZ7vAeA,Rock,KZazBEonSMnZfZ7v6dt,Alternative Rock,35,https://s1.ticketm.net/dam/a/88b/ce224ebd-7acf-4b04-8f04-0038dddc988b_RECOMENDATION_16_9.jpg,2026-09-17T20:02:19.435167+00:00,2026-09-20T22:44:02.205267+00:00
K8vZ917um57,Grace Potter,https://www.ticketmaster.com/grace-potter-tickets/artist/1127233,KZFzniwnSyZfZ7v7nJ,Music,KnvZfZ7vAeA,Rock,KZazBEonSMnZfZ7v6F1,Pop,11,https://s1.ticketm.net/dam/a/223/fb14a9e0-e0a3-4924-8124-2626c26fd223_SOURCE,2026-09-17T20:02:19.435167+00:00,2026-09-20T22:44:02.205267+00:00
K8vZ917_vc7,Gracie Abrams,https://www.ticketmaster.com/gracie-abrams-tickets/artist/2763148,KZFzniwnSyZfZ7v7nJ,Music,KnvZfZ7vAev,Pop,KZazBEonSMnZfZ7vk1t,Pop,74,https://s1.ticketm.net/dam/a/fff/f6d140e3-86db-4e6a-9df3-f5addcd45fff_ARTIST_PAGE_3_2.jpg,2026-09-17T20:02:23.393825+00:00,2026-09-20T22:44:04.466759+00:00
K8vZ917QbE7,Gravedancer,https://www.ticketmaster.com/gravedancer-tickets/artist/2881963,KZFzniwnSyZfZ7v7nJ,Music,KnvZfZ7vAva,Folk,KZazBEonSMnZfZ7vAn7,Folk,3,https://s1.ticketm.net/dam/a/138/ad770ca0-84bf-441a-af19-72a29b43f138_1666401_RECOMENDATION_16_9.jpg,2026-09-17T20:02:17.499935+00:00,2026-09-20T22:44:00.359625+00:00
K8vZ9179qk0,Gravedgr,https://www.ticketmaster.com/gravedgr-tickets/artist/2550027,KZFzniwnSyZfZ7v7nJ,Music,KnvZfZ7vAvF,Dance/Electronic,KZazBEonSMnZfZ7vA1E,Dance/Electronic,1,https://s1.ticketm.net/dam/a/906/a274ee17-05f7-46a6-b4be-71ce7dba7906_TABLET_LANDSCAPE_LARGE_16_9.jpg,2026-09-17T20:02:18.739078+00:00,2026-09-20T22:44:01.382965+00:00
K8vZ917G78V,Great Lake Swimmers,https://www.ticketmaster.com/great-lake-swimmers-tickets/artist/1094450,KZFzniwnSyZfZ7v7nJ,Music,KnvZfZ7vAeA,Rock,KZazBEonSMnZfZ7v6dt,Alternative Rock,11,https://s1.ticketm.net/dam/a/c9d/e1157e22-fc63-4a9f-8a06-f6b3889cdc9d_TABLET_LANDSCAPE_LARGE_16_9.jpg,2026-09-17T20:02:20.370215+00:00,2026-09-20T22:44:03.417698+00:00
K8vZ917hx_V,Greg Freeman,https://www.ticketmaster.com/greg-freeman-tickets/artist/3040017,KZFzniwnSyZfZ7v7nJ,Music,KnvZfZ7vAeA,Rock,KZazBEonSMnZfZ7v6F1,Pop,11,https://s1.ticketm.net/dam/a/935/7940251a-6538-444a-8334-d9ab737c7935_RECOMENDATION_16_9.jpg,2026-09-17T20:02:19.682284+00:00,2026-09-20T22:44:02.588228+00:00
K8vZ917peVf,Greyhaven,https://www.ticketmaster.com/greyhaven-tickets/artist/2378031,KZFzniwnSyZfZ7v7nJ,Music,KnvZfZ7vAvt,Metal,KZazBEonSMnZfZ7vkFd,Heavy Metal,26,https://s1.ticketm.net/dam/a/96f/6fd578c2-7031-4600-9b2c-9c4bddffd96f_CUSTOM.jpg,2026-09-17T20:02:20.370215+00:00,2026-09-20T22:44:03.417698+00:00
K8vZ9175dFV,Greyhounds,https://www.ticketmaster.com/greyhounds-tickets/artist/16035,KZFzniwnSyZfZ7v7nJ,Music,KnvZfZ7vAeA,Rock,KZazBEonSMnZfZ7v6dt,Alternative Rock,1,https://s1.ticketm.net/dam/a/9a1/fdae6eb2-29f0-4e84-b2b9-5911dacdb9a1_EVENT_DETAIL_PAGE_16_9.jpg,2026-09-17T20:02:17.499935+00:00,2026-09-20T22:44:00.359625+00:00
K8vZ9172xrV,Greylan James,https://www.ticketmaster.com/greylan-james-tickets/artist/1704108,KZFzniwnSyZfZ7v7nJ,Music,KnvZfZ7vAv6,Country,KZazBEonSMnZfZ7vAFI,Bluegrass,17,https://s1.ticketm.net/dam/a/7e4/a5398ba8-a825-4515-922d-c74011c5a7e4_RETINA_PORTRAIT_16_9.jpg,2026-09-17T20:02:25.310831+00:00,2026-09-20T22:44:06.585672+00:00
K8vZ917uYv7,Grupo Duelo,https://www.ticketmaster.com/grupo-duelo-tickets/artist/1115869,KZFzniwnSyZfZ7v7nJ,Music,KnvZfZ7vAeF,World,KZazBEonSMnZfZ7vFdJ,Latin,14,https://s1.ticketm.net/dam/a/ec7/5f9360ee-d0d4-4440-974e-ae819a262ec7_TABLET_LANDSCAPE_16_9.jpg,2026-09-17T20:02:20.370215+00:00,2026-09-20T22:44:03.417698+00:00
K8vZ9175n_V,Gym Class Heroes,https://www.ticketmaster.com/gym-class-heroes-tickets/artist/945834,KZFzniwnSyZfZ7v7nJ,Music,KnvZfZ7vAeA,Rock,KZazBEonSMnZfZ7v6dt,Alternative Rock,15,https://s1.ticketm.net/dam/a/ac2/4ab6dfc0-d451-49d2-a691-acd158f2cac2_RETINA_PORTRAIT_3_2.jpg,2026-09-17T20:02:17.499935+00:00,2026-09-17T22:38:16.765581+00:00
K8vZ917-qU7,HEAD SLUG,https://www.ticketmaster.com/head-slug-tickets/artist/4650421,KZFzniwnSyZfZ7v7nJ,Music,KnvZfZ7vAvv,Alternative,KZazBEonSMnZfZ7vAel,Grunge,1,https://s1.ticketm.net/dam/c/797/5e693c26-2881-4776-8f0c-3aa94bfa3797_106511_RETINA_PORTRAIT_16_9.jpg,2026-09-17T20:02:20.370215+00:00,2026-09-20T22:44:03.417698+00:00
K8vZ917Kh37,Habstrakt,https://www.ticketmaster.com/habstrakt-tickets/artist/2117363,KZFzniwnSyZfZ7v7nJ,Music,KnvZfZ7vAvF,Dance/Electronic,KZazBEonSMnZfZ7vAJ1,Club Dance,9,https://s1.ticketm.net/dam/a/e80/3fd70545-1aa9-4acf-a3b3-74f1c1974e80_TABLET_LANDSCAPE_3_2.jpg,2026-09-17T20:02:20.773471+00:00,2026-09-20T22:44:03.900761+00:00
K8vZ917h9D0,Haggus,https://www.ticketmaster.com/haggus-tickets/artist/3010285,KZFzniwnSyZfZ7v7nJ,Music,KnvZfZ7vAvt,Metal,KZazBEonSMnZfZ7vkFd,Heavy Metal,3,https://s1.ticketm.net/dam/a/dc8/264d257a-eef9-4c8e-a9f1-1904e09cbdc8_RECOMENDATION_16_9.jpg,2026-09-17T20:02:23.393825+00:00,2026-09-20T22:44:04.466759+00:00
K8vZ91783f7,Hail the Sun,https://www.ticketmaster.com/hail-the-sun-tickets/artist/1777787,KZFzniwnSyZfZ7v7nJ,Music,KnvZfZ7vAeA,Rock,KZazBEonSMnZfZ7v6F1,Pop,19,https://s1.ticketm.net/dam/a/2d9/96b2eb70-b495-49a2-b04a-b33efb1942d9_RETINA_PORTRAIT_3_2.jpg,2026-09-17T20:02:17.499935+00:00,2026-09-20T22:44:00.359625+00:00
K8vZpZAAlEvk,Hamilton,https://www.ticketmaster.com/hamilton-tickets/artist/4561193,KZFzniwnSyZfZ7v7nJ,Music,KnvZfZ7vAeF,World,KZazBEonSMnZfZ7v6Ek,Afro-Beat,4,https://s1.ticketm.net/dam/a/509/4baac0ed-e0ec-40b9-ac87-bf8603ffc509_RETINA_PORTRAIT_3_2.jpg,2026-09-17T20:02:18.739078+00:00,2026-09-20T22:44:01.382965+00:00
K8vZ91744L7,Hammerfall,https://www.ticketmaster.com/hammerfall-tickets/artist/966160,KZFzniwnSyZfZ7v7nJ,Music,KnvZfZ7vAvt,Metal,KZazBEonSMnZfZ7vkFd,Heavy Metal,13,https://s1.ticketm.net/dam/a/a11/07536dd3-8568-40c2-b25a-312c0917fa11_939791_TABLET_LANDSCAPE_16_9.jpg,2026-09-17T20:02:17.975980+00:00,2026-09-20T22:44:00.359625+00:00
K8vZ917_Uvf,Hans Williams,https://www.ticketmaster.com/hans-williams-tickets/artist/2839368,KZFzniwnSyZfZ7v7nJ,Music,KnvZfZ7vAeA,Rock,KZazBEonSMnZfZ7v6F1,Pop,7,https://s1.ticketm.net/dam/a/d03/5e1b67b9-cb88-40e3-8d71-068f9ca01d03_ARTIST_PAGE_3_2.jpg,2026-09-17T20:02:18.739078+00:00,2026-09-20T22:44:01.382965+00:00
K8vZ917ubK0,Hans Zimmer,https://www.ticketmaster.com/hans-zimmer-tickets/artist/1508961,KZFzniwnSyZfZ7v7nJ,Music,KnvZfZ7vAeJ,Classical,KZazBEonSMnZfZ7vF1A,Classical/Vocal,37,https://s1.ticketm.net/dam/a/092/4c0544e9-817e-4513-8d78-9f6399846092_EVENT_DETAIL_PAGE_16_9.jpg,2026-09-17T20:02:24.295861+00:00,2026-09-20T22:44:05.336677+00:00
K8vZ91745r7,Harry Potter Concert Series,https://www.ticketmaster.com/harry-potter-concert-series-tickets/artist/2271881,KZFzniwnSyZfZ7v7nJ,Music,KnvZfZ7vAvl,Other,KZazBEonSMnZfZ7vk1I,Other,6,https://s1.ticketm.net/dam/a/28a/0e92c0d2-c872-474c-a54a-8e1a14bcb28a_930541_TABLET_LANDSCAPE_3_2.jpg,2026-09-17T20:02:23.657248+00:00,2026-09-20T22:44:04.817229+00:00
K8vZ917uvZ7,Havok,https://www.ticketmaster.com/havok-tickets/artist/1490559,KZFzniwnSyZfZ7v7nJ,Music,KnvZfZ7vAvt,Metal,KZazBEonSMnZfZ7vkFd,Heavy Metal,13,https://s1.ticketm.net/dam/a/c0c/536e58d3-3c35-486b-8ea2-ff0e6cd5ac0c_ARTIST_PAGE_3_2.jpg,2026-09-17T20:02:20.773471+00:00,2026-09-20T22:44:03.900761+00:00
K8vZ917OPfV,Heal The Hurt,https://www.ticketmaster.com/heal-the-hurt-tickets/artist/4503229,KZFzniwnSyZfZ7v7nJ,Music,KnvZfZ7vAvt,Metal,KZazBEonSMnZfZ7vaJk,Metalcore,5,https://s1.ticketm.net/dam/a/00a/c9a751a8-1f81-473e-930c-40edb3f9500a_TABLET_LANDSCAPE_3_2.jpg,2026-09-17T20:02:24.038892+00:00,2026-09-20T22:44:05.080653+00:00
K8vZ917Cduf,Heathen,https://www.ticketmaster.com/heathen-tickets/artist/1337561,KZFzniwnSyZfZ7v7nJ,Music,KnvZfZ7vAeA,Rock,KZazBEonSMnZfZ7v6dt,Alternative Rock,13,https://s1.ticketm.net/dam/c/fbc/b293c0ad-c904-4215-bc59-8d7f2414dfbc_106141_RETINA_PORTRAIT_3_2.jpg,2026-09-17T20:02:19.435167+00:00,2026-09-20T22:44:02.205267+00:00
K8vZ917oCy7,Heavensgate,https://www.ticketmaster.com/heavensgate-tickets/artist/1869893,KZFzniwnSyZfZ7v7nJ,Music,KnvZfZ7vAeA,Rock,KZazBEonSMnZfZ7v6dt,Alternative Rock,7,https://s1.ticketm.net/dam/c/fbc/b293c0ad-c904-4215-bc59-8d7f2414dfbc_106141_RETINA_LANDSCAPE_16_9.jpg,2026-09-17T20:02:17.975980+00:00,2026-09-20T22:44:00.359625+00:00
K8vZ917j-p0,Heavy//Hitter,https://www.ticketmaster.com/heavyhitter-tickets/artist/3128839,KZFzniwnSyZfZ7v7nJ,Music,KnvZfZ7vAvt,Metal,KZazBEonSMnZfZ7vkFd,Heavy Metal,7,https://s1.ticketm.net/dam/c/e7c/86478562-7218-4e8f-b9d4-8080fe168e7c_105581_TABLET_LANDSCAPE_16_9.jpg,2026-09-17T20:02:20.773471+00:00,2026-09-20T22:44:03.900761+00:00
K8vZ917u000,Helado Negro,https://www.ticketmaster.com/helado-negro-tickets/artist/1522035,KZFzniwnSyZfZ7v7nJ,Music,KnvZfZ7vAeF,World,KZazBEonSMnZfZ7vFdJ,Latin,10,https://s1.ticketm.net/dam/a/8d2/bd2a1937-e756-417e-9a6b-34810b8d28d2_CUSTOM.jpg,2026-09-17T20:02:20.370215+00:00,2026-09-20T22:44:03.417698+00:00
Z7r9jZ177I38,Hellripper,,KZFzniwnSyZfZ7v7nl,Undefined,,,,,2,https://s1.ticketm.net/dam/c/8cf/a6653880-7899-4f67-8067-1f95f4d158cf_124761_TABLET_LANDSCAPE_16_9.jpg,2026-09-17T20:02:20.773471+00:00,2026-09-20T22:44:03.900761+00:00
K8vZ917jq00,Helsloot,https://www.ticketmaster.com/helsloot-tickets/artist/3118678,KZFzniwnSyZfZ7v7nJ,Music,KnvZfZ7vAvF,Dance/Electronic,KZazBEonSMnZfZ7vAt1,Techno,13,https://s1.ticketm.net/dam/a/a9d/a19e4ab7-20cc-49af-bd44-43ea5c336a9d_CUSTOM.jpg,2026-09-17T20:02:18.739078+00:00,2026-09-20T22:44:01.382965+00:00
Z7r9jZa3Qg,HerShe,,KZFzniwnSyZfZ7v7nl,Undefined,,,,,1,https://s1.ticketm.net/dam/c/f51/ee785ed6-f806-4195-98f4-69f67e09df51_106201_RETINA_PORTRAIT_3_2.jpg,2026-09-17T20:02:23.393825+00:00,2026-09-20T22:44:04.466759+00:00
K8vZ917Q430,Hermanos Gutiérrez,https://www.ticketmaster.com/hermanos-gutierrez-tickets/artist/2871936,KZFzniwnSyZfZ7v7nJ,Music,KnvZfZ7vAJ6,Latin,KZazBEonSMnZfZ7va1a,Latin,17,https://s1.ticketm.net/dam/a/13b/057b8e8a-da93-4063-81cf-5e93cea7713b_SOURCE,2026-09-17T20:02:18.739078+00:00,2026-09-20T22:44:01.382965+00:00
K8vZ917QRNV,"Hey, Nothing",https://www.ticketmaster.com/hey-nothing-tickets/artist/2935156,KZFzniwnSyZfZ7v7nJ,Music,KnvZfZ7vAvv,Alternative,KZazBEonSMnZfZ7vAvn,Alternative Rock,25,https://s1.ticketm.net/dam/a/7ae/7e905deb-b3b8-4c97-90c9-89a6b96437ae_CUSTOM.jpg,2026-09-17T20:02:18.739078+00:00,2026-09-20T22:44:01.382965+00:00
K8vZ917_UO7,Heyz,https://www.ticketmaster.com/heyz-tickets/artist/2842869,KZFzniwnSyZfZ7v7nJ,Music,KnvZfZ7vAvF,Dance/Electronic,KZazBEonSMnZfZ7vA1E,Dance/Electronic,3,https://s1.ticketm.net/dam/c/df8/81eadad8-4449-412e-a2b1-3d8bbb78edf8_106181_TABLET_LANDSCAPE_3_2.jpg,2026-09-17T20:02:24.295861+00:00,2026-09-20T22:44:05.336677+00:00
K8vZ917Qs00,High Vis,https://www.ticketmaster.com/high-vis-tickets/artist/2937943,KZFzniwnSyZfZ7v7nJ,Music,KnvZfZ7vAvv,Alternative,KZazBEonSMnZfZ7vA7v,Post-Punk,16,https://s1.ticketm.net/dam/a/026/d75ce58b-5dcb-46e2-82f1-238479a1d026_RECOMENDATION_16_9.jpg,2026-09-17T20:02:20.370215+00:00,2026-09-20T22:44:03.417698+00:00
K8vZ91728E7,Highly Suspect,https://www.ticketmaster.com/highly-suspect-tickets/artist/1671185,KZFzniwnSyZfZ7v7nJ,Music,KnvZfZ7vAeA,Rock,KZazBEonSMnZfZ7v6F1,Pop,18,https://s1.ticketm.net/dam/a/9b8/157be49e-d703-44b6-a848-8fe6fc1d59b8_CUSTOM.jpg,2026-09-17T20:02:18.739078+00:00,2026-09-20T22:44:01.382965+00:00
K8vZpZA6IIvk,Hipxgawd,https://www.ticketmaster.com/hipxgawd-tickets/artist/4639691,KZFzniwnSyZfZ7v7nJ,Music,KnvZfZ7vAeF,World,KZazBEonSMnZfZ7v6Ek,Afro-Beat,1,https://s1.ticketm.net/dam/c/548/5fefbd1c-973b-4b0e-9b2e-d78e4ce37548_106111_RETINA_LANDSCAPE_16_9.jpg,2026-09-17T20:02:20.773471+00:00,2026-09-20T22:44:03.900761+00:00
K8vZ91736kf,Hiss Golden Messenger,https://www.ticketmaster.com/hiss-golden-messenger-tickets/artist/1875439,KZFzniwnSyZfZ7v7nJ,Music,KnvZfZ7vAv6,Country,KZazBEonSMnZfZ7vAFa,Country,20,https://s1.ticketm.net/dam/a/e3d/845a1838-7f52-425a-84de-f7e426dfae3d_RETINA_LANDSCAPE_16_9.jpg,2026-09-17T20:02:17.499935+00:00,2026-09-20T22:44:00.359625+00:00
K8vZ9173LyV,Ho99o9,https://www.ticketmaster.com/ho99o9-tickets/artist/1996876,KZFzniwnSyZfZ7v7nJ,Music,KnvZfZ7vAv1,Hip-Hop/Rap,KZazBEonSMnZfZ7vkdA,Urban,15,https://s1.ticketm.net/dam/a/7ef/d3db8043-8556-493b-b5a4-5d584f14c7ef_ARTIST_PAGE_3_2.jpg,2026-09-17T20:02:20.370215+00:00,2026-09-20T22:44:03.417698+00:00
K8vZ917hOzV,Hoang,https://www.ticketmaster.com/hoang-tickets/artist/3036299,KZFzniwnSyZfZ7v7nJ,Music,KnvZfZ7vAvF,Dance/Electronic,KZazBEonSMnZfZ7vA1E,Dance/Electronic,5,https://s1.ticketm.net/dam/a/c90/7a9e0b78-ac25-4275-82b3-5aac1db52c90_RECOMENDATION_16_9.jpg,2026-09-17T20:02:19.435167+00:00,2026-09-20T22:44:02.205267+00:00
K8vZ9174S6f,Holding Absence,https://www.ticketmaster.com/holding-absence-tickets/artist/2338130,KZFzniwnSyZfZ7v7nJ,Music,KnvZfZ7vAeA,Rock,KZazBEonSMnZfZ7v6F1,Pop,17,https://s1.ticketm.net/dam/a/62b/634b31db-8d6c-4d51-86ef-30917933b62b_EVENT_DETAIL_PAGE_16_9.jpg,2026-09-17T20:02:17.499935+00:00,2026-09-20T22:44:00.359625+00:00
Z7r9jZaokR,Holding Absence,,KZFzniwnSyZfZ7v7nJ,Music,KnvZfZ7vAvl,Other,KZazBEonSMnZfZ7vk1I,Other,19,https://s1.ticketm.net/dam/c/060/c5c08e7a-9912-456c-a060-2758be94e060_105881_RETINA_LANDSCAPE_16_9.jpg,2026-09-17T20:02:17.499935+00:00,2026-09-20T22:44:00.359625+00:00
Z7r9jZaFm0,Holiday Brass,,KZFzniwnSyZfZ7v7nJ,Music,KnvZfZ7vAeJ,Classical,KZazBEonSMnZfZ7vF1A,Classical/Vocal,1,https://s1.ticketm.net/dam/c/518/83a05c63-479c-4f7e-a7aa-1932aab77518_105461_RECOMENDATION_16_9.jpg,2026-09-17T20:02:23.393825+00:00,2026-09-20T22:44:04.466759+00:00
K8vZ917GCPf,Hollywood Undead,https://www.ticketmaster.com/hollywood-undead-tickets/artist/1244694,KZFzniwnSyZfZ7v7nJ,Music,KnvZfZ7vAeA,Rock,KZazBEonSMnZfZ7v6dt,Alternative Rock,27,https://s1.ticketm.net/dam/a/030/ce3edc4f-2d4d-4c6c-bf48-22618507b030_SOURCE,2026-09-17T20:02:19.435167+00:00,2026-09-20T22:44:02.205267+00:00
K8vZ917qxef,Holy Priest,https://www.ticketmaster.com/holy-priest-tickets/artist/3366269,KZFzniwnSyZfZ7v7nJ,Music,KnvZfZ7vAvF,Dance/Electronic,KZazBEonSMnZfZ7vA1E,Dance/Electronic,5,https://s1.ticketm.net/dam/a/bc2/75e9ccfd-717f-4e62-afb9-6529a8d01bc2_RETINA_LANDSCAPE_16_9.jpg,2026-09-17T20:02:18.739078+00:00,2026-09-20T22:44:01.382965+00:00
K8vZ9178QEf,Home Free,https://www.ticketmaster.com/home-free-tickets/artist/1791908,KZFzniwnSyZfZ7v7nJ,Music,KnvZfZ7vAv6,Country,KZazBEonSMnZfZ7vAFa,Country,21,https://s1.ticketm.net/dam/a/978/ca0162b5-8228-4b8a-b358-5972521ad978_RETINA_PORTRAIT_16_9.jpg,2026-09-17T20:02:23.393825+00:00,2026-09-20T22:44:04.466759+00:00
K8vZ917r-Z7,Horse Vision,https://www.ticketmaster.com/horse-vision-tickets/artist/3876864,KZFzniwnSyZfZ7v7nJ,Music,KnvZfZ7vAev,Pop,KZazBEonSMnZfZ7vkEl,Pop Rock,7,https://s1.ticketm.net/dam/c/4f2/0109888a-61b5-4525-8432-b026ef04f4f2_105631_EVENT_DETAIL_PAGE_16_9.jpg,2026-09-17T20:02:17.499935+00:00,2026-09-20T22:44:00.359625+00:00
K8vZ9171hyf,Hot Water Music,https://www.ticketmaster.com/hot-water-music-tickets/artist/779735,KZFzniwnSyZfZ7v7nJ,Music,KnvZfZ7vAeA,Rock,KZazBEonSMnZfZ7v6dt,Alternative Rock,34,https://s1.ticketm.net/dam/a/763/28af6a30-525f-4f99-97bd-013a4f339763_CUSTOM.jpg,2026-09-17T20:02:17.975980+00:00,2026-09-20T22:44:00.359625+00:00
K8vZ9178MC7,Houndmouth,https://www.ticketmaster.com/houndmouth-tickets/artist/1833066,KZFzniwnSyZfZ7v7nJ,Music,KnvZfZ7vAeA,Rock,KZazBEonSMnZfZ7v6dt,Alternative Rock,18,https://s1.ticketm.net/dam/a/ddd/06b4a38a-f999-477f-88a4-5d2f9f220ddd_TABLET_LANDSCAPE_LARGE_16_9.jpg,2026-09-17T20:02:20.370215+00:00,2026-09-20T22:44:03.417698+00:00
K8vZ917j0B7,House & Home,https://www.ticketmaster.com/house-home-tickets/artist/3129947,KZFzniwnSyZfZ7v7nJ,Music,KnvZfZ7vAeA,Rock,KZazBEonSMnZfZ7v6dt,Alternative Rock,6,https://s1.ticketm.net/dam/a/a0a/3605c9b7-0081-4c8f-87e0-7cbbca720a0a_RETINA_PORTRAIT_3_2.jpg,2026-09-17T20:02:17.499935+00:00,2026-09-20T22:44:00.359625+00:00
Z7r9jZabv1,House & Home,,KZFzniwnSyZfZ7v7nl,Undefined,,,,,4,https://s1.ticketm.net/dam/c/f51/ee785ed6-f806-4195-98f4-69f67e09df51_106201_RETINA_PORTRAIT_3_2.jpg,2026-09-17T20:02:17.499935+00:00,2026-09-20T22:44:00.359625+00:00
K8vZ917-apf,Houston Kendrick,https://www.ticketmaster.com/houston-kendrick-tickets/artist/4592529,KZFzniwnSyZfZ7v7nJ,Music,KnvZfZ7vAee,R&B,KZazBEonSMnZfZ7vkIt,R&B,1,https://s1.ticketm.net/dam/a/8f5/515d6af9-75ac-4d3e-afe5-8ecc2c6ad8f5_TABLET_LANDSCAPE_LARGE_16_9.jpg,2026-09-17T20:02:20.370215+00:00,2026-09-20T22:44:03.417698+00:00
K8vZ917bZg0,Hugel,https://www.ticketmaster.com/hugel-tickets/artist/2625348,KZFzniwnSyZfZ7v7nJ,Music,KnvZfZ7vAvF,Dance/Electronic,KZazBEonSMnZfZ7vA1E,Dance/Electronic,8,https://s1.ticketm.net/dam/a/1ca/eec3fc1e-1790-465a-addb-6ba5e857f1ca_ARTIST_PAGE_3_2.jpg,2026-09-17T20:02:18.739078+00:00,2026-09-20T22:44:01.382965+00:00
K8vZ917CoJ7,Hunter Hayes,https://www.ticketmaster.com/hunter-hayes-tickets/artist/1577176,KZFzniwnSyZfZ7v7nJ,Music,KnvZfZ7vAv6,Country,KZazBEonSMnZfZ7vAFa,Country,5,https://s1.ticketm.net/dam/a/470/467b1c06-8b8a-4f90-8f01-c6fb28d9f470_CUSTOM.jpg,2026-09-17T20:02:18.739078+00:00,2026-09-20T22:44:01.382965+00:00
K8vZ917qyAf,Hurricane Wisdom,https://www.ticketmaster.com/hurricane-wisdom-tickets/artist/3508559,KZFzniwnSyZfZ7v7nJ,Music,KnvZfZ7vAv1,Hip-Hop/Rap,KZazBEonSMnZfZ7vkvl,Hip-Hop/Rap,9,https://s1.ticketm.net/dam/a/1ff/34a2c269-9810-4091-8de1-51391d3ae1ff_EVENT_DETAIL_PAGE_16_9.jpg,2026-09-17T20:02:20.370215+00:00,2026-09-20T22:44:03.417698+00:00
K8vZ917K5Nf,I Prevail,https://www.ticketmaster.com/i-prevail-tickets/artist/2084435,KZFzniwnSyZfZ7v7nJ,Music,KnvZfZ7vAvt,Metal,KZazBEonSMnZfZ7vaJk,Metalcore,31,https://s1.ticketm.net/dam/a/089/c9a88d4f-7216-4c9d-8c72-91b7dda50089_TABLET_LANDSCAPE_LARGE_16_9.jpg,2026-09-17T20:02:20.370215+00:00,2026-09-20T22:44:03.417698+00:00
K8vZ917r5SV,I Promised The World,https://www.ticketmaster.com/i-promised-the-world-tickets/artist/3698074,KZFzniwnSyZfZ7v7nJ,Music,KnvZfZ7vAvt,Metal,KZazBEonSMnZfZ7vk6E,Metal,14,https://s1.ticketm.net/dam/a/9ae/8a0c7a54-ca00-4bbf-b954-a27f9d80e9ae_EVENT_DETAIL_PAGE_16_9.jpg,2026-09-17T20:02:20.370215+00:00,2026-09-20T22:44:03.417698+00:00
K8vZ917GDzV,I See Stars,https://www.ticketmaster.com/i-see-stars-tickets/artist/1353510,KZFzniwnSyZfZ7v7nJ,Music,KnvZfZ7vAeA,Rock,KZazBEonSMnZfZ7v6dt,Alternative Rock,26,https://s1.ticketm.net/dam/a/e29/373dd788-e32a-41ca-aad5-155c0b309e29_TABLET_LANDSCAPE_3_2.jpg,2026-09-17T20:02:19.435167+00:00,2026-09-20T22:44:02.205267+00:00
K8vZ917jRz0,INOHA,https://www.ticketmaster.com/inoha-tickets/artist/3154181,KZFzniwnSyZfZ7v7nJ,Music,KnvZfZ7vAvv,Alternative,KZazBEonSMnZfZ7vAde,Indie Rock,25,https://s1.ticketm.net/dam/a/12e/91d49652-1dd3-404c-b178-94e9b700b12e_CUSTOM.jpg,2026-09-17T20:02:20.370215+00:00,2026-09-20T22:44:03.417698+00:00
K8vZ917_fp7,Ian Munsick,https://www.ticketmaster.com/ian-munsick-tickets/artist/2778076,KZFzniwnSyZfZ7v7nJ,Music,KnvZfZ7vAv6,Country,KZazBEonSMnZfZ7vAFa,Country,5,https://s1.ticketm.net/dam/a/98c/970082db-8334-42e0-aa4a-2241ae05f98c_TABLET_LANDSCAPE_LARGE_16_9.jpg,2026-09-17T20:02:17.499935+00:00,2026-09-20T22:44:00.359625+00:00
K8vZ917CyR7,Icon for Hire,https://www.ticketmaster.com/icon-for-hire-tickets/artist/1636142,KZFzniwnSyZfZ7v7nJ,Music,KnvZfZ7vAeA,Rock,KZazBEonSMnZfZ7v6dt,Alternative Rock,20,https://s1.ticketm.net/dam/a/fb9/52fca4c8-7ddd-4e92-a636-2e86c91b3fb9_EVENT_DETAIL_PAGE_16_9.jpg,2026-09-17T20:02:19.435167+00:00,2026-09-20T22:44:02.588228+00:00
K8vZ917pZ90,Igorrr,https://www.ticketmaster.com/igorrr-tickets/artist/2374569,KZFzniwnSyZfZ7v7nJ,Music,KnvZfZ7vAvF,Dance/Electronic,KZazBEonSMnZfZ7vAI1,Intelligent Dance Music,26,https://s1.ticketm.net/dam/a/a4e/85825df5-5b8d-4243-8e1c-97f1e2fd2a4e_RECOMENDATION_16_9.jpg,2026-09-17T20:02:17.499935+00:00,2026-09-20T22:44:00.359625+00:00
K8vZ917pamf,Ilana Glazer,https://www.ticketmaster.com/ilana-glazer-tickets/artist/2394297,KZFzniwnSyZfZ7v7na,Arts & Theatre,KnvZfZ7vAe1,Comedy,KZazBEonSMnZfZ7vF17,Comedy,16,https://s1.ticketm.net/dam/a/f77/86ff3f6c-5a81-4c89-a149-0da887652f77_EVENT_DETAIL_PAGE_16_9.jpg,2026-09-17T20:02:18.739078+00:00,2026-09-20T22:44:01.382965+00:00
K8vZ9179eGV,Imminence,https://www.ticketmaster.com/imminence-tickets/artist/2503057,KZFzniwnSyZfZ7v7nJ,Music,KnvZfZ7vAvt,Metal,KZazBEonSMnZfZ7vk6E,Metal,28,https://s1.ticketm.net/dam/a/516/cd386496-e3e1-4219-8dd3-4761d3e20516_ARTIST_PAGE_3_2.jpg,2026-09-17T20:02:23.393825+00:00,2026-09-20T22:44:04.466759+00:00
K8vZ9171n_V,In Flames,https://www.ticketmaster.com/in-flames-tickets/artist/781515,KZFzniwnSyZfZ7v7nJ,Music,KnvZfZ7vAvt,Metal,KZazBEonSMnZfZ7vkFd,Heavy Metal,40,https://s1.ticketm.net/dam/a/8f8/26cb202d-3153-48b8-a355-77f86c7b08f8_RETINA_LANDSCAPE_16_9.jpg,2026-09-17T20:02:23.393825+00:00,2026-09-20T22:44:04.466759+00:00
K8vZ9172KMV,In Her Own Words,https://www.ticketmaster.com/in-her-own-words-tickets/artist/1676045,KZFzniwnSyZfZ7v7nJ,Music,KnvZfZ7vAvt,Metal,KZazBEonSMnZfZ7vkFd,Heavy Metal,17,https://s1.ticketm.net/dam/a/0ea/c7be78d5-3ae5-4932-b1aa-fdcd9872f0ea_TABLET_LANDSCAPE_16_9.jpg,2026-09-17T20:02:18.739078+00:00,2026-09-20T22:44:01.382965+00:00
Z7r9jZauiE,In Her Own Words,,KZFzniwnSyZfZ7v7nJ,Music,KnvZfZ7vAvl,Other,KZazBEonSMnZfZ7vk1I,Other,18,https://s1.ticketm.net/dam/c/060/c5c08e7a-9912-456c-a060-2758be94e060_105881_RETINA_LANDSCAPE_16_9.jpg,2026-09-17T20:02:18.739078+00:00,2026-09-20T22:44:01.382965+00:00
K8vZ917GEo7,In This Moment,https://www.ticketmaster.com/in-this-moment-tickets/artist/1179520,KZFzniwnSyZfZ7v7nJ,Music,KnvZfZ7vAvt,Metal,KZazBEonSMnZfZ7vkFd,Heavy Metal,27,https://s1.ticketm.net/dam/a/7e4/76b897d1-2097-4ecb-b35c-b6f9734557e4_TABLET_LANDSCAPE_LARGE_16_9.jpg,2026-09-17T20:02:19.435167+00:00,2026-09-20T22:44:02.205267+00:00
K8vZ9172fFf,In the Company of Serpents,https://www.ticketmaster.com/in-the-company-of-serpents-tickets/artist/1676770,KZFzniwnSyZfZ7v7nJ,Music,KnvZfZ7vAvt,Metal,KZazBEonSMnZfZ7vkFd,Heavy Metal,6,https://s1.ticketm.net/dam/c/e7c/86478562-7218-4e8f-b9d4-8080fe168e7c_105581_TABLET_LANDSCAPE_16_9.jpg,2026-09-17T20:02:23.393825+00:00,2026-09-20T22:44:04.466759+00:00
Z7r9jZ177tkv,Indobeats,,KZFzniwnSyZfZ7v7nl,Undefined,,,,,1,https://s1.ticketm.net/dam/c/8cf/a6653880-7899-4f67-8067-1f95f4d158cf_124761_TABLET_LANDSCAPE_16_9.jpg,2026-09-17T20:02:20.773471+00:00,2026-09-20T22:44:03.900761+00:00
K8vZ91712Z0,Infinity,https://www.ticketmaster.com/infinity-tickets/artist/721010,KZFzniwnSyZfZ7v7nJ,Music,KnvZfZ7vAeA,Rock,KZazBEonSMnZfZ7v6F1,Pop,1,https://s1.ticketm.net/dam/c/fbc/b293c0ad-c904-4215-bc59-8d7f2414dfbc_106141_RETINA_LANDSCAPE_16_9.jpg,2026-09-17T20:02:19.435167+00:00,2026-09-20T22:44:02.205267+00:00
K8vZ917h730,Ingrown,https://www.ticketmaster.com/ingrown-tickets/artist/2968839,KZFzniwnSyZfZ7v7nJ,Music,KnvZfZ7vAvt,Metal,KZazBEonSMnZfZ7vkFa,Punk Metal,2,https://s1.ticketm.net/dam/a/a8b/8e6efbb8-88ff-48c0-8d14-0c30eb234a8b_RETINA_PORTRAIT_3_2.jpg,2026-09-17T20:02:18.739078+00:00,2026-09-20T22:44:01.382965+00:00
K8vZ917hL7V,Initiate,https://www.ticketmaster.com/initiate-tickets/artist/3031315,KZFzniwnSyZfZ7v7nJ,Music,KnvZfZ7vAeA,Rock,KZazBEonSMnZfZ7v66v,Hardcore Punk,26,https://s1.ticketm.net/dam/c/fbc/b293c0ad-c904-4215-bc59-8d7f2414dfbc_106141_EVENT_DETAIL_PAGE_16_9.jpg,2026-09-17T20:02:20.773471+00:00,2026-09-20T22:44:03.900761+00:00
K8vZ917QmlV,Instant Crush,https://www.ticketmaster.com/instant-crush-tickets/artist/2927991,KZFzniwnSyZfZ7v7nJ,Music,KnvZfZ7vAvv,Alternative,KZazBEonSMnZfZ7vAvJ,Alternative,6,https://s1.ticketm.net/dam/a/e55/1a5d498d-9ba0-4579-bc91-08d8648f3e55_1780141_ARTIST_PAGE_3_2.jpg,2026-09-17T20:02:17.975980+00:00,2026-09-20T22:44:00.359625+00:00
Z7r9jZaKmX,Instant Crush,,KZFzniwnSyZfZ7v7nl,Undefined,,,,,2,https://s1.ticketm.net/dam/c/f51/ee785ed6-f806-4195-98f4-69f67e09df51_106201_RETINA_PORTRAIT_3_2.jpg,2026-09-17T20:02:17.975980+00:00,2026-09-20T22:44:00.359625+00:00
K8vZ917ukb0,Intronaut,https://www.ticketmaster.com/intronaut-tickets/artist/1495055,KZFzniwnSyZfZ7v7nJ,Music,KnvZfZ7vAeA,Rock,KZazBEonSMnZfZ7v6F1,Pop,3,https://s1.ticketm.net/dam/c/fbc/b293c0ad-c904-4215-bc59-8d7f2414dfbc_106141_EVENT_DETAIL_PAGE_16_9.jpg,2026-09-17T20:02:23.393825+00:00,2026-09-20T22:44:04.466759+00:00
K8vZ9175Izf,Iron and Wine,https://www.ticketmaster.com/iron-and-wine-tickets/artist/876377,KZFzniwnSyZfZ7v7nJ,Music,KnvZfZ7vAeA,Rock,KZazBEonSMnZfZ7v6dt,Alternative Rock,12,https://s1.ticketm.net/dam/a/56a/f87fa906-f84d-4911-927d-e7cd163e056a_TABLET_LANDSCAPE_LARGE_16_9.jpg,2026-09-17T20:02:18.739078+00:00,2026-09-20T22:44:01.382965+00:00
K8vZ9179PU7,Isaac Slade,https://www.ticketmaster.com/isaac-slade-tickets/artist/2564727,KZFzniwnSyZfZ7v7nJ,Music,KnvZfZ7vAeA,Rock,KZazBEonSMnZfZ7v6F1,Pop,1,https://s1.ticketm.net/dam/a/990/41aa32eb-2fcd-42ab-86f3-e2ae298a9990_TABLET_LANDSCAPE_LARGE_16_9.jpg,2026-09-17T20:02:20.773471+00:00,2026-09-20T22:44:03.900761+00:00
K8vZ917hZR0,Isabel LaRosa,https://www.ticketmaster.com/isabel-larosa-tickets/artist/2960310,KZFzniwnSyZfZ7v7nJ,Music,KnvZfZ7vAev,Pop,KZazBEonSMnZfZ7vk1t,Pop,10,https://s1.ticketm.net/dam/a/30f/b7cf0b9d-6adb-4dfd-983e-da683831830f_EVENT_DETAIL_PAGE_16_9.jpg,2026-09-17T20:02:19.435167+00:00,2026-09-20T22:44:02.205267+00:00
K8vZ9172HJV,Isaiah Rashad,https://www.ticketmaster.com/isaiah-rashad-tickets/artist/1746895,KZFzniwnSyZfZ7v7nJ,Music,KnvZfZ7vAv1,Hip-Hop/Rap,KZazBEonSMnZfZ7vkvl,Hip-Hop/Rap,42,https://s1.ticketm.net/dam/a/2b3/d3c09135-2615-4cde-a37a-743ac37c42b3_SOURCE,2026-09-17T20:02:17.499935+00:00,2026-09-20T22:44:00.359625+00:00
K8vZ917ChXV,Itchy-O,https://www.ticketmaster.com/itchyo-tickets/artist/1592245,KZFzniwnSyZfZ7v7nJ,Music,KnvZfZ7vAe6,Undefined,KZazBEonSMnZfZ7v6JI,Undefined,3,https://s1.ticketm.net/dam/a/966/3e3488b1-c3dc-46bf-bd1d-9c3dd3652966_RETINA_PORTRAIT_16_9.jpg,2026-09-17T20:02:19.682284+00:00,2026-09-20T22:44:03.417698+00:00
K8vZ9174Ylf,Ivy Lab,https://www.ticketmaster.com/ivy-lab-tickets/artist/2333484,KZFzniwnSyZfZ7v7nJ,Music,KnvZfZ7vAvF,Dance/Electronic,KZazBEonSMnZfZ7vA1E,Dance/Electronic,2,https://s1.ticketm.net/dam/a/9bd/4d8b4e2f-4e2b-4578-8a71-1d1383e529bd_TABLET_LANDSCAPE_LARGE_16_9.jpg,2026-09-17T20:02:17.499935+00:00,2026-09-20T22:44:00.359625+00:00
K8vZ917h2P7,J & The Causeways,https://www.ticketmaster.com/j-the-causeways-tickets/artist/2992112,KZFzniwnSyZfZ7v7nJ,Music,KnvZfZ7vAeA,Rock,KZazBEonSMnZfZ7v6F1,Pop,1,https://s1.ticketm.net/dam/c/fbc/b293c0ad-c904-4215-bc59-8d7f2414dfbc_106141_EVENT_DETAIL_PAGE_16_9.jpg,2026-09-17T20:02:17.499935+00:00,2026-09-20T22:44:00.359625+00:00
K8vZ9174My0,J.I.D,https://www.ticketmaster.com/jid-tickets/artist/2351316,KZFzniwnSyZfZ7v7nJ,Music,KnvZfZ7vAv1,Hip-Hop/Rap,KZazBEonSMnZfZ7vkvl,Hip-Hop/Rap,1,https://s1.ticketm.net/dam/a/d5e/3153fb6e-9c03-424a-8be8-3f8e3860fd5e_EVENT_DETAIL_PAGE_16_9.jpg,2026-09-17T20:02:20.370215+00:00,2026-09-20T22:44:03.417698+00:00
ZFr9jZ1Fav,JGB,,KZFzniwnSyZfZ7v7nJ,Music,KnvZfZ7vAvl,Other,KZazBEonSMnZfZ7vk1I,Other,3,https://s1.ticketm.net/dam/c/060/c5c08e7a-9912-456c-a060-2758be94e060_105881_RETINA_LANDSCAPE_16_9.jpg,2026-09-17T20:02:19.435167+00:00,2026-09-20T22:44:02.205267+00:00
Z7r9jZaf94,JIVEBOMB,,KZFzniwnSyZfZ7v7nl,Undefined,,,,,4,https://s1.ticketm.net/dam/c/f51/ee785ed6-f806-4195-98f4-69f67e09df51_106201_RETINA_PORTRAIT_3_2.jpg,2026-09-17T20:02:17.499935+00:00,2026-09-20T22:44:00.359625+00:00
K8vZ9179dNV,JPEGMAFIA,https://www.ticketmaster.com/jpegmafia-tickets/artist/2505548,KZFzniwnSyZfZ7v7nJ,Music,KnvZfZ7vAv1,Hip-Hop/Rap,KZazBEonSMnZfZ7vkvl,Hip-Hop/Rap,28,https://s1.ticketm.net/dam/a/0ad/2715f828-d867-417d-a621-9226eeed80ad_RETINA_PORTRAIT_3_2.jpg,2026-09-17T20:02:18.739078+00:00,2026-09-20T22:44:01.382965+00:00
Z7r9jZau25,Jackson Dean,,KZFzniwnSyZfZ7v7nJ,Music,KnvZfZ7vAvl,Other,KZazBEonSMnZfZ7vk1I,Other,31,https://s1.ticketm.net/dam/c/060/c5c08e7a-9912-456c-a060-2758be94e060_105881_RETINA_LANDSCAPE_16_9.jpg,2026-09-17T20:02:19.435167+00:00,2026-09-20T22:44:02.205267+00:00
K8vZ9179Yef,Jackson Dean,https://www.ticketmaster.com/jackson-dean-tickets/artist/2583683,KZFzniwnSyZfZ7v7nJ,Music,KnvZfZ7vAv6,Country,KZazBEonSMnZfZ7vAFa,Country,30,https://s1.ticketm.net/dam/a/9c9/f05a7794-3949-4ba9-a60c-dce3c32ab9c9_TABLET_LANDSCAPE_LARGE_16_9.jpg,2026-09-17T20:02:19.435167+00:00,2026-09-20T22:44:02.205267+00:00
K8vZ917paW0,Jade Cicada,https://www.ticketmaster.com/jade-cicada-tickets/artist/2395337,KZFzniwnSyZfZ7v7nJ,Music,KnvZfZ7vAvF,Dance/Electronic,KZazBEonSMnZfZ7vA1E,Dance/Electronic,2,https://s1.ticketm.net/dam/a/724/20b68901-9c66-4a68-a95d-019d98e47724_CUSTOM.jpg,2026-09-17T20:02:19.435167+00:00,2026-09-20T22:44:02.205267+00:00
K8vZ917rYp0,Jade Street,https://www.ticketmaster.com/jade-street-tickets/artist/4019529,KZFzniwnSyZfZ7v7nJ,Music,KnvZfZ7vAvv,Alternative,KZazBEonSMnZfZ7vAvn,Alternative Rock,3,https://s1.ticketm.net/dam/a/350/6f2489a2-b8d5-45b0-9c4d-b75e0a125350_CUSTOM.jpg,2026-09-17T20:02:23.393825+00:00,2026-09-20T22:44:04.466759+00:00
K8vZ917KAS7,Jai Wolf,https://www.ticketmaster.com/jai-wolf-tickets/artist/2076142,KZFzniwnSyZfZ7v7nJ,Music,KnvZfZ7vAvF,Dance/Electronic,KZazBEonSMnZfZ7vAJ1,Club Dance,7,https://s1.ticketm.net/dam/a/549/721f7dd0-23f4-4dbd-9e41-03d1147fc549_RETINA_PORTRAIT_3_2.jpg,2026-09-17T20:02:23.393825+00:00,2026-09-20T22:44:04.466759+00:00
Z7r9jZ177Fpd,Jake Minch,,KZFzniwnSyZfZ7v7nl,Undefined,,,,,2,https://s1.ticketm.net/dam/c/f51/ee785ed6-f806-4195-98f4-69f67e09df51_106201_RETINA_PORTRAIT_3_2.jpg,2026-09-17T20:02:20.370215+00:00,2026-09-20T22:44:03.417698+00:00
K8vZ917peEV,Jalen Ngonda,https://www.ticketmaster.com/jalen-ngonda-tickets/artist/2378001,KZFzniwnSyZfZ7v7nJ,Music,KnvZfZ7vAee,R&B,KZazBEonSMnZfZ7vknE,Soul,21,https://s1.ticketm.net/dam/a/1a5/9a618879-f8dd-4f2b-ac69-6ef6982111a5_TABLET_LANDSCAPE_3_2.jpg,2026-09-17T20:02:20.773471+00:00,2026-09-20T22:44:03.900761+00:00
K8vZ917GBU7,Jamies Elsewhere,https://www.ticketmaster.com/jamies-elsewhere-tickets/artist/1485544,KZFzniwnSyZfZ7v7nJ,Music,KnvZfZ7vAeA,Rock,KZazBEonSMnZfZ7v6dt,Alternative Rock,1,https://s1.ticketm.net/dam/a/943/dde41cb4-36cc-423e-9cac-e617eb108943_RETINA_PORTRAIT_3_2.jpg,2026-09-17T20:02:23.393825+00:00,2026-09-20T22:44:04.466759+00:00
K8vZ917Qm5f,Jane Remover,https://www.ticketmaster.com/jane-remover-tickets/artist/2925828,KZFzniwnSyZfZ7v7nJ,Music,KnvZfZ7vAvv,Alternative,KZazBEonSMnZfZ7vAvJ,Alternative,14,https://s1.ticketm.net/dam/a/e1c/a4b656a9-3f89-4f7f-bb44-981173629e1c_TABLET_LANDSCAPE_16_9.jpg,2026-09-17T20:02:18.739078+00:00,2026-09-20T22:44:01.382965+00:00
K8vZ917QKG0,Jason Leech,https://www.ticketmaster.com/jason-leech-tickets/artist/2869456,KZFzniwnSyZfZ7v7nJ,Music,KnvZfZ7vAvF,Dance/Electronic,KZazBEonSMnZfZ7vA1E,Dance/Electronic,3,https://s1.ticketm.net/dam/a/a3e/f489d2b8-0948-4439-bff8-03fa79a81a3e_1636791_CUSTOM.jpg,2026-09-17T20:02:20.370215+00:00,2026-09-20T22:44:03.417698+00:00
K8vZ917faj7,Jason Ross,https://www.ticketmaster.com/jason-ross-tickets/artist/2184195,KZFzniwnSyZfZ7v7nJ,Music,KnvZfZ7vAvF,Dance/Electronic,KZazBEonSMnZfZ7vAtk,Progressive House,5,https://s1.ticketm.net/dam/a/b9a/e51cf560-484c-4cd0-b277-8f4d4c11cb9a_RETINA_PORTRAIT_16_9.jpg,2026-09-17T20:02:23.657248+00:00,2026-09-20T22:44:04.817229+00:00
K8vZ9179bUV,Jeff Goldblum,https://www.ticketmaster.com/jeff-goldblum-tickets/artist/2541002,KZFzniwnSyZfZ7v7nJ,Music,KnvZfZ7vAvE,Jazz,KZazBEonSMnZfZ7vkda,Jazz,3,https://s1.ticketm.net/dam/a/db5/b55cc722-c0f2-4ce2-8261-5b1a78db9db5_RECOMENDATION_16_9.jpg,2026-09-17T20:02:19.435167+00:00,2026-09-20T22:44:02.205267+00:00
K8vZ917rjYV,Jenna Davis,https://www.ticketmaster.com/jenna-davis-tickets/artist/3839579,KZFzniwnSyZfZ7v7nJ,Music,KnvZfZ7vAv6,Country,KZazBEonSMnZfZ7vAaA,Country Pop,6,https://s1.ticketm.net/dam/a/6ee/b82206ab-e11a-4bd6-9f13-f91d3ab2e6ee_EVENT_DETAIL_PAGE_16_9.jpg,2026-09-17T20:02:19.435167+00:00,2026-09-20T22:44:02.205267+00:00
K8vZ9175gsf,Jeremy Camp,https://www.ticketmaster.com/jeremy-camp-tickets/artist/1002318,KZFzniwnSyZfZ7v7nJ,Music,KnvZfZ7vAe7,Religious,KZazBEonSMnZfZ7v6ea,Gospel,51,https://s1.ticketm.net/dam/a/a80/70f5a217-4852-4b3d-920a-eeb58686ba80_RETINA_PORTRAIT_3_2.jpg,2026-09-17T20:02:20.370215+00:00,2026-09-20T22:44:03.417698+00:00
K8vZ917_qTV,Jeris Johnson,https://www.ticketmaster.com/jeris-johnson-tickets/artist/2807071,KZFzniwnSyZfZ7v7nJ,Music,KnvZfZ7vAeA,Rock,KZazBEonSMnZfZ7v6da,Rock,16,https://s1.ticketm.net/dam/a/cd8/6e3f3023-2371-4fe7-b3f5-1f8a66d5acd8_ARTIST_PAGE_3_2.jpg,2026-09-17T20:02:19.435167+00:00,2026-09-20T22:44:02.205267+00:00
K8vZ9171_n7,Jesse Cook,https://www.ticketmaster.com/jesse-cook-tickets/artist/777853,KZFzniwnSyZfZ7v7nJ,Music,KnvZfZ7vAev,Pop,KZazBEonSMnZfZ7vk1l,Adult Contemporary,19,https://s1.ticketm.net/dam/a/b24/ab3ddc19-f5e6-44a9-98e0-f65de194bb24_RECOMENDATION_16_9.jpg,2026-09-17T20:02:24.038892+00:00,2026-09-20T22:44:05.080653+00:00
K8vZ917Kom7,Jesse Roper,https://www.ticketmaster.com/jesse-roper-tickets/artist/2098858,KZFzniwnSyZfZ7v7nJ,Music,KnvZfZ7vAvd,Blues,KZazBEonSMnZfZ7vAAd,Blues,18,https://s1.ticketm.net/dam/a/376/32964952-841c-40d5-8686-a26428874376_RETINA_PORTRAIT_3_2.jpg,2026-09-17T20:02:18.739078+00:00,2026-09-20T22:44:01.382965+00:00
Z7r9jZaooE,Jessica Audiffred,,KZFzniwnSyZfZ7v7nJ,Music,KnvZfZ7vAvl,Other,KZazBEonSMnZfZ7vk1I,Other,4,https://s1.ticketm.net/dam/c/060/c5c08e7a-9912-456c-a060-2758be94e060_105881_RETINA_LANDSCAPE_16_9.jpg,2026-09-17T20:02:19.435167+00:00,2026-09-20T22:44:02.205267+00:00
K8vZ917r0yV,Jim E. Brown,https://www.ticketmaster.com/jim-e-brown-tickets/artist/3919859,KZFzniwnSyZfZ7v7nJ,Music,KnvZfZ7vAva,Folk,KZazBEonSMnZfZ7vAn7,Folk,2,https://s1.ticketm.net/dam/a/5e8/64068aa4-f24c-45e4-9946-ea455eb125e8_ARTIST_PAGE_3_2.jpg,2026-09-17T20:02:20.773471+00:00,2026-09-20T22:44:03.900761+00:00
K8vZ917bVAV,Joe Hisaishi,https://www.ticketmaster.com/joe-hisaishi-tickets/artist/2736658,KZFzniwnSyZfZ7v7na,Arts & Theatre,KnvZfZ7v7nJ,Classical,KZazBEonSMnZfZ7v7nI,Symphonic,9,https://s1.ticketm.net/dam/a/7d6/64fa98b6-3a1d-40d0-8990-ba4121cfa7d6_1510801_RECOMENDATION_16_9.jpg,2026-09-17T20:02:19.435167+00:00,2026-09-20T22:44:02.205267+00:00
K8vZ917KCe7,Joe Jordan,https://www.ticketmaster.com/joe-jordan-tickets/artist/2091600,KZFzniwnSyZfZ7v7nJ,Music,KnvZfZ7vAeA,Rock,KZazBEonSMnZfZ7v6dt,Alternative Rock,11,https://s1.ticketm.net/dam/a/280/abb4007f-fedd-414d-8b9c-8b85f8ea3280_RETINA_LANDSCAPE_16_9.jpg,2026-09-17T20:02:19.435167+00:00,2026-09-20T22:44:02.205267+00:00
K8vZ9175o2V,Joe Nichols,https://www.ticketmaster.com/joe-nichols-tickets/artist/847090,KZFzniwnSyZfZ7v7nJ,Music,KnvZfZ7vAv6,Country,KZazBEonSMnZfZ7vAFa,Country,5,https://s1.ticketm.net/dam/a/476/c6d8597e-d306-47e3-83b6-a70b46302476_RETINA_PORTRAIT_3_2.jpg,2026-09-17T20:02:20.370215+00:00,2026-09-20T22:44:03.417698+00:00
Z7r9jZ17790t,John Mailander's Forecast,,KZFzniwnSyZfZ7v7nl,Undefined,,,,,1,https://s1.ticketm.net/dam/c/f51/ee785ed6-f806-4195-98f4-69f67e09df51_106201_RETINA_PORTRAIT_3_2.jpg,2026-09-17T20:02:20.370215+00:00,2026-09-20T22:44:03.417698+00:00
K8vZ9171by7,John Scofield,https://www.ticketmaster.com/john-scofield-tickets/artist/737786,KZFzniwnSyZfZ7v7nJ,Music,KnvZfZ7vAvE,Jazz,KZazBEonSMnZfZ7vkda,Jazz,17,https://s1.ticketm.net/dam/a/767/cc0a9317-8525-46bd-8a33-89e8f9299767_SOURCE,2026-09-17T20:02:20.370215+00:00,2026-09-20T22:44:03.417698+00:00
K8vZ9178Eof,Johnny Blue Skies,https://www.ticketmaster.com/johnny-blue-skies-tickets/artist/1810482,KZFzniwnSyZfZ7v7nJ,Music,KnvZfZ7vAeA,Rock,KZazBEonSMnZfZ7v61J,Southern Rock,22,https://s1.ticketm.net/dam/a/2ef/d5c4f5ac-28a7-4d1e-8f5c-011555afc2ef_CUSTOM.jpg,2026-09-17T20:02:17.499935+00:00,2026-09-20T22:44:00.359625+00:00
Z7r9jZaopT,Johnny Cosmic,,KZFzniwnSyZfZ7v7nJ,Music,KnvZfZ7vAvl,Other,KZazBEonSMnZfZ7vk1I,Other,5,https://s1.ticketm.net/dam/c/060/c5c08e7a-9912-456c-a060-2758be94e060_105881_RETINA_LANDSCAPE_16_9.jpg,2026-09-17T20:02:24.038892+00:00,2026-09-20T22:44:05.080653+00:00
Z7r9jZa3fl,Johnny Suite,,KZFzniwnSyZfZ7v7nl,Undefined,,,,,3,https://s1.ticketm.net/dam/c/f51/ee785ed6-f806-4195-98f4-69f67e09df51_106201_RETINA_PORTRAIT_3_2.jpg,2026-09-17T20:02:19.435167+00:00,2026-09-20T22:44:02.205267+00:00
K8vZ917oqmf,Jon Batiste,https://www.ticketmaster.com/jon-batiste-tickets/artist/1888762,KZFzniwnSyZfZ7v7nJ,Music,KnvZfZ7vAev,Pop,KZazBEonSMnZfZ7vk1t,Pop,5,https://s1.ticketm.net/dam/a/d6b/fdd49cc8-f3df-4c13-b3c4-831fea6d2d6b_EVENT_DETAIL_PAGE_16_9.jpg,2026-09-17T20:02:17.499935+00:00,2026-09-20T22:44:00.359625+00:00
K8vZ917ugvf,Jon Pardi,https://www.ticketmaster.com/jon-pardi-tickets/artist/1541267,KZFzniwnSyZfZ7v7nJ,Music,KnvZfZ7vAv6,Country,KZazBEonSMnZfZ7vAFa,Country,23,https://s1.ticketm.net/dam/a/995/20479d9f-d881-4add-adf3-6a9c9952e995_ARTIST_PAGE_3_2.jpg,2026-09-17T20:02:18.739078+00:00,2026-09-20T22:44:01.382965+00:00
K8vZ917_0_7,Jonah Kagen,https://www.ticketmaster.com/jonah-kagen-tickets/artist/2817355,KZFzniwnSyZfZ7v7nJ,Music,KnvZfZ7vAev,Pop,KZazBEonSMnZfZ7vk1t,Pop,29,https://s1.ticketm.net/dam/a/22b/e4b9f6a6-b6e3-413c-920c-bd59efb0522b_RECOMENDATION_16_9.jpg,2026-09-17T20:02:19.435167+00:00,2026-09-20T22:44:02.205267+00:00
K8vZ9175T17,Jonas Brothers,https://www.ticketmaster.com/jonas-brothers-tickets/artist/1052712,KZFzniwnSyZfZ7v7nJ,Music,KnvZfZ7vAev,Pop,KZazBEonSMnZfZ7vk1t,Pop,55,https://s1.ticketm.net/dam/a/378/809a1187-1545-43be-b5ab-e2d220621378_RETINA_PORTRAIT_16_9.jpg,2026-09-17T20:02:23.393825+00:00,2026-09-20T22:44:04.466759+00:00
K8vZ9179hC0,Jonathan Hulten,https://www.ticketmaster.com/jonathan-hulten-tickets/artist/2545027,KZFzniwnSyZfZ7v7nJ,Music,KnvZfZ7vAvv,Alternative,KZazBEonSMnZfZ7vAvJ,Alternative,13,https://s1.ticketm.net/dam/c/797/5e693c26-2881-4776-8f0c-3aa94bfa3797_106511_RETINA_PORTRAIT_3_2.jpg,2026-09-17T20:02:17.499935+00:00,2026-09-20T22:44:00.359625+00:00
K8vZ917h770,Josh Ross,https://www.ticketmaster.com/josh-ross-tickets/artist/2967965,KZFzniwnSyZfZ7v7nJ,Music,KnvZfZ7vAv6,Country,KZazBEonSMnZfZ7vAFa,Country,25,https://s1.ticketm.net/dam/a/a9a/6ea835be-41e5-4e70-a7eb-5103de256a9a_RETINA_PORTRAIT_16_9.jpg,2026-09-17T20:02:19.435167+00:00,2026-09-20T22:44:02.205267+00:00
K8vZ9171u40,Joshua Bell,https://www.ticketmaster.com/joshua-bell-tickets/artist/760208,KZFzniwnSyZfZ7v7na,Arts & Theatre,KnvZfZ7v7nJ,Classical,KZazBEonSMnZfZ7v7nI,Symphonic,10,https://s1.ticketm.net/dam/a/e16/361586ee-e46f-4a77-a92c-822fd71c7e16_TABLET_LANDSCAPE_LARGE_16_9.jpg,2026-09-17T20:02:24.038892+00:00,2026-09-20T22:44:05.080653+00:00
K8vZ917rHFV,Joshua Slone,https://www.ticketmaster.com/joshua-slone-tickets/artist/4112459,KZFzniwnSyZfZ7v7nJ,Music,KnvZfZ7vAva,Folk,KZazBEonSMnZfZ7va1F,Indie Folk,1,https://s1.ticketm.net/dam/a/8c8/515d37e0-594f-46ca-b8e2-48e3206ae8c8_ARTIST_PAGE_3_2.jpg,2026-09-17T20:02:20.370215+00:00,2026-09-20T22:44:03.417698+00:00
K8vZ917fYhV,Josiah and the Bonnevilles,https://www.ticketmaster.com/josiah-and-the-bonnevilles-tickets/artist/2243430,KZFzniwnSyZfZ7v7nJ,Music,KnvZfZ7vAeA,Rock,KZazBEonSMnZfZ7v6da,Rock,21,https://s1.ticketm.net/dam/a/2d3/b04d43a7-08ed-47ea-8aa6-87efd32d62d3_CUSTOM.jpg,2026-09-17T20:02:23.393825+00:00,2026-09-20T22:44:04.466759+00:00
K8vZ917psO0,José Madero,https://www.ticketmaster.com/jose-madero-tickets/artist/2470990,KZFzniwnSyZfZ7v7nJ,Music,KnvZfZ7vAeF,World,KZazBEonSMnZfZ7vFdJ,Latin,19,https://s1.ticketm.net/dam/a/5e2/83e20271-2959-4544-87fc-ab93087cc5e2_ARTIST_PAGE_3_2.jpg,2026-09-17T20:02:19.435167+00:00,2026-09-20T22:44:02.205267+00:00
K8vZ91712F0,Journey,https://www.ticketmaster.com/journey-tickets/artist/735415,KZFzniwnSyZfZ7v7nJ,Music,KnvZfZ7vAeA,Rock,KZazBEonSMnZfZ7v6F1,Pop,38,https://s1.ticketm.net/dam/a/f9d/80e7f1f1-5db4-4a72-8cfa-7e36d66b4f9d_RETINA_PORTRAIT_3_2.jpg,2026-09-17T20:02:20.773471+00:00,2026-09-20T22:44:03.900761+00:00
K8vZ9179Dvf,Joy Oladokun,https://www.ticketmaster.com/joy-oladokun-tickets/artist/2610528,KZFzniwnSyZfZ7v7nJ,Music,KnvZfZ7vAeA,Rock,KZazBEonSMnZfZ7v6F1,Pop,24,https://s1.ticketm.net/dam/a/fc2/25efbd42-385c-4407-abe2-286bf5d5bfc2_ARTIST_PAGE_3_2.jpg,2026-09-17T20:02:20.370215+00:00,2026-09-20T22:44:03.417698+00:00
K8vZ9173Z60,Judah & the Lion,https://www.ticketmaster.com/judah-the-lion-tickets/artist/1863338,KZFzniwnSyZfZ7v7nJ,Music,KnvZfZ7vAva,Folk,KZazBEonSMnZfZ7vAn7,Folk,34,https://s1.ticketm.net/dam/a/8be/a8d30f20-7d6d-47fc-846e-d42cfc62e8be_ARTIST_PAGE_3_2.jpg,2026-09-17T20:02:18.739078+00:00,2026-09-20T22:44:01.382965+00:00
K8vZ917bFOf,Judiciary,https://www.ticketmaster.com/judiciary-tickets/artist/2648175,KZFzniwnSyZfZ7v7nJ,Music,KnvZfZ7vAeA,Rock,KZazBEonSMnZfZ7v66v,Hardcore Punk,11,https://s1.ticketm.net/dam/c/fbc/b293c0ad-c904-4215-bc59-8d7f2414dfbc_106141_EVENT_DETAIL_PAGE_16_9.jpg,2026-09-17T20:02:17.499935+00:00,2026-09-20T22:44:00.359625+00:00
K8vZ917o1J0,Judith Hill,https://www.ticketmaster.com/judith-hill-tickets/artist/1862097,KZFzniwnSyZfZ7v7nJ,Music,KnvZfZ7vAee,R&B,KZazBEonSMnZfZ7vkIt,R&B,4,https://s1.ticketm.net/dam/a/9aa/da65ba6f-2832-44fc-981e-486d77cef9aa_CUSTOM.jpg,2026-09-17T20:02:17.499935+00:00,2026-09-20T22:44:00.359625+00:00
K8vZ9174G6f,Julia Jacklin,https://www.ticketmaster.com/julia-jacklin-tickets/artist/2275685,KZFzniwnSyZfZ7v7nJ,Music,KnvZfZ7vAeA,Rock,KZazBEonSMnZfZ7v66A,Indie Rock,28,https://s1.ticketm.net/dam/a/2ca/2b62de30-a977-47e0-934b-4b6e07d102ca_TABLET_LANDSCAPE_LARGE_16_9.jpg,2026-09-17T20:02:20.370215+00:00,2026-09-20T22:44:03.417698+00:00
K8vZ917_xcf,Julia Wolf,https://www.ticketmaster.com/julia-wolf-tickets/artist/2813638,KZFzniwnSyZfZ7v7nJ,Music,KnvZfZ7vAev,Pop,KZazBEonSMnZfZ7vk1t,Pop,31,https://s1.ticketm.net/dam/a/7b7/f3401d4a-7a7f-439b-b0ad-c7dd659087b7_RETINA_PORTRAIT_3_2.jpg,2026-09-17T20:02:19.435167+00:00,2026-09-20T22:44:02.205267+00:00
K8vZ9173vmf,Jungle,https://www.ticketmaster.com/jungle-tickets/artist/1947184,KZFzniwnSyZfZ7v7nJ,Music,KnvZfZ7vAee,R&B,KZazBEonSMnZfZ7vknE,Soul,33,https://s1.ticketm.net/dam/a/01a/78748f8a-6030-4e0a-8b97-4c0ebb7fa01a_TABLET_LANDSCAPE_LARGE_16_9.jpg,2026-09-17T20:02:17.975980+00:00,2026-09-20T22:44:00.359625+00:00
K8vZ917G6p0,Justin Nozuka,https://www.ticketmaster.com/justin-nozuka-tickets/artist/1167377,KZFzniwnSyZfZ7v7nJ,Music,KnvZfZ7vAeA,Rock,KZazBEonSMnZfZ7v6dt,Alternative Rock,11,https://s1.ticketm.net/dam/a/261/c84c0e82-3717-4a83-a148-d6e733e64261_RECOMENDATION_16_9.jpg,2026-09-17T20:02:19.435167+00:00,2026-09-20T22:44:02.205267+00:00
K8vZ917GSg7,K.Flay,https://www.ticketmaster.com/kflay-tickets/artist/1480451,KZFzniwnSyZfZ7v7nJ,Music,KnvZfZ7vAv1,Hip-Hop/Rap,KZazBEonSMnZfZ7vkvl,Hip-Hop/Rap,1,https://s1.ticketm.net/dam/a/27d/a3885e95-39c1-48a5-8030-1e34844bb27d_RECOMENDATION_16_9.jpg,2026-09-17T20:02:19.435167+00:00,2026-09-20T22:44:02.205267+00:00
K8vZ917_QAV,KDJ Above,https://www.ticketmaster.com/kdj-above-tickets/artist/2791163,KZFzniwnSyZfZ7v7nJ,Music,KnvZfZ7vAv1,Hip-Hop/Rap,KZazBEonSMnZfZ7vkdA,Urban,1,https://s1.ticketm.net/dam/c/80b/f3cd8d24-c3ae-4fa0-b4bc-1ba99f9b380b_106091_RETINA_LANDSCAPE_16_9.jpg,2026-09-17T20:02:20.773471+00:00,2026-09-20T22:44:03.900761+00:00
K8vZ917jOj0,KFlex,https://www.ticketmaster.com/kflex-tickets/artist/3125723,KZFzniwnSyZfZ7v7nJ,Music,KnvZfZ7vAv1,Hip-Hop/Rap,KZazBEonSMnZfZ7vkvl,Hip-Hop/Rap,1,https://s1.ticketm.net/dam/c/80b/f3cd8d24-c3ae-4fa0-b4bc-1ba99f9b380b_106091_RETINA_LANDSCAPE_16_9.jpg,2026-09-17T20:02:17.975980+00:00,2026-09-20T22:44:00.359625+00:00
K8vZ917h5_V,KILIMANJARO,https://www.ticketmaster.com/kilimanjaro-tickets/artist/2979200,KZFzniwnSyZfZ7v7nJ,Music,KnvZfZ7vAvF,Dance/Electronic,KZazBEonSMnZfZ7vAI6,House,5,https://s1.ticketm.net/dam/c/df8/81eadad8-4449-412e-a2b1-3d8bbb78edf8_106181_TABLET_LANDSCAPE_3_2.jpg,2026-09-17T20:02:17.499935+00:00,2026-09-20T22:44:00.359625+00:00
K8vZ9172Ca0,Kacey Musgraves,https://www.ticketmaster.com/kacey-musgraves-tickets/artist/1668663,KZFzniwnSyZfZ7v7nJ,Music,KnvZfZ7vAv6,Country,KZazBEonSMnZfZ7vAFa,Country,28,https://s1.ticketm.net/dam/a/8c3/a6be573f-37e6-4adc-9bad-cd25711378c3_CUSTOM.jpg,2026-09-17T20:02:18.739078+00:00,2026-09-20T22:44:01.382965+00:00
K8vZ9179WlV,Kalan.frfr,https://www.ticketmaster.com/kalanfrfr-tickets/artist/2617316,KZFzniwnSyZfZ7v7nJ,Music,KnvZfZ7vAv1,Hip-Hop/Rap,KZazBEonSMnZfZ7vkvl,Hip-Hop/Rap,9,https://s1.ticketm.net/dam/a/460/7fdb8382-0b73-41b8-9ad1-9d1dedb3b460_RECOMENDATION_16_9.jpg,2026-09-17T20:02:18.739078+00:00,2026-09-20T22:44:01.382965+00:00
K8vZ917bg5f,Kameron Marlowe,https://www.ticketmaster.com/kameron-marlowe-tickets/artist/2737978,KZFzniwnSyZfZ7v7nJ,Music,KnvZfZ7vAv6,Country,KZazBEonSMnZfZ7vAFa,Country,13,https://s1.ticketm.net/dam/a/783/9b1ee20e-a567-4b83-a5be-e6d3ca004783_TABLET_LANDSCAPE_LARGE_16_9.jpg,2026-09-17T20:02:18.739078+00:00,2026-09-20T22:44:01.382965+00:00
K8vZ917hayV,Kami Kehoe,https://www.ticketmaster.com/kami-kehoe-tickets/artist/2975997,KZFzniwnSyZfZ7v7nJ,Music,KnvZfZ7vAev,Pop,KZazBEonSMnZfZ7vk1t,Pop,21,https://s1.ticketm.net/dam/a/038/251d24d7-18e3-4ee3-8902-aeb5fed68038_RECOMENDATION_16_9.jpg,2026-09-17T20:02:17.975980+00:00,2026-09-20T22:44:00.359625+00:00
K8vZ9171C-f,Kansas,https://www.ticketmaster.com/kansas-tickets/artist/735426,KZFzniwnSyZfZ7v7nJ,Music,KnvZfZ7vAeA,Rock,KZazBEonSMnZfZ7v6F1,Pop,15,https://s1.ticketm.net/dam/a/fea/a2a77c29-462c-451f-af1b-066306549fea_RETINA_LANDSCAPE_16_9.jpg,2026-09-17T20:02:19.435167+00:00,2026-09-20T22:44:02.205267+00:00
K8vZ917ofF7,Kaonashi,https://www.ticketmaster.com/kaonashi-tickets/artist/1875947,KZFzniwnSyZfZ7v7nJ,Music,KnvZfZ7vAvt,Metal,KZazBEonSMnZfZ7vkFd,Heavy Metal,8,https://s1.ticketm.net/dam/a/a09/58a84fc9-a2ea-4ba1-bb0a-6043192e6a09_TABLET_LANDSCAPE_16_9.jpg,2026-09-17T20:02:18.739078+00:00,2026-09-20T22:44:01.382965+00:00
Z7r9jZaozP,Kaonashi,,KZFzniwnSyZfZ7v7nl,Undefined,,,,,2,https://s1.ticketm.net/dam/c/f51/ee785ed6-f806-4195-98f4-69f67e09df51_106201_RETINA_PORTRAIT_3_2.jpg,2026-09-17T20:02:18.739078+00:00,2026-09-20T22:44:01.382965+00:00
K8vZ917_bn0,Karina Rykman,https://www.ticketmaster.com/karina-rykman-tickets/artist/2787417,KZFzniwnSyZfZ7v7nJ,Music,KnvZfZ7vAvv,Alternative,KZazBEonSMnZfZ7vAvn,Alternative Rock,9,https://s1.ticketm.net/dam/a/09d/772ac67c-1ceb-4e31-940d-9f78a0ffa09d_EVENT_DETAIL_PAGE_16_9.jpg,2026-09-17T20:02:20.773471+00:00,2026-09-20T22:44:03.900761+00:00
K8vZ917jjM7,Kashus Culpepper,https://www.ticketmaster.com/kashus-culpepper-tickets/artist/3104519,KZFzniwnSyZfZ7v7nJ,Music,KnvZfZ7vAv6,Country,KZazBEonSMnZfZ7vAFa,Country,17,https://s1.ticketm.net/dam/a/c0d/1d96c923-764f-4be4-9758-7f15f5bd1c0d_ARTIST_PAGE_3_2.jpg,2026-09-17T20:02:18.739078+00:00,2026-09-20T22:44:01.382965+00:00
K8vZ917L6WV,Katywentmissing,https://www.ticketmaster.com/katywentmissing-tickets/artist/4168274,KZFzniwnSyZfZ7v7nJ,Music,KnvZfZ7vAvt,Metal,KZazBEonSMnZfZ7vaJk,Metalcore,2,https://s1.ticketm.net/dam/c/e7c/86478562-7218-4e8f-b9d4-8080fe168e7c_105581_TABLET_LANDSCAPE_16_9.jpg,2026-09-17T20:02:20.773471+00:00,2026-09-20T22:44:03.900761+00:00
K8vZ917bnk0,Kbong,https://www.ticketmaster.com/kbong-tickets/artist/2529788,KZFzniwnSyZfZ7v7nJ,Music,KnvZfZ7vAed,Reggae,KZazBEonSMnZfZ7vknl,Reggae,5,https://s1.ticketm.net/dam/a/bc1/94951544-daac-4049-a4ce-110eec548bc1_CUSTOM.jpg,2026-09-17T20:02:24.038892+00:00,2026-09-20T22:44:05.080653+00:00
K8vZ9171f6V,Keb' Mo',https://www.ticketmaster.com/keb-mo-tickets/artist/775486,KZFzniwnSyZfZ7v7nJ,Music,KnvZfZ7vAvd,Blues,KZazBEonSMnZfZ7vAAd,Blues,10,https://s1.ticketm.net/dam/a/a0e/db649938-e1a7-48d3-b313-623f9bb34a0e_1134421_TABLET_LANDSCAPE_LARGE_16_9.jpg,2026-09-17T20:02:17.499935+00:00,2026-09-20T22:44:00.359625+00:00
Z7r9jZab3l,Ken Pomeroy,,KZFzniwnSyZfZ7v7nl,Undefined,,,,,4,https://s1.ticketm.net/dam/c/f51/ee785ed6-f806-4195-98f4-69f67e09df51_106201_RETINA_PORTRAIT_3_2.jpg,2026-09-17T20:02:18.739078+00:00,2026-09-20T22:44:01.382965+00:00
K8vZ9171f30,Kenny Chesney,https://www.ticketmaster.com/kenny-chesney-tickets/artist/767989,KZFzniwnSyZfZ7v7nJ,Music,KnvZfZ7vAv6,Country,KZazBEonSMnZfZ7vAFa,Country,19,https://s1.ticketm.net/dam/a/95a/349b23d9-0507-4d2c-86fc-b9711e27095a_RETINA_PORTRAIT_16_9.jpg,2026-09-17T20:02:25.310831+00:00,2026-09-20T22:44:06.585672+00:00
K8vZ917h3vf,Kent Osborne,https://www.ticketmaster.com/kent-osborne-tickets/artist/2997153,KZFzniwnSyZfZ7v7nJ,Music,KnvZfZ7vAv1,Hip-Hop/Rap,KZazBEonSMnZfZ7vkdA,Urban,7,https://s1.ticketm.net/dam/a/1f0/4b726ecc-440c-40d5-b505-e54b889741f0_ARTIST_PAGE_3_2.jpg,2026-09-17T20:02:20.370215+00:00,2026-09-20T22:44:03.417698+00:00
K8vZ917_PRf,Kid Sistr,https://www.ticketmaster.com/kid-sistr-tickets/artist/2819506,KZFzniwnSyZfZ7v7nJ,Music,KnvZfZ7vAvv,Alternative,KZazBEonSMnZfZ7vAvn,Alternative Rock,15,https://s1.ticketm.net/dam/a/9bd/6e3f30c8-f603-422d-80bb-1cc625dbd9bd_1870811_CUSTOM.jpg,2026-09-17T20:02:19.435167+00:00,2026-09-20T22:44:02.205267+00:00
K8vZ917fauV,Kill The Lights,https://www.ticketmaster.com/kill-the-lights-tickets/artist/2182584,KZFzniwnSyZfZ7v7nJ,Music,KnvZfZ7vAvv,Alternative,KZazBEonSMnZfZ7vAvn,Alternative Rock,4,https://s1.ticketm.net/dam/c/797/5e693c26-2881-4776-8f0c-3aa94bfa3797_106511_TABLET_LANDSCAPE_16_9.jpg,2026-09-17T20:02:23.393825+00:00,2026-09-20T22:44:04.466759+00:00
K8vZ917qkb7,Killa Kam,https://www.ticketmaster.com/killa-kam-tickets/artist/3204848,KZFzniwnSyZfZ7v7nJ,Music,KnvZfZ7vAv1,Hip-Hop/Rap,KZazBEonSMnZfZ7vkvl,Hip-Hop/Rap,1,https://s1.ticketm.net/dam/c/80b/f3cd8d24-c3ae-4fa0-b4bc-1ba99f9b380b_106091_RETINA_LANDSCAPE_16_9.jpg,2026-09-17T19:47:57.345925+00:00,2026-09-17T22:38:16.765581+00:00
K8vZ917jY7V,Killen.,https://www.ticketmaster.com/killen-tickets/artist/3155062,KZFzniwnSyZfZ7v7nJ,Music,KnvZfZ7vAvF,Dance/Electronic,KZazBEonSMnZfZ7vAI6,House,10,https://s1.ticketm.net/dam/a/3cd/732e4904-c883-4492-9c70-4b9c89df03cd_TABLET_LANDSCAPE_LARGE_16_9.jpg,2026-09-17T20:02:18.739078+00:00,2026-09-20T22:44:01.382965+00:00
K8vZ9175rz0,Killswitch Engage,https://www.ticketmaster.com/killswitch-engage-tickets/artist/836226,KZFzniwnSyZfZ7v7nJ,Music,KnvZfZ7vAeA,Rock,KZazBEonSMnZfZ7v6dt,Alternative Rock,14,https://s1.ticketm.net/dam/a/5c0/b5b48278-febb-4da5-9652-792a05e235c0_EVENT_DETAIL_PAGE_16_9.jpg,2026-09-17T20:02:17.499935+00:00,2026-09-20T22:44:00.359625+00:00
K8vZ917p5Lf,King Buffalo,https://www.ticketmaster.com/king-buffalo-tickets/artist/2399172,KZFzniwnSyZfZ7v7nJ,Music,KnvZfZ7vAeA,Rock,KZazBEonSMnZfZ7v6aA,Psychedelic,18,https://s1.ticketm.net/dam/a/a6b/0a0e5e53-7b49-4207-b2d4-1e0c2b8a2a6b_RECOMENDATION_16_9.jpg,2026-09-17T20:02:19.682284+00:00,2026-09-20T22:44:02.588228+00:00
K8vZ9171upV,Kingston Trio,https://www.ticketmaster.com/kingston-trio-tickets/artist/733298,KZFzniwnSyZfZ7v7nJ,Music,KnvZfZ7vAeA,Rock,KZazBEonSMnZfZ7vavA,Oldies & Classics,3,https://s1.ticketm.net/dam/a/c80/4e7b5ad6-c350-4a92-bb06-daa95546ec80_RETINA_PORTRAIT_3_2.jpg,2026-09-17T20:02:23.657248+00:00,2026-09-20T22:44:04.817229+00:00
K8vZ9172COf,Kip Moore,https://www.ticketmaster.com/kip-moore-tickets/artist/1667788,KZFzniwnSyZfZ7v7nJ,Music,KnvZfZ7vAv6,Country,KZazBEonSMnZfZ7vAFa,Country,13,https://s1.ticketm.net/dam/a/18f/b23e9897-2826-428c-9955-db8e3340f18f_TABLET_LANDSCAPE_16_9.jpg,2026-09-17T20:02:23.393825+00:00,2026-09-20T22:44:04.466759+00:00
K8vZ917318f,Kirk Fletcher,https://www.ticketmaster.com/kirk-fletcher-tickets/artist/718063,KZFzniwnSyZfZ7v7nJ,Music,KnvZfZ7vAvd,Blues,KZazBEonSMnZfZ7vAAd,Blues,3,https://s1.ticketm.net/dam/a/2b2/9cac90fb-5f0c-4ce9-9090-a040701e42b2_1755241_RETINA_LANDSCAPE_16_9.jpg,2026-09-17T20:02:17.499935+00:00,2026-09-20T22:44:00.359625+00:00
K8vZ917CsP0,Kishi Bashi,https://www.ticketmaster.com/kishi-bashi-tickets/artist/1623346,KZFzniwnSyZfZ7v7nJ,Music,KnvZfZ7vAeA,Rock,KZazBEonSMnZfZ7v6dt,Alternative Rock,9,https://s1.ticketm.net/dam/a/a99/a1a566ea-ef35-4ec2-94be-26d6356dca99_RECOMENDATION_16_9.jpg,2026-09-17T20:02:19.435167+00:00,2026-09-20T22:44:02.205267+00:00
K8vZpZA6ItAk,Kiss Bang,https://www.ticketmaster.com/kiss-bang-tickets/artist/4645236,KZFzniwnSyZfZ7v7nJ,Music,KnvZfZ7vAvv,Alternative,KZazBEonSMnZfZ7vAdv,Indie Pop,5,https://s1.ticketm.net/dam/c/797/5e693c26-2881-4776-8f0c-3aa94bfa3797_106511_RETINA_PORTRAIT_16_9.jpg,2026-09-17T20:02:23.393825+00:00,2026-09-20T22:44:04.466759+00:00
K8vZ917KFS0,Knocked Loose,https://www.ticketmaster.com/knocked-loose-tickets/artist/2082357,KZFzniwnSyZfZ7v7nJ,Music,KnvZfZ7vAvt,Metal,KZazBEonSMnZfZ7vkFd,Heavy Metal,29,https://s1.ticketm.net/dam/a/b0a/7b2fc4c9-d154-43a8-b2b7-c00bf2e17b0a_RETINA_PORTRAIT_3_2.jpg,2026-09-17T20:02:20.370215+00:00,2026-09-20T22:44:03.417698+00:00
K8vZ917jpY0,Knumears,https://www.ticketmaster.com/knumears-tickets/artist/3108836,KZFzniwnSyZfZ7v7nJ,Music,KnvZfZ7vAeA,Rock,KZazBEonSMnZfZ7v6a6,Punk,4,https://s1.ticketm.net/dam/c/fbc/b293c0ad-c904-4215-bc59-8d7f2414dfbc_106141_EVENT_DETAIL_PAGE_16_9.jpg,2026-09-17T20:02:19.435167+00:00,2026-09-20T22:44:02.205267+00:00
K8vZ9172hA7,Koan Sound,https://www.ticketmaster.com/koan-sound-tickets/artist/1689587,KZFzniwnSyZfZ7v7nJ,Music,KnvZfZ7vAvF,Dance/Electronic,KZazBEonSMnZfZ7vAJ1,Club Dance,1,https://s1.ticketm.net/dam/c/df8/81eadad8-4449-412e-a2b1-3d8bbb78edf8_106181_EVENT_DETAIL_PAGE_16_9.jpg,2026-09-17T20:02:20.773471+00:00,2026-09-20T22:44:03.900761+00:00
K8vZ917pldV,Koe Wetzel,https://www.ticketmaster.com/koe-wetzel-tickets/artist/2453935,KZFzniwnSyZfZ7v7nJ,Music,KnvZfZ7vAv6,Country,KZazBEonSMnZfZ7vAFa,Country,17,https://s1.ticketm.net/dam/a/11b/e42f09d5-8050-43d0-baf8-582503adb11b_EVENT_DETAIL_PAGE_16_9.jpg,2026-09-17T20:02:19.435167+00:00,2026-09-20T22:44:02.205267+00:00
K8vZ917_027,Koyo,https://www.ticketmaster.com/koyo-tickets/artist/2816648,KZFzniwnSyZfZ7v7nJ,Music,KnvZfZ7vAvv,Alternative,KZazBEonSMnZfZ7vAvn,Alternative Rock,22,https://s1.ticketm.net/dam/a/393/8d9bdd85-8b10-4069-bf50-32705eac4393_RETINA_LANDSCAPE_16_9.jpg,2026-09-17T20:02:20.773471+00:00,2026-09-20T22:44:03.900761+00:00
K8vZ917QBZ0,Krooked Kings,https://www.ticketmaster.com/krooked-kings-tickets/artist/2952430,KZFzniwnSyZfZ7v7nJ,Music,KnvZfZ7vAeA,Rock,KZazBEonSMnZfZ7v6dt,Alternative Rock,2,https://s1.ticketm.net/dam/a/d3f/0be55808-7a46-4500-91bc-3f66e0db1d3f_EVENT_DETAIL_PAGE_16_9.jpg,2026-09-17T20:02:20.773471+00:00,2026-09-20T22:44:03.900761+00:00
Z7r9jZau-g,Kursa,,KZFzniwnSyZfZ7v7nJ,Music,KnvZfZ7vAvl,Other,KZazBEonSMnZfZ7vk1I,Other,2,https://s1.ticketm.net/dam/c/060/c5c08e7a-9912-456c-a060-2758be94e060_105881_RETINA_LANDSCAPE_16_9.jpg,2026-09-17T20:02:20.773471+00:00,2026-09-20T22:44:03.900761+00:00
K8vZ917oFq7,Kurt Vile & the Violators,https://www.ticketmaster.com/kurt-vile-the-violators-tickets/artist/1356400,KZFzniwnSyZfZ7v7nJ,Music,KnvZfZ7vAeA,Rock,KZazBEonSMnZfZ7v6F1,Pop,8,https://s1.ticketm.net/dam/a/90d/3f2d0e43-342b-4a02-a8c9-ae2a8bb0990d_SOURCE,2026-09-17T20:02:20.370215+00:00,2026-09-20T22:44:03.417698+00:00
Z7r9jZ17788z,Kuru,,KZFzniwnSyZfZ7v7nl,Undefined,,,,,3,https://s1.ticketm.net/dam/c/f51/ee785ed6-f806-4195-98f4-69f67e09df51_106201_RETINA_PORTRAIT_3_2.jpg,2026-09-17T20:02:23.393825+00:00,2026-09-20T22:44:04.466759+00:00
K8vZ917_9wf,Kxllswxtch,https://www.ticketmaster.com/kxllswxtch-tickets/artist/2787312,KZFzniwnSyZfZ7v7nJ,Music,KnvZfZ7vAv1,Hip-Hop/Rap,KZazBEonSMnZfZ7vkvl,Hip-Hop/Rap,4,https://s1.ticketm.net/dam/a/60d/651b1477-c718-4fce-9de9-d2ef0248260d_RETINA_LANDSCAPE_16_9.jpg,2026-09-17T20:02:18.739078+00:00,2026-09-20T22:44:01.382965+00:00
K8vZ917GD70,Kylesa,https://www.ticketmaster.com/kylesa-tickets/artist/1213393,KZFzniwnSyZfZ7v7nJ,Music,KnvZfZ7vAvt,Metal,KZazBEonSMnZfZ7vkFd,Heavy Metal,7,https://s1.ticketm.net/dam/a/03a/efaf4785-14dc-461e-b30d-1c43dc5e703a_13791_TABLET_LANDSCAPE_LARGE_16_9.jpg,2026-09-17T20:02:23.393825+00:00,2026-09-20T22:44:04.466759+00:00
K8vZ917KZcV,L.A. Witch,https://www.ticketmaster.com/la-witch-tickets/artist/2063148,KZFzniwnSyZfZ7v7nJ,Music,KnvZfZ7vAeA,Rock,KZazBEonSMnZfZ7v6a6,Punk,5,https://s1.ticketm.net/dam/a/c32/9c9b92f8-9639-461d-a07e-3f7d3d5eac32_TABLET_LANDSCAPE_LARGE_16_9.jpg,2026-09-17T20:02:19.682284+00:00,2026-09-20T22:44:02.588228+00:00
K8vZ91715Of,L7,https://www.ticketmaster.com/l7-tickets/artist/735474,KZFzniwnSyZfZ7v7nJ,Music,KnvZfZ7vAeA,Rock,KZazBEonSMnZfZ7v6dt,Alternative Rock,21,https://s1.ticketm.net/dam/a/215/a8fedb17-86c7-4fb7-ac83-fc963c5ac215_CUSTOM.jpg,2026-09-17T20:02:20.370215+00:00,2026-09-20T22:44:03.417698+00:00
K8vZ917rFO0,LAERZ,https://www.ticketmaster.com/laerz-tickets/artist/3664074,KZFzniwnSyZfZ7v7nJ,Music,KnvZfZ7vAvF,Dance/Electronic,KZazBEonSMnZfZ7vA1E,Dance/Electronic,5,https://s1.ticketm.net/dam/a/5d9/bd1a45c3-cbd5-4d6c-b680-0339bb4545d9_EVENT_DETAIL_PAGE_16_9.jpg,2026-09-17T20:02:17.499935+00:00,2026-09-20T22:44:00.359625+00:00
K8vZ917hvE7,LEAP,https://www.ticketmaster.com/leap-tickets/artist/2963835,KZFzniwnSyZfZ7v7nJ,Music,KnvZfZ7vAeA,Rock,KZazBEonSMnZfZ7v66A,Indie Rock,9,https://s1.ticketm.net/dam/a/7d7/ebe0b139-442c-40e0-b50d-c9da728a97d7_EVENT_DETAIL_PAGE_16_9.jpg,2026-09-17T20:02:18.739078+00:00,2026-09-20T22:44:01.382965+00:00
K8vZ917j6rV,LOCKED SHUT,https://www.ticketmaster.com/locked-shut-tickets/artist/3087713,KZFzniwnSyZfZ7v7nJ,Music,KnvZfZ7vAvv,Alternative,KZazBEonSMnZfZ7vAvn,Alternative Rock,10,https://s1.ticketm.net/dam/c/f50/96fa13be-e395-429b-8558-a51bb9054f50_105951_TABLET_LANDSCAPE_LARGE_16_9.jpg,2026-09-17T20:02:19.435167+00:00,2026-09-20T22:44:02.205267+00:00
K8vZ917pHH7,LP Giobbi,https://www.ticketmaster.com/lp-giobbi-tickets/artist/2489752,KZFzniwnSyZfZ7v7nJ,Music,KnvZfZ7vAvF,Dance/Electronic,KZazBEonSMnZfZ7vA1E,Dance/Electronic,2,https://s1.ticketm.net/dam/a/b73/99eadbb4-fd2b-44ab-a1b5-45b723b86b73_RETINA_PORTRAIT_3_2.jpg,2026-09-17T20:02:17.499935+00:00,2026-09-20T22:44:00.359625+00:00
K8vZ917bnoV,La Fiera De Ojinaga,https://www.ticketmaster.com/la-fiera-de-ojinaga-tickets/artist/2707607,KZFzniwnSyZfZ7v7nJ,Music,KnvZfZ7vAJ6,Latin,KZazBEonSMnZfZ7va1a,Latin,2,https://s1.ticketm.net/dam/a/f99/7f16c576-e515-405f-a68e-bad908e3bf99_1232281_RETINA_PORTRAIT_16_9.jpg,2026-09-17T20:02:24.038892+00:00,2026-09-20T22:44:05.080653+00:00
K8vZ917jnV7,La Reezy,https://www.ticketmaster.com/la-reezy-tickets/artist/3142407,KZFzniwnSyZfZ7v7nJ,Music,KnvZfZ7vAv1,Hip-Hop/Rap,KZazBEonSMnZfZ7vkvl,Hip-Hop/Rap,16,https://s1.ticketm.net/dam/a/8fe/d3f27db6-9ce9-4372-9d3c-b34d0db028fe_EVENT_DETAIL_PAGE_16_9.jpg,2026-09-17T20:02:18.739078+00:00,2026-09-20T22:44:01.382965+00:00
K8vZ917o9c7,Ladrones,https://www.ticketmaster.com/ladrones-tickets/artist/1881655,KZFzniwnSyZfZ7v7nJ,Music,KnvZfZ7vAeA,Rock,KZazBEonSMnZfZ7v6a6,Punk,38,https://s1.ticketm.net/dam/a/85d/e9a32bca-8836-4c21-b568-767dbf6b085d_EVENT_DETAIL_PAGE_16_9.jpg,2026-09-17T20:02:24.038892+00:00,2026-09-20T22:44:05.080653+00:00
Z7r9jZ177baY,Landon Smith,,KZFzniwnSyZfZ7v7nl,Undefined,,,,,1,https://s1.ticketm.net/dam/c/f51/ee785ed6-f806-4195-98f4-69f67e09df51_106201_RETINA_PORTRAIT_3_2.jpg,2026-09-17T20:02:18.739078+00:00,2026-09-20T22:44:01.382965+00:00
Z7r9jZa2Qe,Larry Goldings,,KZFzniwnSyZfZ7v7nJ,Music,KnvZfZ7vAvl,Other,KZazBEonSMnZfZ7vk1I,Other,9,https://s1.ticketm.net/dam/c/060/c5c08e7a-9912-456c-a060-2758be94e060_105881_RETINA_LANDSCAPE_16_9.jpg,2026-09-17T20:02:20.370215+00:00,2026-09-20T22:44:03.417698+00:00
K8vZ917qzaV,Las Alucines,https://www.ticketmaster.com/las-alucines-tickets/artist/3504594,KZFzniwnSyZfZ7v7na,Arts & Theatre,KnvZfZ7v7l1,Theatre,KZazBEonSMnZfZ7vaaJ,Podcast,6,https://s1.ticketm.net/dam/a/c28/34bfbd05-c5f0-40c5-b197-36552a5cdc28_EVENT_DETAIL_PAGE_16_9.jpg,2026-09-17T20:02:18.739078+00:00,2026-09-20T22:44:01.382965+00:00
Z7r9jZ177tkd,Last Heros,,KZFzniwnSyZfZ7v7nl,Undefined,,,,,1,https://s1.ticketm.net/dam/c/8cf/a6653880-7899-4f67-8067-1f95f4d158cf_124761_TABLET_LANDSCAPE_16_9.jpg,2026-09-17T20:02:24.038892+00:00,2026-09-20T22:44:05.080653+00:00
K8vZ9178GEf,Last Waltz Revisited,https://www.ticketmaster.com/last-waltz-revisited-tickets/artist/1767907,KZFzniwnSyZfZ7v7nJ,Music,KnvZfZ7vAe6,Undefined,KZazBEonSMnZfZ7v6JI,Undefined,1,https://s1.ticketm.net/dam/a/a8d/ad550a89-2d08-45a0-90db-16716834aa8d_RECOMENDATION_16_9.jpg,2026-09-17T20:02:20.773471+00:00,2026-09-20T22:44:03.900761+00:00
K8vZ917_glV,Latto,https://www.ticketmaster.com/latto-tickets/artist/2842518,KZFzniwnSyZfZ7v7nJ,Music,KnvZfZ7vAv1,Hip-Hop/Rap,KZazBEonSMnZfZ7vkdA,Urban,32,https://s1.ticketm.net/dam/a/0ad/36d998bc-da91-4b55-85e2-a67f297d70ad_RETINA_LANDSCAPE_16_9.jpg,2026-09-17T20:02:18.739078+00:00,2026-09-20T22:44:01.382965+00:00
K8vZ917hXy0,Laura Ramoso,https://www.ticketmaster.com/laura-ramoso-tickets/artist/3082063,KZFzniwnSyZfZ7v7na,Arts & Theatre,KnvZfZ7vAe1,Comedy,KZazBEonSMnZfZ7vF17,Comedy,24,https://s1.ticketm.net/dam/a/79c/7031027f-174e-4061-8239-33944464979c_TABLET_LANDSCAPE_LARGE_16_9.jpg,2026-09-17T20:02:18.739078+00:00,2026-09-20T22:44:01.382965+00:00
K8vZ917hJ-V,Lauren Babic,https://www.ticketmaster.com/lauren-babic-tickets/artist/3044799,KZFzniwnSyZfZ7v7nJ,Music,KnvZfZ7vAvt,Metal,KZazBEonSMnZfZ7vk6E,Metal,15,https://s1.ticketm.net/dam/c/e7c/86478562-7218-4e8f-b9d4-8080fe168e7c_105581_TABLET_LANDSCAPE_16_9.jpg,2026-09-17T20:02:19.435167+00:00,2026-09-20T22:44:02.205267+00:00
K8vZ9179FZ7,Lauren Sanderson,https://www.ticketmaster.com/lauren-sanderson-tickets/artist/2506351,KZFzniwnSyZfZ7v7nJ,Music,KnvZfZ7vAev,Pop,KZazBEonSMnZfZ7vk1t,Pop,34,https://s1.ticketm.net/dam/a/546/083ba4c2-56ae-43be-9d71-7dd85c25c546_RECOMENDATION_16_9.jpg,2026-09-17T20:02:17.975980+00:00,2026-09-20T22:44:00.359625+00:00
K8vZ917Kmwf,Lawrence,https://www.ticketmaster.com/lawrence-tickets/artist/2147764,KZFzniwnSyZfZ7v7nJ,Music,KnvZfZ7vAeA,Rock,KZazBEonSMnZfZ7v6F1,Pop,8,https://s1.ticketm.net/dam/a/f52/5f3274be-be3f-4e37-9fc4-55ac9c470f52_RETINA_PORTRAIT_16_9.jpg,2026-09-17T20:02:17.499935+00:00,2026-09-17T22:38:16.765581+00:00
K8vZ917_9Uf,Left To Suffer,https://www.ticketmaster.com/left-to-suffer-tickets/artist/2731543,KZFzniwnSyZfZ7v7nJ,Music,KnvZfZ7vAvt,Metal,KZazBEonSMnZfZ7vk6E,Metal,19,https://s1.ticketm.net/dam/a/149/f23ec60f-e4d3-489f-98ec-d357d8847149_RETINA_PORTRAIT_16_9.jpg,2026-09-17T20:02:18.739078+00:00,2026-09-20T22:44:01.382965+00:00
Z7r9jZabGa,Leon Majcen,,KZFzniwnSyZfZ7v7nl,Undefined,,,,,4,https://s1.ticketm.net/dam/c/f51/ee785ed6-f806-4195-98f4-69f67e09df51_106201_RETINA_PORTRAIT_3_2.jpg,2026-09-17T20:02:18.739078+00:00,2026-09-20T22:44:01.382965+00:00
K8vZ9179YL7,Leonid & Friends,https://www.ticketmaster.com/leonid-friends-tickets/artist/2581568,KZFzniwnSyZfZ7v7nJ,Music,KnvZfZ7vAeA,Rock,KZazBEonSMnZfZ7v6F1,Pop,69,https://s1.ticketm.net/dam/a/04d/ff62c781-05be-424b-880e-7d2d3b00804d_CUSTOM.jpg,2026-09-17T20:02:19.435167+00:00,2026-09-20T22:44:02.205267+00:00
K8vZ917CAvV,Leslie Jones,https://www.ticketmaster.com/leslie-jones-tickets/artist/1262365,KZFzniwnSyZfZ7v7na,Arts & Theatre,KnvZfZ7vAe1,Comedy,KZazBEonSMnZfZ7vF17,Comedy,11,https://s1.ticketm.net/dam/a/c01/7fb4f4db-0634-4f0c-99eb-70855cf3dc01_RETINA_PORTRAIT_16_9.jpg,2026-09-17T20:02:18.739078+00:00,2026-09-20T22:44:01.382965+00:00
K8vZ917QzN7,Level Up,https://www.ticketmaster.com/level-up-tickets/artist/2801615,KZFzniwnSyZfZ7v7nJ,Music,KnvZfZ7vAvF,Dance/Electronic,KZazBEonSMnZfZ7vA1E,Dance/Electronic,12,https://s1.ticketm.net/dam/a/567/b9adea5e-3f67-4c3e-b5fd-02598c8ca567_TABLET_LANDSCAPE_LARGE_16_9.jpg,2026-09-17T20:02:20.773471+00:00,2026-09-20T22:44:03.900761+00:00
K8vZ917h7Qf,Levity,https://www.ticketmaster.com/levity-tickets/artist/2969422,KZFzniwnSyZfZ7v7nJ,Music,KnvZfZ7vAvF,Dance/Electronic,KZazBEonSMnZfZ7vA1E,Dance/Electronic,15,https://s1.ticketm.net/dam/a/a47/fc79ee86-7089-49b8-b039-2cd2ca49ca47_CUSTOM.jpg,2026-09-17T20:02:18.739078+00:00,2026-09-20T22:44:01.382965+00:00
K8vZ917hxif,Liam St. John,https://www.ticketmaster.com/liam-st-john-tickets/artist/3037767,KZFzniwnSyZfZ7v7nJ,Music,KnvZfZ7vAeA,Rock,KZazBEonSMnZfZ7v676,Blues-Rock,13,https://s1.ticketm.net/dam/a/d7d/60fe5691-f679-4ecf-81cb-01b100a4ed7d_RECOMENDATION_16_9.jpg,2026-09-17T20:02:18.739078+00:00,2026-09-20T22:44:01.382965+00:00
K8vZ917GWb0,Like Moths To Flames,https://www.ticketmaster.com/like-moths-to-flames-tickets/artist/1487611,KZFzniwnSyZfZ7v7nJ,Music,KnvZfZ7vAeA,Rock,KZazBEonSMnZfZ7v6F1,Pop,23,https://s1.ticketm.net/dam/a/1de/d75ee223-c66f-4918-bb82-70b45e48f1de_EVENT_DETAIL_PAGE_16_9.jpg,2026-09-17T20:02:20.773471+00:00,2026-09-20T22:44:03.900761+00:00
K8vZ9179fGf,Lil Pete,https://www.ticketmaster.com/lil-pete-tickets/artist/2529746,KZFzniwnSyZfZ7v7nJ,Music,KnvZfZ7vAv1,Hip-Hop/Rap,KZazBEonSMnZfZ7vkvl,Hip-Hop/Rap,12,https://s1.ticketm.net/dam/a/3b1/9b96daf2-28c3-4c3f-bcb9-62eac5f163b1_TABLET_LANDSCAPE_3_2.jpg,2026-09-17T20:02:18.739078+00:00,2026-09-20T22:44:01.382965+00:00
K8vZ917pOX0,Lil Skies,https://www.ticketmaster.com/lil-skies-tickets/artist/2442996,KZFzniwnSyZfZ7v7nJ,Music,KnvZfZ7vAv1,Hip-Hop/Rap,KZazBEonSMnZfZ7vkvl,Hip-Hop/Rap,4,https://s1.ticketm.net/dam/a/93f/1da0a11f-d653-4428-8f82-16bb7258493f_RETINA_PORTRAIT_3_2.jpg,2026-09-17T19:47:57.345925+00:00,2026-09-17T22:38:16.765581+00:00
K8vZ917rCLV,Lilith Max,https://www.ticketmaster.com/lilith-max-tickets/artist/3723269,KZFzniwnSyZfZ7v7nJ,Music,KnvZfZ7vAev,Pop,KZazBEonSMnZfZ7vkEk,Indie Pop,2,https://s1.ticketm.net/dam/a/33c/9331a2d8-b9e1-4ca1-b67b-9f4b66fac33c_EVENT_DETAIL_PAGE_16_9.jpg,2026-09-17T20:02:18.739078+00:00,2026-09-20T22:44:01.382965+00:00
K8vZ9175BJV,Lily Allen,https://www.ticketmaster.com/lily-allen-tickets/artist/1053214,KZFzniwnSyZfZ7v7nJ,Music,KnvZfZ7vAeA,Rock,KZazBEonSMnZfZ7v6F1,Pop,8,https://s1.ticketm.net/dam/a/78b/e73d29f4-b17c-497d-ac4a-0a8c7503c78b_ARTIST_PAGE_3_2.jpg,2026-09-17T20:02:17.499935+00:00,2026-09-17T22:38:16.765581+00:00
K8vZ91786uV,Lindsey Stirling,https://www.ticketmaster.com/lindsey-stirling-tickets/artist/1726690,KZFzniwnSyZfZ7v7nJ,Music,KnvZfZ7vAeA,Rock,KZazBEonSMnZfZ7v6F1,Pop,26,https://s1.ticketm.net/dam/a/727/e1b0d529-1e0d-4f13-bafa-d51796b64727_SOURCE,2026-09-17T20:02:23.393825+00:00,2026-09-20T22:44:04.466759+00:00
K8vZ917GQsf,Lissie,https://www.ticketmaster.com/lissie-tickets/artist/1375417,KZFzniwnSyZfZ7v7nJ,Music,KnvZfZ7vAeA,Rock,KZazBEonSMnZfZ7v6F1,Pop,1,https://s1.ticketm.net/dam/a/9eb/d69c8e97-df12-42ea-9aa6-e7d11a48b9eb_1741281_RECOMENDATION_16_9.jpg,2026-09-17T20:02:20.370215+00:00,2026-09-20T22:44:03.417698+00:00
K8vZ9173ysf,Little Simz,https://www.ticketmaster.com/little-simz-tickets/artist/2050189,KZFzniwnSyZfZ7v7nJ,Music,KnvZfZ7vAv1,Hip-Hop/Rap,KZazBEonSMnZfZ7vkdA,Urban,29,https://s1.ticketm.net/dam/a/385/1ccb2d9b-01fa-4c14-9875-ed34707af385_RETINA_LANDSCAPE_16_9.jpg,2026-09-17T20:02:19.435167+00:00,2026-09-20T22:44:02.205267+00:00
K8vZ917p3V0,Loathe,https://www.ticketmaster.com/loathe-tickets/artist/2413565,KZFzniwnSyZfZ7v7nJ,Music,KnvZfZ7vAvt,Metal,KZazBEonSMnZfZ7vk6E,Metal,19,https://s1.ticketm.net/dam/a/773/d673bb12-d407-452f-90c0-5fd3e629a773_CUSTOM.jpg,2026-09-17T20:02:18.739078+00:00,2026-09-20T22:44:01.382965+00:00
K8vZ917q4s0,Lorely Mur,https://www.ticketmaster.com/lorely-mur-tickets/artist/3329424,KZFzniwnSyZfZ7v7nJ,Music,KnvZfZ7vAvF,Dance/Electronic,KZazBEonSMnZfZ7vA1E,Dance/Electronic,2,https://s1.ticketm.net/dam/c/df8/81eadad8-4449-412e-a2b1-3d8bbb78edf8_106181_EVENT_DETAIL_PAGE_16_9.jpg,2026-09-17T20:02:18.739078+00:00,2026-09-20T22:44:01.382965+00:00
K8vZ917h_U0,Los Gaiteros de San Jacinto,https://www.ticketmaster.com/los-gaiteros-de-san-jacinto-tickets/artist/3017757,KZFzniwnSyZfZ7v7nJ,Music,KnvZfZ7vAJ6,Latin,KZazBEonSMnZfZ7va1a,Latin,3,https://s1.ticketm.net/dam/a/762/f7e6343b-36ea-4526-b6fd-ec49ef32a762_RETINA_LANDSCAPE_16_9.jpg,2026-09-17T20:02:20.370215+00:00,2026-09-20T22:44:03.417698+00:00
K8vZ917Q9lf,Los Gemelos De Sinaloa,https://www.ticketmaster.com/los-gemelos-de-sinaloa-tickets/artist/2879672,KZFzniwnSyZfZ7v7nJ,Music,KnvZfZ7vAJ6,Latin,KZazBEonSMnZfZ7va1a,Latin,10,https://s1.ticketm.net/dam/a/cc9/7305e496-91e4-4e10-b03e-02b03be79cc9_EVENT_DETAIL_PAGE_16_9.jpg,2026-09-17T20:02:20.370215+00:00,2026-09-20T22:44:03.417698+00:00
K8vZ9174jJ7,Loud Luxury,https://www.ticketmaster.com/loud-luxury-tickets/artist/2116105,KZFzniwnSyZfZ7v7nJ,Music,KnvZfZ7vAvF,Dance/Electronic,KZazBEonSMnZfZ7vAI6,House,3,https://s1.ticketm.net/dam/a/0a8/08b08804-b82d-45d4-8a1e-fdc11dacc0a8_EVENT_DETAIL_PAGE_16_9.jpg,2026-09-17T20:02:19.682284+00:00,2026-09-20T22:44:02.588228+00:00
K8vZ917uoHV,Lower Definition,https://www.ticketmaster.com/lower-definition-tickets/artist/1503463,KZFzniwnSyZfZ7v7nJ,Music,KnvZfZ7vAvt,Metal,KZazBEonSMnZfZ7vkFd,Heavy Metal,1,https://s1.ticketm.net/dam/c/e7c/86478562-7218-4e8f-b9d4-8080fe168e7c_105581_TABLET_LANDSCAPE_16_9.jpg,2026-09-17T20:02:23.393825+00:00,2026-09-20T22:44:04.466759+00:00
K8vZ917KVr7,Luke Combs,https://www.ticketmaster.com/luke-combs-tickets/artist/2150342,KZFzniwnSyZfZ7v7nJ,Music,KnvZfZ7vAv6,Country,KZazBEonSMnZfZ7vAFa,Country,12,https://s1.ticketm.net/dam/a/c7d/d69a71d2-0361-44a4-90a0-4aa7536dbc7d_RETINA_LANDSCAPE_16_9.jpg,2026-09-17T20:02:25.035143+00:00,2026-09-20T22:44:06.355282+00:00
K8vZ9179jZf,Luke Vibert,https://www.ticketmaster.com/luke-vibert-tickets/artist/2548768,KZFzniwnSyZfZ7v7nJ,Music,KnvZfZ7vAvF,Dance/Electronic,KZazBEonSMnZfZ7vAJv,Acid Techno,1,https://s1.ticketm.net/dam/c/df8/81eadad8-4449-412e-a2b1-3d8bbb78edf8_106181_EVENT_DETAIL_PAGE_16_9.jpg,2026-09-17T20:02:19.435167+00:00,2026-09-20T22:44:02.205267+00:00
K8vZ9175W37,Lupe Fiasco,https://www.ticketmaster.com/lupe-fiasco-tickets/artist/1036994,KZFzniwnSyZfZ7v7nJ,Music,KnvZfZ7vAv1,Hip-Hop/Rap,KZazBEonSMnZfZ7vkdA,Urban,17,https://s1.ticketm.net/dam/a/8b9/02aca183-1855-44d9-b7a8-f8a54a1a68b9_RECOMENDATION_16_9.jpg,2026-09-17T20:02:17.499935+00:00,2026-09-17T22:38:16.765581+00:00
K8vZ917KkOf,Lusine,https://www.ticketmaster.com/lusine-tickets/artist/2077258,KZFzniwnSyZfZ7v7nJ,Music,KnvZfZ7vAvF,Dance/Electronic,KZazBEonSMnZfZ7vAJ1,Club Dance,1,https://s1.ticketm.net/dam/a/30d/a9a63935-07df-4b8a-a8f7-99b4cb35c30d_SOURCE,2026-09-17T20:02:17.499935+00:00,2026-09-17T22:38:16.765581+00:00
K8vZ9171287,Lynyrd Skynyrd,https://www.ticketmaster.com/lynyrd-skynyrd-tickets/artist/735560,KZFzniwnSyZfZ7v7nJ,Music,KnvZfZ7vAeA,Rock,KZazBEonSMnZfZ7v6F1,Pop,13,https://s1.ticketm.net/dam/a/df6/c98af635-cf92-4bf8-a46f-ee30555addf6_TABLET_LANDSCAPE_3_2.jpg,2026-09-17T20:02:17.499935+00:00,2026-09-17T22:38:16.765581+00:00
K8vZ9175xa0,Lyrics Born,https://www.ticketmaster.com/lyrics-born-tickets/artist/933057,KZFzniwnSyZfZ7v7nJ,Music,KnvZfZ7vAeA,Rock,KZazBEonSMnZfZ7v6dt,Alternative Rock,7,https://s1.ticketm.net/dam/c/fbc/b293c0ad-c904-4215-bc59-8d7f2414dfbc_106141_EVENT_DETAIL_PAGE_16_9.jpg,2026-09-17T20:02:19.435167+00:00,2026-09-20T22:44:02.205267+00:00
K8vZ917jscf,LØLØ,https://www.ticketmaster.com/ll-tickets/artist/3159004,KZFzniwnSyZfZ7v7nJ,Music,KnvZfZ7vAvv,Alternative,KZazBEonSMnZfZ7vAdv,Indie Pop,18,https://s1.ticketm.net/dam/a/e10/e07f18ff-d073-4029-8788-a1ad44dabe10_TABLET_LANDSCAPE_16_9.jpg,2026-09-17T20:02:17.975980+00:00,2026-09-20T22:44:00.359625+00:00
K8vZ9171Yqf,MANIA: The ABBA Tribute,https://www.ticketmaster.com/mania-the-abba-tribute-tickets/artist/858104,KZFzniwnSyZfZ7v7nJ,Music,KnvZfZ7vAe6,Undefined,KZazBEonSMnZfZ7v6JI,Undefined,69,https://s1.ticketm.net/dam/a/171/b9169b7f-161a-4414-baf0-0b19f5ff9171_EVENT_DETAIL_PAGE_16_9.jpg,2026-09-17T20:02:24.038892+00:00,2026-09-20T22:44:05.080653+00:00
K8vZ9179TA0,MARO,https://www.ticketmaster.com/maro-tickets/artist/2621823,KZFzniwnSyZfZ7v7nJ,Music,KnvZfZ7vAeA,Rock,KZazBEonSMnZfZ7v6dI,Adult Contemporary,9,https://s1.ticketm.net/dam/a/5f5/88f05149-c7e4-4b65-a888-57fc30c545f5_TABLET_LANDSCAPE_3_2.jpg,2026-09-17T20:02:18.739078+00:00,2026-09-20T22:44:01.382965+00:00
K8vZ917hfU0,MC4D,https://www.ticketmaster.com/mc4d-tickets/artist/3002647,KZFzniwnSyZfZ7v7nJ,Music,KnvZfZ7vAvF,Dance/Electronic,KZazBEonSMnZfZ7vA1E,Dance/Electronic,1,https://s1.ticketm.net/dam/a/fba/a7b83270-fb2d-4591-9429-00af95a06fba_SOURCE,2026-09-17T20:02:19.682284+00:00,2026-09-20T22:44:02.588228+00:00
K8vZ9179t70,MERSIV,https://www.ticketmaster.com/mersiv-tickets/artist/2533623,KZFzniwnSyZfZ7v7nJ,Music,KnvZfZ7vAvF,Dance/Electronic,KZazBEonSMnZfZ7vA1E,Dance/Electronic,3,https://s1.ticketm.net/dam/a/71c/a6847137-2e94-40a7-84d2-b437295df71c_TABLET_LANDSCAPE_3_2.jpg,2026-09-17T20:02:19.435167+00:00,2026-09-20T22:44:02.205267+00:00
K8vZ917hfqV,MICO,https://www.ticketmaster.com/mico-tickets/artist/3000734,KZFzniwnSyZfZ7v7nJ,Music,KnvZfZ7vAeA,Rock,KZazBEonSMnZfZ7v6F1,Pop,38,https://s1.ticketm.net/dam/a/9ec/f144a004-d88f-464f-97d3-11f8f975e9ec_RECOMENDATION_16_9.jpg,2026-09-17T20:02:18.739078+00:00,2026-09-20T22:44:01.382965+00:00
K8vZ9179M9V,MIKE,https://www.ticketmaster.com/mike-tickets/artist/2598609,KZFzniwnSyZfZ7v7nJ,Music,KnvZfZ7vAv1,Hip-Hop/Rap,KZazBEonSMnZfZ7vkvl,Hip-Hop/Rap,29,https://s1.ticketm.net/dam/a/4cb/6196c3fc-91f4-4a21-8d35-2809277b14cb_RETINA_LANDSCAPE_16_9.jpg,2026-09-17T20:02:18.739078+00:00,2026-09-20T22:44:01.382965+00:00
K8vZ917CWUf,MIKE.,https://www.ticketmaster.com/mike-tickets/artist/1642674,KZFzniwnSyZfZ7v7nJ,Music,KnvZfZ7vAv1,Hip-Hop/Rap,KZazBEonSMnZfZ7vkdA,Urban,7,https://s1.ticketm.net/dam/a/d5c/03cf14af-60e6-4144-8af9-4a3ba8b5fd5c_ARTIST_PAGE_3_2.jpg,2026-09-17T20:02:20.370215+00:00,2026-09-20T22:44:03.417698+00:00
K8vZ917rvWV,MISSING LINK,https://www.ticketmaster.com/missing-link-tickets/artist/3583114,KZFzniwnSyZfZ7v7nJ,Music,KnvZfZ7vAvt,Metal,KZazBEonSMnZfZ7vkFd,Heavy Metal,3,https://s1.ticketm.net/dam/c/e7c/86478562-7218-4e8f-b9d4-8080fe168e7c_105581_RETINA_PORTRAIT_3_2.jpg,2026-09-17T20:02:19.435167+00:00,2026-09-20T22:44:02.205267+00:00
K8vZ917f2G7,MUNA,https://www.ticketmaster.com/muna-tickets/artist/2197571,KZFzniwnSyZfZ7v7nJ,Music,KnvZfZ7vAev,Pop,KZazBEonSMnZfZ7vk1t,Pop,29,https://s1.ticketm.net/dam/a/205/4cf4ba0e-f146-4a87-9be6-5a2c4e963205_SOURCE,2026-09-17T20:02:19.435167+00:00,2026-09-20T22:44:02.205267+00:00
Z7r9jZ1773o_,MYTHM,,KZFzniwnSyZfZ7v7nl,Undefined,,,,,1,https://s1.ticketm.net/dam/c/f51/ee785ed6-f806-4195-98f4-69f67e09df51_106201_RETINA_PORTRAIT_3_2.jpg,2026-09-17T20:02:20.773471+00:00,2026-09-20T22:44:03.900761+00:00
K8vZ917KhF7,Mac Sabbath,https://www.ticketmaster.com/mac-sabbath-tickets/artist/2117004,KZFzniwnSyZfZ7v7nJ,Music,KnvZfZ7vAvt,Metal,KZazBEonSMnZfZ7vkFd,Heavy Metal,31,https://s1.ticketm.net/dam/a/45e/7b2bf0c5-7eaf-48e0-bb12-6743faabe45e_CUSTOM.jpg,2026-09-17T20:02:20.370215+00:00,2026-09-20T22:44:03.417698+00:00
Z7r9jZa6IT,Maceo Plex,,KZFzniwnSyZfZ7v7nJ,Music,KnvZfZ7vAvF,Dance/Electronic,KZazBEonSMnZfZ7vA1E,Dance/Electronic,1,https://s1.ticketm.net/dam/c/df8/81eadad8-4449-412e-a2b1-3d8bbb78edf8_106181_EVENT_DETAIL_PAGE_16_9.jpg,2026-09-17T20:02:18.739078+00:00,2026-09-20T22:44:01.382965+00:00
K8vZ9171rlf,Machine Head,https://www.ticketmaster.com/machine-head-tickets/artist/766960,KZFzniwnSyZfZ7v7nJ,Music,KnvZfZ7vAvt,Metal,KZazBEonSMnZfZ7vkFd,Heavy Metal,7,https://s1.ticketm.net/dam/a/d18/4c33cda5-0c31-47d1-aad6-bcc8d8e46d18_RECOMENDATION_16_9.jpg,2026-09-17T20:02:17.499935+00:00,2026-09-20T22:44:00.359625+00:00
K8vZ917pG-f,Macklemore,https://www.ticketmaster.com/macklemore-tickets/artist/2400469,KZFzniwnSyZfZ7v7nJ,Music,KnvZfZ7vAv1,Hip-Hop/Rap,KZazBEonSMnZfZ7vkvl,Hip-Hop/Rap,1,https://s1.ticketm.net/dam/a/17a/ef5bf437-f05a-4007-a349-507b2b47617a_RETINA_PORTRAIT_3_2.jpg,2026-09-17T20:02:19.435167+00:00,2026-09-20T22:44:02.205267+00:00
K8vZ917QIRf,Maddie Zahm,https://www.ticketmaster.com/maddie-zahm-tickets/artist/2914382,KZFzniwnSyZfZ7v7nJ,Music,KnvZfZ7vAev,Pop,KZazBEonSMnZfZ7vk1t,Pop,28,https://s1.ticketm.net/dam/a/033/3e6df469-1176-4e65-8b42-879ec07b7033_CUSTOM.jpg,2026-09-17T20:02:20.370215+00:00,2026-09-20T22:44:03.417698+00:00
K8vZ917hOw0,Madds Buckley,https://www.ticketmaster.com/madds-buckley-tickets/artist/3032517,KZFzniwnSyZfZ7v7nJ,Music,KnvZfZ7vAvv,Alternative,KZazBEonSMnZfZ7vAvJ,Alternative,11,https://s1.ticketm.net/dam/a/e02/28724282-20b7-4e18-96b6-6945c01f4e02_EVENT_DETAIL_PAGE_16_9.jpg,2026-09-17T20:02:23.657248+00:00,2026-09-20T22:44:04.817229+00:00
K8vZ917jKtf,Madelline,https://www.ticketmaster.com/madelline-tickets/artist/3100645,KZFzniwnSyZfZ7v7nJ,Music,KnvZfZ7vAev,Pop,KZazBEonSMnZfZ7vk1t,Pop,7,https://s1.ticketm.net/dam/a/b5b/cf8120e9-ebdf-4381-a304-2392dff3eb5b_EVENT_DETAIL_PAGE_16_9.jpg,2026-09-17T20:02:18.739078+00:00,2026-09-20T22:44:01.382965+00:00
K8vZ9172ZR7,Madeon,https://www.ticketmaster.com/madeon-tickets/artist/1645520,KZFzniwnSyZfZ7v7nJ,Music,KnvZfZ7vAev,Pop,KZazBEonSMnZfZ7vk1t,Pop,32,https://s1.ticketm.net/dam/a/a9f/a8db3df5-7fdb-4d54-9810-8ca8eaaa5a9f_TABLET_LANDSCAPE_16_9.jpg,2026-09-17T20:02:18.739078+00:00,2026-09-20T22:44:01.382965+00:00
K8vZ917-bA7,Mae Hunniford,https://www.ticketmaster.com/mae-hunniford-tickets/artist/4622387,KZFzniwnSyZfZ7v7nJ,Music,KnvZfZ7vAeA,Rock,KZazBEonSMnZfZ7v66A,Indie Rock,1,https://s1.ticketm.net/dam/c/fbc/b293c0ad-c904-4215-bc59-8d7f2414dfbc_106141_TABLET_LANDSCAPE_LARGE_16_9.jpg,2026-09-17T20:02:17.975980+00:00,2026-09-20T22:44:00.359625+00:00
K8vZfZ7aEak,Magnolia Park,https://www.ticketmaster.com/magnolia-park-tickets/artist/2797773,KZFzniwnSyZfZ7v7nJ,Music,KnvZfZ7vAeA,Rock,KZazBEonSMnZfZ7v6dt,Alternative Rock,28,https://s1.ticketm.net/dam/a/e9b/83312807-cd31-4c79-9bc9-ef7ebd99ae9b_EVENT_DETAIL_PAGE_16_9.jpg,2026-09-17T20:02:23.393825+00:00,2026-09-20T22:44:04.466759+00:00
K8vZ917-bbf,Magnus Ferrell,https://www.ticketmaster.com/magnus-ferrell-tickets/artist/4630051,KZFzniwnSyZfZ7v7nJ,Music,KnvZfZ7vAee,R&B,KZazBEonSMnZfZ7vkIt,R&B,29,https://s1.ticketm.net/dam/a/b4e/296ddf34-952b-4378-8d37-a208124e2b4e_RETINA_PORTRAIT_3_2.jpg,2026-09-17T20:02:23.393825+00:00,2026-09-20T22:44:04.466759+00:00
K8vZ917jb-V,Malcolm Todd,https://www.ticketmaster.com/malcolm-todd-tickets/artist/3112165,KZFzniwnSyZfZ7v7nJ,Music,KnvZfZ7vAvv,Alternative,KZazBEonSMnZfZ7vAdv,Indie Pop,49,https://s1.ticketm.net/dam/a/237/2144a2e6-e59d-4ed1-8ae7-ea630b1f4237_EVENT_DETAIL_PAGE_16_9.jpg,2026-09-17T20:02:18.739078+00:00,2026-09-20T22:44:01.382965+00:00
K8vZ917p52V,Mall Grab,https://www.ticketmaster.com/mall-grab-tickets/artist/2398008,KZFzniwnSyZfZ7v7nJ,Music,KnvZfZ7vAvF,Dance/Electronic,KZazBEonSMnZfZ7vA1E,Dance/Electronic,4,https://s1.ticketm.net/dam/c/df8/81eadad8-4449-412e-a2b1-3d8bbb78edf8_106181_TABLET_LANDSCAPE_16_9.jpg,2026-09-17T20:02:20.370215+00:00,2026-09-20T22:44:03.417698+00:00
K8vZ917KvV7,Mandy Gonzalez,https://www.ticketmaster.com/mandy-gonzalez-tickets/artist/2065919,KZFzniwnSyZfZ7v7na,Arts & Theatre,KnvZfZ7v7l1,Theatre,KZazBEonSMnZfZ7vAve,Musical,10,https://s1.ticketm.net/dam/a/bf5/e294bb01-e9c9-4d2f-84c2-a39d6b0e5bf5_462201_RETINA_LANDSCAPE_16_9.jpg,2026-09-17T20:02:24.295861+00:00,2026-09-20T22:44:05.336677+00:00
K8vZ9175nZV,Mannheim Steamroller Christmas,https://www.ticketmaster.com/mannheim-steamroller-christmas-tickets/artist/944139,KZFzniwnSyZfZ7v7nJ,Music,KnvZfZ7vAvn,New Age,KZazBEonSMnZfZ7vkav,New Age,57,https://s1.ticketm.net/dam/a/6ba/48487f5a-ab2b-4208-90bc-d3bbaf7696ba_1121721_RETINA_PORTRAIT_16_9.jpg,2026-09-17T20:02:23.393825+00:00,2026-09-20T22:44:04.466759+00:00
K8vZ917OJSf,MarcLo,https://www.ticketmaster.com/marclo-tickets/artist/4510259,KZFzniwnSyZfZ7v7nJ,Music,KnvZfZ7vAee,R&B,KZazBEonSMnZfZ7vkIt,R&B,24,https://s1.ticketm.net/dam/c/48b/2352e3b5-8496-496b-97a3-e605177e848b_105851_TABLET_LANDSCAPE_3_2.jpg,2026-09-17T20:02:20.370215+00:00,2026-09-20T22:44:03.417698+00:00
K8vZ9172PLV,Margaret Glaspy,https://www.ticketmaster.com/margaret-glaspy-tickets/artist/1708692,KZFzniwnSyZfZ7v7nJ,Music,KnvZfZ7vAeA,Rock,KZazBEonSMnZfZ7v6dt,Alternative Rock,15,https://s1.ticketm.net/dam/a/42f/81f9580d-8faf-4fa9-a3a7-1347f7cb942f_EVENT_DETAIL_PAGE_16_9.jpg,2026-09-17T20:02:20.370215+00:00,2026-09-20T22:44:03.417698+00:00
K8vZ917G9S7,Mariachi El Bronx,https://www.ticketmaster.com/mariachi-el-bronx-tickets/artist/76043,KZFzniwnSyZfZ7v7nJ,Music,KnvZfZ7vAeA,Rock,KZazBEonSMnZfZ7v6F1,Pop,19,https://s1.ticketm.net/dam/c/fbc/b293c0ad-c904-4215-bc59-8d7f2414dfbc_106141_TABLET_LANDSCAPE_LARGE_16_9.jpg,2026-09-17T20:02:19.435167+00:00,2026-09-20T22:44:02.205267+00:00
K8vZ917KxsV,Mariachi Nuevo Tecalitlan,https://www.ticketmaster.com/mariachi-nuevo-tecalitlan-tickets/artist/785913,KZFzniwnSyZfZ7v7nJ,Music,KnvZfZ7vAeF,World,KZazBEonSMnZfZ7vFdJ,Latin,9,https://s1.ticketm.net/dam/a/26d/08ffdcb8-62a5-430c-8770-f10a77bad26d_1648731_TABLET_LANDSCAPE_3_2.jpg,2026-09-17T20:02:17.499935+00:00,2026-09-20T22:44:00.359625+00:00
K8vZ9171JGV,Mariachi Vargas de Tecalitlán,https://www.ticketmaster.com/mariachi-vargas-de-tecalitlan-tickets/artist/755066,KZFzniwnSyZfZ7v7nJ,Music,KnvZfZ7vAeF,World,KZazBEonSMnZfZ7vFdJ,Latin,13,https://s1.ticketm.net/dam/a/022/ceb792a9-dd48-4829-bf2f-3036e79fd022_TABLET_LANDSCAPE_3_2.jpg,2026-09-17T20:02:17.499935+00:00,2026-09-20T22:44:00.359625+00:00
K8vZ9171OGf,Mark Farina,https://www.ticketmaster.com/mark-farina-tickets/artist/836585,KZFzniwnSyZfZ7v7nJ,Music,KnvZfZ7vAeA,Rock,KZazBEonSMnZfZ7v6F1,Pop,3,https://s1.ticketm.net/dam/a/426/bd962be1-8bc4-427a-9caa-961ab73d9426_364401_ARTIST_PAGE_3_2.jpg,2026-09-17T20:02:23.657248+00:00,2026-09-20T22:44:04.817229+00:00
K8vZ917GR17,Mass of the Fermenting Dregs,https://www.ticketmaster.com/mass-of-the-fermenting-dregs-tickets/artist/1478536,KZFzniwnSyZfZ7v7nJ,Music,KnvZfZ7vAeF,World,KZazBEonSMnZfZ7v6Jt,World,14,https://s1.ticketm.net/dam/a/25c/31170fb4-366b-4412-8d8f-0fa35f23d25c_EVENT_DETAIL_PAGE_16_9.jpg,2026-09-17T20:02:24.833960+00:00,2026-09-20T22:44:06.065368+00:00
K8vZ9175CR7,Mastodon,https://www.ticketmaster.com/mastodon-tickets/artist/842079,KZFzniwnSyZfZ7v7nJ,Music,KnvZfZ7vAeA,Rock,KZazBEonSMnZfZ7v6F1,Pop,27,https://s1.ticketm.net/dam/a/e95/539dec42-6e24-4d0d-bf3a-b84f6e381e95_TABLET_LANDSCAPE_LARGE_16_9.jpg,2026-09-17T20:02:19.435167+00:00,2026-09-20T22:44:02.205267+00:00
Z7r9jZa2wQ,Matroda,,KZFzniwnSyZfZ7v7nJ,Music,KnvZfZ7vAvl,Other,KZazBEonSMnZfZ7vk1I,Other,6,https://s1.ticketm.net/dam/c/060/c5c08e7a-9912-456c-a060-2758be94e060_105881_RETINA_LANDSCAPE_16_9.jpg,2026-09-17T20:02:19.682284+00:00,2026-09-20T22:44:02.588228+00:00
K8vZ917QghV,Matt Hansen,https://www.ticketmaster.com/matt-hansen-tickets/artist/2946672,KZFzniwnSyZfZ7v7nJ,Music,KnvZfZ7vAev,Pop,KZazBEonSMnZfZ7vk1t,Pop,31,https://s1.ticketm.net/dam/a/591/f30af519-7e2a-4687-909d-f2103fceb591_TABLET_LANDSCAPE_16_9.jpg,2026-09-17T20:02:23.393825+00:00,2026-09-20T22:44:04.466759+00:00
K8vZ9173Fa0,Matteo Lane,https://www.ticketmaster.com/matteo-lane-tickets/artist/1958301,KZFzniwnSyZfZ7v7na,Arts & Theatre,KnvZfZ7vAe1,Comedy,KZazBEonSMnZfZ7vF17,Comedy,16,https://s1.ticketm.net/dam/a/a2b/20f11114-437b-49c6-9222-a2e1063cda2b_RECOMENDATION_16_9.jpg,2026-09-17T20:02:18.739078+00:00,2026-09-20T22:44:01.382965+00:00
Z7r9jZ177kbx,Max Diaz,,KZFzniwnSyZfZ7v7nl,Undefined,,,,,3,https://s1.ticketm.net/dam/c/f51/ee785ed6-f806-4195-98f4-69f67e09df51_106201_RETINA_PORTRAIT_3_2.jpg,2026-09-17T20:02:19.435167+00:00,2026-09-20T22:44:02.205267+00:00
K8vZ917hkF7,Medium Build,https://www.ticketmaster.com/medium-build-tickets/artist/2974238,KZFzniwnSyZfZ7v7nJ,Music,KnvZfZ7vAvv,Alternative,KZazBEonSMnZfZ7vAde,Indie Rock,43,https://s1.ticketm.net/dam/a/705/0d5a5e8f-676c-4f24-bdd8-61a92e46f705_SOURCE,2026-09-17T20:02:19.435167+00:00,2026-09-20T22:44:02.205267+00:00
K8vZ917_daV,Meet Me @ The Altar,https://www.ticketmaster.com/meet-me-the-altar-tickets/artist/2765159,KZFzniwnSyZfZ7v7nJ,Music,KnvZfZ7vAeA,Rock,KZazBEonSMnZfZ7v6dt,Alternative Rock,11,https://s1.ticketm.net/dam/a/ccc/3dac5665-c141-4faf-aaae-044c8b9f0ccc_TABLET_LANDSCAPE_3_2.jpg,2026-09-17T20:02:19.435167+00:00,2026-09-20T22:44:02.205267+00:00
K8vZ917rzff,Meldrop,https://www.ticketmaster.com/meldrop-tickets/artist/4079204,KZFzniwnSyZfZ7v7nJ,Music,KnvZfZ7vAev,Pop,KZazBEonSMnZfZ7vkEk,Indie Pop,2,https://s1.ticketm.net/dam/a/a8d/87b2f6e1-b019-4860-8474-70e046a23a8d_EVENT_DETAIL_PAGE_16_9.jpg,2026-09-17T20:02:20.370215+00:00,2026-09-20T22:44:03.417698+00:00
K8vZ917qHhV,Melrose Avenue,https://www.ticketmaster.com/melrose-avenue-tickets/artist/3544349,KZFzniwnSyZfZ7v7nJ,Music,KnvZfZ7vAeA,Rock,KZazBEonSMnZfZ7v6da,Rock,42,https://s1.ticketm.net/dam/a/e5b/3f2f6724-62f8-4da3-b62b-765037f28e5b_RETINA_LANDSCAPE_16_9.jpg,2026-09-17T20:02:19.435167+00:00,2026-09-20T22:44:02.205267+00:00
K8vZ9179oNV,Melt,https://www.ticketmaster.com/melt-tickets/artist/2524673,KZFzniwnSyZfZ7v7nJ,Music,KnvZfZ7vAee,R&B,KZazBEonSMnZfZ7vknE,Soul,30,https://s1.ticketm.net/dam/a/1f0/25f41273-fd1a-4c36-ab83-08baa3eef1f0_EVENT_DETAIL_PAGE_16_9.jpg,2026-09-17T20:02:19.435167+00:00,2026-09-20T22:44:02.205267+00:00
K8vZ917GDo7,Melvin Seals and JGB,https://www.ticketmaster.com/melvin-seals-and-jgb-tickets/artist/1486227,KZFzniwnSyZfZ7v7nJ,Music,KnvZfZ7vAvE,Jazz,KZazBEonSMnZfZ7vkda,Jazz,10,https://s1.ticketm.net/dam/a/b3e/d8eaf417-43c6-4f52-92a2-f382c33b5b3e_SOURCE,2026-09-17T20:02:19.435167+00:00,2026-09-20T22:44:02.205267+00:00
K8vZ9175_R0,MercyMe,https://www.ticketmaster.com/mercyme-tickets/artist/873854,KZFzniwnSyZfZ7v7nJ,Music,KnvZfZ7vAe7,Religious,KZazBEonSMnZfZ7v6eA,Christian Rock,23,https://s1.ticketm.net/dam/a/85c/d68735d8-20db-4571-b244-d70cf5a3485c_285531_CUSTOM.jpg,2026-09-17T20:02:20.370215+00:00,2026-09-20T22:44:03.417698+00:00
Z7r9jZapP6,Messa,,KZFzniwnSyZfZ7v7nl,Undefined,,,,,5,https://s1.ticketm.net/dam/c/f51/ee785ed6-f806-4195-98f4-69f67e09df51_106201_RETINA_PORTRAIT_3_2.jpg,2026-09-17T20:02:18.739078+00:00,2026-09-20T22:44:01.382965+00:00
K8vZ91715-f,Metal Church,https://www.ticketmaster.com/metal-church-tickets/artist/914553,KZFzniwnSyZfZ7v7nJ,Music,KnvZfZ7vAvt,Metal,KZazBEonSMnZfZ7vkFd,Heavy Metal,8,https://s1.ticketm.net/dam/a/492/4bea4871-990c-4a3b-86af-90d06b9b4492_ARTIST_PAGE_3_2.jpg,2026-09-17T20:02:20.370215+00:00,2026-09-20T22:44:03.417698+00:00
K8vZ917C2tf,Metalachi,https://www.ticketmaster.com/metalachi-tickets/artist/1575006,KZFzniwnSyZfZ7v7nJ,Music,KnvZfZ7vAvt,Metal,KZazBEonSMnZfZ7vkFd,Heavy Metal,1,https://s1.ticketm.net/dam/a/16e/a7f7eef7-767c-4df1-a886-f604b880016e_TABLET_LANDSCAPE_LARGE_16_9.jpg,2026-09-17T20:02:20.370215+00:00,2026-09-20T22:44:03.417698+00:00
K8vZ9171Qif,Method Man,https://www.ticketmaster.com/method-man-tickets/artist/774573,KZFzniwnSyZfZ7v7nJ,Music,KnvZfZ7vAv1,Hip-Hop/Rap,KZazBEonSMnZfZ7vkdA,Urban,3,https://s1.ticketm.net/dam/c/80b/f3cd8d24-c3ae-4fa0-b4bc-1ba99f9b380b_106091_RETINA_LANDSCAPE_16_9.jpg,2026-09-17T20:02:19.435167+00:00,2026-09-20T22:44:02.205267+00:00
K8vZ917j9bf,Michael Marcagi,https://www.ticketmaster.com/michael-marcagi-tickets/artist/3110043,KZFzniwnSyZfZ7v7nJ,Music,KnvZfZ7vAvv,Alternative,KZazBEonSMnZfZ7vAvn,Alternative Rock,3,https://s1.ticketm.net/dam/a/41d/c4164928-a26c-447d-b5e2-24a327f6f41d_TABLET_LANDSCAPE_16_9.jpg,2026-09-17T20:02:19.435167+00:00,2026-09-20T22:44:02.205267+00:00
K8vZ9171fEV,Michael W. Smith,https://www.ticketmaster.com/michael-w-smith-tickets/artist/733607,KZFzniwnSyZfZ7v7nJ,Music,KnvZfZ7vAe7,Religious,KZazBEonSMnZfZ7v6ea,Gospel,18,https://s1.ticketm.net/dam/a/6fc/b3a68647-9583-4870-9799-b10f38a676fc_RECOMENDATION_16_9.jpg,2026-09-17T20:02:23.393825+00:00,2026-09-20T22:44:04.466759+00:00
K8vZ9171BM0,Michelle Branch,https://www.ticketmaster.com/michelle-branch-tickets/artist/807228,KZFzniwnSyZfZ7v7nJ,Music,KnvZfZ7vAeA,Rock,KZazBEonSMnZfZ7v6F1,Pop,35,https://s1.ticketm.net/dam/a/56d/9638c963-033e-415a-a69b-754e19edb56d_TABLET_LANDSCAPE_3_2.jpg,2026-09-17T20:02:18.739078+00:00,2026-09-20T22:44:05.336677+00:00
K8vZ917plY0,Michigander,https://www.ticketmaster.com/michigander-tickets/artist/2463428,KZFzniwnSyZfZ7v7nJ,Music,KnvZfZ7vAvv,Alternative,KZazBEonSMnZfZ7vAvn,Alternative Rock,29,https://s1.ticketm.net/dam/a/0ad/65c03fd1-1ff2-434b-9848-1f5126e880ad_CUSTOM.jpg,2026-09-17T20:02:18.739078+00:00,2026-09-20T22:44:01.382965+00:00
Z7r9jZap_d,Mickman,,KZFzniwnSyZfZ7v7nl,Undefined,,,,,1,https://s1.ticketm.net/dam/c/f51/ee785ed6-f806-4195-98f4-69f67e09df51_106201_RETINA_PORTRAIT_3_2.jpg,2026-09-17T20:02:19.435167+00:00,2026-09-20T22:44:02.205267+00:00
K8vZ917KAif,Microwave,https://www.ticketmaster.com/microwave-tickets/artist/2075684,KZFzniwnSyZfZ7v7nJ,Music,KnvZfZ7vAeA,Rock,KZazBEonSMnZfZ7v6F1,Pop,24,https://s1.ticketm.net/dam/a/344/bb49816d-0760-4ea6-8181-b9fb2a55d344_SOURCE,2026-09-17T20:02:19.435167+00:00,2026-09-20T22:44:02.205267+00:00
Z7r9jZa5YN,Midnight - Band,,KZFzniwnSyZfZ7v7nJ,Music,KnvZfZ7vAvl,Other,KZazBEonSMnZfZ7vk1I,Other,7,https://s1.ticketm.net/dam/c/060/c5c08e7a-9912-456c-a060-2758be94e060_105881_RETINA_LANDSCAPE_16_9.jpg,2026-09-17T20:02:20.370215+00:00,2026-09-20T22:44:03.417698+00:00
K8vZ9174BvV,Midnight Tyrannosaurus,https://www.ticketmaster.com/midnight-tyrannosaurus-tickets/artist/2357325,KZFzniwnSyZfZ7v7nJ,Music,KnvZfZ7vAvF,Dance/Electronic,KZazBEonSMnZfZ7vA1E,Dance/Electronic,2,https://s1.ticketm.net/dam/a/095/0ca28b20-e4c4-424a-9a4d-cd641e876095_RETINA_PORTRAIT_16_9.jpg,2026-09-17T20:02:19.435167+00:00,2026-09-20T22:44:02.205267+00:00
Z7r9jZabZ1,Midrift,,KZFzniwnSyZfZ7v7nl,Undefined,,,,,11,https://s1.ticketm.net/dam/c/f51/ee785ed6-f806-4195-98f4-69f67e09df51_106201_RETINA_PORTRAIT_3_2.jpg,2026-09-17T20:02:19.435167+00:00,2026-09-20T22:44:02.205267+00:00
K8vZ9179we0,Mild Minds,https://www.ticketmaster.com/mild-minds-tickets/artist/2585541,KZFzniwnSyZfZ7v7nJ,Music,KnvZfZ7vAvF,Dance/Electronic,KZazBEonSMnZfZ7vA1E,Dance/Electronic,2,https://s1.ticketm.net/dam/a/de4/c72288cc-a1c3-4949-a747-01f1dfb77de4_RECOMENDATION_16_9.jpg,2026-09-17T20:02:17.499935+00:00,2026-09-17T22:38:16.765581+00:00
K8vZ917_U4V,Militarie Gun,https://www.ticketmaster.com/militarie-gun-tickets/artist/2841939,KZFzniwnSyZfZ7v7nJ,Music,KnvZfZ7vAeA,Rock,KZazBEonSMnZfZ7v6a6,Punk,25,https://s1.ticketm.net/dam/a/b50/700af0a8-a581-4656-aece-0c62c95c5b50_RETINA_PORTRAIT_3_2.jpg,2026-09-17T20:02:18.739078+00:00,2026-09-20T22:44:01.382965+00:00
K8vZ917hFyV,Mind Enterprises,https://www.ticketmaster.com/mind-enterprises-tickets/artist/2975214,KZFzniwnSyZfZ7v7nJ,Music,KnvZfZ7vAvF,Dance/Electronic,KZazBEonSMnZfZ7vAJJ,Dance Pop,12,https://s1.ticketm.net/dam/a/780/1b41c7b5-0535-478a-b2e2-986692e3e780_EVENT_DETAIL_PAGE_16_9.jpg,2026-09-17T20:02:18.739078+00:00,2026-09-20T22:44:01.382965+00:00
Z7r9jZa2m3,Mindchatter,,KZFzniwnSyZfZ7v7nJ,Music,KnvZfZ7vAvl,Other,KZazBEonSMnZfZ7vk1I,Other,1,https://s1.ticketm.net/dam/c/060/c5c08e7a-9912-456c-a060-2758be94e060_105881_RETINA_LANDSCAPE_16_9.jpg,2026-09-17T20:02:17.499935+00:00,2026-09-20T22:44:00.359625+00:00
K8vZ917GmA0,Miss May I,https://www.ticketmaster.com/miss-may-i-tickets/artist/1299856,KZFzniwnSyZfZ7v7nJ,Music,KnvZfZ7vAeA,Rock,KZazBEonSMnZfZ7v6F1,Pop,13,https://s1.ticketm.net/dam/a/46d/9885aca3-e859-4908-9c88-0b05f4d7c46d_ARTIST_PAGE_3_2.jpg,2026-09-17T20:02:23.393825+00:00,2026-09-20T22:44:04.466759+00:00
K8vZ9174637,Missio,https://www.ticketmaster.com/missio-tickets/artist/2266598,KZFzniwnSyZfZ7v7nJ,Music,KnvZfZ7vAvv,Alternative,KZazBEonSMnZfZ7vAvJ,Alternative,39,https://s1.ticketm.net/dam/a/270/df3fcb4f-5271-4408-90fc-868a6521b270_SOURCE,2026-09-17T20:02:20.370215+00:00,2026-09-20T22:44:03.417698+00:00
K8vZ917ocef,Mohammed Assaf,https://www.ticketmaster.com/mohammed-assaf-tickets/artist/1913656,KZFzniwnSyZfZ7v7nJ,Music,KnvZfZ7vAeF,World,KZazBEonSMnZfZ7v6Jt,World,3,https://s1.ticketm.net/dam/a/450/b104839d-8f76-4c12-9d2a-8301a5ca3450_SOURCE,2026-09-17T20:02:20.370215+00:00,2026-09-20T22:44:03.417698+00:00
K8vZ91798A0,Mom Jeans,https://www.ticketmaster.com/mom-jeans-tickets/artist/2419024,KZFzniwnSyZfZ7v7nJ,Music,KnvZfZ7vAeA,Rock,KZazBEonSMnZfZ7v6AI,Emo,14,https://s1.ticketm.net/dam/a/5e7/226e1492-f104-4407-97d0-6d6a21af15e7_TABLET_LANDSCAPE_16_9.jpg,2026-09-17T20:02:19.435167+00:00,2026-09-20T22:44:02.205267+00:00
K8vZ917Kit0,Mon Laferte,https://www.ticketmaster.com/mon-laferte-tickets/artist/2144574,KZFzniwnSyZfZ7v7nJ,Music,KnvZfZ7vAev,Pop,KZazBEonSMnZfZ7vkEJ,Latin Pop,22,https://s1.ticketm.net/dam/a/2ca/a1771aa9-0c8d-40f3-9b91-f5a7064762ca_RECOMENDATION_16_9.jpg,2026-09-17T20:02:20.370215+00:00,2026-09-20T22:44:03.417698+00:00
K8vZ917hfg7,Mon Rovia,https://www.ticketmaster.com/mon-rovia-tickets/artist/3002668,KZFzniwnSyZfZ7v7nJ,Music,KnvZfZ7vAeA,Rock,KZazBEonSMnZfZ7v6kv,Folk Rock,15,https://s1.ticketm.net/dam/a/0e9/4c709423-a7c8-4fa8-8451-c5da26f700e9_CUSTOM.jpg,2026-09-17T20:02:18.739078+00:00,2026-09-20T22:44:01.382965+00:00
K8vZ9171XtV,Moonspell,https://www.ticketmaster.com/moonspell-tickets/artist/778127,KZFzniwnSyZfZ7v7nJ,Music,KnvZfZ7vAeA,Rock,KZazBEonSMnZfZ7v6dt,Alternative Rock,11,https://s1.ticketm.net/dam/c/fbc/b293c0ad-c904-4215-bc59-8d7f2414dfbc_106141_TABLET_LANDSCAPE_3_2.jpg,2026-09-17T20:02:19.435167+00:00,2026-09-20T22:44:02.205267+00:00
K8vZ917rxpf,Mother Soki,https://www.ticketmaster.com/mother-soki-tickets/artist/3889334,KZFzniwnSyZfZ7v7nJ,Music,KnvZfZ7vAvv,Alternative,KZazBEonSMnZfZ7vAdv,Indie Pop,5,https://s1.ticketm.net/dam/a/0f7/b246f794-4812-45ba-b637-629ccacd00f7_TABLET_LANDSCAPE_3_2.jpg,2026-09-17T20:02:17.499935+00:00,2026-09-17T22:38:16.765581+00:00
Z7r9jZa9Lq,Motifv,,KZFzniwnSyZfZ7v7nl,Undefined,,,,,1,https://s1.ticketm.net/dam/c/f51/ee785ed6-f806-4195-98f4-69f67e09df51_106201_RETINA_PORTRAIT_3_2.jpg,2026-09-17T20:02:17.499935+00:00,2026-09-20T22:44:00.359625+00:00
K8vZ917fJzf,Movements,https://www.ticketmaster.com/movements-tickets/artist/2230579,KZFzniwnSyZfZ7v7nJ,Music,KnvZfZ7vAeA,Rock,KZazBEonSMnZfZ7v6da,Rock,29,https://s1.ticketm.net/dam/a/be3/f809106f-d164-4f25-9bf8-1b4527c2bbe3_TABLET_LANDSCAPE_16_9.jpg,2026-09-17T20:02:19.435167+00:00,2026-09-20T22:44:02.205267+00:00
K8vZ917ppSf,Mozzy,https://www.ticketmaster.com/mozzy-tickets/artist/2258960,KZFzniwnSyZfZ7v7nJ,Music,KnvZfZ7vAv1,Hip-Hop/Rap,KZazBEonSMnZfZ7vkvl,Hip-Hop/Rap,13,https://s1.ticketm.net/dam/a/d29/e22b8a80-1071-480b-98d9-808d604fed29_RETINA_PORTRAIT_3_2.jpg,2026-09-17T20:02:18.739078+00:00,2026-09-20T22:44:01.382965+00:00
K8vZ917_Se7,Myron Elkins,https://www.ticketmaster.com/myron-elkins-tickets/artist/2836925,KZFzniwnSyZfZ7v7nJ,Music,KnvZfZ7vAv6,Country,KZazBEonSMnZfZ7vAFa,Country,1,https://s1.ticketm.net/dam/a/585/3192ccb5-92b7-46b0-b515-792d25c39585_EVENT_DETAIL_PAGE_16_9.jpg,2026-09-17T20:02:17.499935+00:00,2026-09-20T22:44:00.359625+00:00
K8vZ9173X00,Mystery Skulls,https://www.ticketmaster.com/mystery-skulls-tickets/artist/2059944,KZFzniwnSyZfZ7v7nJ,Music,KnvZfZ7vAeA,Rock,KZazBEonSMnZfZ7v6dt,Alternative Rock,15,https://s1.ticketm.net/dam/a/52b/e16d4cf6-6543-4413-9792-a24f85a5d52b_RETINA_PORTRAIT_3_2.jpg,2026-09-17T20:02:20.370215+00:00,2026-09-20T22:44:03.417698+00:00
K8vZ917j9Hf,NO CURE,https://www.ticketmaster.com/no-cure-tickets/artist/3110642,KZFzniwnSyZfZ7v7nJ,Music,KnvZfZ7vAvt,Metal,KZazBEonSMnZfZ7vk6E,Metal,12,https://s1.ticketm.net/dam/a/d14/9c0873c0-62ff-42ec-9315-4711b6e48d14_TABLET_LANDSCAPE_3_2.jpg,2026-09-17T20:02:20.370215+00:00,2026-09-20T22:44:03.417698+00:00
Z7r9jZaoZw,Na-Kel Smith,,KZFzniwnSyZfZ7v7nJ,Music,KnvZfZ7vAvl,Other,KZazBEonSMnZfZ7vk1I,Other,4,https://s1.ticketm.net/dam/c/060/c5c08e7a-9912-456c-a060-2758be94e060_105881_RETINA_LANDSCAPE_16_9.jpg,2026-09-17T20:02:18.739078+00:00,2026-09-20T22:44:01.382965+00:00
K8vZ917h4T0,Naethan Apollo,https://www.ticketmaster.com/naethan-apollo-tickets/artist/3009202,KZFzniwnSyZfZ7v7nJ,Music,KnvZfZ7vAv1,Hip-Hop/Rap,KZazBEonSMnZfZ7vkvl,Hip-Hop/Rap,1,https://s1.ticketm.net/dam/a/7b2/e47ff3db-3be6-4d59-8635-a7c2bf08b7b2_RETINA_PORTRAIT_3_2.jpg,2026-09-17T20:02:23.393825+00:00,2026-09-20T22:44:04.466759+00:00
K8vZ91739H0,Nahko And Medicine For The People,https://www.ticketmaster.com/nahko-and-medicine-for-the-people-tickets/artist/1962435,KZFzniwnSyZfZ7v7nJ,Music,KnvZfZ7vAeA,Rock,KZazBEonSMnZfZ7v6F1,Pop,10,https://s1.ticketm.net/dam/a/be2/1c756914-cebb-4e0d-b569-f440a0307be2_1309541_TABLET_LANDSCAPE_16_9.jpg,2026-09-17T20:02:18.739078+00:00,2026-09-20T22:44:01.382965+00:00
K8vZ917Lvkf,Natalie Nunn,https://www.ticketmaster.com/natalie-nunn-tickets/artist/4111364,KZFzniwnSyZfZ7v7nJ,Music,KnvZfZ7vAv1,Hip-Hop/Rap,KZazBEonSMnZfZ7vkvl,Hip-Hop/Rap,9,https://s1.ticketm.net/dam/a/fb8/c9ddbb53-1122-4825-961c-e468c1198fb8_RECOMENDATION_16_9.jpg,2026-09-17T20:02:18.739078+00:00,2026-09-20T22:44:01.382965+00:00
K8vZ917_rHf,Nate Bergman,https://www.ticketmaster.com/nate-bergman-tickets/artist/2808092,KZFzniwnSyZfZ7v7nJ,Music,KnvZfZ7vAeA,Rock,KZazBEonSMnZfZ7v6dt,Alternative Rock,5,https://s1.ticketm.net/dam/a/fc2/b9b19860-95c3-416f-aa37-b2782c349fc2_TABLET_LANDSCAPE_16_9.jpg,2026-09-17T20:02:19.435167+00:00,2026-09-20T22:44:02.205267+00:00
K8vZ917-Z17,Nathaniel Jamiel,https://www.ticketmaster.com/nathaniel-jamiel-tickets/artist/4573229,KZFzniwnSyZfZ7v7nJ,Music,KnvZfZ7vAeA,Rock,KZazBEonSMnZfZ7v6aA,Psychedelic,2,https://s1.ticketm.net/dam/a/461/a6c36aa8-0eec-4f30-b014-00ca6903c461_CUSTOM.jpg,2026-09-17T20:02:17.499935+00:00,2026-09-20T22:44:00.359625+00:00
K8vZ917fZ-0,Ne Obliviscaris,https://www.ticketmaster.com/ne-obliviscaris-tickets/artist/2175929,KZFzniwnSyZfZ7v7nJ,Music,KnvZfZ7vAvt,Metal,KZazBEonSMnZfZ7vk6E,Metal,24,https://s1.ticketm.net/dam/a/ac7/6376a5e0-221b-4ecf-8263-acb04ca02ac7_TABLET_LANDSCAPE_3_2.jpg,2026-09-17T20:02:20.370215+00:00,2026-09-20T22:44:03.417698+00:00
K8vZ917jnRf,Nep,https://www.ticketmaster.com/nep-tickets/artist/3142141,KZFzniwnSyZfZ7v7nJ,Music,KnvZfZ7vAev,Pop,KZazBEonSMnZfZ7vk1t,Pop,11,https://s1.ticketm.net/dam/a/b9b/bd4d8152-7c5f-4178-912e-60f3b1672b9b_RETINA_LANDSCAPE_16_9.jpg,2026-09-17T20:02:18.739078+00:00,2026-09-20T22:44:01.382965+00:00
K8vZ917O6iV,Netherwalker,https://www.ticketmaster.com/netherwalker-tickets/artist/4437994,KZFzniwnSyZfZ7v7nJ,Music,KnvZfZ7vAvt,Metal,KZazBEonSMnZfZ7vkFd,Heavy Metal,26,https://s1.ticketm.net/dam/a/1ff/fcbe6b6c-78ac-40ae-b864-f4964f89e1ff_ARTIST_PAGE_3_2.jpg,2026-09-17T20:02:23.393825+00:00,2026-09-20T22:44:04.466759+00:00
K8vZ917jmK7,Nevertel,https://www.ticketmaster.com/nevertel-tickets/artist/3149345,KZFzniwnSyZfZ7v7nJ,Music,KnvZfZ7vAvv,Alternative,KZazBEonSMnZfZ7vAvn,Alternative Rock,8,https://s1.ticketm.net/dam/a/63c/540aea3d-5d9c-4262-a104-04afa7b5b63c_RETINA_PORTRAIT_3_2.jpg,2026-09-17T20:02:17.499935+00:00,2026-09-20T22:44:00.359625+00:00
K8vZ917hpbV,New Constellations,https://www.ticketmaster.com/new-constellations-tickets/artist/3006667,KZFzniwnSyZfZ7v7nJ,Music,KnvZfZ7vAeA,Rock,KZazBEonSMnZfZ7v6F1,Pop,23,https://s1.ticketm.net/dam/a/7a7/29447d45-a7d2-4cf9-bb9b-b1b72c62a7a7_ARTIST_PAGE_3_2.jpg,2026-09-17T20:02:19.435167+00:00,2026-09-20T22:44:02.205267+00:00
K8vZ917q8NV,Ni/Co,https://www.ticketmaster.com/nico-tickets/artist/3307469,KZFzniwnSyZfZ7v7nJ,Music,KnvZfZ7vAev,Pop,KZazBEonSMnZfZ7vk1t,Pop,2,https://s1.ticketm.net/dam/a/d09/f5f1e41e-d970-401c-abb9-747adbbe8d09_CUSTOM.jpg,2026-09-17T20:02:19.435167+00:00,2026-09-20T22:44:02.205267+00:00
K8vZ9174OHV,Niall Horan,https://www.ticketmaster.com/niall-horan-tickets/artist/2297125,KZFzniwnSyZfZ7v7nJ,Music,KnvZfZ7vAeA,Rock,KZazBEonSMnZfZ7v6F1,Pop,70,https://s1.ticketm.net/dam/a/5d4/818b9126-1ba4-4e10-9f89-e7f34686a5d4_RECOMENDATION_16_9.jpg,2026-09-17T20:02:24.833960+00:00,2026-09-20T22:44:06.065368+00:00
K8vZ917bxlf,NieR: Orchestra Concert,https://www.ticketmaster.com/nier-orchestra-concert-tickets/artist/2693556,KZFzniwnSyZfZ7v7nJ,Music,KnvZfZ7vAvl,Other,KZazBEonSMnZfZ7vk1I,Other,8,https://s1.ticketm.net/dam/a/92a/dbc1ee3a-5189-4e0a-a9cb-d6577596b92a_1178411_CUSTOM.jpg,2026-09-17T20:02:20.370215+00:00,2026-09-20T22:44:03.417698+00:00
K8vZ917hyCf,Nigel Wearne,https://www.ticketmaster.com/nigel-wearne-tickets/artist/3074450,KZFzniwnSyZfZ7v7nJ,Music,KnvZfZ7vAvd,Blues,KZazBEonSMnZfZ7vAAd,Blues,1,https://s1.ticketm.net/dam/a/7ef/098e2039-0378-451d-9607-f10bac7997ef_TABLET_LANDSCAPE_3_2.jpg,2026-09-17T20:02:17.499935+00:00,2026-09-20T22:44:00.359625+00:00
Z7r9jZauPs,Night Verses,,KZFzniwnSyZfZ7v7nJ,Music,KnvZfZ7vAvl,Other,KZazBEonSMnZfZ7vk1I,Other,15,https://s1.ticketm.net/dam/c/060/c5c08e7a-9912-456c-a060-2758be94e060_105881_RETINA_LANDSCAPE_16_9.jpg,2026-09-17T20:02:19.435167+00:00,2026-09-20T22:44:02.205267+00:00
Z7r9jZaKJk,Niis,,KZFzniwnSyZfZ7v7nl,Undefined,,,,,11,https://s1.ticketm.net/dam/c/f51/ee785ed6-f806-4195-98f4-69f67e09df51_106201_RETINA_PORTRAIT_3_2.jpg,2026-09-17T20:02:19.435167+00:00,2026-09-20T22:44:02.205267+00:00
Z7r9jZ177tkA,Nikademis,,KZFzniwnSyZfZ7v7nl,Undefined,,,,,1,https://s1.ticketm.net/dam/c/8cf/a6653880-7899-4f67-8067-1f95f4d158cf_124761_TABLET_LANDSCAPE_16_9.jpg,2026-09-17T20:02:24.038892+00:00,2026-09-20T22:44:05.080653+00:00
K8vZ917uwA7,Nikki Glaser,https://www.ticketmaster.com/nikki-glaser-tickets/artist/1536543,KZFzniwnSyZfZ7v7na,Arts & Theatre,KnvZfZ7vAe1,Comedy,KZazBEonSMnZfZ7vF17,Comedy,36,https://s1.ticketm.net/dam/a/aa7/8d4eeca4-892c-4aa1-a2d1-f7e9032f6aa7_TABLET_LANDSCAPE_3_2.jpg,2026-09-17T20:02:19.435167+00:00,2026-09-20T22:44:02.205267+00:00
Z7r9jZapkU,Nitepunk,,KZFzniwnSyZfZ7v7nl,Undefined,,,,,1,https://s1.ticketm.net/dam/c/f51/ee785ed6-f806-4195-98f4-69f67e09df51_106201_RETINA_PORTRAIT_3_2.jpg,2026-09-17T20:02:20.773471+00:00,2026-09-20T22:44:03.900761+00:00
K8vZ9174VAf,Noah Cyrus,https://www.ticketmaster.com/noah-cyrus-tickets/artist/2341504,KZFzniwnSyZfZ7v7nJ,Music,KnvZfZ7vAeA,Rock,KZazBEonSMnZfZ7v6F1,Pop,2,https://s1.ticketm.net/dam/a/f4e/4ac7b59d-b4fe-4314-bf8b-0e9bb2bbbf4e_ARTIST_PAGE_3_2.jpg,2026-09-17T20:02:18.739078+00:00,2026-09-20T22:44:01.382965+00:00
K8vZ9174WF0,Nobro,https://www.ticketmaster.com/nobro-tickets/artist/2365083,KZFzniwnSyZfZ7v7nJ,Music,KnvZfZ7vAeA,Rock,KZazBEonSMnZfZ7v6F1,Pop,5,https://s1.ticketm.net/dam/a/96d/fcbd046f-a9e0-4478-8759-4801a04d296d_RECOMENDATION_16_9.jpg,2026-09-17T20:02:20.370215+00:00,2026-09-20T22:44:03.417698+00:00
K8vZ917j3R7,Noeline Hofmann,https://www.ticketmaster.com/noeline-hofmann-tickets/artist/3100280,KZFzniwnSyZfZ7v7nJ,Music,KnvZfZ7vAv6,Country,KZazBEonSMnZfZ7vAFa,Country,7,https://s1.ticketm.net/dam/a/958/9542ee90-1017-46b2-9973-2a0785ce8958_CUSTOM.jpg,2026-09-17T20:02:19.435167+00:00,2026-09-20T22:44:02.205267+00:00
K8vZ917oXa7,Nothing But Thieves,https://www.ticketmaster.com/nothing-but-thieves-tickets/artist/1939994,KZFzniwnSyZfZ7v7nJ,Music,KnvZfZ7vAeA,Rock,KZazBEonSMnZfZ7v6F1,Pop,35,https://s1.ticketm.net/dam/a/434/6c97c7ee-f145-4391-8509-a68733397434_TABLET_LANDSCAPE_16_9.jpg,2026-09-17T20:02:24.505358+00:00,2026-09-20T22:44:05.657178+00:00
Z7r9jZaooD,Nova Twins,,KZFzniwnSyZfZ7v7nJ,Music,KnvZfZ7vAvl,Other,KZazBEonSMnZfZ7vk1I,Other,3,https://s1.ticketm.net/dam/c/060/c5c08e7a-9912-456c-a060-2758be94e060_105881_RETINA_LANDSCAPE_16_9.jpg,2026-09-17T20:02:19.435167+00:00,2026-09-20T22:44:02.205267+00:00
K8vZ917hsvV,Oblé Reed,https://www.ticketmaster.com/oble-reed-tickets/artist/3062788,KZFzniwnSyZfZ7v7nJ,Music,KnvZfZ7vAv1,Hip-Hop/Rap,KZazBEonSMnZfZ7vkvl,Hip-Hop/Rap,3,https://s1.ticketm.net/dam/c/80b/f3cd8d24-c3ae-4fa0-b4bc-1ba99f9b380b_106091_RETINA_LANDSCAPE_16_9.jpg,2026-09-17T20:02:18.739078+00:00,2026-09-20T22:44:01.382965+00:00
K8vZ917jjw7,Ocean Sleeper,https://www.ticketmaster.com/ocean-sleeper-tickets/artist/3118636,KZFzniwnSyZfZ7v7nJ,Music,KnvZfZ7vAvv,Alternative,KZazBEonSMnZfZ7vAde,Indie Rock,14,https://s1.ticketm.net/dam/a/a6c/86e229d8-6286-4d71-b614-33aef3bf7a6c_SOURCE,2026-09-17T20:02:17.499935+00:00,2026-09-20T22:44:00.359625+00:00
K8vZ917QD-f,Odd Mob,https://www.ticketmaster.com/odd-mob-tickets/artist/2955297,KZFzniwnSyZfZ7v7nJ,Music,KnvZfZ7vAvF,Dance/Electronic,KZazBEonSMnZfZ7vA1E,Dance/Electronic,10,https://s1.ticketm.net/dam/a/7eb/b1586d70-a4b4-4084-bbe2-1f2841eae7eb_RETINA_PORTRAIT_16_9.jpg,2026-09-17T20:02:19.435167+00:00,2026-09-20T22:44:02.205267+00:00
K8vZpauLTe,Oleka,https://www.ticketmaster.com/oleka-tickets/artist/4581157,KZFzniwnSyZfZ7v7nJ,Music,KnvZfZ7vAvv,Alternative,KZazBEonSMnZfZ7vAdv,Indie Pop,4,https://s1.ticketm.net/dam/c/797/5e693c26-2881-4776-8f0c-3aa94bfa3797_106511_RETINA_PORTRAIT_16_9.jpg,2026-09-17T20:02:20.370215+00:00,2026-09-20T22:44:03.417698+00:00
K8vZ917hCKf,Olive Klug,https://www.ticketmaster.com/olive-klug-tickets/artist/2955794,KZFzniwnSyZfZ7v7nJ,Music,KnvZfZ7vAva,Folk,KZazBEonSMnZfZ7vAlv,Contemporary Folk,2,https://s1.ticketm.net/dam/a/cd1/e78be2c4-cc0f-4df9-bb4b-f38612c11cd1_RETINA_LANDSCAPE_16_9.jpg,2026-09-17T20:02:20.370215+00:00,2026-09-20T22:44:03.417698+00:00
K8vZ917pP5V,Oliver Hazard,https://www.ticketmaster.com/oliver-hazard-tickets/artist/2452722,KZFzniwnSyZfZ7v7nJ,Music,KnvZfZ7vAva,Folk,KZazBEonSMnZfZ7vAnF,Alternative Folk,6,https://s1.ticketm.net/dam/a/0be/ae249f88-aca5-4987-9c6a-6c5163ffa0be_CUSTOM.jpg,2026-09-17T20:02:23.393825+00:00,2026-09-20T22:44:04.466759+00:00
K8vZ9173JpV,Oliver Heldens,https://www.ticketmaster.com/oliver-heldens-tickets/artist/2008528,KZFzniwnSyZfZ7v7nJ,Music,KnvZfZ7vAvF,Dance/Electronic,KZazBEonSMnZfZ7vAJ1,Club Dance,2,https://s1.ticketm.net/dam/a/a57/53ff22a0-199b-42a4-9021-2e48d0e6fa57_262771_TABLET_LANDSCAPE_3_2.jpg,2026-09-17T20:02:20.370215+00:00,2026-09-20T22:44:03.417698+00:00
K8vZ917uMQ7,One Trick Pony,https://www.ticketmaster.com/one-trick-pony-tickets/artist/1543487,KZFzniwnSyZfZ7v7nJ,Music,KnvZfZ7vAva,Folk,KZazBEonSMnZfZ7vAn7,Folk,1,https://s1.ticketm.net/dam/c/779/d4bc7e11-1b50-4aa4-a2be-0a21569f5779_106531_RETINA_PORTRAIT_3_2.jpg,2026-09-17T20:02:20.773471+00:00,2026-09-20T22:44:03.900761+00:00
K8vZ917_6u7,Orbit Culture,https://www.ticketmaster.com/orbit-culture-tickets/artist/2769121,KZFzniwnSyZfZ7v7nJ,Music,KnvZfZ7vAvt,Metal,KZazBEonSMnZfZ7vk6t,Death Metal/Black Metal,24,https://s1.ticketm.net/dam/a/01e/dea702b9-8e7f-402e-a0e3-9b1c0d94501e_RETINA_PORTRAIT_3_2.jpg,2026-09-17T20:02:23.393825+00:00,2026-09-20T22:44:04.466759+00:00
K8vZ917OVZ7,Ordh,https://www.ticketmaster.com/ordh-tickets/artist/4537594,KZFzniwnSyZfZ7v7nJ,Music,KnvZfZ7vAvt,Metal,KZazBEonSMnZfZ7vk6t,Death Metal/Black Metal,2,https://s1.ticketm.net/dam/c/e7c/86478562-7218-4e8f-b9d4-8080fe168e7c_105581_RECOMENDATION_16_9.jpg,2026-09-17T20:02:17.499935+00:00,2026-09-17T22:38:16.765581+00:00
K8vZ9179fwV,Orville Peck,https://www.ticketmaster.com/orville-peck-tickets/artist/2532151,KZFzniwnSyZfZ7v7nJ,Music,KnvZfZ7vAv6,Country,KZazBEonSMnZfZ7vAF1,Alternative Country,22,https://s1.ticketm.net/dam/a/4da/8a560086-9fb3-4792-b8a1-f1ed67b054da_TABLET_LANDSCAPE_16_9.jpg,2026-09-17T20:02:20.370215+00:00,2026-09-20T22:44:03.417698+00:00
K8vZ917Gt8f,Osees,https://www.ticketmaster.com/osees-tickets/artist/1294937,KZFzniwnSyZfZ7v7nJ,Music,KnvZfZ7vAeA,Rock,KZazBEonSMnZfZ7v6F1,Pop,17,https://s1.ticketm.net/dam/a/817/f604dc3c-e5a6-4dbc-9223-74ba475dc817_TABLET_LANDSCAPE_16_9.jpg,2026-09-17T20:02:18.739078+00:00,2026-09-20T22:44:01.382965+00:00
K8vZ9175KoV,Oteil Burbridge,https://www.ticketmaster.com/oteil-burbridge-tickets/artist/863804,KZFzniwnSyZfZ7v7nJ,Music,KnvZfZ7vAeA,Rock,KZazBEonSMnZfZ7v6F1,Pop,12,https://s1.ticketm.net/dam/a/163/d2c904a5-5bed-467b-b372-7cfad5fcb163_RETINA_PORTRAIT_3_2.jpg,2026-09-17T20:02:20.370215+00:00,2026-09-20T22:44:03.417698+00:00
K8vZ917uwE0,Ott,https://www.ticketmaster.com/ott-tickets/artist/716986,KZFzniwnSyZfZ7v7nJ,Music,KnvZfZ7vAeA,Rock,KZazBEonSMnZfZ7v6F1,Pop,2,https://s1.ticketm.net/dam/c/fbc/b293c0ad-c904-4215-bc59-8d7f2414dfbc_106141_EVENT_DETAIL_PAGE_16_9.jpg,2026-09-17T20:02:19.435167+00:00,2026-09-20T22:44:02.205267+00:00
K8vZ91719-0,Our Lady Peace,https://www.ticketmaster.com/our-lady-peace-tickets/artist/778298,KZFzniwnSyZfZ7v7nJ,Music,KnvZfZ7vAeA,Rock,KZazBEonSMnZfZ7v6dt,Alternative Rock,12,https://s1.ticketm.net/dam/a/be1/31019f77-0f2c-496f-836a-5cc770f54be1_SOURCE,2026-09-17T20:02:18.739078+00:00,2026-09-20T22:44:01.382965+00:00
Z7r9jZ177x-P,Ours Samplus,,KZFzniwnSyZfZ7v7nl,Undefined,,,,,1,https://s1.ticketm.net/dam/c/8cf/a6653880-7899-4f67-8067-1f95f4d158cf_124761_RECOMENDATION_16_9.jpg,2026-09-17T20:02:19.435167+00:00,2026-09-20T22:44:02.205267+00:00
K8vZ917CL3V,PJ Morton,https://www.ticketmaster.com/pj-morton-tickets/artist/1596520,KZFzniwnSyZfZ7v7nJ,Music,KnvZfZ7vAee,R&B,KZazBEonSMnZfZ7vkIt,R&B,13,https://s1.ticketm.net/dam/a/c8d/498ca90e-b76e-4db8-a00d-127e62d6ac8d_SOURCE,2026-09-17T20:02:20.370215+00:00,2026-09-20T22:44:03.417698+00:00
K8vZ917rdR7,PRESIDENT,https://www.ticketmaster.com/president-tickets/artist/3603134,KZFzniwnSyZfZ7v7nJ,Music,KnvZfZ7vAvv,Alternative,KZazBEonSMnZfZ7vAvn,Alternative Rock,35,https://s1.ticketm.net/dam/a/3c5/a7c763e1-3fc7-4c39-bb3f-767df43f63c5_ARTIST_PAGE_3_2.jpg,2026-09-17T20:02:17.499935+00:00,2026-09-20T22:44:00.359625+00:00
K8vZ917hcdf,Pain Of Truth,https://www.ticketmaster.com/pain-of-truth-tickets/artist/3054454,KZFzniwnSyZfZ7v7nJ,Music,KnvZfZ7vAvt,Metal,KZazBEonSMnZfZ7vkFd,Heavy Metal,12,https://s1.ticketm.net/dam/a/c02/d44313c1-1e13-4c7f-ae94-54fde7bcac02_RETINA_PORTRAIT_16_9.jpg,2026-09-17T20:02:19.435167+00:00,2026-09-20T22:44:02.205267+00:00
K8vZ917KbJV,Palace,https://www.ticketmaster.com/palace-tickets/artist/2114070,KZFzniwnSyZfZ7v7nJ,Music,KnvZfZ7vAeA,Rock,KZazBEonSMnZfZ7v6dt,Alternative Rock,26,https://s1.ticketm.net/dam/a/b3d/efbf1e8c-4fa1-4f06-90b7-1f4ddeb62b3d_CUSTOM.jpg,2026-09-17T20:02:19.435167+00:00,2026-09-20T22:44:02.205267+00:00
K8vZ917hL9V,Paleface Swiss,https://www.ticketmaster.com/paleface-swiss-tickets/artist/3032966,KZFzniwnSyZfZ7v7nJ,Music,KnvZfZ7vAvt,Metal,KZazBEonSMnZfZ7vk6E,Metal,14,https://s1.ticketm.net/dam/a/c92/384b9607-16a3-4e62-b481-8a67c8a4ac92_RETINA_PORTRAIT_3_2.jpg,2026-09-17T20:02:18.739078+00:00,2026-09-20T22:44:01.382965+00:00
Z7r9jZa4UU,Paleface Swiss,,KZFzniwnSyZfZ7v7nl,Undefined,,,,,1,https://s1.ticketm.net/dam/c/f51/ee785ed6-f806-4195-98f4-69f67e09df51_106201_RETINA_PORTRAIT_3_2.jpg,2026-09-17T20:02:18.739078+00:00,2026-09-20T22:44:01.382965+00:00
K8vZ9172gvf,Pallbearer,https://www.ticketmaster.com/pallbearer-tickets/artist/1734357,KZFzniwnSyZfZ7v7nJ,Music,KnvZfZ7vAvt,Metal,KZazBEonSMnZfZ7vkFd,Heavy Metal,3,https://s1.ticketm.net/dam/a/a03/60252be4-c9e1-478b-ae85-44ce97f62a03_RECOMENDATION_16_9.jpg,2026-09-17T20:02:17.499935+00:00,2026-09-17T22:38:16.765581+00:00
Z7r9jZ177_Gt,Paper Wings,,KZFzniwnSyZfZ7v7nl,Undefined,,,,,7,https://s1.ticketm.net/dam/c/f51/ee785ed6-f806-4195-98f4-69f67e09df51_106201_RETINA_PORTRAIT_3_2.jpg,2026-09-17T20:02:19.435167+00:00,2026-09-20T22:44:02.205267+00:00
Z7r9jZ177Ov_,Passengers Unknown,,KZFzniwnSyZfZ7v7nl,Undefined,,,,,6,https://s1.ticketm.net/dam/c/f51/ee785ed6-f806-4195-98f4-69f67e09df51_106201_RETINA_PORTRAIT_3_2.jpg,2026-09-17T20:02:18.739078+00:00,2026-09-20T22:44:01.382965+00:00
K8vZ9172Xdf,Patrick Droney,https://www.ticketmaster.com/patrick-droney-tickets/artist/1748842,KZFzniwnSyZfZ7v7nJ,Music,KnvZfZ7vAev,Pop,KZazBEonSMnZfZ7vk1t,Pop,11,https://s1.ticketm.net/dam/a/1fe/d47a4e70-fd25-4a2f-ab32-3abd1dc9a1fe_ARTIST_PAGE_3_2.jpg,2026-09-17T20:02:19.435167+00:00,2026-09-20T22:44:02.205267+00:00
K8vZ917K270,Paul Cauthen,https://www.ticketmaster.com/paul-cauthen-tickets/artist/2094294,KZFzniwnSyZfZ7v7nJ,Music,KnvZfZ7vAeA,Rock,KZazBEonSMnZfZ7v6dt,Alternative Rock,31,https://s1.ticketm.net/dam/a/8e8/db979100-7f18-45e7-b941-ea2ce647b8e8_EVENT_DETAIL_PAGE_16_9.jpg,2026-09-17T20:02:18.739078+00:00,2026-09-20T22:44:01.382965+00:00
Z7r9jZ177K3v,Paul Schalda,,KZFzniwnSyZfZ7v7nl,Undefined,,,,,4,https://s1.ticketm.net/dam/c/f51/ee785ed6-f806-4195-98f4-69f67e09df51_106201_RETINA_PORTRAIT_3_2.jpg,2026-09-17T20:02:17.499935+00:00,2026-09-20T22:44:01.382965+00:00
K8vZ9171pC0,Pedro Fernández,https://www.ticketmaster.com/pedro-fernandez-tickets/artist/750158,KZFzniwnSyZfZ7v7nJ,Music,KnvZfZ7vAeF,World,KZazBEonSMnZfZ7vFdJ,Latin,17,https://s1.ticketm.net/dam/a/58e/c4307fa6-8d53-4c29-9f64-3ee62bcc558e_TABLET_LANDSCAPE_16_9.jpg,2026-09-17T20:02:20.370215+00:00,2026-09-20T22:44:03.417698+00:00
K8vZ917GA9V,Pendulum,https://www.ticketmaster.com/pendulum-tickets/artist/1200783,KZFzniwnSyZfZ7v7nJ,Music,KnvZfZ7vAvF,Dance/Electronic,KZazBEonSMnZfZ7vAJ1,Club Dance,4,https://s1.ticketm.net/dam/a/688/a8ed6c4a-659d-4dcd-b6ec-f11e89cc4688_RECOMENDATION_16_9.jpg,2026-09-17T20:02:18.739078+00:00,2026-09-20T22:44:01.382965+00:00
K8vZ917u1I7,Periphery,https://www.ticketmaster.com/periphery-tickets/artist/1498978,KZFzniwnSyZfZ7v7nJ,Music,KnvZfZ7vAeA,Rock,KZazBEonSMnZfZ7v6dt,Alternative Rock,24,https://s1.ticketm.net/dam/a/d9b/330d6d55-fc37-46ac-b875-0e17346f4d9b_TABLET_LANDSCAPE_16_9.jpg,2026-09-17T20:02:20.370215+00:00,2026-09-20T22:44:03.417698+00:00
K8vZ917jmEV,Pertinence,https://www.ticketmaster.com/pertinence-tickets/artist/3151264,KZFzniwnSyZfZ7v7nJ,Music,KnvZfZ7vAv1,Hip-Hop/Rap,KZazBEonSMnZfZ7vkvl,Hip-Hop/Rap,10,https://s1.ticketm.net/dam/a/c93/acc36f8f-500f-4c3c-aa6d-bfd776f03c93_RETINA_PORTRAIT_16_9.jpg,2026-09-17T20:02:18.739078+00:00,2026-09-20T22:44:01.382965+00:00
K8vZ917uw57,Peter Oyloe,https://www.ticketmaster.com/peter-oyloe-tickets/artist/1536584,KZFzniwnSyZfZ7v7nJ,Music,KnvZfZ7vAeA,Rock,KZazBEonSMnZfZ7v6F1,Pop,3,https://s1.ticketm.net/dam/c/fbc/b293c0ad-c904-4215-bc59-8d7f2414dfbc_106141_EVENT_DETAIL_PAGE_16_9.jpg,2026-09-17T20:02:24.833960+00:00,2026-09-20T22:44:06.065368+00:00
K8vZ917GeR7,Peter and the Wolf,https://www.ticketmaster.com/peter-and-the-wolf-tickets/artist/1408822,KZFzniwnSyZfZ7v7nJ,Music,KnvZfZ7vAeA,Rock,KZazBEonSMnZfZ7v6F1,Pop,1,https://s1.ticketm.net/dam/c/fbc/b293c0ad-c904-4215-bc59-8d7f2414dfbc_106141_EVENT_DETAIL_PAGE_16_9.jpg,2026-09-17T20:02:24.038892+00:00,2026-09-20T22:44:05.080653+00:00
K8vZ917qVV0,Peysoh,https://www.ticketmaster.com/peysoh-tickets/artist/3265064,KZFzniwnSyZfZ7v7nJ,Music,KnvZfZ7vAv1,Hip-Hop/Rap,KZazBEonSMnZfZ7vkvl,Hip-Hop/Rap,3,https://s1.ticketm.net/dam/a/97f/efde9227-03a3-4060-a648-e33ced9e697f_ARTIST_PAGE_3_2.jpg,2026-09-17T20:02:17.499935+00:00,2026-09-17T22:38:16.765581+00:00
K8vZ917_Ns0,Peytan Porter,https://www.ticketmaster.com/peytan-porter-tickets/artist/2815016,KZFzniwnSyZfZ7v7nJ,Music,KnvZfZ7vAv6,Country,KZazBEonSMnZfZ7vAFa,Country,1,https://s1.ticketm.net/dam/a/6a4/be8d5168-dd18-4dd7-8057-b9fac06056a4_1562621_TABLET_LANDSCAPE_16_9.jpg,2026-09-20T22:44:00.359625+00:00,2026-09-20T22:44:00.359625+00:00
K8vZ917KN9V,Phoebe Bridgers,https://www.ticketmaster.com/phoebe-bridgers-tickets/artist/2133305,KZFzniwnSyZfZ7v7nJ,Music,KnvZfZ7vAeA,Rock,KZazBEonSMnZfZ7v6dt,Alternative Rock,41,https://s1.ticketm.net/dam/a/8bf/03985c53-fb10-4d38-ab4f-662df14e78bf_TABLET_LANDSCAPE_16_9.jpg,2026-09-17T20:02:19.435167+00:00,2026-09-20T22:44:02.205267+00:00
K8vZ9175EmV,Pig Destroyer,https://www.ticketmaster.com/pig-destroyer-tickets/artist/712967,KZFzniwnSyZfZ7v7nJ,Music,KnvZfZ7vAeA,Rock,KZazBEonSMnZfZ7v6F1,Pop,5,https://s1.ticketm.net/dam/a/33e/0364ca32-166a-4aba-becf-030435ab833e_RETINA_PORTRAIT_3_2.jpg,2026-09-17T20:02:23.393825+00:00,2026-09-20T22:44:04.466759+00:00
K8vZ917Ce9f,Pigeons Playing Ping Pong,https://www.ticketmaster.com/pigeons-playing-ping-pong-tickets/artist/1556409,KZFzniwnSyZfZ7v7nJ,Music,KnvZfZ7vAeA,Rock,KZazBEonSMnZfZ7v6F1,Pop,24,https://s1.ticketm.net/dam/a/19c/5f548e33-38fb-4bf6-b6e8-5bab8ff5119c_RETINA_PORTRAIT_3_2.jpg,2026-09-17T20:02:20.370215+00:00,2026-09-20T22:44:03.417698+00:00
K8vZ917hQy7,Pink Lady Monster,https://www.ticketmaster.com/pink-lady-monster-tickets/artist/3018759,KZFzniwnSyZfZ7v7nJ,Music,KnvZfZ7vAvv,Alternative,KZazBEonSMnZfZ7vAvn,Alternative Rock,1,https://s1.ticketm.net/dam/c/f50/96fa13be-e395-429b-8558-a51bb9054f50_105951_TABLET_LANDSCAPE_LARGE_16_9.jpg,2026-09-17T20:02:19.435167+00:00,2026-09-20T22:44:02.205267+00:00
K8vZ91752V7,Pink Martini,https://www.ticketmaster.com/pink-martini-tickets/artist/798389,KZFzniwnSyZfZ7v7nJ,Music,KnvZfZ7vAeA,Rock,KZazBEonSMnZfZ7v6F1,Pop,28,https://s1.ticketm.net/dam/a/31b/65d9b311-0a83-4d05-ad73-d8eec105431b_CUSTOM.jpg,2026-09-17T20:02:24.295861+00:00,2026-09-20T22:44:05.336677+00:00
K8vZ917rUWf,Pinknoise,https://www.ticketmaster.com/pinknoise-tickets/artist/4068169,KZFzniwnSyZfZ7v7nJ,Music,KnvZfZ7vAeA,Rock,KZazBEonSMnZfZ7v66A,Indie Rock,3,https://s1.ticketm.net/dam/c/fbc/b293c0ad-c904-4215-bc59-8d7f2414dfbc_106141_EVENT_DETAIL_PAGE_16_9.jpg,2026-09-17T20:02:18.739078+00:00,2026-09-20T22:44:01.382965+00:00
K8vZ917Qtd7,Platinum Moon,https://www.ticketmaster.com/platinum-moon-tickets/artist/2915826,KZFzniwnSyZfZ7v7nJ,Music,KnvZfZ7vAeA,Rock,KZazBEonSMnZfZ7v6F1,Pop,3,https://s1.ticketm.net/dam/c/fbc/b293c0ad-c904-4215-bc59-8d7f2414dfbc_106141_EVENT_DETAIL_PAGE_16_9.jpg,2026-09-17T20:02:19.435167+00:00,2026-09-20T22:44:02.205267+00:00
K8vZ917jxA7,Playn for Keeps,https://www.ticketmaster.com/playn-for-keeps-tickets/artist/3129615,KZFzniwnSyZfZ7v7nJ,Music,KnvZfZ7vAvt,Metal,KZazBEonSMnZfZ7vk6E,Metal,1,https://s1.ticketm.net/dam/c/e7c/86478562-7218-4e8f-b9d4-8080fe168e7c_105581_TABLET_LANDSCAPE_16_9.jpg,2026-09-17T20:02:20.773471+00:00,2026-09-20T22:44:03.900761+00:00
K8vZ917f8Jf,Plini,https://www.ticketmaster.com/plini-tickets/artist/2200526,KZFzniwnSyZfZ7v7nJ,Music,KnvZfZ7vAvv,Alternative,KZazBEonSMnZfZ7vAvn,Alternative Rock,24,https://s1.ticketm.net/dam/a/6d2/64cfb21b-5033-4e19-a0fd-bf2e287736d2_RETINA_LANDSCAPE_16_9.jpg,2026-09-17T20:02:19.435167+00:00,2026-09-20T22:44:02.205267+00:00
K8vZ917u8xf,Pokey LaFarge,https://www.ticketmaster.com/pokey-lafarge-tickets/artist/1501826,KZFzniwnSyZfZ7v7nJ,Music,KnvZfZ7vAeA,Rock,KZazBEonSMnZfZ7v6dt,Alternative Rock,15,https://s1.ticketm.net/dam/a/70f/57e9aee4-4a16-4048-92fb-0fec72c3370f_SOURCE,2026-09-17T20:02:23.393825+00:00,2026-09-20T22:44:04.466759+00:00
K8vZ9173RN0,Polyphia,https://www.ticketmaster.com/polyphia-tickets/artist/2026502,KZFzniwnSyZfZ7v7nJ,Music,KnvZfZ7vAeA,Rock,KZazBEonSMnZfZ7v6dt,Alternative Rock,60,https://s1.ticketm.net/dam/a/d0c/4429459a-7a75-4e95-899b-955fa0bded0c_TABLET_LANDSCAPE_LARGE_16_9.jpg,2026-09-17T20:02:24.038892+00:00,2026-09-20T22:44:05.080653+00:00
K8vZ917GSuV,Pop Evil,https://www.ticketmaster.com/pop-evil-tickets/artist/1314394,KZFzniwnSyZfZ7v7nJ,Music,KnvZfZ7vAeA,Rock,KZazBEonSMnZfZ7v6dt,Alternative Rock,42,https://s1.ticketm.net/dam/a/1c2/f7288e55-4147-4e8b-9bc7-a5d3ed2861c2_RETINA_PORTRAIT_16_9.jpg,2026-09-17T20:02:20.370215+00:00,2026-09-20T22:44:03.417698+00:00
K8vZ917rk8V,Porch Light,https://www.ticketmaster.com/porch-light-tickets/artist/3624112,KZFzniwnSyZfZ7v7nJ,Music,KnvZfZ7vAvv,Alternative,KZazBEonSMnZfZ7vAde,Indie Rock,17,https://s1.ticketm.net/dam/a/b75/f27ab00c-11c2-4501-8996-d8349f67bb75_RETINA_PORTRAIT_3_2.jpg,2026-09-17T20:02:18.739078+00:00,2026-09-20T22:44:01.382965+00:00
Z7r9jZa2ny,Post Sex Nachos,,KZFzniwnSyZfZ7v7nJ,Music,KnvZfZ7vAvl,Other,KZazBEonSMnZfZ7vk1I,Other,16,https://s1.ticketm.net/dam/c/060/c5c08e7a-9912-456c-a060-2758be94e060_105881_RETINA_LANDSCAPE_16_9.jpg,2026-09-17T20:02:19.435167+00:00,2026-09-20T22:44:02.205267+00:00
K8vZ917u_4V,Pouya,https://www.ticketmaster.com/pouya-tickets/artist/1509178,KZFzniwnSyZfZ7v7nJ,Music,KnvZfZ7vAv1,Hip-Hop/Rap,KZazBEonSMnZfZ7vkvl,Hip-Hop/Rap,53,https://s1.ticketm.net/dam/a/9fd/12d38709-d7b1-4f7b-9a55-a583f16c99fd_EVENT_DETAIL_PAGE_16_9.jpg,2026-09-17T20:02:18.739078+00:00,2026-09-20T22:44:01.382965+00:00
K8vZ9173it7,Prayers,https://www.ticketmaster.com/prayers-tickets/artist/799849,KZFzniwnSyZfZ7v7nJ,Music,KnvZfZ7vAeA,Rock,KZazBEonSMnZfZ7v6F1,Pop,1,https://s1.ticketm.net/dam/c/fbc/b293c0ad-c904-4215-bc59-8d7f2414dfbc_106141_EVENT_DETAIL_PAGE_16_9.jpg,2026-09-17T20:02:20.773471+00:00,2026-09-20T22:44:03.900761+00:00
Z7r9jZaarQ,Prayers,,KZFzniwnSyZfZ7v7nJ,Music,KnvZfZ7vAvl,Other,KZazBEonSMnZfZ7vk1I,Other,14,https://s1.ticketm.net/dam/c/060/c5c08e7a-9912-456c-a060-2758be94e060_105881_RETINA_LANDSCAPE_16_9.jpg,2026-09-17T20:02:20.773471+00:00,2026-09-20T22:44:03.900761+00:00
Z7r9jZa5RH,Primitive Man,,KZFzniwnSyZfZ7v7nJ,Music,KnvZfZ7vAvl,Other,KZazBEonSMnZfZ7vk1I,Other,6,https://s1.ticketm.net/dam/c/060/c5c08e7a-9912-456c-a060-2758be94e060_105881_RETINA_LANDSCAPE_16_9.jpg,2026-09-17T20:02:20.773471+00:00,2026-09-20T22:44:03.900761+00:00
K8vZ917ph0f,Prince Daddy & the Hyena,https://www.ticketmaster.com/prince-daddy-the-hyena-tickets/artist/2428525,KZFzniwnSyZfZ7v7nJ,Music,KnvZfZ7vAvv,Alternative,KZazBEonSMnZfZ7vAvE,Adult Alternative Pop/Rock,12,https://s1.ticketm.net/dam/a/e5c/da64314c-fd7c-4d1c-8baa-65d955255e5c_SOURCE,2026-09-17T20:02:19.682284+00:00,2026-09-20T22:44:02.588228+00:00
K8vZ917ooQ7,Professor Brian Cox,https://www.ticketmaster.com/professor-brian-cox-tickets/artist/1872539,KZFzniwnSyZfZ7v7n1,Miscellaneous,KnvZfZ7vAJe,Lecture/Seminar,KZazBEonSMnZfZ7vaat,Lecture/Seminar,81,https://s1.ticketm.net/dam/a/56a/3e8efeec-66d8-48f1-87e7-6d05e91b956a_SOURCE,2026-09-17T20:02:23.657248+00:00,2026-09-20T22:44:04.817229+00:00
K8vZ9179Hz0,Prospa,https://www.ticketmaster.com/prospa-tickets/artist/2612755,KZFzniwnSyZfZ7v7nJ,Music,KnvZfZ7vAvF,Dance/Electronic,KZazBEonSMnZfZ7vA1E,Dance/Electronic,7,https://s1.ticketm.net/dam/a/f41/f822c4e4-b665-418d-9f1f-a86f78ebef41_EVENT_DETAIL_PAGE_16_9.jpg,2026-09-17T20:02:17.499935+00:00,2026-09-20T22:44:00.359625+00:00
K8vZ917rCU7,Prostitute,https://www.ticketmaster.com/prostitute-tickets/artist/3728804,KZFzniwnSyZfZ7v7nJ,Music,KnvZfZ7vAvv,Alternative,KZazBEonSMnZfZ7vAvn,Alternative Rock,20,https://s1.ticketm.net/dam/a/bed/b0aa9bf4-4d51-4225-a8b0-c33c35f20bed_TABLET_LANDSCAPE_3_2.jpg,2026-09-17T20:02:18.739078+00:00,2026-09-20T22:44:01.382965+00:00
K8vZ917hQH7,Public Opinion,https://www.ticketmaster.com/public-opinion-tickets/artist/3018977,KZFzniwnSyZfZ7v7nJ,Music,KnvZfZ7vAvv,Alternative,KZazBEonSMnZfZ7vAvn,Alternative Rock,1,https://s1.ticketm.net/dam/c/f50/96fa13be-e395-429b-8558-a51bb9054f50_105951_TABLET_LANDSCAPE_LARGE_16_9.jpg,2026-09-17T20:02:20.370215+00:00,2026-09-20T22:44:03.417698+00:00
K8vZ917qSf0,Public Works,https://www.ticketmaster.com/public-works-tickets/artist/3454299,KZFzniwnSyZfZ7v7nJ,Music,KnvZfZ7vAvv,Alternative,KZazBEonSMnZfZ7vAvJ,Alternative,2,https://s1.ticketm.net/dam/a/5ac/b672a176-47cf-41cd-8f0a-38ab2bc155ac_RECOMENDATION_16_9.jpg,2026-09-17T20:02:18.739078+00:00,2026-09-20T22:44:01.382965+00:00
Z7r9jZ177aj0,Public Works,,KZFzniwnSyZfZ7v7nl,Undefined,,,,,1,https://s1.ticketm.net/dam/c/f51/ee785ed6-f806-4195-98f4-69f67e09df51_106201_RETINA_PORTRAIT_3_2.jpg,2026-09-17T20:02:18.739078+00:00,2026-09-20T22:44:01.382965+00:00
K8vZ917poh0,Puma Blue,https://www.ticketmaster.com/puma-blue-tickets/artist/2410438,KZFzniwnSyZfZ7v7nJ,Music,KnvZfZ7vAvv,Alternative,KZazBEonSMnZfZ7vAvE,Adult Alternative Pop/Rock,3,https://s1.ticketm.net/dam/a/44c/c02989ba-797f-4b6d-abc8-3afed40b944c_RETINA_LANDSCAPE_16_9.jpg,2026-09-17T20:02:20.370215+00:00,2026-09-20T22:44:03.417698+00:00
K8vZ917GFf7,Punch Brothers,https://www.ticketmaster.com/punch-brothers-tickets/artist/1221113,KZFzniwnSyZfZ7v7nJ,Music,KnvZfZ7vAv6,Country,KZazBEonSMnZfZ7vAFI,Bluegrass,24,https://s1.ticketm.net/dam/a/36c/347f74d5-8432-410a-a40f-b0dbfae0b36c_TABLET_LANDSCAPE_3_2.jpg,2026-09-17T20:02:19.435167+00:00,2026-09-20T22:44:02.205267+00:00
K8vZ917qMW7,Pure Hex,https://www.ticketmaster.com/pure-hex-tickets/artist/3449609,KZFzniwnSyZfZ7v7nJ,Music,KnvZfZ7vAvv,Alternative,KZazBEonSMnZfZ7vAvn,Alternative Rock,2,https://s1.ticketm.net/dam/a/d6a/f2faf980-4ed3-410e-92b5-4070e6ab0d6a_TABLET_LANDSCAPE_16_9.jpg,2026-09-17T20:02:20.370215+00:00,2026-09-20T22:44:03.417698+00:00
K8vZ917bbsf,Purple Disco Machine,https://www.ticketmaster.com/purple-disco-machine-tickets/artist/2166523,KZFzniwnSyZfZ7v7nJ,Music,KnvZfZ7vAvF,Dance/Electronic,KZazBEonSMnZfZ7vA1E,Dance/Electronic,3,https://s1.ticketm.net/dam/a/35a/ddb58ce5-b242-466c-80ac-9ae31880535a_TABLET_LANDSCAPE_LARGE_16_9.jpg,2026-09-17T20:02:17.499935+00:00,2026-09-20T22:44:00.359625+00:00
K8vZ917QRyf,Quadeca,https://www.ticketmaster.com/quadeca-tickets/artist/2637766,KZFzniwnSyZfZ7v7nJ,Music,KnvZfZ7vAv1,Hip-Hop/Rap,KZazBEonSMnZfZ7vkvl,Hip-Hop/Rap,15,https://s1.ticketm.net/dam/a/107/99e46ca9-e7f7-46b6-a3cb-2043cdc9d107_SOURCE,2026-09-17T20:02:20.370215+00:00,2026-09-20T22:44:03.417698+00:00
K8vZ917Kvt7,RAYE,https://www.ticketmaster.com/raye-tickets/artist/2065089,KZFzniwnSyZfZ7v7nJ,Music,KnvZfZ7vAev,Pop,KZazBEonSMnZfZ7vk1t,Pop,18,https://s1.ticketm.net/dam/a/c78/4efffd75-0b32-44b3-b094-3b4c1ac45c78_TABLET_LANDSCAPE_LARGE_16_9.jpg,2026-09-17T20:02:17.499935+00:00,2026-09-20T22:44:00.359625+00:00
Z7r9jZa9mG,RIO KOSTA,,KZFzniwnSyZfZ7v7nl,Undefined,,,,,4,https://s1.ticketm.net/dam/c/f51/ee785ed6-f806-4195-98f4-69f67e09df51_106201_RETINA_PORTRAIT_3_2.jpg,2026-09-17T20:02:17.975980+00:00,2026-09-20T22:44:00.359625+00:00
K8vZ917qSBf,RJ Pasin,https://www.ticketmaster.com/rj-pasin-tickets/artist/3449239,KZFzniwnSyZfZ7v7nJ,Music,KnvZfZ7vAvt,Metal,KZazBEonSMnZfZ7vkFd,Heavy Metal,50,https://s1.ticketm.net/dam/a/152/aa2e182a-6560-44a6-a404-79f2d7e32152_SOURCE,2026-09-17T20:02:24.038892+00:00,2026-09-20T22:44:05.080653+00:00
K8vZ917184V,RUSH,https://www.ticketmaster.com/rush-tickets/artist/807344,KZFzniwnSyZfZ7v7nJ,Music,KnvZfZ7vAeA,Rock,KZazBEonSMnZfZ7v6da,Rock,63,https://s1.ticketm.net/dam/a/6bd/c02199ad-8d22-4668-8973-f400d85826bd_TABLET_LANDSCAPE_16_9.jpg,2026-09-17T20:02:18.739078+00:00,2026-09-20T22:44:01.382965+00:00
K8vZ917rFfV,Rabbitology,https://www.ticketmaster.com/rabbitology-tickets/artist/3655359,KZFzniwnSyZfZ7v7nJ,Music,KnvZfZ7vAva,Folk,KZazBEonSMnZfZ7vAnF,Alternative Folk,5,https://s1.ticketm.net/dam/c/779/d4bc7e11-1b50-4aa4-a2be-0a21569f5779_106531_TABLET_LANDSCAPE_3_2.jpg,2026-09-17T20:02:18.739078+00:00,2026-09-20T22:44:01.382965+00:00
K8vZ9179iX7,Rachel Chinouriri,https://www.ticketmaster.com/rachel-chinouriri-tickets/artist/2575247,KZFzniwnSyZfZ7v7nJ,Music,KnvZfZ7vAvv,Alternative,KZazBEonSMnZfZ7vAdv,Indie Pop,9,https://s1.ticketm.net/dam/a/feb/1529c732-e122-4264-a9a5-c2b48b71cfeb_ARTIST_PAGE_3_2.jpg,2026-09-17T20:02:23.393825+00:00,2026-09-20T22:44:04.466759+00:00
K8vZ917fqi0,Rain City Drive,https://www.ticketmaster.com/rain-city-drive-tickets/artist/2219048,KZFzniwnSyZfZ7v7nJ,Music,KnvZfZ7vAeA,Rock,KZazBEonSMnZfZ7v6F1,Pop,27,https://s1.ticketm.net/dam/a/abe/081bd011-950e-48bb-bf23-922c99608abe_RETINA_PORTRAIT_3_2.jpg,2026-09-17T20:02:18.739078+00:00,2026-09-20T22:44:01.382965+00:00
K8vZ917bkn0,Ramirez,https://www.ticketmaster.com/ramirez-tickets/artist/2568796,KZFzniwnSyZfZ7v7nJ,Music,KnvZfZ7vAv1,Hip-Hop/Rap,KZazBEonSMnZfZ7vkvl,Hip-Hop/Rap,42,https://s1.ticketm.net/dam/a/368/fa86d016-04ed-4d73-80d5-53cfbaabd368_EVENT_DETAIL_PAGE_16_9.jpg,2026-09-17T20:02:18.739078+00:00,2026-09-20T22:44:01.382965+00:00
Z7r9jZa8u_,Ramirez,,KZFzniwnSyZfZ7v7nJ,Music,KnvZfZ7vAvl,Other,KZazBEonSMnZfZ7vk1I,Other,41,https://s1.ticketm.net/dam/c/060/c5c08e7a-9912-456c-a060-2758be94e060_105881_RETINA_LANDSCAPE_16_9.jpg,2026-09-17T20:02:18.739078+00:00,2026-09-20T22:44:01.382965+00:00
K8vZ917uk8V,Random Rab,https://www.ticketmaster.com/random-rab-tickets/artist/1495501,KZFzniwnSyZfZ7v7nJ,Music,KnvZfZ7vAvF,Dance/Electronic,KZazBEonSMnZfZ7vAJ1,Club Dance,2,https://s1.ticketm.net/dam/a/2a2/e62c7ca2-8ddd-4a31-bb2d-595d66e9b2a2_RECOMENDATION_16_9.jpg,2026-09-17T20:02:19.435167+00:00,2026-09-20T22:44:02.205267+00:00
K8vZ917GniV,Randy Rogers Band,https://www.ticketmaster.com/randy-rogers-band-tickets/artist/980802,KZFzniwnSyZfZ7v7nJ,Music,KnvZfZ7vAv6,Country,KZazBEonSMnZfZ7vAFa,Country,2,https://s1.ticketm.net/dam/a/caf/43c2e7ac-c497-4277-938d-2d3a92447caf_EVENT_DETAIL_PAGE_16_9.jpg,2026-09-17T20:02:18.739078+00:00,2026-09-20T22:44:01.382965+00:00
K8vZ917p5tf,Rawayana,https://www.ticketmaster.com/rawayana-tickets/artist/2334749,KZFzniwnSyZfZ7v7nJ,Music,KnvZfZ7vAev,Pop,KZazBEonSMnZfZ7vk1t,Pop,26,https://s1.ticketm.net/dam/a/316/525f0ed8-7730-4797-90a5-01b1c4c21316_CUSTOM.jpg,2026-09-17T20:02:19.435167+00:00,2026-09-20T22:44:02.205267+00:00
Z7r9jZa3VM,Raye,,KZFzniwnSyZfZ7v7nl,Undefined,,,,,2,https://s1.ticketm.net/dam/c/f51/ee785ed6-f806-4195-98f4-69f67e09df51_106201_RETINA_PORTRAIT_3_2.jpg,2026-09-17T20:02:17.499935+00:00,2026-09-20T22:44:00.359625+00:00
K8vZ9178Z_7,Rebecca Black,https://www.ticketmaster.com/rebecca-black-tickets/artist/1750702,KZFzniwnSyZfZ7v7nJ,Music,KnvZfZ7vAeA,Rock,KZazBEonSMnZfZ7v6F1,Pop,24,https://s1.ticketm.net/dam/a/a0c/16fb1c8d-79e1-42f9-befe-47d34d68ba0c_EVENT_DETAIL_PAGE_16_9.jpg,2026-09-17T20:02:19.435167+00:00,2026-09-20T22:44:02.205267+00:00
K8vZ917_xX0,Reggaeton Rave,https://www.ticketmaster.com/reggaeton-rave-tickets/artist/2815007,KZFzniwnSyZfZ7v7nJ,Music,KnvZfZ7vAvF,Dance/Electronic,KZazBEonSMnZfZ7vA1E,Dance/Electronic,5,https://s1.ticketm.net/dam/a/bf7/69698309-be3e-43a5-95ac-c161f19a7bf7_1499091_RETINA_LANDSCAPE_16_9.jpg,2026-09-17T20:02:18.739078+00:00,2026-09-20T22:44:01.382965+00:00
K8vZ917KAw0,Remain & Sustain,https://www.ticketmaster.com/remain-sustain-tickets/artist/2076135,KZFzniwnSyZfZ7v7nJ,Music,KnvZfZ7vAeA,Rock,KZazBEonSMnZfZ7v6a6,Punk,1,https://s1.ticketm.net/dam/c/fbc/b293c0ad-c904-4215-bc59-8d7f2414dfbc_106141_TABLET_LANDSCAPE_LARGE_16_9.jpg,2026-09-17T20:02:20.773471+00:00,2026-09-20T22:44:03.900761+00:00
K8vZ917qDF7,Reprise,https://www.ticketmaster.com/reprise-tickets/artist/3533994,KZFzniwnSyZfZ7v7nJ,Music,KnvZfZ7vAvl,Other,KZazBEonSMnZfZ7vk1I,Other,7,https://s1.ticketm.net/dam/a/1fb/c1640e04-2ef4-41a1-8caf-6d1061d2b1fb_RETINA_LANDSCAPE_16_9.jpg,2026-09-17T20:02:23.393825+00:00,2026-09-20T22:44:04.466759+00:00
Z7r9jZa4jg,Resonant Language,,KZFzniwnSyZfZ7v7nl,Undefined,,,,,1,https://s1.ticketm.net/dam/c/f51/ee785ed6-f806-4195-98f4-69f67e09df51_106201_RETINA_PORTRAIT_3_2.jpg,2026-09-17T20:02:19.435167+00:00,2026-09-20T22:44:02.205267+00:00
K8vZ917jwJ7,Restricted,https://www.ticketmaster.com/restricted-tickets/artist/3161933,KZFzniwnSyZfZ7v7nJ,Music,KnvZfZ7vAvF,Dance/Electronic,KZazBEonSMnZfZ7vA1E,Dance/Electronic,4,https://s1.ticketm.net/dam/a/e18/f7b8a8f7-5e53-4d0f-b5d3-ad25de65de18_SOURCE,2026-09-17T20:02:20.370215+00:00,2026-09-20T22:44:03.417698+00:00
K8vZ917rO9f,Rewind Tour,https://www.ticketmaster.com/rewind-tour-tickets/artist/2882926,KZFzniwnSyZfZ7v7nJ,Music,KnvZfZ7vAev,Pop,KZazBEonSMnZfZ7vk1t,Pop,1,https://s1.ticketm.net/dam/a/b04/f1d851d2-dbc2-4d35-879d-5403020c9b04_TABLET_LANDSCAPE_LARGE_16_9.jpg,2026-09-17T20:02:18.739078+00:00,2026-09-20T22:44:01.382965+00:00
K8vZ9179Rkf,Reyna Tropical,https://www.ticketmaster.com/reyna-tropical-tickets/artist/2577750,KZFzniwnSyZfZ7v7nJ,Music,KnvZfZ7vAeF,World,KZazBEonSMnZfZ7vFdJ,Latin,5,https://s1.ticketm.net/dam/c/548/5fefbd1c-973b-4b0e-9b2e-d78e4ce37548_106111_RETINA_PORTRAIT_3_2.jpg,2026-09-17T20:02:20.370215+00:00,2026-09-20T22:44:03.417698+00:00
K8vZ91720QV,Rhapsody of Fire,https://www.ticketmaster.com/rhapsody-of-fire-tickets/artist/1705284,KZFzniwnSyZfZ7v7nJ,Music,KnvZfZ7vAvt,Metal,KZazBEonSMnZfZ7vkFd,Heavy Metal,29,https://s1.ticketm.net/dam/a/9ea/f695c011-c381-4aa8-b299-e8307f01a9ea_RETINA_PORTRAIT_16_9.jpg,2026-09-17T20:02:23.393825+00:00,2026-09-20T22:44:04.466759+00:00
Z7r9jZauiX,Rickshaw Billie's Burger Patrol,,KZFzniwnSyZfZ7v7nJ,Music,KnvZfZ7vAvl,Other,KZazBEonSMnZfZ7vk1I,Other,3,https://s1.ticketm.net/dam/c/060/c5c08e7a-9912-456c-a060-2758be94e060_105881_RETINA_LANDSCAPE_16_9.jpg,2026-09-17T20:02:19.435167+00:00,2026-09-20T22:44:02.205267+00:00
K8vZ917LJ67,Rico Ace,https://www.ticketmaster.com/rico-ace-tickets/artist/4331274,KZFzniwnSyZfZ7v7nJ,Music,KnvZfZ7vAv1,Hip-Hop/Rap,KZazBEonSMnZfZ7vkvl,Hip-Hop/Rap,27,https://s1.ticketm.net/dam/c/80b/f3cd8d24-c3ae-4fa0-b4bc-1ba99f9b380b_106091_ARTIST_PAGE_3_2.jpg,2026-09-17T20:02:17.975980+00:00,2026-09-20T22:44:00.359625+00:00
K8vZ9172MOV,Ripe,https://www.ticketmaster.com/ripe-tickets/artist/782563,KZFzniwnSyZfZ7v7nJ,Music,KnvZfZ7vAeA,Rock,KZazBEonSMnZfZ7v6F1,Pop,23,https://s1.ticketm.net/dam/a/7aa/2f21c5af-711a-41da-bb63-62c55e6e37aa_TABLET_LANDSCAPE_16_9.jpg,2026-09-17T20:02:24.038892+00:00,2026-09-20T22:44:05.080653+00:00
K8vZ9171zy0,Rise Against,https://www.ticketmaster.com/rise-against-tickets/artist/853603,KZFzniwnSyZfZ7v7nJ,Music,KnvZfZ7vAeA,Rock,KZazBEonSMnZfZ7v6dt,Alternative Rock,35,https://s1.ticketm.net/dam/a/17b/a5a15547-24d6-4e54-9636-7950de77b17b_TABLET_LANDSCAPE_LARGE_16_9.jpg,2026-09-17T20:02:18.739078+00:00,2026-09-20T22:44:01.382965+00:00
K8vZ917oKk0,Rivals,https://www.ticketmaster.com/rivals-tickets/artist/1875290,KZFzniwnSyZfZ7v7nJ,Music,KnvZfZ7vAeA,Rock,KZazBEonSMnZfZ7v6a6,Punk,11,https://s1.ticketm.net/dam/a/efc/8b78be34-ec0a-4e9b-81b1-00c44099cefc_EVENT_DETAIL_PAGE_16_9.jpg,2026-09-17T20:02:17.499935+00:00,2026-09-20T22:44:00.359625+00:00
K8vZ9172OdV,Rivers of Nihil,https://www.ticketmaster.com/rivers-of-nihil-tickets/artist/1698675,KZFzniwnSyZfZ7v7nJ,Music,KnvZfZ7vAvt,Metal,KZazBEonSMnZfZ7vkFd,Heavy Metal,15,https://s1.ticketm.net/dam/a/bae/72d5ee75-4623-4411-9aeb-791422135bae_RECOMENDATION_16_9.jpg,2026-09-17T20:02:17.499935+00:00,2026-09-20T22:44:00.359625+00:00
K8vZ9171Km0,Robert Earl Keen,https://www.ticketmaster.com/robert-earl-keen-tickets/artist/769840,KZFzniwnSyZfZ7v7nJ,Music,KnvZfZ7vAv6,Country,KZazBEonSMnZfZ7vAFa,Country,5,https://s1.ticketm.net/dam/a/d12/4ccbce5b-9d33-43ad-9da4-d33fe89e5d12_TABLET_LANDSCAPE_LARGE_16_9.jpg,2026-09-17T20:02:23.393825+00:00,2026-09-20T22:44:04.466759+00:00
K8vZ91712lf,Robert Plant,https://www.ticketmaster.com/robert-plant-tickets/artist/735867,KZFzniwnSyZfZ7v7nJ,Music,KnvZfZ7vAeA,Rock,KZazBEonSMnZfZ7v6F1,Pop,14,https://s1.ticketm.net/dam/a/68a/ccfdd1a1-51ca-451c-9ab2-ff3865e1168a_RETINA_LANDSCAPE_16_9.jpg,2026-09-17T20:02:17.499935+00:00,2026-09-20T22:44:00.359625+00:00
K8vZ917bARV,Robert Plant presents Saving Grace,https://www.ticketmaster.com/robert-plant-presents-saving-grace-tickets/artist/2640841,KZFzniwnSyZfZ7v7nJ,Music,KnvZfZ7vAeA,Rock,KZazBEonSMnZfZ7v6da,Rock,14,https://s1.ticketm.net/dam/a/acd/7bec1188-6490-4c5c-857a-e910f970aacd_SOURCE,2026-09-17T20:02:17.499935+00:00,2026-09-20T22:44:00.359625+00:00
K8vZ917GHBf,Roberto Tapia,https://www.ticketmaster.com/roberto-tapia-tickets/artist/1487370,KZFzniwnSyZfZ7v7nJ,Music,KnvZfZ7vAeF,World,KZazBEonSMnZfZ7vFdJ,Latin,3,https://s1.ticketm.net/dam/a/4d5/c3f83104-fb95-413b-b78c-6d5c075204d5_5991_TABLET_LANDSCAPE_16_9.jpg,2026-09-17T20:02:18.739078+00:00,2026-09-20T22:44:01.382965+00:00
K8vZ917135f,Rod Stewart,https://www.ticketmaster.com/rod-stewart-tickets/artist/736200,KZFzniwnSyZfZ7v7nJ,Music,KnvZfZ7vAeA,Rock,KZazBEonSMnZfZ7v6F1,Pop,6,https://s1.ticketm.net/dam/a/615/c9d1f714-57de-4e29-9d62-cb403420d615_786331_ARTIST_PAGE_3_2.jpg,2026-09-17T20:02:25.769070+00:00,2026-09-17T22:38:23.821929+00:00
K8vZ9172J0V,Roger Clyne and the Peacemakers,https://www.ticketmaster.com/roger-clyne-and-the-peacemakers-tickets/artist/898286,KZFzniwnSyZfZ7v7nJ,Music,KnvZfZ7vAeA,Rock,KZazBEonSMnZfZ7v6F1,Pop,8,https://s1.ticketm.net/dam/c/fbc/b293c0ad-c904-4215-bc59-8d7f2414dfbc_106141_EVENT_DETAIL_PAGE_16_9.jpg,2026-09-17T20:02:18.739078+00:00,2026-09-20T22:44:01.382965+00:00
Z7r9jZao8E,Rosie Flores,,KZFzniwnSyZfZ7v7nJ,Music,KnvZfZ7vAvl,Other,KZazBEonSMnZfZ7vk1I,Other,7,https://s1.ticketm.net/dam/c/060/c5c08e7a-9912-456c-a060-2758be94e060_105881_RETINA_LANDSCAPE_16_9.jpg,2026-09-17T20:02:17.499935+00:00,2026-09-20T22:44:00.359625+00:00
K8vZ9171bdf,Rufus Wainwright,https://www.ticketmaster.com/rufus-wainwright-tickets/artist/779510,KZFzniwnSyZfZ7v7nJ,Music,KnvZfZ7vAeA,Rock,KZazBEonSMnZfZ7v6F1,Pop,4,https://s1.ticketm.net/dam/a/7bf/85ad25a3-b276-498f-b38f-452650fb47bf_CUSTOM.jpg,2026-09-17T20:02:18.739078+00:00,2026-09-20T22:44:01.382965+00:00
K8vZ917h_Ef,Rum Jungle,https://www.ticketmaster.com/rum-jungle-tickets/artist/3016056,KZFzniwnSyZfZ7v7nJ,Music,KnvZfZ7vAeA,Rock,KZazBEonSMnZfZ7v6F1,Pop,9,https://s1.ticketm.net/dam/a/8f6/6a5dd588-c58b-4fd6-aefa-e138584618f6_SOURCE,2026-09-17T20:02:17.499935+00:00,2026-09-20T22:44:00.359625+00:00
K8vZ917GQQf,Russian Circles,https://www.ticketmaster.com/russian-circles-tickets/artist/1085530,KZFzniwnSyZfZ7v7nJ,Music,KnvZfZ7vAeA,Rock,KZazBEonSMnZfZ7v6dt,Alternative Rock,20,https://s1.ticketm.net/dam/a/48d/c8242ed7-1b99-4f28-a99e-b52c9968e48d_TABLET_LANDSCAPE_LARGE_16_9.jpg,2026-09-17T20:02:20.773471+00:00,2026-09-20T22:44:03.900761+00:00
K8vZ917CyYf,Ryan Beatty,https://www.ticketmaster.com/ryan-beatty-tickets/artist/1636147,KZFzniwnSyZfZ7v7nJ,Music,KnvZfZ7vAeA,Rock,KZazBEonSMnZfZ7v6F1,Pop,28,https://s1.ticketm.net/dam/a/6d0/69299123-0fd4-4fdb-b0a5-a566f5dd16d0_TABLET_LANDSCAPE_3_2.jpg,2026-09-17T20:02:17.499935+00:00,2026-09-17T22:38:16.765581+00:00
K8vZ917Q4fV,Ryan Castro,https://www.ticketmaster.com/ryan-castro-tickets/artist/2872202,KZFzniwnSyZfZ7v7nJ,Music,KnvZfZ7vAv1,Hip-Hop/Rap,KZazBEonSMnZfZ7vkeJ,Latin Rap,7,https://s1.ticketm.net/dam/a/24e/a5343dcf-0d0d-4483-aaf0-dd7efd22e24e_RETINA_LANDSCAPE_16_9.jpg,2026-09-17T20:02:18.739078+00:00,2026-09-20T22:44:01.382965+00:00
K8vZ917rpkf,Røz,https://www.ticketmaster.com/rz-tickets/artist/3781034,KZFzniwnSyZfZ7v7nJ,Music,KnvZfZ7vAvF,Dance/Electronic,KZazBEonSMnZfZ7vA1E,Dance/Electronic,18,https://s1.ticketm.net/dam/a/403/ddb22a4e-4f6d-4eaa-8292-d6801d596403_RECOMENDATION_16_9.jpg,2026-09-17T20:02:20.370215+00:00,2026-09-20T22:44:03.417698+00:00
K8vZ917hOy7,SABAI,https://www.ticketmaster.com/sabai-tickets/artist/3036326,KZFzniwnSyZfZ7v7nJ,Music,KnvZfZ7vAvF,Dance/Electronic,KZazBEonSMnZfZ7vA1E,Dance/Electronic,2,https://s1.ticketm.net/dam/a/1e7/edd2a58f-a303-41a5-a0a4-90ed5c5a01e7_TABLET_LANDSCAPE_3_2.jpg,2026-09-17T20:02:19.435167+00:00,2026-09-20T22:44:02.205267+00:00
K8vZ917qxR7,SIENNA SPIRO,https://www.ticketmaster.com/sienna-spiro-tickets/artist/3376314,KZFzniwnSyZfZ7v7nJ,Music,KnvZfZ7vAev,Pop,KZazBEonSMnZfZ7vk1t,Pop,43,https://s1.ticketm.net/dam/a/b07/09e0979d-7b3d-4cd4-badf-67d6ced79b07_TABLET_LANDSCAPE_16_9.jpg,2026-09-17T20:02:19.682284+00:00,2026-09-20T22:44:02.588228+00:00
K8vZ917GQ47,SIX60,https://www.ticketmaster.com/six60-tickets/artist/103763,KZFzniwnSyZfZ7v7nJ,Music,KnvZfZ7vAeA,Rock,KZazBEonSMnZfZ7v6F1,Pop,12,https://s1.ticketm.net/dam/a/dbb/3e17ee0d-a3ec-465e-95d4-4287a6011dbb_SOURCE,2026-09-17T20:02:19.435167+00:00,2026-09-20T22:44:02.205267+00:00
K8vZ917oBVf,STARSET,https://www.ticketmaster.com/starset-tickets/artist/1936666,KZFzniwnSyZfZ7v7nJ,Music,KnvZfZ7vAeA,Rock,KZazBEonSMnZfZ7v6F1,Pop,23,https://s1.ticketm.net/dam/a/648/f817af1d-2d32-4af5-9da0-c40bfe948648_RETINA_PORTRAIT_3_2.jpg,2026-09-17T20:02:17.975980+00:00,2026-09-20T22:44:00.359625+00:00
K8vZ9171nkV,SWITCHFOOT,https://www.ticketmaster.com/switchfoot-tickets/artist/790118,KZFzniwnSyZfZ7v7nJ,Music,KnvZfZ7vAeA,Rock,KZazBEonSMnZfZ7v6F1,Pop,36,https://s1.ticketm.net/dam/a/3b1/21f0aa08-a149-4823-b3be-a1563b4a63b1_RETINA_PORTRAIT_3_2.jpg,2026-09-17T20:02:19.435167+00:00,2026-09-20T22:44:02.205267+00:00
K8vZ917GNYV,Sabaton,https://www.ticketmaster.com/sabaton-tickets/artist/1432007,KZFzniwnSyZfZ7v7nJ,Music,KnvZfZ7vAvt,Metal,KZazBEonSMnZfZ7vkFd,Heavy Metal,55,https://s1.ticketm.net/dam/a/6af/faa2c053-7247-49f9-9cd2-9dd6512986af_EVENT_DETAIL_PAGE_16_9.jpg,2026-09-17T20:02:20.370215+00:00,2026-09-20T22:44:03.417698+00:00
Z7r9jZ177Jk_,Saint Agnes,,KZFzniwnSyZfZ7v7nl,Undefined,,,,,5,https://s1.ticketm.net/dam/c/8cf/a6653880-7899-4f67-8067-1f95f4d158cf_124761_TABLET_LANDSCAPE_16_9.jpg,2026-09-17T20:02:17.975980+00:00,2026-09-20T22:44:00.359625+00:00
K8vZ917hCoV,Saint Levant,https://www.ticketmaster.com/saint-levant-tickets/artist/2984782,KZFzniwnSyZfZ7v7nJ,Music,KnvZfZ7vAv1,Hip-Hop/Rap,KZazBEonSMnZfZ7vkvl,Hip-Hop/Rap,51,https://s1.ticketm.net/dam/a/130/06ba4e22-a1ba-4046-b822-f55c0e34f130_EVENT_DETAIL_PAGE_16_9.jpg,2026-09-17T20:02:24.505358+00:00,2026-09-20T22:44:05.657178+00:00
K8vZ9171tif,Saliva,https://www.ticketmaster.com/saliva-tickets/artist/796048,KZFzniwnSyZfZ7v7nJ,Music,KnvZfZ7vAeA,Rock,KZazBEonSMnZfZ7v6dt,Alternative Rock,7,https://s1.ticketm.net/dam/a/3e2/11eb8fd3-3b69-46b5-a7b8-5feb2d6a53e2_RETINA_PORTRAIT_16_9.jpg,2026-09-17T20:02:18.739078+00:00,2026-09-20T22:44:01.382965+00:00
K8vZ91731hf,Sam Divine,https://www.ticketmaster.com/sam-divine-tickets/artist/1963390,KZFzniwnSyZfZ7v7nJ,Music,KnvZfZ7vAvF,Dance/Electronic,KZazBEonSMnZfZ7vAJ1,Club Dance,6,https://s1.ticketm.net/dam/c/df8/81eadad8-4449-412e-a2b1-3d8bbb78edf8_106181_EVENT_DETAIL_PAGE_16_9.jpg,2026-09-17T20:02:20.370215+00:00,2026-09-20T22:44:03.417698+00:00
K8vZ9178Ucf,Samantha Fish,https://www.ticketmaster.com/samantha-fish-tickets/artist/1833264,KZFzniwnSyZfZ7v7nJ,Music,KnvZfZ7vAvd,Blues,KZazBEonSMnZfZ7vAAd,Blues,20,https://s1.ticketm.net/dam/a/3a7/aac5fb7e-4ca9-427a-9888-44ae651333a7_RECOMENDATION_16_9.jpg,2026-09-17T20:02:17.499935+00:00,2026-09-20T22:44:00.359625+00:00
Z7r9jZabuJ,Samara Cyn,,KZFzniwnSyZfZ7v7nl,Undefined,,,,,1,https://s1.ticketm.net/dam/c/f51/ee785ed6-f806-4195-98f4-69f67e09df51_106201_RETINA_PORTRAIT_3_2.jpg,2026-09-17T20:02:20.370215+00:00,2026-09-20T22:44:03.417698+00:00
K8vZ917b0e7,Sammy Rae,https://www.ticketmaster.com/sammy-rae-tickets/artist/2695748,KZFzniwnSyZfZ7v7nJ,Music,KnvZfZ7vAeA,Rock,KZazBEonSMnZfZ7v6F1,Pop,10,https://s1.ticketm.net/dam/a/53b/2a93cf6d-0f28-4e7e-8f2c-bd0876a7953b_EVENT_DETAIL_PAGE_16_9.jpg,2026-09-17T20:02:19.435167+00:00,2026-09-20T22:44:02.205267+00:00
K8vZfZ7tA7k,Sanguisugabogg,https://www.ticketmaster.com/sanguisugabogg-tickets/artist/2805462,KZFzniwnSyZfZ7v7nJ,Music,KnvZfZ7vAvt,Metal,KZazBEonSMnZfZ7vkFd,Heavy Metal,30,https://s1.ticketm.net/dam/a/1ce/7687e80e-3b0f-4fa4-a1e6-2b138b38b1ce_CUSTOM.jpg,2026-09-17T20:02:18.739078+00:00,2026-09-20T22:44:01.382965+00:00
K8vZ9175HH0,Saosin,https://www.ticketmaster.com/saosin-tickets/artist/982712,KZFzniwnSyZfZ7v7nJ,Music,KnvZfZ7vAeA,Rock,KZazBEonSMnZfZ7v6dt,Alternative Rock,29,https://s1.ticketm.net/dam/a/4ea/3585b221-3e42-4f12-8eaf-1ebe054e84ea_RETINA_LANDSCAPE_16_9.jpg,2026-09-17T20:02:20.773471+00:00,2026-09-20T22:44:03.900761+00:00
K8vZ9175mMf,Sara Bareilles,https://www.ticketmaster.com/sara-bareilles-tickets/artist/978402,KZFzniwnSyZfZ7v7nJ,Music,KnvZfZ7vAeA,Rock,KZazBEonSMnZfZ7v6F1,Pop,22,https://s1.ticketm.net/dam/a/d75/c9e9ff52-8f03-4705-b92b-96c3651f9d75_TABLET_LANDSCAPE_3_2.jpg,2026-09-17T20:02:18.739078+00:00,2026-09-20T22:44:01.382965+00:00
K8vZ91756G7,Sara Evans,https://www.ticketmaster.com/sara-evans-tickets/artist/791551,KZFzniwnSyZfZ7v7nJ,Music,KnvZfZ7vAv6,Country,KZazBEonSMnZfZ7vAFa,Country,10,https://s1.ticketm.net/dam/a/c51/54cbe0e8-9b02-4869-b54e-c69a7c113c51_1440031_RECOMENDATION_16_9.jpg,2026-09-17T20:02:19.435167+00:00,2026-09-20T22:44:02.205267+00:00
K8vZ917jpDf,Sara Landry,https://www.ticketmaster.com/sara-landry-tickets/artist/3102331,KZFzniwnSyZfZ7v7nJ,Music,KnvZfZ7vAvF,Dance/Electronic,KZazBEonSMnZfZ7vA1E,Dance/Electronic,4,https://s1.ticketm.net/dam/a/e9c/9c25b7e3-ee43-44f4-840d-f99697dc8e9c_RETINA_PORTRAIT_16_9.jpg,2026-09-17T20:02:18.739078+00:00,2026-09-20T22:44:01.382965+00:00
Z7r9jZ177o_s,Sarah Julia,,KZFzniwnSyZfZ7v7nl,Undefined,,,,,4,https://s1.ticketm.net/dam/c/f51/ee785ed6-f806-4195-98f4-69f67e09df51_106201_RETINA_PORTRAIT_3_2.jpg,2026-09-17T20:02:18.739078+00:00,2026-09-20T22:44:01.382965+00:00
K8vZ9174y1f,Sarah and the Safe Word,https://www.ticketmaster.com/sarah-and-the-safe-word-tickets/artist/2354517,KZFzniwnSyZfZ7v7nJ,Music,KnvZfZ7vAvv,Alternative,KZazBEonSMnZfZ7vAvn,Alternative Rock,2,https://s1.ticketm.net/dam/a/58e/29a5a2b2-2a11-41ff-9849-ce2b78c3058e_SOURCE,2026-09-17T20:02:18.739078+00:00,2026-09-20T22:44:01.382965+00:00
K8vZ917Ldd0,Save Us,https://www.ticketmaster.com/save-us-tickets/artist/4146359,KZFzniwnSyZfZ7v7nJ,Music,KnvZfZ7vAvt,Metal,KZazBEonSMnZfZ7vk6E,Metal,14,https://s1.ticketm.net/dam/a/b8e/bb3d541e-fbf1-4434-addf-68af8b77db8e_RETINA_LANDSCAPE_16_9.jpg,2026-09-17T20:02:20.773471+00:00,2026-09-20T22:44:03.900761+00:00
K8vZ9171whV,Saves the Day,https://www.ticketmaster.com/saves-the-day-tickets/artist/724367,KZFzniwnSyZfZ7v7nJ,Music,KnvZfZ7vAeA,Rock,KZazBEonSMnZfZ7v6dt,Alternative Rock,17,https://s1.ticketm.net/dam/a/923/d6104b50-8eac-4214-9f51-87b13d9ac923_SOURCE,2026-09-17T20:02:19.435167+00:00,2026-09-20T22:44:02.205267+00:00
Z7r9jZ177PC3,Scarhaven,,KZFzniwnSyZfZ7v7nl,Undefined,,,,,9,https://s1.ticketm.net/dam/c/8cf/a6653880-7899-4f67-8067-1f95f4d158cf_124761_RECOMENDATION_16_9.jpg,2026-09-17T20:02:19.435167+00:00,2026-09-20T22:44:02.205267+00:00
K8vZ917Q47f,Scene Queen,https://www.ticketmaster.com/scene-queen-tickets/artist/2874742,KZFzniwnSyZfZ7v7nJ,Music,KnvZfZ7vAeA,Rock,KZazBEonSMnZfZ7v6F1,Pop,21,https://s1.ticketm.net/dam/a/ef0/d8784e7f-7419-4ebf-9a92-76bff9eddef0_RECOMENDATION_16_9.jpg,2026-09-17T20:02:18.739078+00:00,2026-09-20T22:44:01.382965+00:00
K8vZ9171iW7,Schism,https://www.ticketmaster.com/schism-tickets/artist/1021459,KZFzniwnSyZfZ7v7nJ,Music,KnvZfZ7vAeA,Rock,KZazBEonSMnZfZ7v6dt,Alternative Rock,3,https://s1.ticketm.net/dam/a/1db/64a60f4d-73b4-43c8-87a5-aa9220ebb1db_TABLET_LANDSCAPE_LARGE_16_9.jpg,2026-09-17T20:02:20.370215+00:00,2026-09-20T22:44:03.417698+00:00
Z7r9jZ1779O9,Schmoop,,KZFzniwnSyZfZ7v7nl,Undefined,,,,,1,https://s1.ticketm.net/dam/c/f51/ee785ed6-f806-4195-98f4-69f67e09df51_106201_RETINA_PORTRAIT_3_2.jpg,2026-09-17T20:02:19.435167+00:00,2026-09-20T22:44:02.205267+00:00
K8vZ917KQQV,Scott Bradlee's Postmodern Jukebox,https://www.ticketmaster.com/scott-bradlees-postmodern-jukebox-tickets/artist/2115822,KZFzniwnSyZfZ7v7nJ,Music,KnvZfZ7vAvE,Jazz,KZazBEonSMnZfZ7vkda,Jazz,51,https://s1.ticketm.net/dam/a/984/1f04975e-793c-4068-88b5-4b92a3b24984_ARTIST_PAGE_3_2.jpg,2026-09-17T20:02:20.370215+00:00,2026-09-20T22:44:03.417698+00:00
K8vZ9175_of,Senses Fail,https://www.ticketmaster.com/senses-fail-tickets/artist/856342,KZFzniwnSyZfZ7v7nJ,Music,KnvZfZ7vAeA,Rock,KZazBEonSMnZfZ7v6F1,Pop,23,https://s1.ticketm.net/dam/a/fb8/e1bb2496-7f53-4f36-a2e2-98ac83788fb8_RETINA_PORTRAIT_3_2.jpg,2026-09-17T20:02:20.773471+00:00,2026-09-20T22:44:03.900761+00:00
K8vZ917C9cV,Septicflesh,https://www.ticketmaster.com/septicflesh-tickets/artist/1585555,KZFzniwnSyZfZ7v7nJ,Music,KnvZfZ7vAvt,Metal,KZazBEonSMnZfZ7vkFd,Heavy Metal,23,https://s1.ticketm.net/dam/a/798/0029dcd0-21c0-44aa-bdb9-594ad529b798_1499321_RECOMENDATION_16_9.jpg,2026-09-17T20:02:18.739078+00:00,2026-09-20T22:44:01.382965+00:00
K8vZ9175_Q7,Sex Pistols,https://www.ticketmaster.com/sex-pistols-tickets/artist/874727,KZFzniwnSyZfZ7v7nJ,Music,KnvZfZ7vAeA,Rock,KZazBEonSMnZfZ7v6dt,Alternative Rock,13,https://s1.ticketm.net/dam/a/a70/25cf3e53-5ca8-4af6-9e39-31b7333cfa70_TABLET_LANDSCAPE_3_2.jpg,2026-09-17T20:02:18.739078+00:00,2026-09-20T22:44:01.382965+00:00
K8vZ917f2P7,Shaboozey,https://www.ticketmaster.com/shaboozey-tickets/artist/2194370,KZFzniwnSyZfZ7v7nJ,Music,KnvZfZ7vAv6,Country,KZazBEonSMnZfZ7vAFa,Country,19,https://s1.ticketm.net/dam/a/d55/e7d9f34f-40ae-46d7-80d6-1cd814456d55_RETINA_PORTRAIT_16_9.jpg,2026-09-17T20:02:18.739078+00:00,2026-09-20T22:44:01.382965+00:00
Z7r9jZaG5B,Shades,,KZFzniwnSyZfZ7v7nJ,Music,KnvZfZ7vAvl,Other,KZazBEonSMnZfZ7vk1I,Other,1,https://s1.ticketm.net/dam/c/060/c5c08e7a-9912-456c-a060-2758be94e060_105881_RETINA_LANDSCAPE_16_9.jpg,2026-09-17T20:02:20.370215+00:00,2026-09-20T22:44:03.417698+00:00
K8vZ917jf7V,Shadowgrass,https://www.ticketmaster.com/shadowgrass-tickets/artist/3102699,KZFzniwnSyZfZ7v7nJ,Music,KnvZfZ7vAv6,Country,KZazBEonSMnZfZ7vAFI,Bluegrass,4,https://s1.ticketm.net/dam/a/549/3e5ef933-c7f2-4a89-a783-89e3051ac549_RECOMENDATION_16_9.jpg,2026-09-17T20:02:20.370215+00:00,2026-09-20T22:44:03.417698+00:00
K8vZ917b1x7,Shaun Cassidy,https://www.ticketmaster.com/shaun-cassidy-tickets/artist/743834,KZFzniwnSyZfZ7v7nJ,Music,KnvZfZ7vAeA,Rock,KZazBEonSMnZfZ7v6F1,Pop,16,https://s1.ticketm.net/dam/a/f22/1dd60ddf-4e16-4985-bfdc-b5c616b7ef22_RETINA_LANDSCAPE_16_9.jpg,2026-09-17T20:02:20.370215+00:00,2026-09-20T22:44:03.417698+00:00
K8vZ9179Haf,Shawn James,https://www.ticketmaster.com/shawn-james-tickets/artist/2449127,KZFzniwnSyZfZ7v7nJ,Music,KnvZfZ7vAvd,Blues,KZazBEonSMnZfZ7vAAd,Blues,29,https://s1.ticketm.net/dam/a/ad3/34b34408-641e-4816-8801-8e116c53bad3_EVENT_DETAIL_PAGE_16_9.jpg,2026-09-17T20:02:17.499935+00:00,2026-09-20T22:44:00.359625+00:00
K8vZ91711d7,Shenandoah,https://www.ticketmaster.com/shenandoah-tickets/artist/732927,KZFzniwnSyZfZ7v7nJ,Music,KnvZfZ7vAv6,Country,KZazBEonSMnZfZ7vAFa,Country,17,https://s1.ticketm.net/dam/a/cc3/25f02df2-57dd-485a-a3de-27ec40a50cc3_TABLET_LANDSCAPE_3_2.jpg,2026-09-17T20:02:25.035143+00:00,2026-09-20T22:44:06.355282+00:00
K8vZ917LqP7,Sherane,https://www.ticketmaster.com/sherane-tickets/artist/4289354,KZFzniwnSyZfZ7v7nJ,Music,KnvZfZ7vAvt,Metal,KZazBEonSMnZfZ7vaJk,Metalcore,4,https://s1.ticketm.net/dam/a/dc4/c7ebd03a-1b4f-4d27-ab62-103d31c0edc4_TABLET_LANDSCAPE_16_9.jpg,2026-09-17T20:02:20.370215+00:00,2026-09-20T22:44:03.417698+00:00
K8vZ91713kV,Sheryl Crow,https://www.ticketmaster.com/sheryl-crow-tickets/artist/752821,KZFzniwnSyZfZ7v7nJ,Music,KnvZfZ7vAeA,Rock,KZazBEonSMnZfZ7v6dt,Alternative Rock,18,https://s1.ticketm.net/dam/a/031/e6d62c69-9726-4b41-ad88-6d3f49300031_1093761_RETINA_LANDSCAPE_16_9.jpg,2026-09-17T20:02:25.310831+00:00,2026-09-20T22:44:06.585672+00:00
Z7r9jZa5z1,Shift,,KZFzniwnSyZfZ7v7nJ,Music,KnvZfZ7vAvl,Other,KZazBEonSMnZfZ7vk1I,Other,1,https://s1.ticketm.net/dam/c/060/c5c08e7a-9912-456c-a060-2758be94e060_105881_RETINA_LANDSCAPE_16_9.jpg,2026-09-17T20:02:17.499935+00:00,2026-09-20T22:44:00.359625+00:00
K8vZ91749z0,Shoshana Bean,https://www.ticketmaster.com/shoshana-bean-tickets/artist/1435331,KZFzniwnSyZfZ7v7nJ,Music,KnvZfZ7vAee,R&B,KZazBEonSMnZfZ7vkIt,R&B,5,https://s1.ticketm.net/dam/a/83f/7deafa33-71ec-4710-9753-7005b2a8283f_TABLET_LANDSCAPE_3_2.jpg,2026-09-17T20:02:19.435167+00:00,2026-09-20T22:44:02.205267+00:00
K8vZ9173LVf,Show Me the Body,https://www.ticketmaster.com/show-me-the-body-tickets/artist/1996487,KZFzniwnSyZfZ7v7nJ,Music,KnvZfZ7vAeA,Rock,KZazBEonSMnZfZ7v6dt,Alternative Rock,12,https://s1.ticketm.net/dam/a/ff7/0bebfc5b-76fb-4d77-88a6-c0b9be313ff7_RECOMENDATION_16_9.jpg,2026-09-17T20:02:17.499935+00:00,2026-09-20T22:44:00.359625+00:00
K8vZ917LaO0,Showing Teeth,https://www.ticketmaster.com/showing-teeth-tickets/artist/4184654,KZFzniwnSyZfZ7v7nJ,Music,KnvZfZ7vAvt,Metal,KZazBEonSMnZfZ7vk6E,Metal,18,https://s1.ticketm.net/dam/a/d8b/cc5ff178-d5b0-439c-bd0f-bdc6286a4d8b_ARTIST_PAGE_3_2.jpg,2026-09-17T20:02:17.499935+00:00,2026-09-20T22:44:00.359625+00:00
K8vZ917GaT0,Shpongle,https://www.ticketmaster.com/shpongle-tickets/artist/1266812,KZFzniwnSyZfZ7v7nJ,Music,KnvZfZ7vAvF,Dance/Electronic,KZazBEonSMnZfZ7vAJ1,Club Dance,5,https://s1.ticketm.net/dam/a/658/613060db-0d3c-43da-bae9-7b650736f658_ARTIST_PAGE_3_2.jpg,2026-09-17T20:02:19.435167+00:00,2026-09-20T22:44:02.205267+00:00
K8vZ917LtFV,Shyeye,https://www.ticketmaster.com/shyeye-tickets/artist/4335309,KZFzniwnSyZfZ7v7nJ,Music,KnvZfZ7vAeA,Rock,KZazBEonSMnZfZ7v6da,Rock,14,https://s1.ticketm.net/dam/c/fbc/b293c0ad-c904-4215-bc59-8d7f2414dfbc_106141_TABLET_LANDSCAPE_LARGE_16_9.jpg,2026-09-17T20:02:18.739078+00:00,2026-09-20T22:44:01.382965+00:00
K8vZ917Q067,SiM,https://www.ticketmaster.com/sim-tickets/artist/2903865,KZFzniwnSyZfZ7v7nJ,Music,KnvZfZ7vAvt,Metal,KZazBEonSMnZfZ7vk6E,Metal,37,https://s1.ticketm.net/dam/a/7b6/0528adae-2345-47f9-832a-178405b2d7b6_TABLET_LANDSCAPE_LARGE_16_9.jpg,2026-09-17T20:02:19.435167+00:00,2026-09-20T22:44:02.205267+00:00
K8vZ917oH6f,Silent Planet,https://www.ticketmaster.com/silent-planet-tickets/artist/1938200,KZFzniwnSyZfZ7v7nJ,Music,KnvZfZ7vAeA,Rock,KZazBEonSMnZfZ7v6F1,Pop,32,https://s1.ticketm.net/dam/a/764/b5df46cd-81e8-4638-b1bd-54ad853bc764_RECOMENDATION_16_9.jpg,2026-09-17T20:02:20.773471+00:00,2026-09-20T22:44:03.900761+00:00
K8vZ917hcHf,Silly Goose,https://www.ticketmaster.com/silly-goose-tickets/artist/3055489,KZFzniwnSyZfZ7v7nJ,Music,KnvZfZ7vAeA,Rock,KZazBEonSMnZfZ7v6da,Rock,11,https://s1.ticketm.net/dam/a/e28/1166783f-3d28-4c45-ad50-84cdfeea7e28_CUSTOM.jpg,2026-09-17T20:02:17.499935+00:00,2026-09-20T22:44:00.359625+00:00
K8vZ917rsP0,Silva Bumpa,https://www.ticketmaster.com/silva-bumpa-tickets/artist/4030704,KZFzniwnSyZfZ7v7nJ,Music,KnvZfZ7vAvF,Dance/Electronic,KZazBEonSMnZfZ7vA1E,Dance/Electronic,8,https://s1.ticketm.net/dam/c/df8/81eadad8-4449-412e-a2b1-3d8bbb78edf8_106181_EVENT_DETAIL_PAGE_16_9.jpg,2026-09-17T20:02:17.499935+00:00,2026-09-17T22:38:16.765581+00:00
K8vZ917brhf,Silvana Estrada,https://www.ticketmaster.com/silvana-estrada-tickets/artist/2682342,KZFzniwnSyZfZ7v7nJ,Music,KnvZfZ7vAJ6,Latin,KZazBEonSMnZfZ7va1a,Latin,7,https://s1.ticketm.net/dam/a/675/47516ded-3e47-4d0a-8ac5-3f140c732675_TABLET_LANDSCAPE_16_9.jpg,2026-09-17T20:02:20.370215+00:00,2026-09-20T22:44:03.417698+00:00
K8vZ917GdF7,Skillet,https://www.ticketmaster.com/skillet-tickets/artist/1110729,KZFzniwnSyZfZ7v7nJ,Music,KnvZfZ7vAeA,Rock,KZazBEonSMnZfZ7v6dt,Alternative Rock,28,https://s1.ticketm.net/dam/a/1ee/a023bba4-c203-4ae6-8ea4-8787675401ee_SOURCE,2026-09-17T20:02:19.435167+00:00,2026-09-20T22:44:02.205267+00:00
Z7r9jZa9y4,Slackjaw,,KZFzniwnSyZfZ7v7nl,Undefined,,,,,1,https://s1.ticketm.net/dam/c/f51/ee785ed6-f806-4195-98f4-69f67e09df51_106201_RETINA_PORTRAIT_3_2.jpg,2026-09-17T20:02:20.773471+00:00,2026-09-20T22:44:03.900761+00:00
K8vZ917Gmh7,Sleeping With Sirens,https://www.ticketmaster.com/sleeping-with-sirens-tickets/artist/1404292,KZFzniwnSyZfZ7v7nJ,Music,KnvZfZ7vAeA,Rock,KZazBEonSMnZfZ7v6F1,Pop,35,https://s1.ticketm.net/dam/a/0c6/ca7f4332-c367-4d98-924d-361c38f7f0c6_EVENT_DETAIL_PAGE_16_9.jpg,2026-09-17T20:02:18.739078+00:00,2026-09-20T22:44:01.382965+00:00
K8vZ917CqIf,Slothrust,https://www.ticketmaster.com/slothrust-tickets/artist/1594044,KZFzniwnSyZfZ7v7nJ,Music,KnvZfZ7vAeA,Rock,KZazBEonSMnZfZ7v6F1,Pop,15,https://s1.ticketm.net/dam/a/76a/59a68785-35fa-4258-963a-00de1337776a_SOURCE,2026-09-17T20:02:20.370215+00:00,2026-09-20T22:44:03.417698+00:00
Z7r9jZa2t2,Slow Pulp,,KZFzniwnSyZfZ7v7nJ,Music,KnvZfZ7vAvl,Other,KZazBEonSMnZfZ7vk1I,Other,28,https://s1.ticketm.net/dam/c/060/c5c08e7a-9912-456c-a060-2758be94e060_105881_TABLET_LANDSCAPE_16_9.jpg,2026-09-17T20:02:19.435167+00:00,2026-09-20T22:44:02.205267+00:00
K8vZ917-OVf,Small Voice,https://www.ticketmaster.com/small-voice-tickets/artist/4663806,KZFzniwnSyZfZ7v7nJ,Music,KnvZfZ7vAvt,Metal,KZazBEonSMnZfZ7vk6I,Christian Metal,3,https://s1.ticketm.net/dam/c/e7c/86478562-7218-4e8f-b9d4-8080fe168e7c_105581_RECOMENDATION_16_9.jpg,2026-09-17T20:02:24.038892+00:00,2026-09-20T22:44:05.080653+00:00
K8vZ917C5pf,Snarky Puppy,https://www.ticketmaster.com/snarky-puppy-tickets/artist/1568304,KZFzniwnSyZfZ7v7nJ,Music,KnvZfZ7vAvE,Jazz,KZazBEonSMnZfZ7vkda,Jazz,19,https://s1.ticketm.net/dam/a/472/a218a4e5-3abf-463a-9bd6-7e59366ec472_1867411_EVENT_DETAIL_PAGE_16_9.jpg,2026-09-17T20:02:18.739078+00:00,2026-09-20T22:44:01.382965+00:00
Z7r9jZ177-At,Snuggle,,KZFzniwnSyZfZ7v7nl,Undefined,,,,,8,https://s1.ticketm.net/dam/c/f51/ee785ed6-f806-4195-98f4-69f67e09df51_106201_RETINA_PORTRAIT_3_2.jpg,2026-09-17T20:02:19.435167+00:00,2026-09-20T22:44:02.205267+00:00
K8vZ9174IO0,SoDown,https://www.ticketmaster.com/sodown-tickets/artist/2311221,KZFzniwnSyZfZ7v7nJ,Music,KnvZfZ7vAvF,Dance/Electronic,KZazBEonSMnZfZ7vA1E,Dance/Electronic,5,https://s1.ticketm.net/dam/a/6dc/fae1ad75-a360-43ab-a47d-01ab542276dc_949311_TABLET_LANDSCAPE_LARGE_16_9.jpg,2026-09-17T20:02:24.038892+00:00,2026-09-20T22:44:05.080653+00:00
K8vZ917Lv07,Soap Box Derby,https://www.ticketmaster.com/soap-box-derby-tickets/artist/4131419,KZFzniwnSyZfZ7v7nJ,Music,KnvZfZ7vAvv,Alternative,KZazBEonSMnZfZ7vAvn,Alternative Rock,1,https://s1.ticketm.net/dam/c/f50/96fa13be-e395-429b-8558-a51bb9054f50_105951_TABLET_LANDSCAPE_LARGE_16_9.jpg,2026-09-17T20:02:19.435167+00:00,2026-09-20T22:44:02.205267+00:00
K8vZ9171Kbf,Social Distortion,https://www.ticketmaster.com/social-distortion-tickets/artist/736149,KZFzniwnSyZfZ7v7nJ,Music,KnvZfZ7vAeA,Rock,KZazBEonSMnZfZ7v6dt,Alternative Rock,11,https://s1.ticketm.net/dam/a/b02/a4025885-0bec-4065-94e0-aa5399d41b02_RETINA_LANDSCAPE_16_9.jpg,2026-09-17T20:02:17.499935+00:00,2026-09-20T22:44:00.359625+00:00
K8vZ917_wNV,Softcult,https://www.ticketmaster.com/softcult-tickets/artist/2838020,KZFzniwnSyZfZ7v7nJ,Music,KnvZfZ7vAeA,Rock,KZazBEonSMnZfZ7v6F1,Pop,15,https://s1.ticketm.net/dam/a/2ac/4d5773fe-c5e5-4dcf-a974-fb7e0e7782ac_RECOMENDATION_16_9.jpg,2026-09-17T20:02:18.739078+00:00,2026-09-20T22:44:01.382965+00:00
K8vZ917jU5V,Solya,https://www.ticketmaster.com/solya-tickets/artist/3163381,KZFzniwnSyZfZ7v7nJ,Music,KnvZfZ7vAvv,Alternative,KZazBEonSMnZfZ7vAde,Indie Rock,4,https://s1.ticketm.net/dam/a/8d4/36cb49af-c0c8-45d6-9014-39c947ced8d4_TABLET_LANDSCAPE_LARGE_16_9.jpg,2026-09-17T20:02:18.739078+00:00,2026-09-20T22:44:01.382965+00:00
K8vZ9173LW0,Son Little,https://www.ticketmaster.com/son-little-tickets/artist/1997084,KZFzniwnSyZfZ7v7nJ,Music,KnvZfZ7vAee,R&B,KZazBEonSMnZfZ7vknE,Soul,4,https://s1.ticketm.net/dam/a/862/4fb3df03-31c1-4f9b-b190-bd33d5375862_RECOMENDATION_16_9.jpg,2026-09-17T20:02:17.499935+00:00,2026-09-17T22:38:16.765581+00:00
K8vZ917rJY7,Sons of Legion,https://www.ticketmaster.com/sons-of-legion-tickets/artist/3928304,KZFzniwnSyZfZ7v7nJ,Music,KnvZfZ7vAeA,Rock,KZazBEonSMnZfZ7v676,Blues-Rock,25,https://s1.ticketm.net/dam/a/395/839b6a5f-48f8-4ae0-88be-2a168e4c4395_CUSTOM.jpg,2026-09-17T20:02:18.739078+00:00,2026-09-20T22:44:01.382965+00:00
K8vZ917qSTf,Sophie Hunter,https://www.ticketmaster.com/sophie-hunter-tickets/artist/3451014,KZFzniwnSyZfZ7v7nJ,Music,KnvZfZ7vAev,Pop,KZazBEonSMnZfZ7vk1n,Adult Alternative Pop,15,https://s1.ticketm.net/dam/a/c87/076f8133-0e85-4add-a34a-a7b891795c87_RETINA_PORTRAIT_16_9.jpg,2026-09-17T20:02:19.435167+00:00,2026-09-20T22:44:02.205267+00:00
Z7r9jZa8UP,Soul Glo,,KZFzniwnSyZfZ7v7nJ,Music,KnvZfZ7vAvl,Other,KZazBEonSMnZfZ7vk1I,Other,26,https://s1.ticketm.net/dam/c/060/c5c08e7a-9912-456c-a060-2758be94e060_105881_RETINA_LANDSCAPE_16_9.jpg,2026-09-17T20:02:17.499935+00:00,2026-09-20T22:44:00.359625+00:00
K8vZ917fi_V,Soul Glo,https://www.ticketmaster.com/soul-glo-tickets/artist/2239508,KZFzniwnSyZfZ7v7nJ,Music,KnvZfZ7vAeA,Rock,KZazBEonSMnZfZ7v6a6,Punk,27,https://s1.ticketm.net/dam/a/496/3dca2d94-fac3-41dd-945a-434eb5c0f496_RECOMENDATION_16_9.jpg,2026-09-17T20:02:17.499935+00:00,2026-09-20T22:44:00.359625+00:00
K8vZ917rCn7,Spaceman Bob,https://www.ticketmaster.com/spaceman-bob-tickets/artist/3726619,KZFzniwnSyZfZ7v7nJ,Music,KnvZfZ7vAvv,Alternative,KZazBEonSMnZfZ7vAeI,Electronic Pop,2,https://s1.ticketm.net/dam/c/f50/96fa13be-e395-429b-8558-a51bb9054f50_105951_TABLET_LANDSCAPE_LARGE_16_9.jpg,2026-09-17T20:02:18.739078+00:00,2026-09-20T22:44:01.382965+00:00
K8vZ9172kS7,Spafford,https://www.ticketmaster.com/spafford-tickets/artist/1656253,KZFzniwnSyZfZ7v7nJ,Music,KnvZfZ7vAeA,Rock,KZazBEonSMnZfZ7v6F1,Pop,14,https://s1.ticketm.net/dam/a/59c/261b469d-253e-47d4-8f92-735d7432759c_SOURCE,2026-09-17T20:02:23.393825+00:00,2026-09-20T22:44:04.466759+00:00
K8vZ9175eOV,Sparta,https://www.ticketmaster.com/sparta-tickets/artist/835529,KZFzniwnSyZfZ7v7nJ,Music,KnvZfZ7vAeA,Rock,KZazBEonSMnZfZ7v6dt,Alternative Rock,9,https://s1.ticketm.net/dam/a/b04/39042fec-ea66-48db-a5e6-bf252805db04_CUSTOM.jpg,2026-09-17T20:02:20.370215+00:00,2026-09-20T22:44:03.417698+00:00
K8vZ917_hG0,Spiritbox,https://www.ticketmaster.com/spiritbox-tickets/artist/2797395,KZFzniwnSyZfZ7v7nJ,Music,KnvZfZ7vAvt,Metal,KZazBEonSMnZfZ7vkFd,Heavy Metal,8,https://s1.ticketm.net/dam/a/88e/df10c029-3779-4562-ba52-d2e03f5ba88e_RETINA_PORTRAIT_3_2.jpg,2026-09-17T20:02:19.435167+00:00,2026-09-20T22:44:02.205267+00:00
K8vZ917fs80,Spite,https://www.ticketmaster.com/spite-tickets/artist/2248483,KZFzniwnSyZfZ7v7nJ,Music,KnvZfZ7vAvt,Metal,KZazBEonSMnZfZ7vk6E,Metal,23,https://s1.ticketm.net/dam/a/abd/a5e66631-a733-48d5-b556-d14b8d362abd_RECOMENDATION_16_9.jpg,2026-09-17T20:02:20.370215+00:00,2026-09-20T22:44:03.417698+00:00
K8vZ917rf20,Sploinky Rave,https://www.ticketmaster.com/sploinky-rave-tickets/artist/3756959,KZFzniwnSyZfZ7v7nJ,Music,KnvZfZ7vAvF,Dance/Electronic,KZazBEonSMnZfZ7vA1E,Dance/Electronic,11,https://s1.ticketm.net/dam/c/df8/81eadad8-4449-412e-a2b1-3d8bbb78edf8_106181_EVENT_DETAIL_PAGE_16_9.jpg,2026-09-17T20:02:18.739078+00:00,2026-09-20T22:44:01.382965+00:00
K8vZ9171Kff,Sponge,https://www.ticketmaster.com/sponge-tickets/artist/773248,KZFzniwnSyZfZ7v7nJ,Music,KnvZfZ7vAeA,Rock,KZazBEonSMnZfZ7v6F1,Pop,20,https://s1.ticketm.net/dam/a/ef9/1a1c60e6-46c9-4b43-a4a6-c360c80e2ef9_RECOMENDATION_16_9.jpg,2026-09-17T20:02:18.739078+00:00,2026-09-20T22:44:01.382965+00:00
K8vZpZA6ndJk,Squelching,https://www.ticketmaster.com/squelching-tickets/artist/4626606,KZFzniwnSyZfZ7v7nJ,Music,KnvZfZ7vAvt,Metal,KZazBEonSMnZfZ7vk6t,Death Metal/Black Metal,1,https://s1.ticketm.net/dam/c/e7c/86478562-7218-4e8f-b9d4-8080fe168e7c_105581_RECOMENDATION_16_9.jpg,2026-09-17T20:02:20.773471+00:00,2026-09-20T22:44:03.900761+00:00
Z7r9jZa8Tb,Star Wars: A New Hope in Concert,,KZFzniwnSyZfZ7v7nJ,Music,KnvZfZ7vAvl,Other,KZazBEonSMnZfZ7vk1I,Other,6,https://s1.ticketm.net/dam/c/060/c5c08e7a-9912-456c-a060-2758be94e060_105881_RETINA_LANDSCAPE_16_9.jpg,2026-09-17T20:02:24.833960+00:00,2026-09-20T22:44:06.065368+00:00
K8vZ917pkvV,Starcrawler,https://www.ticketmaster.com/starcrawler-tickets/artist/2386167,KZFzniwnSyZfZ7v7nJ,Music,KnvZfZ7vAvv,Alternative,KZazBEonSMnZfZ7vAvn,Alternative Rock,9,https://s1.ticketm.net/dam/a/4a4/532ef2ba-8937-43e4-b391-b9afef38e4a4_1797601_ARTIST_PAGE_3_2.jpg,2026-09-17T20:02:18.739078+00:00,2026-09-20T22:44:01.382965+00:00
K8vZ9175AT7,Starling,https://www.ticketmaster.com/starling-tickets/artist/709172,KZFzniwnSyZfZ7v7nJ,Music,KnvZfZ7vAeA,Rock,KZazBEonSMnZfZ7v6F1,Pop,4,https://s1.ticketm.net/dam/a/646/db617644-0886-4571-8a9e-0c412cc22646_EVENT_DETAIL_PAGE_16_9.jpg,2026-09-17T20:02:20.370215+00:00,2026-09-20T22:44:03.417698+00:00
K8vZ917Glh0,Start Making Sense,https://www.ticketmaster.com/start-making-sense-tickets/artist/1474389,KZFzniwnSyZfZ7v7nJ,Music,KnvZfZ7vAe6,Undefined,KZazBEonSMnZfZ7v6JI,Undefined,12,https://s1.ticketm.net/dam/a/c37/d01be733-90b2-4fc8-a4df-3bb53e3ebc37_SOURCE,2026-09-17T20:02:18.739078+00:00,2026-09-20T22:44:01.382965+00:00
K8vZ917CDEV,State Champs,https://www.ticketmaster.com/state-champs-tickets/artist/1637436,KZFzniwnSyZfZ7v7nJ,Music,KnvZfZ7vAeA,Rock,KZazBEonSMnZfZ7v6F1,Pop,23,https://s1.ticketm.net/dam/a/08b/9a17598b-5f9e-4668-915a-2689c5e5308b_CUSTOM.jpg,2026-09-17T20:02:20.773471+00:00,2026-09-20T22:44:03.900761+00:00
K8vZ917by4f,Static Dress,https://www.ticketmaster.com/static-dress-tickets/artist/2756887,KZFzniwnSyZfZ7v7nJ,Music,KnvZfZ7vAvt,Metal,KZazBEonSMnZfZ7vaJk,Metalcore,15,https://s1.ticketm.net/dam/a/18a/bc29f9de-d5c4-4c88-aa71-89c39b58318a_CUSTOM.jpg,2026-09-17T20:02:20.370215+00:00,2026-09-20T22:44:03.417698+00:00
K8vZ917j48V,Stay Tuned,https://www.ticketmaster.com/stay-tuned-tickets/artist/3105625,KZFzniwnSyZfZ7v7nJ,Music,KnvZfZ7vAv1,Hip-Hop/Rap,KZazBEonSMnZfZ7vkvl,Hip-Hop/Rap,1,https://s1.ticketm.net/dam/c/80b/f3cd8d24-c3ae-4fa0-b4bc-1ba99f9b380b_106091_RETINA_LANDSCAPE_16_9.jpg,2026-09-17T20:02:20.370215+00:00,2026-09-20T22:44:03.417698+00:00
Z7r9jZaCe0,Stef Chura,,KZFzniwnSyZfZ7v7nJ,Music,KnvZfZ7vAvl,Other,KZazBEonSMnZfZ7vk1I,Other,17,https://s1.ticketm.net/dam/c/060/c5c08e7a-9912-456c-a060-2758be94e060_105881_RETINA_LANDSCAPE_16_9.jpg,2026-09-17T20:02:19.435167+00:00,2026-09-20T22:44:02.205267+00:00
K8vZ917qyp7,Stella Lefty,https://www.ticketmaster.com/stella-lefty-tickets/artist/3512399,KZFzniwnSyZfZ7v7nJ,Music,KnvZfZ7vAev,Pop,KZazBEonSMnZfZ7vk1t,Pop,52,https://s1.ticketm.net/dam/a/b14/51f86754-b9f1-4929-9a62-b4a6c922ab14_TABLET_LANDSCAPE_3_2.jpg,2026-09-17T20:02:24.038892+00:00,2026-09-20T22:44:05.080653+00:00
K8vZ917b-I0,Stephen Day,https://www.ticketmaster.com/stephen-day-tickets/artist/2640644,KZFzniwnSyZfZ7v7nJ,Music,KnvZfZ7vAev,Pop,KZazBEonSMnZfZ7vk1t,Pop,14,https://s1.ticketm.net/dam/a/2dc/f8a9f217-7791-424d-83c9-6b24225dd2dc_RETINA_PORTRAIT_16_9.jpg,2026-09-17T20:02:20.773471+00:00,2026-09-20T22:44:03.900761+00:00
K8vZ9174s67,Steve Lacy,https://www.ticketmaster.com/steve-lacy-tickets/artist/2330907,KZFzniwnSyZfZ7v7nJ,Music,KnvZfZ7vAee,R&B,KZazBEonSMnZfZ7vkIt,R&B,29,https://s1.ticketm.net/dam/a/736/9b65a2e3-c29e-4710-97b1-a60425077736_TABLET_LANDSCAPE_LARGE_16_9.jpg,2026-09-17T20:02:20.370215+00:00,2026-09-20T22:44:03.417698+00:00
K8vZ9171K87,Steven Curtis Chapman,https://www.ticketmaster.com/steven-curtis-chapman-tickets/artist/733467,KZFzniwnSyZfZ7v7nJ,Music,KnvZfZ7vAeA,Rock,KZazBEonSMnZfZ7v6F1,Pop,23,https://s1.ticketm.net/dam/a/b82/ffd0c5ce-2e8a-46a1-b2b8-cc61e7e7ab82_TABLET_LANDSCAPE_3_2.jpg,2026-09-17T20:02:19.435167+00:00,2026-09-20T22:44:02.205267+00:00
K8vZ91781_0,Stick Figure,https://www.ticketmaster.com/stick-figure-tickets/artist/1764984,KZFzniwnSyZfZ7v7nJ,Music,KnvZfZ7vAed,Reggae,KZazBEonSMnZfZ7vknl,Reggae,17,https://s1.ticketm.net/dam/a/22c/ccf3eb91-20cf-4b8f-bef0-52cd9a0ad22c_1268631_TABLET_LANDSCAPE_3_2.jpg,2026-09-17T20:02:25.035143+00:00,2026-09-20T22:44:06.355282+00:00
K8vZ917GDBf,Stick To Your Guns,https://www.ticketmaster.com/stick-to-your-guns-tickets/artist/978782,KZFzniwnSyZfZ7v7nJ,Music,KnvZfZ7vAeA,Rock,KZazBEonSMnZfZ7v6dt,Alternative Rock,12,https://s1.ticketm.net/dam/a/068/96267497-7c3b-4f38-9b9c-a443ae590068_RETINA_PORTRAIT_3_2.jpg,2026-09-17T20:02:20.370215+00:00,2026-09-20T22:44:03.417698+00:00
K8vZ917Kaef,Stop Light Observations,https://www.ticketmaster.com/stop-light-observations-tickets/artist/2081149,KZFzniwnSyZfZ7v7nJ,Music,KnvZfZ7vAeA,Rock,KZazBEonSMnZfZ7v6dt,Alternative Rock,9,https://s1.ticketm.net/dam/a/c53/36c86c06-9b79-46df-9d95-3e7faeed0c53_RECOMENDATION_16_9.jpg,2026-09-17T20:02:19.435167+00:00,2026-09-20T22:44:02.205267+00:00
K8vZ917GQQ0,Straight No Chaser,https://www.ticketmaster.com/straight-no-chaser-tickets/artist/1261643,KZFzniwnSyZfZ7v7nJ,Music,KnvZfZ7vAeA,Rock,KZazBEonSMnZfZ7v6F1,Pop,56,https://s1.ticketm.net/dam/a/b3b/f699a05f-d33d-4bb2-a1ed-ee8830286b3b_RETINA_PORTRAIT_3_2.jpg,2026-09-17T20:02:20.370215+00:00,2026-09-20T22:44:03.417698+00:00
K8vZ917bxDf,Sub Urban,https://www.ticketmaster.com/sub-urban-tickets/artist/2694577,KZFzniwnSyZfZ7v7nJ,Music,KnvZfZ7vAeA,Rock,KZazBEonSMnZfZ7v6F1,Pop,14,https://s1.ticketm.net/dam/a/342/174fcbe4-c776-421b-8d67-c88b79d25342_TABLET_LANDSCAPE_LARGE_16_9.jpg,2026-09-17T20:02:17.499935+00:00,2026-09-20T22:44:00.359625+00:00
K8vZ917_qT0,Sueco,https://www.ticketmaster.com/sueco-tickets/artist/2807067,KZFzniwnSyZfZ7v7nJ,Music,KnvZfZ7vAv1,Hip-Hop/Rap,KZazBEonSMnZfZ7vkvl,Hip-Hop/Rap,18,https://s1.ticketm.net/dam/a/212/ec4f1561-7a99-428b-b844-39f933dcb212_RETINA_LANDSCAPE_16_9.jpg,2026-09-17T20:02:19.435167+00:00,2026-09-20T22:44:02.205267+00:00
K8vZ91715N0,Suicidal Tendencies,https://www.ticketmaster.com/suicidal-tendencies-tickets/artist/736220,KZFzniwnSyZfZ7v7nJ,Music,KnvZfZ7vAeA,Rock,KZazBEonSMnZfZ7v6dt,Alternative Rock,5,https://s1.ticketm.net/dam/a/cfc/ed0d56d5-6e98-4dbc-8d14-6ebd1d3d7cfc_TABLET_LANDSCAPE_LARGE_16_9.jpg,2026-09-17T20:02:23.393825+00:00,2026-09-20T22:44:04.466759+00:00
K8vZ917Q4Cf,Suicide Cages,https://www.ticketmaster.com/suicide-cages-tickets/artist/2871505,KZFzniwnSyZfZ7v7nJ,Music,KnvZfZ7vAvt,Metal,KZazBEonSMnZfZ7vk6E,Metal,1,https://s1.ticketm.net/dam/a/5ed/203f5aea-378f-4826-ba2a-175f7606b5ed_TABLET_LANDSCAPE_LARGE_16_9.jpg,2026-09-17T20:02:20.773471+00:00,2026-09-20T22:44:03.900761+00:00
K8vZ917Gmff,Suicide Silence,https://www.ticketmaster.com/suicide-silence-tickets/artist/1009888,KZFzniwnSyZfZ7v7nJ,Music,KnvZfZ7vAvt,Metal,KZazBEonSMnZfZ7vkFd,Heavy Metal,20,https://s1.ticketm.net/dam/a/60f/7dca79da-4a1a-4849-9603-26e6f5bc160f_SOURCE,2026-09-17T20:02:23.393825+00:00,2026-09-20T22:44:04.466759+00:00
K8vZ9172hP0,Sunn O ))),https://www.ticketmaster.com/sunn-o-tickets/artist/1691520,KZFzniwnSyZfZ7v7nJ,Music,KnvZfZ7vAvt,Metal,KZazBEonSMnZfZ7vkFd,Heavy Metal,22,https://s1.ticketm.net/dam/a/1cb/2314dd72-79ba-4b70-adb2-069bc6d571cb_RETINA_PORTRAIT_16_9.jpg,2026-09-17T20:02:19.435167+00:00,2026-09-20T22:44:02.205267+00:00
K8vZ917jKyV,Supergloss,https://www.ticketmaster.com/supergloss-tickets/artist/3101710,KZFzniwnSyZfZ7v7nJ,Music,KnvZfZ7vAvF,Dance/Electronic,KZazBEonSMnZfZ7vAt1,Techno,4,https://s1.ticketm.net/dam/c/df8/81eadad8-4449-412e-a2b1-3d8bbb78edf8_106181_RECOMENDATION_16_9.jpg,2026-09-17T20:02:18.739078+00:00,2026-09-20T22:44:01.382965+00:00
K8vZ917K5b0,Superheaven,https://www.ticketmaster.com/superheaven-tickets/artist/2086125,KZFzniwnSyZfZ7v7nJ,Music,KnvZfZ7vAeA,Rock,KZazBEonSMnZfZ7v6F1,Pop,15,https://s1.ticketm.net/dam/a/de4/b1009ba5-ac78-4036-a83f-bebac7603de4_CUSTOM.jpg,2026-09-17T20:02:20.370215+00:00,2026-09-20T22:44:03.417698+00:00
Z7r9jZauL_,Superhero,,KZFzniwnSyZfZ7v7na,Arts & Theatre,KnvZfZ7v7le,Miscellaneous,KZazBEonSMnZfZ7vF1k,Miscellaneous,2,https://s1.ticketm.net/dam/c/393/b74d3ddc-a5f3-4e09-a801-89c36b774393_106071_EVENT_DETAIL_PAGE_16_9.jpg,2026-09-17T20:02:18.739078+00:00,2026-09-20T22:44:01.382965+00:00
K8vZ917C4fV,Supersillyus,https://www.ticketmaster.com/supersillyus-tickets/artist/1583503,KZFzniwnSyZfZ7v7nJ,Music,KnvZfZ7vAeA,Rock,KZazBEonSMnZfZ7v6dt,Alternative Rock,2,https://s1.ticketm.net/dam/c/fbc/b293c0ad-c904-4215-bc59-8d7f2414dfbc_106141_EVENT_DETAIL_PAGE_16_9.jpg,2026-09-17T20:02:19.435167+00:00,2026-09-20T22:44:02.205267+00:00
K8vZ917hdIV,Surely Tempo,https://www.ticketmaster.com/surely-tempo-tickets/artist/2965808,KZFzniwnSyZfZ7v7nJ,Music,KnvZfZ7vAvv,Alternative,KZazBEonSMnZfZ7vAvn,Alternative Rock,6,https://s1.ticketm.net/dam/a/201/2fc98414-81d7-46e1-9b1d-715afa059201_TABLET_LANDSCAPE_LARGE_16_9.jpg,2026-09-17T20:02:20.370215+00:00,2026-09-20T22:44:03.417698+00:00
K8vZ917QE8f,Suzi Dian,https://www.ticketmaster.com/suzi-dian-tickets/artist/2911128,KZFzniwnSyZfZ7v7nJ,Music,KnvZfZ7vAeA,Rock,KZazBEonSMnZfZ7v6F1,Pop,7,https://s1.ticketm.net/dam/c/fbc/b293c0ad-c904-4215-bc59-8d7f2414dfbc_106141_EVENT_DETAIL_PAGE_16_9.jpg,2026-09-17T20:02:17.499935+00:00,2026-09-20T22:44:00.359625+00:00
K8vZ917qIjV,Swimming Paul,https://www.ticketmaster.com/swimming-paul-tickets/artist/3436207,KZFzniwnSyZfZ7v7nJ,Music,KnvZfZ7vAvF,Dance/Electronic,KZazBEonSMnZfZ7vA1E,Dance/Electronic,7,https://s1.ticketm.net/dam/a/17f/e1ad454a-59a4-4130-8752-7c34f47e217f_CUSTOM.jpg,2026-09-17T20:02:17.499935+00:00,2026-09-20T22:44:00.359625+00:00
Z7r9jZa8UX,Sydney Rose,,KZFzniwnSyZfZ7v7nJ,Music,KnvZfZ7vAvl,Other,KZazBEonSMnZfZ7vk1I,Other,10,https://s1.ticketm.net/dam/c/060/c5c08e7a-9912-456c-a060-2758be94e060_105881_RETINA_LANDSCAPE_16_9.jpg,2026-09-17T20:02:18.739078+00:00,2026-09-20T22:44:01.382965+00:00
K8vZ917ofYf,Sylvan Esso,https://www.ticketmaster.com/sylvan-esso-tickets/artist/1878194,KZFzniwnSyZfZ7v7nJ,Music,KnvZfZ7vAvF,Dance/Electronic,KZazBEonSMnZfZ7vAJ1,Club Dance,40,https://s1.ticketm.net/dam/a/676/983a21d6-933e-4fb7-9f83-7d73c6e16676_RETINA_PORTRAIT_16_9.jpg,2026-09-17T20:02:24.295861+00:00,2026-09-20T22:44:05.336677+00:00
K8vZ917rz_7,Synestia,https://www.ticketmaster.com/synestia-tickets/artist/4080794,KZFzniwnSyZfZ7v7nJ,Music,KnvZfZ7vAvt,Metal,KZazBEonSMnZfZ7vk6t,Death Metal/Black Metal,8,https://s1.ticketm.net/dam/c/e7c/86478562-7218-4e8f-b9d4-8080fe168e7c_105581_TABLET_LANDSCAPE_16_9.jpg,2026-09-17T20:02:23.393825+00:00,2026-09-20T22:44:04.466759+00:00
K8vZ9175uh0,THRICE,https://www.ticketmaster.com/thrice-tickets/artist/836302,KZFzniwnSyZfZ7v7nJ,Music,KnvZfZ7vAeA,Rock,KZazBEonSMnZfZ7v6F1,Pop,19,https://s1.ticketm.net/dam/a/519/c01bccc2-94d7-4cd4-b8ca-149ab6c64519_ARTIST_PAGE_3_2.jpg,2026-09-17T20:02:19.435167+00:00,2026-09-20T22:44:02.205267+00:00
Z7r9jZaa9e,TR/ST,,KZFzniwnSyZfZ7v7nJ,Music,KnvZfZ7vAvl,Other,KZazBEonSMnZfZ7vk1I,Other,2,https://s1.ticketm.net/dam/c/060/c5c08e7a-9912-456c-a060-2758be94e060_105881_RETINA_LANDSCAPE_16_9.jpg,2026-09-17T20:02:17.499935+00:00,2026-09-20T22:44:00.359625+00:00
K8vZ917GnaV,TRIBAL SEEDS,https://www.ticketmaster.com/tribal-seeds-tickets/artist/1379476,KZFzniwnSyZfZ7v7nJ,Music,KnvZfZ7vAed,Reggae,KZazBEonSMnZfZ7vknl,Reggae,8,https://s1.ticketm.net/dam/a/db0/36da1d98-d36a-4d7a-b230-6081fcc4cdb0_RETINA_PORTRAIT_16_9.jpg,2026-09-17T20:02:18.739078+00:00,2026-09-20T22:44:01.382965+00:00
Z7r9jZaaLf,TRUTH,,KZFzniwnSyZfZ7v7nJ,Music,KnvZfZ7vAvl,Other,KZazBEonSMnZfZ7vk1I,Other,2,https://s1.ticketm.net/dam/c/060/c5c08e7a-9912-456c-a060-2758be94e060_105881_RETINA_LANDSCAPE_16_9.jpg,2026-09-17T20:02:19.435167+00:00,2026-09-20T22:44:02.205267+00:00
K8vZ917_h1f,TVBOO,https://www.ticketmaster.com/tvboo-tickets/artist/2797358,KZFzniwnSyZfZ7v7nJ,Music,KnvZfZ7vAvF,Dance/Electronic,KZazBEonSMnZfZ7vA1E,Dance/Electronic,11,https://s1.ticketm.net/dam/c/df8/81eadad8-4449-412e-a2b1-3d8bbb78edf8_106181_EVENT_DETAIL_PAGE_16_9.jpg,2026-09-17T20:02:20.773471+00:00,2026-09-20T22:44:03.900761+00:00
K8vZ917hIXf,TX2,https://www.ticketmaster.com/tx2-tickets/artist/3049375,KZFzniwnSyZfZ7v7nJ,Music,KnvZfZ7vAvv,Alternative,KZazBEonSMnZfZ7vAvn,Alternative Rock,40,https://s1.ticketm.net/dam/a/3af/9cacdca2-bd4e-480a-9dac-5ccec172a3af_SOURCE,2026-09-17T20:02:19.435167+00:00,2026-09-20T22:44:02.205267+00:00
K8vZ91714j7,Tab Benoit,https://www.ticketmaster.com/tab-benoit-tickets/artist/760220,KZFzniwnSyZfZ7v7nJ,Music,KnvZfZ7vAvd,Blues,KZazBEonSMnZfZ7vAAd,Blues,27,https://s1.ticketm.net/dam/a/404/411c0bfb-74fa-4d49-be50-151c5b242404_1602521_CUSTOM.jpg,2026-09-17T20:02:17.499935+00:00,2026-09-20T22:44:00.359625+00:00
K8vZ91711Yf,Taj Mahal,https://www.ticketmaster.com/taj-mahal-tickets/artist/731850,KZFzniwnSyZfZ7v7nJ,Music,KnvZfZ7vAvd,Blues,KZazBEonSMnZfZ7vAAd,Blues,6,https://s1.ticketm.net/dam/a/cf4/b0017789-56e9-495e-9539-b9b4e5c19cf4_RETINA_PORTRAIT_3_2.jpg,2026-09-17T20:02:17.499935+00:00,2026-09-20T22:44:00.359625+00:00
K8vZ9174Mx0,TajMo: The Taj Mahal & Keb' Mo' Band,https://www.ticketmaster.com/tajmo-the-taj-mahal-keb-mo-tickets/artist/2348045,KZFzniwnSyZfZ7v7nJ,Music,KnvZfZ7vAvd,Blues,KZazBEonSMnZfZ7vAAd,Blues,5,https://s1.ticketm.net/dam/a/acb/baf7133e-680f-4661-b980-6c357e3c2acb_RECOMENDATION_16_9.jpg,2026-09-17T20:02:17.499935+00:00,2026-09-17T22:38:16.765581+00:00
K8vZ91755X0,Taking Back Sunday,https://www.ticketmaster.com/taking-back-sunday-tickets/artist/826874,KZFzniwnSyZfZ7v7nJ,Music,KnvZfZ7vAeA,Rock,KZazBEonSMnZfZ7v6dt,Alternative Rock,30,https://s1.ticketm.net/dam/a/d76/61d095a0-3822-4bd9-beda-00a9e8276d76_TABLET_LANDSCAPE_16_9.jpg,2026-09-17T20:02:19.435167+00:00,2026-09-20T22:44:02.205267+00:00
K8vZ917oV9f,Tank and the Bangas,https://www.ticketmaster.com/tank-and-the-bangas-tickets/artist/1926844,KZFzniwnSyZfZ7v7nJ,Music,KnvZfZ7vAee,R&B,KZazBEonSMnZfZ7vkIt,R&B,26,https://s1.ticketm.net/dam/a/f12/7af4ec8a-0c56-4e91-b48f-ce9ca83a1f12_ARTIST_PAGE_3_2.jpg,2026-09-17T20:02:20.370215+00:00,2026-09-20T22:44:03.417698+00:00
K8vZ917QpKf,Tape B,https://www.ticketmaster.com/tape-b-tickets/artist/2876903,KZFzniwnSyZfZ7v7nJ,Music,KnvZfZ7vAvF,Dance/Electronic,KZazBEonSMnZfZ7vA1E,Dance/Electronic,11,https://s1.ticketm.net/dam/a/dd3/291128e5-2440-440b-97dd-dd2fe2e47dd3_ARTIST_PAGE_3_2.jpg,2026-09-17T20:02:18.739078+00:00,2026-09-20T22:44:01.382965+00:00
K8vZ917QJp0,Taylor Acorn,https://www.ticketmaster.com/taylor-acorn-tickets/artist/2907336,KZFzniwnSyZfZ7v7nJ,Music,KnvZfZ7vAeA,Rock,KZazBEonSMnZfZ7v6a6,Punk,15,https://s1.ticketm.net/dam/a/797/5a224697-18db-4522-8046-5c5ecfe76797_RETINA_LANDSCAPE_16_9.jpg,2026-09-17T20:02:20.773471+00:00,2026-09-20T22:44:03.900761+00:00
K8vZ9175397,Tech N9ne,https://www.ticketmaster.com/tech-n9ne-tickets/artist/1405093,KZFzniwnSyZfZ7v7nJ,Music,KnvZfZ7vAv1,Hip-Hop/Rap,KZazBEonSMnZfZ7vkdA,Urban,3,https://s1.ticketm.net/dam/a/b7e/f98487fc-afb4-487a-9627-7e38bba0ab7e_SOURCE,2026-09-17T20:02:23.393825+00:00,2026-09-20T22:44:04.466759+00:00
K8vZ917bnP0,Teddy Swims,https://www.ticketmaster.com/teddy-swims-tickets/artist/2712573,KZFzniwnSyZfZ7v7nJ,Music,KnvZfZ7vAev,Pop,KZazBEonSMnZfZ7vk1t,Pop,73,https://s1.ticketm.net/dam/a/746/1541d4c3-9c17-400f-84f1-3017d9c9d746_EVENT_DETAIL_PAGE_16_9.jpg,2026-09-17T20:02:20.370215+00:00,2026-09-20T22:44:03.417698+00:00
K8vZ917_-9V,Tele Novella,https://www.ticketmaster.com/tele-novella-tickets/artist/2339373,KZFzniwnSyZfZ7v7nJ,Music,KnvZfZ7vAev,Pop,KZazBEonSMnZfZ7vk1t,Pop,2,https://s1.ticketm.net/dam/a/4a5/99557c7a-4041-478e-9d9d-1de36dce74a5_RETINA_PORTRAIT_16_9.jpg,2026-09-17T20:02:18.739078+00:00,2026-09-20T22:44:01.382965+00:00
K8vZ917fxh0,Telluride Blues & Brews Festival,https://www.ticketmaster.com/telluride-blues-brews-festival-tickets/artist/2222780,KZFzniwnSyZfZ7v7nJ,Music,KnvZfZ7vAe6,Undefined,KZazBEonSMnZfZ7v6JI,Undefined,2,https://s1.ticketm.net/dam/a/951/992c7684-cd1e-4385-b776-7ba0b2e95951_CUSTOM.jpg,2026-09-17T20:02:17.499935+00:00,2026-09-20T22:44:00.359625+00:00
K8vZ917fQm7,Tempesst,https://www.ticketmaster.com/tempesst-tickets/artist/2216229,KZFzniwnSyZfZ7v7nJ,Music,KnvZfZ7vAeA,Rock,KZazBEonSMnZfZ7v6dt,Alternative Rock,2,https://s1.ticketm.net/dam/c/fbc/b293c0ad-c904-4215-bc59-8d7f2414dfbc_106141_RETINA_PORTRAIT_16_9.jpg,2026-09-17T20:02:19.435167+00:00,2026-09-20T22:44:02.205267+00:00
K8vZ9174hj7,Terry Harmonica Bean,https://www.ticketmaster.com/terry-harmonica-bean-tickets/artist/2281957,KZFzniwnSyZfZ7v7nJ,Music,KnvZfZ7vAvd,Blues,KZazBEonSMnZfZ7vAAd,Blues,1,https://s1.ticketm.net/dam/c/7be/4e1e9428-29ec-401f-aa45-f1577614b7be_105421_RETINA_PORTRAIT_16_9.jpg,2026-09-17T20:02:17.499935+00:00,2026-09-20T22:44:00.359625+00:00
K8vZ9175m57,The Acacia Strain,https://www.ticketmaster.com/the-acacia-strain-tickets/artist/1023801,KZFzniwnSyZfZ7v7nJ,Music,KnvZfZ7vAeA,Rock,KZazBEonSMnZfZ7v6dt,Alternative Rock,33,https://s1.ticketm.net/dam/a/5ef/fb5f6bd4-4693-4fd4-a6f4-d738795af5ef_TABLET_LANDSCAPE_LARGE_16_9.jpg,2026-09-17T20:02:23.393825+00:00,2026-09-20T22:44:04.466759+00:00
K8vZ917p7Jf,The Aces,https://www.ticketmaster.com/the-aces-tickets/artist/2380737,KZFzniwnSyZfZ7v7nJ,Music,KnvZfZ7vAeA,Rock,KZazBEonSMnZfZ7v6F1,Pop,11,https://s1.ticketm.net/dam/a/7d9/4c75dd58-09fb-4190-bf1f-a65c628317d9_RETINA_PORTRAIT_3_2.jpg,2026-09-17T20:02:20.370215+00:00,2026-09-20T22:44:03.417698+00:00
K8vZ917G3QV,The Airborne Toxic Event,https://www.ticketmaster.com/the-airborne-toxic-event-tickets/artist/1228209,KZFzniwnSyZfZ7v7nJ,Music,KnvZfZ7vAeA,Rock,KZazBEonSMnZfZ7v6dt,Alternative Rock,22,https://s1.ticketm.net/dam/a/ba0/c5c31a97-dc59-46ff-b88f-480166112ba0_RETINA_PORTRAIT_3_2.jpg,2026-09-17T20:02:25.035143+00:00,2026-09-20T22:44:06.355282+00:00
K8vZ917j3q7,"The Army, The Navy",https://www.ticketmaster.com/the-army-the-navy-tickets/artist/3098581,KZFzniwnSyZfZ7v7nJ,Music,KnvZfZ7vAev,Pop,KZazBEonSMnZfZ7vk1t,Pop,16,https://s1.ticketm.net/dam/a/0ac/7f9447f6-c787-4255-81b9-5352d6ac20ac_ARTIST_PAGE_3_2.jpg,2026-09-17T20:02:19.435167+00:00,2026-09-20T22:44:02.205267+00:00
K8vZ917_bOV,The Backseat Lovers,https://www.ticketmaster.com/the-backseat-lovers-tickets/artist/2742648,KZFzniwnSyZfZ7v7nJ,Music,KnvZfZ7vAeA,Rock,KZazBEonSMnZfZ7v6F1,Pop,1,https://s1.ticketm.net/dam/a/1ac/83f5aeab-201b-48f0-a2db-705fcac1a1ac_RETINA_PORTRAIT_3_2.jpg,2026-09-17T20:02:18.739078+00:00,2026-09-20T22:44:01.382965+00:00
K8vZ9175Nef,The Bad Plus,https://www.ticketmaster.com/the-bad-plus-tickets/artist/916003,KZFzniwnSyZfZ7v7nJ,Music,KnvZfZ7vAvE,Jazz,KZazBEonSMnZfZ7vkda,Jazz,4,https://s1.ticketm.net/dam/a/4b1/51028dc3-30bd-4d75-908f-fbd757eb04b1_RETINA_LANDSCAPE_16_9.jpg,2026-09-17T20:02:23.393825+00:00,2026-09-20T22:44:04.466759+00:00
K8vZ917oXAf,The Beaches,https://www.ticketmaster.com/the-beaches-tickets/artist/1939839,KZFzniwnSyZfZ7v7nJ,Music,KnvZfZ7vAeA,Rock,KZazBEonSMnZfZ7v6dt,Alternative Rock,5,https://s1.ticketm.net/dam/a/24c/c0644fae-b377-4bc1-ab48-6d418a69424c_RETINA_PORTRAIT_3_2.jpg,2026-09-17T20:02:17.499935+00:00,2026-09-20T22:44:00.359625+00:00
K8vZ9178YG7,The Bends,https://www.ticketmaster.com/the-bends-tickets/artist/1823340,KZFzniwnSyZfZ7v7nJ,Music,KnvZfZ7vAeA,Rock,KZazBEonSMnZfZ7v6dt,Alternative Rock,19,https://s1.ticketm.net/dam/a/4c4/1cf8fcac-d2ad-4dd7-971b-6b80829ef4c4_RECOMENDATION_16_9.jpg,2026-09-17T20:02:17.499935+00:00,2026-09-20T22:44:00.359625+00:00
K8vZ9179nCf,The Beths,https://www.ticketmaster.com/the-beths-tickets/artist/2552905,KZFzniwnSyZfZ7v7nJ,Music,KnvZfZ7vAeA,Rock,KZazBEonSMnZfZ7v6F1,Pop,18,https://s1.ticketm.net/dam/a/958/9f0d7311-2a04-481e-85fa-cf74e294f958_TABLET_LANDSCAPE_LARGE_16_9.jpg,2026-09-17T20:02:18.739078+00:00,2026-09-20T22:44:01.382965+00:00
K8vZ917OPh0,The Billy Joel Legacy,https://www.ticketmaster.com/the-billy-joel-legacy-tickets/artist/4505239,KZFzniwnSyZfZ7v7nJ,Music,KnvZfZ7vAeA,Rock,KZazBEonSMnZfZ7v6dI,Adult Contemporary,27,https://s1.ticketm.net/dam/a/cb4/d1b9ef6c-2282-4500-941e-dc47cc647cb4_ARTIST_PAGE_3_2.jpg,2026-09-17T20:02:20.370215+00:00,2026-09-20T22:44:03.417698+00:00
K8vZ917GiUV,The Black Angels,https://www.ticketmaster.com/the-black-angels-tickets/artist/1054858,KZFzniwnSyZfZ7v7nJ,Music,KnvZfZ7vAeA,Rock,KZazBEonSMnZfZ7v6F1,Pop,13,https://s1.ticketm.net/dam/a/199/81d0984d-f0b4-48c2-9495-f3b038b4c199_CUSTOM.jpg,2026-09-17T20:02:20.370215+00:00,2026-09-20T22:44:03.417698+00:00
K8vZ91750of,The Black Dahlia Murder,https://www.ticketmaster.com/the-black-dahlia-murder-tickets/artist/892747,KZFzniwnSyZfZ7v7nJ,Music,KnvZfZ7vAvt,Metal,KZazBEonSMnZfZ7vkFd,Heavy Metal,34,https://s1.ticketm.net/dam/a/2a4/2f526b70-e811-45b2-a315-6275dd4352a4_TABLET_LANDSCAPE_LARGE_16_9.jpg,2026-09-17T20:02:18.739078+00:00,2026-09-20T22:44:01.382965+00:00
K8vZ917fqnV,The Black Queen,https://www.ticketmaster.com/the-black-queen-tickets/artist/2218887,KZFzniwnSyZfZ7v7nJ,Music,KnvZfZ7vAvF,Dance/Electronic,KZazBEonSMnZfZ7vA1E,Dance/Electronic,10,https://s1.ticketm.net/dam/a/f8c/a7b2fb25-aa1b-4ac4-a246-98963d27bf8c_718481_RETINA_PORTRAIT_3_2.jpg,2026-09-17T20:02:17.499935+00:00,2026-09-17T22:38:16.765581+00:00
K8vZ917La_f,The Braymores,https://www.ticketmaster.com/the-braymores-tickets/artist/4183359,KZFzniwnSyZfZ7v7nJ,Music,KnvZfZ7vAvv,Alternative,KZazBEonSMnZfZ7vAvn,Alternative Rock,3,https://s1.ticketm.net/dam/a/485/3f72a572-293c-42db-8ad3-b12407cc7485_ARTIST_PAGE_3_2.jpg,2026-09-17T20:02:17.975980+00:00,2026-09-20T22:44:00.359625+00:00
K8vZ917GJmf,The Brothers Comatose,https://www.ticketmaster.com/the-brothers-comatose-tickets/artist/1470218,KZFzniwnSyZfZ7v7nJ,Music,KnvZfZ7vAeA,Rock,KZazBEonSMnZfZ7v6F1,Pop,9,https://s1.ticketm.net/dam/a/a29/8c714592-6ecd-411a-994a-4709cdd88a29_1120681_TABLET_LANDSCAPE_3_2.jpg,2026-09-17T20:02:20.370215+00:00,2026-09-20T22:44:03.417698+00:00
K8vZ9172Kkf,The Burial Plot,https://www.ticketmaster.com/the-burial-plot-tickets/artist/1674356,KZFzniwnSyZfZ7v7nJ,Music,KnvZfZ7vAeA,Rock,KZazBEonSMnZfZ7v6dt,Alternative Rock,1,https://s1.ticketm.net/dam/a/abe/bcb61ca0-50bc-41c1-a9ac-d1ba6fa2cabe_RETINA_PORTRAIT_3_2.jpg,2026-09-17T20:02:20.773471+00:00,2026-09-20T22:44:03.900761+00:00
K8vZ917uKn7,The California Honeydrops,https://www.ticketmaster.com/the-california-honeydrops-tickets/artist/1504574,KZFzniwnSyZfZ7v7nJ,Music,KnvZfZ7vAvd,Blues,KZazBEonSMnZfZ7vAAd,Blues,20,https://s1.ticketm.net/dam/a/467/6e8e220c-bcf7-427b-b79e-5bef3fc40467_SOURCE,2026-09-17T20:02:17.975980+00:00,2026-09-20T22:44:00.359625+00:00
Z7r9jZapjc,The Charities,,KZFzniwnSyZfZ7v7nl,Undefined,,,,,4,https://s1.ticketm.net/dam/c/f51/ee785ed6-f806-4195-98f4-69f67e09df51_106201_RETINA_PORTRAIT_3_2.jpg,2026-09-17T20:02:20.370215+00:00,2026-09-20T22:44:03.417698+00:00
Z7r9jZafKR,The Courettes,,KZFzniwnSyZfZ7v7nl,Undefined,,,,,9,https://s1.ticketm.net/dam/c/f51/ee785ed6-f806-4195-98f4-69f67e09df51_106201_RETINA_PORTRAIT_3_2.jpg,2026-09-17T20:02:20.370215+00:00,2026-09-20T22:44:03.417698+00:00
K8vZ917hN8V,The Crooked Rugs,https://www.ticketmaster.com/the-crooked-rugs-tickets/artist/3041361,KZFzniwnSyZfZ7v7nJ,Music,KnvZfZ7vAvv,Alternative,KZazBEonSMnZfZ7vAvn,Alternative Rock,1,https://s1.ticketm.net/dam/c/f50/96fa13be-e395-429b-8558-a51bb9054f50_105951_TABLET_LANDSCAPE_LARGE_16_9.jpg,2026-09-17T20:02:17.499935+00:00,2026-09-20T22:44:00.359625+00:00
K8vZ9171BZ7,The Damned,https://www.ticketmaster.com/the-damned-tickets/artist/835578,KZFzniwnSyZfZ7v7nJ,Music,KnvZfZ7vAeA,Rock,KZazBEonSMnZfZ7v6dt,Alternative Rock,27,https://s1.ticketm.net/dam/a/2d3/eb6f8680-8beb-4fb7-963d-a58dfc90e2d3_ARTIST_PAGE_3_2.jpg,2026-09-17T20:02:20.370215+00:00,2026-09-20T22:44:03.417698+00:00
K8vZ917oE6V,The Deslondes,https://www.ticketmaster.com/the-deslondes-tickets/artist/1904552,KZFzniwnSyZfZ7v7nJ,Music,KnvZfZ7vAv6,Country,KZazBEonSMnZfZ7vAFa,Country,3,https://s1.ticketm.net/dam/a/e92/b23238a7-86d4-4c93-b94a-f292a23c6e92_SOURCE,2026-09-17T20:02:18.739078+00:00,2026-09-20T22:44:01.382965+00:00
K8vZ9175WGV,The Fab Four,https://www.ticketmaster.com/the-fab-four-tickets/artist/967176,KZFzniwnSyZfZ7v7nJ,Music,KnvZfZ7vAe6,Undefined,KZazBEonSMnZfZ7v6JI,Undefined,49,https://s1.ticketm.net/dam/a/f5a/0e49ac28-970f-4ef2-abdc-da04e0e6df5a_RETINA_PORTRAIT_3_2.jpg,2026-09-17T20:02:17.499935+00:00,2026-09-20T22:44:00.359625+00:00
K8vZ9173cE7,The Funeral Portrait,https://www.ticketmaster.com/the-funeral-portrait-tickets/artist/2022824,KZFzniwnSyZfZ7v7nJ,Music,KnvZfZ7vAeA,Rock,KZazBEonSMnZfZ7v6F1,Pop,37,https://s1.ticketm.net/dam/a/b57/c2dc7f25-4da0-4918-92d7-f09694363b57_TABLET_LANDSCAPE_LARGE_16_9.jpg,2026-09-17T20:02:20.370215+00:00,2026-09-20T22:44:03.417698+00:00
K8vZ917GMwV,The Funk Hunters,https://www.ticketmaster.com/the-funk-hunters-tickets/artist/1483205,KZFzniwnSyZfZ7v7nJ,Music,KnvZfZ7vAvF,Dance/Electronic,KZazBEonSMnZfZ7vAJ1,Club Dance,4,https://s1.ticketm.net/dam/a/7ff/ad5ea6f3-30d3-4bbd-a8ab-4fc29edf87ff_RECOMENDATION_16_9.jpg,2026-09-17T20:02:17.499935+00:00,2026-09-20T22:44:00.359625+00:00
K8vZ91725VV,The Green,https://www.ticketmaster.com/the-green-tickets/artist/1550559,KZFzniwnSyZfZ7v7nJ,Music,KnvZfZ7vAed,Reggae,KZazBEonSMnZfZ7vknl,Reggae,13,https://s1.ticketm.net/dam/a/2a5/ab649e9d-7503-427d-80ed-0e98a3f522a5_ARTIST_PAGE_3_2.jpg,2026-09-17T20:02:19.435167+00:00,2026-09-20T22:44:02.205267+00:00
K8vZ917Q96f,The Hails,https://www.ticketmaster.com/the-hails-tickets/artist/2877524,KZFzniwnSyZfZ7v7nJ,Music,KnvZfZ7vAeA,Rock,KZazBEonSMnZfZ7v6F1,Pop,5,https://s1.ticketm.net/dam/a/b4a/90cfd0ec-0ef4-410c-877c-ef8a3f9eeb4a_RETINA_PORTRAIT_16_9.jpg,2026-09-17T20:02:20.370215+00:00,2026-09-20T22:44:03.417698+00:00
K8vZ917_rVf,The Haunt,https://www.ticketmaster.com/the-haunt-tickets/artist/2807495,KZFzniwnSyZfZ7v7nJ,Music,KnvZfZ7vAeA,Rock,KZazBEonSMnZfZ7v6dt,Alternative Rock,15,https://s1.ticketm.net/dam/a/da4/11ac73f6-155b-4a3b-bc2a-96c9fc65eda4_EVENT_DETAIL_PAGE_16_9.jpg,2026-09-17T20:02:19.435167+00:00,2026-09-20T22:44:02.205267+00:00
K8vZ9178627,The Hip Abduction,https://www.ticketmaster.com/the-hip-abduction-tickets/artist/1761853,KZFzniwnSyZfZ7v7nJ,Music,KnvZfZ7vAed,Reggae,KZazBEonSMnZfZ7vknl,Reggae,8,https://s1.ticketm.net/dam/a/505/003e35df-f4b3-4cb1-ac85-f0a89aec5505_EVENT_DETAIL_PAGE_16_9.jpg,2026-09-17T20:02:24.038892+00:00,2026-09-20T22:44:05.080653+00:00
K8vZ917u12V,The Holdup,https://www.ticketmaster.com/the-holdup-tickets/artist/1498484,KZFzniwnSyZfZ7v7nJ,Music,KnvZfZ7vAed,Reggae,KZazBEonSMnZfZ7vknl,Reggae,8,https://s1.ticketm.net/dam/a/eb7/c21a4fe0-63e8-4aed-bc13-9d857cb92eb7_CUSTOM.jpg,2026-09-17T20:02:18.739078+00:00,2026-09-20T22:44:01.382965+00:00
K8vZ917b_LV,The Home Team,https://www.ticketmaster.com/the-home-team-tickets/artist/2676277,KZFzniwnSyZfZ7v7nJ,Music,KnvZfZ7vAev,Pop,KZazBEonSMnZfZ7vkEl,Pop Rock,26,https://s1.ticketm.net/dam/a/84a/84908fc9-2304-4bc2-9927-9bfe84cc384a_1848141_TABLET_LANDSCAPE_LARGE_16_9.jpg,2026-09-17T20:02:17.975980+00:00,2026-09-20T22:44:00.359625+00:00
Z7r9jZaGsC,The Jauntee,,KZFzniwnSyZfZ7v7nJ,Music,KnvZfZ7vAvl,Other,KZazBEonSMnZfZ7vk1I,Other,1,https://s1.ticketm.net/dam/c/060/c5c08e7a-9912-456c-a060-2758be94e060_105881_RETINA_LANDSCAPE_16_9.jpg,2026-09-17T20:02:20.370215+00:00,2026-09-20T22:44:03.417698+00:00
K8vZ917rptf,The Kilans,https://www.ticketmaster.com/the-kilans-tickets/artist/3790879,KZFzniwnSyZfZ7v7nJ,Music,KnvZfZ7vAeA,Rock,KZazBEonSMnZfZ7v6F1,Pop,7,https://s1.ticketm.net/dam/a/8a9/1379dd66-53e4-477f-bff2-c105fa5fc8a9_CUSTOM.jpg,2026-09-17T20:02:23.393825+00:00,2026-09-20T22:44:04.466759+00:00
K8vZ917pH_f,The Lagoons,https://www.ticketmaster.com/the-lagoons-tickets/artist/2278532,KZFzniwnSyZfZ7v7nJ,Music,KnvZfZ7vAeA,Rock,KZazBEonSMnZfZ7v6F1,Pop,5,https://s1.ticketm.net/dam/a/a9a/1d73b229-0d49-44c8-824d-99884b01ca9a_RECOMENDATION_16_9.jpg,2026-09-17T20:02:18.739078+00:00,2026-09-20T22:44:01.382965+00:00
K8vZ917beWV,The Linda Lindas,https://www.ticketmaster.com/the-linda-lindas-tickets/artist/2633160,KZFzniwnSyZfZ7v7nJ,Music,KnvZfZ7vAeA,Rock,KZazBEonSMnZfZ7v6da,Rock,31,https://s1.ticketm.net/dam/a/90d/719c31d1-77bf-4d72-9f16-6bb7998cb90d_EVENT_DETAIL_PAGE_16_9.jpg,2026-09-17T20:02:17.499935+00:00,2026-09-20T22:44:00.359625+00:00
K8vZ917owP0,The Little Shop of Horrors,https://www.ticketmaster.com/the-little-shop-of-horrors-tickets/artist/1923668,KZFzniwnSyZfZ7v7nn,Film,KnvZfZ7vAkA,Comedy,KZazBEonSMnZfZ7vFlJ,Comedy,8,https://s1.ticketm.net/dam/c/023/cb71967d-23b1-4fcb-8392-17b4a2938023_105991_TABLET_LANDSCAPE_16_9.jpg,2026-09-17T20:02:17.499935+00:00,2026-09-20T22:44:00.359625+00:00
K8vZ917hsO7,The Living Tombstone,https://www.ticketmaster.com/the-living-tombstone-tickets/artist/3065172,KZFzniwnSyZfZ7v7nJ,Music,KnvZfZ7vAvF,Dance/Electronic,KZazBEonSMnZfZ7vA1E,Dance/Electronic,26,https://s1.ticketm.net/dam/a/f13/b8811fb6-db35-462d-8935-5336af67cf13_TABLET_LANDSCAPE_LARGE_16_9.jpg,2026-09-17T20:02:20.370215+00:00,2026-09-20T22:44:03.417698+00:00
K8vZ917pNP0,The Marcus King Band,https://www.ticketmaster.com/the-marcus-king-band-tickets/artist/2448486,KZFzniwnSyZfZ7v7nJ,Music,KnvZfZ7vAeA,Rock,KZazBEonSMnZfZ7v6F1,Pop,1,https://s1.ticketm.net/dam/a/ec2/287139d5-e4af-4996-8734-26c25d2bdec2_RECOMENDATION_16_9.jpg,2026-09-17T20:02:17.499935+00:00,2026-09-20T22:44:00.359625+00:00
K8vZ917GmQ7,The Menzingers,https://www.ticketmaster.com/the-menzingers-tickets/artist/1243377,KZFzniwnSyZfZ7v7nJ,Music,KnvZfZ7vAeA,Rock,KZazBEonSMnZfZ7v6dt,Alternative Rock,42,https://s1.ticketm.net/dam/a/d22/4d7dc9f2-8fe5-4c7a-ac72-1dea31847d22_TABLET_LANDSCAPE_16_9.jpg,2026-09-17T20:02:17.975980+00:00,2026-09-20T22:44:00.359625+00:00
K8vZ9172hT0,The Milk Carton Kids,https://www.ticketmaster.com/the-milk-carton-kids-tickets/artist/1665132,KZFzniwnSyZfZ7v7nJ,Music,KnvZfZ7vAeA,Rock,KZazBEonSMnZfZ7v6F1,Pop,17,https://s1.ticketm.net/dam/a/2e8/06c7c00c-d04d-4d05-bd3f-e84aab4702e8_RETINA_PORTRAIT_16_9.jpg,2026-09-17T20:02:19.435167+00:00,2026-09-20T22:44:02.205267+00:00
K8vZ9172o-0,The Motet,https://www.ticketmaster.com/the-motet-tickets/artist/1671868,KZFzniwnSyZfZ7v7nJ,Music,KnvZfZ7vAee,R&B,KZazBEonSMnZfZ7vktE,Funk,5,https://s1.ticketm.net/dam/a/9f3/4d12c2b9-a7ad-4b34-a12d-67e170aa09f3_1857981_RETINA_PORTRAIT_16_9.jpg,2026-09-17T20:02:19.682284+00:00,2026-09-20T22:44:03.417698+00:00
K8vZ917GrQf,The Musical Box,https://www.ticketmaster.com/the-musical-box-tickets/artist/899419,KZFzniwnSyZfZ7v7nJ,Music,KnvZfZ7vAe6,Undefined,KZazBEonSMnZfZ7v6JI,Undefined,17,https://s1.ticketm.net/dam/a/0b7/c373ca90-c06b-45c0-b085-983181cbf0b7_CUSTOM.jpg,2026-09-17T20:02:20.370215+00:00,2026-09-20T22:44:03.417698+00:00
K8vZ9173Vv7,The Nightmare Before Christmas,https://www.ticketmaster.com/the-nightmare-before-christmas-tickets/artist/2034503,KZFzniwnSyZfZ7v7nn,Film,KnvZfZ7vAkd,Animation,KZazBEonSMnZfZ7vFla,Animation,4,https://s1.ticketm.net/dam/a/3db/099c8656-c617-4048-ad13-0c3377e253db_1816001_CUSTOM.jpg,2026-09-17T20:02:19.435167+00:00,2026-09-20T22:44:02.588228+00:00
K8vZ917GvGV,The Number Twelve Looks Like You,https://www.ticketmaster.com/the-number-twelve-looks-like-you-tickets/artist/1095013,KZFzniwnSyZfZ7v7nJ,Music,KnvZfZ7vAeA,Rock,KZazBEonSMnZfZ7v6dt,Alternative Rock,10,https://s1.ticketm.net/dam/a/ac5/9c9472ce-8d6b-49b0-a8bf-c1879c6a0ac5_RETINA_PORTRAIT_3_2.jpg,2026-09-17T20:02:18.739078+00:00,2026-09-20T22:44:01.382965+00:00
K8vZ917138f,The Nutcracker,https://www.ticketmaster.com/the-nutcracker-tickets/artist/804130,KZFzniwnSyZfZ7v7na,Arts & Theatre,KnvZfZ7v7nI,Dance,KZazBEonSMnZfZ7v7nl,Dance,306,https://s1.ticketm.net/dam/a/322/1a42a97d-e908-484a-89c2-e23974317322_RETINA_LANDSCAPE_16_9.jpg,2026-09-17T20:02:20.773471+00:00,2026-09-20T22:44:03.900761+00:00
K8vZ917C3G7,The Painkillers,https://www.ticketmaster.com/the-painkillers-tickets/artist/1578557,KZFzniwnSyZfZ7v7nJ,Music,KnvZfZ7vAeA,Rock,KZazBEonSMnZfZ7v6F1,Pop,4,https://s1.ticketm.net/dam/c/fbc/b293c0ad-c904-4215-bc59-8d7f2414dfbc_106141_RECOMENDATION_16_9.jpg,2026-09-17T20:02:17.499935+00:00,2026-09-20T22:44:00.359625+00:00
Z7r9jZ177PA-,The Painkillers,,KZFzniwnSyZfZ7v7nl,Undefined,,,,,1,https://s1.ticketm.net/dam/c/8cf/a6653880-7899-4f67-8067-1f95f4d158cf_124761_RECOMENDATION_16_9.jpg,2026-09-17T20:02:17.499935+00:00,2026-09-20T22:44:00.359625+00:00
K8vZ917q9vf,The Paradox,https://www.ticketmaster.com/the-paradox-tickets/artist/3336859,KZFzniwnSyZfZ7v7nJ,Music,KnvZfZ7vAeA,Rock,KZazBEonSMnZfZ7v6FE,Pop Punk,16,https://s1.ticketm.net/dam/a/1af/13a6e5fe-5278-4a47-b539-43a142c031af_SOURCE,2026-09-17T20:02:19.435167+00:00,2026-09-20T22:44:02.205267+00:00
K8vZ917rmaf,The Phil Collins Story,https://www.ticketmaster.com/the-phil-collins-story-tickets/artist/3996629,KZFzniwnSyZfZ7v7nJ,Music,KnvZfZ7vAvl,Other,KZazBEonSMnZfZ7vk1I,Other,28,https://s1.ticketm.net/dam/a/2da/63d22858-c3c9-4c45-85f6-3ffcb6b5f2da_SOURCE,2026-09-17T20:02:17.499935+00:00,2026-09-20T22:44:00.359625+00:00
K8vZ9178yo7,The Pineapple Thief,https://www.ticketmaster.com/the-pineapple-thief-tickets/artist/1836594,KZFzniwnSyZfZ7v7nJ,Music,KnvZfZ7vAeA,Rock,KZazBEonSMnZfZ7v6dt,Alternative Rock,34,https://s1.ticketm.net/dam/a/ba4/6ab45818-4738-4ee0-9eb5-0bafbb966ba4_CUSTOM.jpg,2026-09-17T20:02:23.393825+00:00,2026-09-20T22:44:04.466759+00:00
K8vZ917GSGV,The Polish Ambassador,https://www.ticketmaster.com/the-polish-ambassador-tickets/artist/1480381,KZFzniwnSyZfZ7v7nJ,Music,KnvZfZ7vAeA,Rock,KZazBEonSMnZfZ7v6dt,Alternative Rock,5,https://s1.ticketm.net/dam/a/91d/0bb6ba66-40b4-46dd-8a58-6055e4ac291d_248691_RETINA_PORTRAIT_3_2.jpg,2026-09-17T20:02:23.657248+00:00,2026-09-20T22:44:04.817229+00:00
K8vZ9178970,The Railbenders,https://www.ticketmaster.com/the-railbenders-tickets/artist/1786060,KZFzniwnSyZfZ7v7nJ,Music,KnvZfZ7vAeA,Rock,KZazBEonSMnZfZ7v6F1,Pop,1,https://s1.ticketm.net/dam/c/fbc/b293c0ad-c904-4215-bc59-8d7f2414dfbc_106141_EVENT_DETAIL_PAGE_16_9.jpg,2026-09-17T20:02:23.393825+00:00,2026-09-20T22:44:04.466759+00:00
K8vZ917pZk7,The Rare Occasions,https://www.ticketmaster.com/the-rare-occasions-tickets/artist/2372887,KZFzniwnSyZfZ7v7nJ,Music,KnvZfZ7vAvv,Alternative,KZazBEonSMnZfZ7vAvn,Alternative Rock,3,https://s1.ticketm.net/dam/a/eaa/2d9dd561-caba-4342-992a-0d1c4dce7eaa_CUSTOM.jpg,2026-09-17T20:02:20.370215+00:00,2026-09-20T22:44:03.417698+00:00
K8vZ917G2Sf,The Rasmus,https://www.ticketmaster.com/the-rasmus-tickets/artist/941617,KZFzniwnSyZfZ7v7nJ,Music,KnvZfZ7vAeA,Rock,KZazBEonSMnZfZ7v6F1,Pop,31,https://s1.ticketm.net/dam/a/056/7983bf07-b369-4110-a7a3-18a895089056_RETINA_PORTRAIT_16_9.jpg,2026-09-17T20:02:17.975980+00:00,2026-09-20T22:44:00.359625+00:00
K8vZ917oK20,The Record Company,https://www.ticketmaster.com/the-record-company-tickets/artist/1875725,KZFzniwnSyZfZ7v7nJ,Music,KnvZfZ7vAeA,Rock,KZazBEonSMnZfZ7v6F1,Pop,10,https://s1.ticketm.net/dam/a/064/4f394521-67c5-4b51-9720-0556df102064_RECOMENDATION_16_9.jpg,2026-09-17T20:02:17.499935+00:00,2026-09-20T22:44:00.359625+00:00
K8vZ917uhlV,The Revivalists,https://www.ticketmaster.com/the-revivalists-tickets/artist/1512734,KZFzniwnSyZfZ7v7nJ,Music,KnvZfZ7vAeA,Rock,KZazBEonSMnZfZ7v6F1,Pop,20,https://s1.ticketm.net/dam/a/c74/a09b027d-2546-40d6-b921-ed90806c8c74_EVENT_DETAIL_PAGE_16_9.jpg,2026-09-17T20:02:17.499935+00:00,2026-09-20T22:44:00.359625+00:00
K8vZ917hdF7,The Rock Orchestra By Candlelight,https://www.ticketmaster.com/the-rock-orchestra-by-candlelight-tickets/artist/2967647,KZFzniwnSyZfZ7v7nJ,Music,KnvZfZ7vAeA,Rock,KZazBEonSMnZfZ7v6da,Rock,43,https://s1.ticketm.net/dam/a/353/193f61ae-3476-426d-87e1-028c967a7353_SOURCE,2026-09-17T20:02:18.739078+00:00,2026-09-20T22:44:01.382965+00:00
K8vZ917bf30,The Rock and Roll Playhouse,https://www.ticketmaster.com/the-rock-and-roll-playhouse-tickets/artist/2669001,KZFzniwnSyZfZ7v7nJ,Music,KnvZfZ7vAeA,Rock,KZazBEonSMnZfZ7v6an,Rock & Roll,27,https://s1.ticketm.net/dam/a/0bb/e65394ae-9746-4063-b803-d25e9a6460bb_RECOMENDATION_16_9.jpg,2026-09-17T20:02:17.499935+00:00,2026-09-20T22:44:00.359625+00:00
K8vZ917h210,The Schizophonics,https://www.ticketmaster.com/the-schizophonics-tickets/artist/2546326,KZFzniwnSyZfZ7v7nJ,Music,KnvZfZ7vAeA,Rock,KZazBEonSMnZfZ7v6da,Rock,8,https://s1.ticketm.net/dam/a/960/025211a1-96e0-4d0d-bda2-cdae7a248960_EVENT_DETAIL_PAGE_16_9.jpg,2026-09-17T20:02:17.499935+00:00,2026-09-20T22:44:00.359625+00:00
K8vZ9171FDV,The Smashing Pumpkins,https://www.ticketmaster.com/the-smashing-pumpkins-tickets/artist/736143,KZFzniwnSyZfZ7v7nJ,Music,KnvZfZ7vAeA,Rock,KZazBEonSMnZfZ7v6dt,Alternative Rock,33,https://s1.ticketm.net/dam/a/d28/6579aedc-208c-4bb2-a5b1-f67387aa4d28_TABLET_LANDSCAPE_3_2.jpg,2026-09-17T20:02:19.435167+00:00,2026-09-20T22:44:02.205267+00:00
Z7r9jZ177Ku-,The Speeks,,KZFzniwnSyZfZ7v7nl,Undefined,,,,,1,https://s1.ticketm.net/dam/c/f51/ee785ed6-f806-4195-98f4-69f67e09df51_106201_RETINA_PORTRAIT_3_2.jpg,2026-09-17T20:02:20.370215+00:00,2026-09-20T22:44:03.417698+00:00
K8vZ91718nV,The Spinners,https://www.ticketmaster.com/the-spinners-tickets/artist/736173,KZFzniwnSyZfZ7v7nJ,Music,KnvZfZ7vAee,R&B,KZazBEonSMnZfZ7vkIt,R&B,4,https://s1.ticketm.net/dam/a/db5/bb0c5c84-2a51-4c64-8f4a-6371d39f1db5_SOURCE,2026-09-17T20:02:17.499935+00:00,2026-09-20T22:44:00.359625+00:00
K8vZ917Gx10,The Tallest Man On Earth,https://www.ticketmaster.com/the-tallest-man-on-earth-tickets/artist/1261937,KZFzniwnSyZfZ7v7nJ,Music,KnvZfZ7vAeA,Rock,KZazBEonSMnZfZ7v6F1,Pop,26,https://s1.ticketm.net/dam/a/f3f/60b51953-3814-4d47-be0e-6724bc570f3f_SOURCE,2026-09-17T20:02:20.370215+00:00,2026-09-20T22:44:03.417698+00:00
K8vZ917OdpV,The Tear Garden,https://www.ticketmaster.com/the-tear-garden-tickets/artist/4402664,KZFzniwnSyZfZ7v7nJ,Music,KnvZfZ7vAvv,Alternative,KZazBEonSMnZfZ7vAvn,Alternative Rock,8,https://s1.ticketm.net/dam/a/1af/8d3e0b7d-c9f3-425d-b736-6ce3ed7101af_RETINA_PORTRAIT_16_9.jpg,2026-09-17T20:02:17.499935+00:00,2026-09-20T22:44:00.359625+00:00
K8vZ9171860,The Temptations,https://www.ticketmaster.com/the-temptations-tickets/artist/736274,KZFzniwnSyZfZ7v7nJ,Music,KnvZfZ7vAee,R&B,KZazBEonSMnZfZ7vkIt,R&B,20,https://s1.ticketm.net/dam/a/e73/f038f370-be0d-4dbd-aa29-f5a967b28e73_ARTIST_PAGE_3_2.jpg,2026-09-17T20:02:23.657248+00:00,2026-09-20T22:44:04.817229+00:00
K8vZ917_Jr7,The Umbrellas,https://www.ticketmaster.com/the-umbrellas-tickets/artist/2819509,KZFzniwnSyZfZ7v7nJ,Music,KnvZfZ7vAeA,Rock,KZazBEonSMnZfZ7v6F1,Pop,2,https://s1.ticketm.net/dam/a/d04/a52e0638-2b1f-47cb-9364-762813d13d04_RETINA_LANDSCAPE_16_9.jpg,2026-09-17T20:02:23.393825+00:00,2026-09-20T22:44:04.466759+00:00
K8vZ91713g7,The Verve Pipe,https://www.ticketmaster.com/the-verve-pipe-tickets/artist/773193,KZFzniwnSyZfZ7v7nJ,Music,KnvZfZ7vAeA,Rock,KZazBEonSMnZfZ7v6dt,Alternative Rock,12,https://s1.ticketm.net/dam/a/fb0/a1fe9d70-cff5-43e4-9515-7523d7336fb0_CUSTOM.jpg,2026-09-17T20:02:18.739078+00:00,2026-09-20T22:44:01.382965+00:00
K8vZ917phs0,The War And Treaty,https://www.ticketmaster.com/the-war-and-treaty-tickets/artist/2148628,KZFzniwnSyZfZ7v7nJ,Music,KnvZfZ7vAva,Folk,KZazBEonSMnZfZ7vAna,Americana,31,https://s1.ticketm.net/dam/a/c33/958deecf-15aa-46d2-989d-256e8d45ec33_EVENT_DETAIL_PAGE_16_9.jpg,2026-09-17T20:02:20.370215+00:00,2026-09-20T22:44:03.417698+00:00
K8vZ917KSff,The Warning,https://www.ticketmaster.com/the-warning-tickets/artist/2156114,KZFzniwnSyZfZ7v7nJ,Music,KnvZfZ7vAvv,Alternative,KZazBEonSMnZfZ7vAvn,Alternative Rock,35,https://s1.ticketm.net/dam/a/4f2/8794fc89-53b5-4fd5-80cb-aac4e60ca4f2_RETINA_PORTRAIT_16_9.jpg,2026-09-17T20:02:24.505358+00:00,2026-09-20T22:44:05.657178+00:00
K8vZ9174lI7,The Wldlfe,https://www.ticketmaster.com/the-wldlfe-tickets/artist/2319274,KZFzniwnSyZfZ7v7nJ,Music,KnvZfZ7vAvv,Alternative,KZazBEonSMnZfZ7vAvn,Alternative Rock,12,https://s1.ticketm.net/dam/a/2b4/b61d0dca-b10b-469c-85f1-18f0089252b4_ARTIST_PAGE_3_2.jpg,2026-09-17T20:02:20.370215+00:00,2026-09-20T22:44:03.417698+00:00
K8vZ917j2XV,The Wooten Brothers,https://www.ticketmaster.com/the-wooten-brothers-tickets/artist/3094759,KZFzniwnSyZfZ7v7nJ,Music,KnvZfZ7vAvE,Jazz,KZazBEonSMnZfZ7vkAa,Jazz Funk,12,https://s1.ticketm.net/dam/a/9f8/89cca515-660a-4c75-a512-041f2b54d9f8_RETINA_LANDSCAPE_16_9.jpg,2026-09-17T20:02:23.393825+00:00,2026-09-20T22:44:04.466759+00:00
K8vZ917fxJV,The Wrecks,https://www.ticketmaster.com/the-wrecks-tickets/artist/2224546,KZFzniwnSyZfZ7v7nJ,Music,KnvZfZ7vAeA,Rock,KZazBEonSMnZfZ7v6F1,Pop,24,https://s1.ticketm.net/dam/a/937/0fe4c5fc-e193-488a-859b-2ac5df614937_RECOMENDATION_16_9.jpg,2026-09-17T20:02:19.435167+00:00,2026-09-20T22:44:02.205267+00:00
Z7r9jZab3y,The Zac Schulze Gang,,KZFzniwnSyZfZ7v7nl,Undefined,,,,,3,https://s1.ticketm.net/dam/c/f51/ee785ed6-f806-4195-98f4-69f67e09df51_106201_RETINA_PORTRAIT_3_2.jpg,2026-09-17T20:02:17.499935+00:00,2026-09-17T22:38:16.765581+00:00
K8vZ917jjyV,The Zac Schulze Gang,https://www.ticketmaster.com/the-zac-schulze-gang-tickets/artist/3119390,KZFzniwnSyZfZ7v7nJ,Music,KnvZfZ7vAvd,Blues,KZazBEonSMnZfZ7vAAd,Blues,7,https://s1.ticketm.net/dam/c/7be/4e1e9428-29ec-401f-aa45-f1577614b7be_105421_EVENT_DETAIL_PAGE_16_9.jpg,2026-09-17T20:02:17.499935+00:00,2026-09-20T22:44:00.359625+00:00
K8vZ917r6t0,Thee Marloes,https://www.ticketmaster.com/thee-marloes-tickets/artist/3639384,KZFzniwnSyZfZ7v7nJ,Music,KnvZfZ7vAeA,Rock,KZazBEonSMnZfZ7v6da,Rock,3,https://s1.ticketm.net/dam/a/586/c159c367-6b05-4647-8f2e-a65cd7a6a586_EVENT_DETAIL_PAGE_16_9.jpg,2026-09-17T20:02:19.435167+00:00,2026-09-20T22:44:02.205267+00:00
K8vZ9174D90,Thee Phantom & Illharmonic Orchestra,https://www.ticketmaster.com/thee-phantom-illharmonic-orchestra-tickets/artist/2359777,KZFzniwnSyZfZ7v7nJ,Music,KnvZfZ7vAvl,Other,KZazBEonSMnZfZ7vk1I,Other,4,https://s1.ticketm.net/dam/c/060/c5c08e7a-9912-456c-a060-2758be94e060_105881_RETINA_LANDSCAPE_16_9.jpg,2026-09-17T20:02:18.739078+00:00,2026-09-20T22:44:01.382965+00:00
Z7r9jZa8Oc,Thee Sinseers,,KZFzniwnSyZfZ7v7nJ,Music,KnvZfZ7vAvl,Other,KZazBEonSMnZfZ7vk1I,Other,24,https://s1.ticketm.net/dam/c/060/c5c08e7a-9912-456c-a060-2758be94e060_105881_RETINA_LANDSCAPE_16_9.jpg,2026-09-17T20:02:20.370215+00:00,2026-09-20T22:44:03.417698+00:00
K8vZ917uBYV,Theo Katzman,https://www.ticketmaster.com/theo-katzman-tickets/artist/1546725,KZFzniwnSyZfZ7v7nJ,Music,KnvZfZ7vAee,R&B,KZazBEonSMnZfZ7vknE,Soul,19,https://s1.ticketm.net/dam/a/3ab/9c4ce228-d575-4b9b-a54e-b159605d33ab_RETINA_LANDSCAPE_16_9.jpg,2026-09-17T20:02:19.435167+00:00,2026-09-20T22:44:02.205267+00:00
K8vZ9171O9f,Third Day,https://www.ticketmaster.com/third-day-tickets/artist/779803,KZFzniwnSyZfZ7v7nJ,Music,KnvZfZ7vAeA,Rock,KZazBEonSMnZfZ7v6F1,Pop,31,https://s1.ticketm.net/dam/a/4df/f3c392f3-d99f-4d26-92fe-2e4a598244df_TABLET_LANDSCAPE_16_9.jpg,2026-09-17T20:02:24.505358+00:00,2026-09-20T22:44:05.657178+00:00
K8vZ917jsV7,This Is Lorelei,https://www.ticketmaster.com/this-is-lorelei-tickets/artist/3159366,KZFzniwnSyZfZ7v7nJ,Music,KnvZfZ7vAvv,Alternative,KZazBEonSMnZfZ7vAde,Indie Rock,24,https://s1.ticketm.net/dam/a/6da/f43d5a67-0638-4a25-9d80-1e7c2a6b16da_RETINA_PORTRAIT_3_2.jpg,2026-09-17T20:02:19.435167+00:00,2026-09-20T22:44:02.205267+00:00
K8vZ917oc1f,This Wild Life,https://www.ticketmaster.com/this-wild-life-tickets/artist/1914036,KZFzniwnSyZfZ7v7nJ,Music,KnvZfZ7vAeA,Rock,KZazBEonSMnZfZ7v6dt,Alternative Rock,11,https://s1.ticketm.net/dam/a/372/897ebce3-aba1-4826-a0f4-6125d0343372_ARTIST_PAGE_3_2.jpg,2026-09-17T20:02:19.435167+00:00,2026-09-20T22:44:02.205267+00:00
K8vZ9175BpV,Thomas &  Friends,https://www.ticketmaster.com/thomas-friends-tickets/artist/1092693,KZFzniwnSyZfZ7v7nJ,Music,KnvZfZ7vAvk,Children's Music,KZazBEonSMnZfZ7vAFF,Children's Music,139,https://s1.ticketm.net/dam/c/1e5/abd7fc37-5fce-4756-ba3e-52fc9c4021e5_106221_TABLET_LANDSCAPE_3_2.jpg,2026-09-17T20:02:17.499935+00:00,2026-09-20T22:44:00.359625+00:00
K8vZ9174zGf,Thousand Below,https://www.ticketmaster.com/thousand-below-tickets/artist/2350938,KZFzniwnSyZfZ7v7nJ,Music,KnvZfZ7vAeA,Rock,KZazBEonSMnZfZ7v6Ft,Post-Hardcore,6,https://s1.ticketm.net/dam/a/930/3a8ae4be-d3d4-4c58-82c4-026bf79ab930_ARTIST_PAGE_3_2.jpg,2026-09-17T20:02:18.739078+00:00,2026-09-20T22:44:01.382965+00:00
Z7r9jZa86Q,Thousand Below,,KZFzniwnSyZfZ7v7nJ,Music,KnvZfZ7vAvl,Other,KZazBEonSMnZfZ7vk1I,Other,8,https://s1.ticketm.net/dam/c/060/c5c08e7a-9912-456c-a060-2758be94e060_105881_RETINA_LANDSCAPE_16_9.jpg,2026-09-17T20:02:18.739078+00:00,2026-09-20T22:44:01.382965+00:00
K8vZ9175jBV,Three Days Grace,https://www.ticketmaster.com/three-days-grace-tickets/artist/882809,KZFzniwnSyZfZ7v7nJ,Music,KnvZfZ7vAeA,Rock,KZazBEonSMnZfZ7v6F1,Pop,23,https://s1.ticketm.net/dam/a/cde/9b5ebaa1-ed05-4988-990a-eb79f1581cde_SOURCE,2026-09-17T20:02:20.370215+00:00,2026-09-20T22:44:03.417698+00:00
K8vZ917CQzf,Thrown Into Exile,https://www.ticketmaster.com/thrown-into-exile-tickets/artist/1589707,KZFzniwnSyZfZ7v7nJ,Music,KnvZfZ7vAvt,Metal,KZazBEonSMnZfZ7vkFd,Heavy Metal,22,https://s1.ticketm.net/dam/a/7b3/b490f424-72fc-4176-8299-a023c04de7b3_RECOMENDATION_16_9.jpg,2026-09-17T20:02:18.739078+00:00,2026-09-20T22:44:01.382965+00:00
K8vZ9178oPV,Tim Montana,https://www.ticketmaster.com/tim-montana-tickets/artist/1776626,KZFzniwnSyZfZ7v7nJ,Music,KnvZfZ7vAv6,Country,KZazBEonSMnZfZ7vAFa,Country,17,https://s1.ticketm.net/dam/a/de9/c330dec3-173f-4589-8170-96f81803bde9_RETINA_PORTRAIT_3_2.jpg,2026-09-17T20:02:23.393825+00:00,2026-09-20T22:44:04.466759+00:00
K8vZ917qXgV,Time Machine: 90's-2000's Throwback Dance Party,https://www.ticketmaster.com/time-machine-90s2000s-throwback-dance-party-tickets/artist/3565614,KZFzniwnSyZfZ7v7nJ,Music,KnvZfZ7vAvF,Dance/Electronic,KZazBEonSMnZfZ7vAJJ,Dance Pop,2,https://s1.ticketm.net/dam/c/df8/81eadad8-4449-412e-a2b1-3d8bbb78edf8_106181_EVENT_DETAIL_PAGE_16_9.jpg,2026-09-17T20:02:17.499935+00:00,2026-09-17T22:38:16.765581+00:00
K8vZ9179bO7,Tinlicker,https://www.ticketmaster.com/tinlicker-tickets/artist/2539619,KZFzniwnSyZfZ7v7nJ,Music,KnvZfZ7vAvF,Dance/Electronic,KZazBEonSMnZfZ7vA1E,Dance/Electronic,18,https://s1.ticketm.net/dam/a/77b/821ec84d-bc67-4d02-a389-a81da25b177b_SOURCE,2026-09-17T20:02:18.739078+00:00,2026-09-20T22:44:01.382965+00:00
K8vZ9174xq0,Toadface,https://www.ticketmaster.com/toadface-tickets/artist/2300727,KZFzniwnSyZfZ7v7nJ,Music,KnvZfZ7vAvF,Dance/Electronic,KZazBEonSMnZfZ7vA1E,Dance/Electronic,5,https://s1.ticketm.net/dam/c/df8/81eadad8-4449-412e-a2b1-3d8bbb78edf8_106181_EVENT_DETAIL_PAGE_16_9.jpg,2026-09-17T20:02:19.435167+00:00,2026-09-20T22:44:02.205267+00:00
K8vZ91718rV,Todd Rundgren,https://www.ticketmaster.com/todd-rundgren-tickets/artist/736021,KZFzniwnSyZfZ7v7nJ,Music,KnvZfZ7vAeA,Rock,KZazBEonSMnZfZ7v6F1,Pop,16,https://s1.ticketm.net/dam/a/10c/d7303d2f-b6e8-4f0d-a456-902c4abfa10c_SOURCE,2026-09-17T20:02:20.370215+00:00,2026-09-20T22:44:03.417698+00:00
K8vZ917GWEf,Tokimonsta,https://www.ticketmaster.com/tokimonsta-tickets/artist/1488217,KZFzniwnSyZfZ7v7nJ,Music,KnvZfZ7vAvF,Dance/Electronic,KZazBEonSMnZfZ7vAJ1,Club Dance,2,https://s1.ticketm.net/dam/a/10f/39d2532f-1936-42e5-8fa1-1c1d0c54e10f_SOURCE,2026-09-17T20:02:20.370215+00:00,2026-09-20T22:44:03.417698+00:00
K8vZ917GIKV,Tom Papa,https://www.ticketmaster.com/tom-papa-tickets/artist/1330747,KZFzniwnSyZfZ7v7na,Arts & Theatre,KnvZfZ7vAe1,Comedy,KZazBEonSMnZfZ7vF17,Comedy,12,https://s1.ticketm.net/dam/a/298/e1da6737-7aa4-424d-8fb6-24c0700c8298_TABLET_LANDSCAPE_3_2.jpg,2026-09-17T20:02:19.435167+00:00,2026-09-20T22:44:02.205267+00:00
K8vZ917j-FV,Tommy Ragen,https://www.ticketmaster.com/tommy-ragen-tickets/artist/3128669,KZFzniwnSyZfZ7v7nJ,Music,KnvZfZ7vAvv,Alternative,KZazBEonSMnZfZ7vAvn,Alternative Rock,3,https://s1.ticketm.net/dam/a/7e7/1de7262b-c6b6-4bc5-9804-c45f6bf4c7e7_RETINA_PORTRAIT_16_9.jpg,2026-09-17T20:02:18.739078+00:00,2026-09-20T22:44:01.382965+00:00
K8vZ917qojf,Torn Open,https://www.ticketmaster.com/torn-open-tickets/artist/3310074,KZFzniwnSyZfZ7v7nJ,Music,KnvZfZ7vAvt,Metal,KZazBEonSMnZfZ7vkFd,Heavy Metal,2,https://s1.ticketm.net/dam/a/c30/e80ed740-6c61-4d61-b5b9-58bcc1b16c30_SOURCE,2026-09-17T20:02:20.773471+00:00,2026-09-20T22:44:03.900761+00:00
K8vZ917hrhV,Towa Bird,https://www.ticketmaster.com/towa-bird-tickets/artist/3028194,KZFzniwnSyZfZ7v7nJ,Music,KnvZfZ7vAeA,Rock,KZazBEonSMnZfZ7v6F1,Pop,5,https://s1.ticketm.net/dam/a/7d1/f59ebcc3-e089-41e7-9769-a0b61266d7d1_TABLET_LANDSCAPE_16_9.jpg,2026-09-17T20:02:17.499935+00:00,2026-09-17T22:38:16.765581+00:00
K8vZ9171L10,Trans-Siberian Orchestra,https://www.ticketmaster.com/transsiberian-orchestra-tickets/artist/780815,KZFzniwnSyZfZ7v7nJ,Music,KnvZfZ7vAeA,Rock,KZazBEonSMnZfZ7v6F1,Pop,107,https://s1.ticketm.net/dam/a/e8b/b5409ed1-4af0-44a7-bccd-83fef3b0ae8b_CUSTOM.jpg,2026-09-17T20:02:20.773471+00:00,2026-09-20T22:44:03.900761+00:00
K8vZ9179uXV,Traps PS,https://www.ticketmaster.com/traps-ps-tickets/artist/2512171,KZFzniwnSyZfZ7v7nJ,Music,KnvZfZ7vAee,R&B,KZazBEonSMnZfZ7vktE,Funk,6,https://s1.ticketm.net/dam/c/48b/2352e3b5-8496-496b-97a3-e605177e848b_105851_TABLET_LANDSCAPE_3_2.jpg,2026-09-17T20:02:18.739078+00:00,2026-09-20T22:44:01.382965+00:00
K8vZ917Qyyf,Treaty Oak Revival,https://www.ticketmaster.com/treaty-oak-revival-tickets/artist/2951358,KZFzniwnSyZfZ7v7nJ,Music,KnvZfZ7vAv6,Country,KZazBEonSMnZfZ7vAFa,Country,24,https://s1.ticketm.net/dam/a/0b2/55400c57-3571-4053-b18e-7c92d51f00b2_ARTIST_PAGE_3_2.jpg,2026-09-17T20:02:25.035143+00:00,2026-09-20T22:44:06.355282+00:00
K8vZ91719PV,Tricky,https://www.ticketmaster.com/tricky-tickets/artist/806788,KZFzniwnSyZfZ7v7nJ,Music,KnvZfZ7vAeA,Rock,KZazBEonSMnZfZ7v6dt,Alternative Rock,17,https://s1.ticketm.net/dam/a/1d5/51419594-ddf0-43d4-af0f-1ba09af161d5_651081_TABLET_LANDSCAPE_LARGE_16_9.jpg,2026-09-17T20:02:18.739078+00:00,2026-09-20T22:44:01.382965+00:00
K8vZ917Lpjf,Trinity Ace,https://www.ticketmaster.com/trinity-ace-tickets/artist/4232549,KZFzniwnSyZfZ7v7nJ,Music,KnvZfZ7vAev,Pop,KZazBEonSMnZfZ7vkEk,Indie Pop,4,https://s1.ticketm.net/dam/c/4f2/0109888a-61b5-4525-8432-b026ef04f4f2_105631_EVENT_DETAIL_PAGE_16_9.jpg,2026-09-17T20:02:19.682284+00:00,2026-09-20T22:44:02.588228+00:00
K8vZ9179G97,Trish Toledo,https://www.ticketmaster.com/trish-toledo-tickets/artist/2514104,KZFzniwnSyZfZ7v7nJ,Music,KnvZfZ7vAee,R&B,KZazBEonSMnZfZ7vknE,Soul,7,https://s1.ticketm.net/dam/a/261/99c8257c-fc97-454f-9e01-beac86c3d261_RETINA_PORTRAIT_16_9.jpg,2026-09-17T20:02:20.370215+00:00,2026-09-20T22:44:03.417698+00:00
Z7r9jZa2mZ,Trish Toledo,,KZFzniwnSyZfZ7v7nJ,Music,KnvZfZ7vAvl,Other,KZazBEonSMnZfZ7vk1I,Other,8,https://s1.ticketm.net/dam/c/060/c5c08e7a-9912-456c-a060-2758be94e060_105881_RETINA_LANDSCAPE_16_9.jpg,2026-09-17T20:02:20.370215+00:00,2026-09-20T22:44:03.417698+00:00
K8vZ917CgJf,Tritonal,https://www.ticketmaster.com/tritonal-tickets/artist/1627345,KZFzniwnSyZfZ7v7nJ,Music,KnvZfZ7vAvF,Dance/Electronic,KZazBEonSMnZfZ7vAJ1,Club Dance,2,https://s1.ticketm.net/dam/a/2c7/8e506b80-f31a-4ef1-a804-343ff6b4a2c7_TABLET_LANDSCAPE_3_2.jpg,2026-09-17T20:02:19.435167+00:00,2026-09-20T22:44:02.205267+00:00
K8vZ9175Ylf,Trivium,https://www.ticketmaster.com/trivium-tickets/artist/962593,KZFzniwnSyZfZ7v7nJ,Music,KnvZfZ7vAeA,Rock,KZazBEonSMnZfZ7v6F1,Pop,45,https://s1.ticketm.net/dam/a/9d8/556b6834-045f-4f92-970f-1318ae00d9d8_ARTIST_PAGE_3_2.jpg,2026-09-17T20:02:23.393825+00:00,2026-09-20T22:44:04.466759+00:00
K8vZ917C5W7,Trophy Wife,https://www.ticketmaster.com/trophy-wife-tickets/artist/1569585,KZFzniwnSyZfZ7v7nJ,Music,KnvZfZ7vAeA,Rock,KZazBEonSMnZfZ7v66A,Indie Rock,3,https://s1.ticketm.net/dam/a/8c5/77714e2a-bf56-473c-98a6-7613882228c5_RETINA_LANDSCAPE_16_9.jpg,2026-09-17T20:02:18.739078+00:00,2026-09-20T22:44:04.466759+00:00
Z7r9jZaK--,Trophy Wife,,KZFzniwnSyZfZ7v7nl,Undefined,,,,,3,https://s1.ticketm.net/dam/c/f51/ee785ed6-f806-4195-98f4-69f67e09df51_106201_RETINA_PORTRAIT_3_2.jpg,2026-09-17T20:02:23.393825+00:00,2026-09-20T22:44:04.466759+00:00
K8vZ917jYYf,Tucker Wetmore,https://www.ticketmaster.com/tucker-wetmore-tickets/artist/3157347,KZFzniwnSyZfZ7v7nJ,Music,KnvZfZ7vAv6,Country,KZazBEonSMnZfZ7vAFa,Country,10,https://s1.ticketm.net/dam/a/58f/d8b7edfd-9ade-4890-85c1-db80dc08658f_CUSTOM.jpg,2026-09-17T20:02:19.435167+00:00,2026-09-20T22:44:02.205267+00:00
Z7r9jZaCrc,Tunnel Vision,,KZFzniwnSyZfZ7v7nJ,Music,KnvZfZ7vAvl,Other,KZazBEonSMnZfZ7vk1I,Other,1,https://s1.ticketm.net/dam/c/060/c5c08e7a-9912-456c-a060-2758be94e060_105881_RETINA_LANDSCAPE_16_9.jpg,2026-09-17T20:02:20.370215+00:00,2026-09-20T22:44:03.417698+00:00
K8vZ917ou80,Turnover,https://www.ticketmaster.com/turnover-tickets/artist/1867411,KZFzniwnSyZfZ7v7nJ,Music,KnvZfZ7vAeA,Rock,KZazBEonSMnZfZ7v6F1,Pop,44,https://s1.ticketm.net/dam/a/c0d/afb5f88c-ff9a-4869-8ae8-71e24c9d3c0d_SOURCE,2026-09-17T20:02:17.975980+00:00,2026-09-20T22:44:00.359625+00:00
K8vZ917hryf,Twilight In Concert,https://www.ticketmaster.com/twilight-in-concert-tickets/artist/2651256,KZFzniwnSyZfZ7v7nJ,Music,KnvZfZ7vAvl,Other,KZazBEonSMnZfZ7vk1I,Other,51,https://s1.ticketm.net/dam/a/c7c/abcff54a-2554-4f27-b7ce-539e34d50c7c_RECOMENDATION_16_9.jpg,2026-09-17T20:02:24.295861+00:00,2026-09-20T22:44:05.336677+00:00
K8vZ917r9-V,Twin Diplomacy,https://www.ticketmaster.com/twin-diplomacy-tickets/artist/3793514,KZFzniwnSyZfZ7v7nJ,Music,KnvZfZ7vAvF,Dance/Electronic,KZazBEonSMnZfZ7vA1E,Dance/Electronic,5,https://s1.ticketm.net/dam/c/df8/81eadad8-4449-412e-a2b1-3d8bbb78edf8_106181_EVENT_DETAIL_PAGE_16_9.jpg,2026-09-17T20:02:23.393825+00:00,2026-09-20T22:44:04.466759+00:00
K8vZ917r-u0,Twin Fin,https://www.ticketmaster.com/twin-fin-tickets/artist/3880389,KZFzniwnSyZfZ7v7nJ,Music,KnvZfZ7vAeA,Rock,KZazBEonSMnZfZ7v6da,Rock,8,https://s1.ticketm.net/dam/a/17a/e838485f-a4a2-4b2b-b511-c66b039d317a_RETINA_LANDSCAPE_16_9.jpg,2026-09-17T20:02:23.657248+00:00,2026-09-20T22:44:04.817229+00:00
K8vZ917r9s7,Twisted Teens,https://www.ticketmaster.com/twisted-teens-tickets/artist/3797104,KZFzniwnSyZfZ7v7nJ,Music,KnvZfZ7vAeA,Rock,KZazBEonSMnZfZ7v66A,Indie Rock,10,https://s1.ticketm.net/dam/a/ce8/531b6b71-e528-492e-8a21-644b9f1a2ce8_RECOMENDATION_16_9.jpg,2026-09-17T20:02:20.370215+00:00,2026-09-20T22:44:03.417698+00:00
K8vZ9171Inf,Twiztid,https://www.ticketmaster.com/twiztid-tickets/artist/714645,KZFzniwnSyZfZ7v7nJ,Music,KnvZfZ7vAv1,Hip-Hop/Rap,KZazBEonSMnZfZ7vkdA,Urban,7,https://s1.ticketm.net/dam/a/43a/5b4ca4f3-e3db-41fe-86a6-0eddde74e43a_1439041_ARTIST_PAGE_3_2.jpg,2026-09-17T20:02:18.739078+00:00,2026-09-20T22:44:01.382965+00:00
K8vZ917Q_e0,Two Shell,https://www.ticketmaster.com/two-shell-tickets/artist/2883797,KZFzniwnSyZfZ7v7nJ,Music,KnvZfZ7vAvF,Dance/Electronic,KZazBEonSMnZfZ7vAJA,Ambient House,4,https://s1.ticketm.net/dam/c/df8/81eadad8-4449-412e-a2b1-3d8bbb78edf8_106181_TABLET_LANDSCAPE_3_2.jpg,2026-09-17T20:02:17.499935+00:00,2026-09-17T22:38:16.765581+00:00
Z7r9jZ1776_I,Twopercent,,KZFzniwnSyZfZ7v7nl,Undefined,,,,,4,https://s1.ticketm.net/dam/c/f51/ee785ed6-f806-4195-98f4-69f67e09df51_106201_RETINA_PORTRAIT_3_2.jpg,2026-09-17T20:02:20.773471+00:00,2026-09-20T22:44:03.900761+00:00
K8vZ917pxY7,Ty Taylor,https://www.ticketmaster.com/ty-taylor-tickets/artist/2448489,KZFzniwnSyZfZ7v7nJ,Music,KnvZfZ7vAee,R&B,KZazBEonSMnZfZ7vknE,Soul,3,https://s1.ticketm.net/dam/c/48b/2352e3b5-8496-496b-97a3-e605177e848b_105851_TABLET_LANDSCAPE_3_2.jpg,2026-09-17T20:02:17.975980+00:00,2026-09-20T22:44:00.359625+00:00
K8vZ917h2v0,Tyla,https://www.ticketmaster.com/tyla-tickets/artist/798720,KZFzniwnSyZfZ7v7nJ,Music,KnvZfZ7vAev,Pop,KZazBEonSMnZfZ7vk1t,Pop,48,https://s1.ticketm.net/dam/a/08f/54b84d4b-3681-4bcb-b6bf-6c31ad4ab08f_ARTIST_PAGE_3_2.jpg,2026-09-17T20:02:20.773471+00:00,2026-09-20T22:44:03.900761+00:00
K8vZ917QEF0,Tyler Hubbard,https://www.ticketmaster.com/tyler-hubbard-tickets/artist/2910620,KZFzniwnSyZfZ7v7nJ,Music,KnvZfZ7vAv6,Country,KZazBEonSMnZfZ7vAFa,Country,22,https://s1.ticketm.net/dam/a/4b8/862a79a5-70f2-4a28-a563-221d0e5234b8_SOURCE,2026-09-17T20:02:19.435167+00:00,2026-09-20T22:44:02.205267+00:00
Z7r9jZ177kJ6,"Um, Jennifer?",,KZFzniwnSyZfZ7v7nl,Undefined,,,,,6,https://s1.ticketm.net/dam/c/f51/ee785ed6-f806-4195-98f4-69f67e09df51_106201_RETINA_PORTRAIT_3_2.jpg,2026-09-17T20:02:20.370215+00:00,2026-09-20T22:44:03.417698+00:00
K8vZ9171DHf,Umphrey's McGee,https://www.ticketmaster.com/umphreys-mcgee-tickets/artist/821327,KZFzniwnSyZfZ7v7nJ,Music,KnvZfZ7vAeA,Rock,KZazBEonSMnZfZ7v6F1,Pop,12,https://s1.ticketm.net/dam/a/a8a/1f9c5741-c3f1-41f8-a5a5-1b0ef0483a8a_ARTIST_PAGE_3_2.jpg,2026-09-17T20:02:17.499935+00:00,2026-09-20T22:44:00.359625+00:00
K8vZ917oBNV,Uncle Acid and the Deadbeats,https://www.ticketmaster.com/uncle-acid-and-the-deadbeats-tickets/artist/1935717,KZFzniwnSyZfZ7v7nJ,Music,KnvZfZ7vAeA,Rock,KZazBEonSMnZfZ7v6dt,Alternative Rock,29,https://s1.ticketm.net/dam/a/73b/862f0f1e-3258-490a-89ad-b9d399c0973b_TABLET_LANDSCAPE_LARGE_16_9.jpg,2026-09-17T20:02:18.739078+00:00,2026-09-20T22:44:01.382965+00:00
K8vZ9175Y30,Underoath,https://www.ticketmaster.com/underoath-tickets/artist/838411,KZFzniwnSyZfZ7v7nJ,Music,KnvZfZ7vAeA,Rock,KZazBEonSMnZfZ7v6F1,Pop,38,https://s1.ticketm.net/dam/a/1b1/46d7f500-de08-4e5c-86c5-4d8ee08211b1_RECOMENDATION_16_9.jpg,2026-09-17T20:02:20.773471+00:00,2026-09-20T22:44:03.900761+00:00
K8vZ917bEOV,Uniform,https://www.ticketmaster.com/uniform-tickets/artist/2284321,KZFzniwnSyZfZ7v7nJ,Music,KnvZfZ7vAvt,Metal,KZazBEonSMnZfZ7vkF7,Industrial Metal,8,https://s1.ticketm.net/dam/a/987/a3d9ebb9-2db6-45e2-acd0-55a75bad6987_ARTIST_PAGE_3_2.jpg,2026-09-17T20:02:20.370215+00:00,2026-09-20T22:44:03.417698+00:00
K8vZpZA6aIAk,Unroyal,https://www.ticketmaster.com/unroyal-tickets/artist/4620411,KZFzniwnSyZfZ7v7nJ,Music,KnvZfZ7vAvv,Alternative,KZazBEonSMnZfZ7vAvE,Adult Alternative Pop/Rock,1,https://s1.ticketm.net/dam/c/797/5e693c26-2881-4776-8f0c-3aa94bfa3797_106511_RETINA_PORTRAIT_16_9.jpg,2026-09-17T20:02:20.370215+00:00,2026-09-20T22:44:03.417698+00:00
Z7r9jZa2U2,Unto Others,,KZFzniwnSyZfZ7v7nJ,Music,KnvZfZ7vAvl,Other,KZazBEonSMnZfZ7vk1I,Other,17,https://s1.ticketm.net/dam/c/060/c5c08e7a-9912-456c-a060-2758be94e060_105881_RETINA_LANDSCAPE_16_9.jpg,2026-09-17T20:02:18.739078+00:00,2026-09-20T22:44:01.382965+00:00
K8vZ917_3C7,VCTMS,https://www.ticketmaster.com/vctms-tickets/artist/2776631,KZFzniwnSyZfZ7v7nJ,Music,KnvZfZ7vAvt,Metal,KZazBEonSMnZfZ7vaJk,Metalcore,5,https://s1.ticketm.net/dam/c/e7c/86478562-7218-4e8f-b9d4-8080fe168e7c_105581_RETINA_PORTRAIT_3_2.jpg,2026-09-17T20:02:18.739078+00:00,2026-09-20T22:44:01.382965+00:00
K8vZ917jbzV,VEAUX,https://www.ticketmaster.com/veaux-tickets/artist/3113691,KZFzniwnSyZfZ7v7nJ,Music,KnvZfZ7vAvv,Alternative,KZazBEonSMnZfZ7vAde,Indie Rock,7,https://s1.ticketm.net/dam/a/54f/5060c4c5-9908-434f-a235-1bdea366254f_CUSTOM.jpg,2026-09-17T20:02:17.499935+00:00,2026-09-20T22:44:00.359625+00:00
K8vZ917hCKV,VIAL,https://www.ticketmaster.com/vial-tickets/artist/2985023,KZFzniwnSyZfZ7v7nJ,Music,KnvZfZ7vAeA,Rock,KZazBEonSMnZfZ7v6Fn,Post-Punk,10,https://s1.ticketm.net/dam/a/dda/6c1bcf1a-bfda-4bb6-8fca-eb66e5d6ddda_EVENT_DETAIL_PAGE_16_9.jpg,2026-09-17T20:02:17.499935+00:00,2026-09-20T22:44:00.359625+00:00
K8vZ917hKRV,VOILÀ,https://www.ticketmaster.com/voila-tickets/artist/3001173,KZFzniwnSyZfZ7v7nJ,Music,KnvZfZ7vAvv,Alternative,KZazBEonSMnZfZ7vAvn,Alternative Rock,20,https://s1.ticketm.net/dam/a/309/56441b7f-08f7-4739-914d-00356a9d6309_RETINA_PORTRAIT_16_9.jpg,2026-09-17T20:02:20.370215+00:00,2026-09-20T22:44:03.417698+00:00
K8vZ917j5Hf,Vana,https://www.ticketmaster.com/vana-tickets/artist/3090560,KZFzniwnSyZfZ7v7nJ,Music,KnvZfZ7vAeA,Rock,KZazBEonSMnZfZ7v6F1,Pop,17,https://s1.ticketm.net/dam/a/d4f/23e9e14f-e6e1-449b-9333-7ad699233d4f_RETINA_LANDSCAPE_16_9.jpg,2026-09-17T20:02:19.435167+00:00,2026-09-20T22:44:02.205267+00:00
Z7r9jZaGP8,Vansire,,KZFzniwnSyZfZ7v7nJ,Music,KnvZfZ7vAvl,Other,KZazBEonSMnZfZ7vk1I,Other,6,https://s1.ticketm.net/dam/c/060/c5c08e7a-9912-456c-a060-2758be94e060_105881_RETINA_LANDSCAPE_16_9.jpg,2026-09-17T20:02:20.370215+00:00,2026-09-20T22:44:03.417698+00:00
Z7r9jZau6C,Veaux,,KZFzniwnSyZfZ7v7nJ,Music,KnvZfZ7vAvl,Other,KZazBEonSMnZfZ7vk1I,Other,5,https://s1.ticketm.net/dam/c/060/c5c08e7a-9912-456c-a060-2758be94e060_105881_RETINA_LANDSCAPE_16_9.jpg,2026-09-17T20:02:17.499935+00:00,2026-09-20T22:44:00.359625+00:00
K8vZ917K247,Versus Me,https://www.ticketmaster.com/versus-me-tickets/artist/2093755,KZFzniwnSyZfZ7v7nJ,Music,KnvZfZ7vAvt,Metal,KZazBEonSMnZfZ7vkFd,Heavy Metal,1,https://s1.ticketm.net/dam/a/c14/51d895ab-a4a2-47d6-a527-08fe93fd3c14_EVENT_DETAIL_PAGE_16_9.jpg,2026-09-17T20:02:18.739078+00:00,2026-09-20T22:44:01.382965+00:00
K8vZ9171fb0,Vertical Horizon,https://www.ticketmaster.com/vertical-horizon-tickets/artist/783038,KZFzniwnSyZfZ7v7nJ,Music,KnvZfZ7vAeA,Rock,KZazBEonSMnZfZ7v6dt,Alternative Rock,3,https://s1.ticketm.net/dam/a/4d1/6a097dac-3cb4-432f-8575-efa1d22e84d1_EVENT_DETAIL_PAGE_16_9.jpg,2026-09-17T20:02:20.773471+00:00,2026-09-20T22:44:03.900761+00:00
K8vZ9172yo0,Vince Staples,https://www.ticketmaster.com/vince-staples-tickets/artist/1741592,KZFzniwnSyZfZ7v7nJ,Music,KnvZfZ7vAv1,Hip-Hop/Rap,KZazBEonSMnZfZ7vkdA,Urban,19,https://s1.ticketm.net/dam/a/f86/b42dcb3b-2d8a-47c6-ad3a-019a56adcf86_CUSTOM.jpg,2026-09-17T20:02:20.370215+00:00,2026-09-20T22:44:03.417698+00:00
K8vZ917Qlcf,Violet Grohl,https://www.ticketmaster.com/violet-grohl-tickets/artist/2921727,KZFzniwnSyZfZ7v7nJ,Music,KnvZfZ7vAeA,Rock,KZazBEonSMnZfZ7v6F1,Pop,25,https://s1.ticketm.net/dam/a/8e2/8a55ecd3-85b2-490c-9cf6-0b3af8edd8e2_ARTIST_PAGE_3_2.jpg,2026-09-17T20:02:20.370215+00:00,2026-09-20T22:44:03.417698+00:00
K8vZ917jWnV,Void,https://www.ticketmaster.com/void-tickets/artist/3176594,KZFzniwnSyZfZ7v7nJ,Music,KnvZfZ7vAeA,Rock,KZazBEonSMnZfZ7v6Jk,Thrash & Speed Metal,10,https://s1.ticketm.net/dam/c/fbc/b293c0ad-c904-4215-bc59-8d7f2414dfbc_106141_EVENT_DETAIL_PAGE_16_9.jpg,2026-09-17T20:02:19.435167+00:00,2026-09-20T22:44:02.205267+00:00
K8vZ917bFLf,Vomit Forth,https://www.ticketmaster.com/vomit-forth-tickets/artist/2648133,KZFzniwnSyZfZ7v7nJ,Music,KnvZfZ7vAvt,Metal,KZazBEonSMnZfZ7vk6t,Death Metal/Black Metal,12,https://s1.ticketm.net/dam/c/e7c/86478562-7218-4e8f-b9d4-8080fe168e7c_105581_EVENT_DETAIL_PAGE_16_9.jpg,2026-09-17T20:02:20.370215+00:00,2026-09-20T22:44:03.417698+00:00
K8vZ91719JV,Voodoo Glow Skulls,https://www.ticketmaster.com/voodoo-glow-skulls-tickets/artist/767027,KZFzniwnSyZfZ7v7nJ,Music,KnvZfZ7vAeA,Rock,KZazBEonSMnZfZ7v6dt,Alternative Rock,7,https://s1.ticketm.net/dam/c/fbc/b293c0ad-c904-4215-bc59-8d7f2414dfbc_106141_RETINA_LANDSCAPE_16_9.jpg,2026-09-20T22:44:04.466759+00:00,2026-09-20T22:44:04.466759+00:00
K8vZ917Q5FV,Vox Rea,https://www.ticketmaster.com/vox-rea-tickets/artist/2862215,KZFzniwnSyZfZ7v7nJ,Music,KnvZfZ7vAeA,Rock,KZazBEonSMnZfZ7v66A,Indie Rock,9,https://s1.ticketm.net/dam/a/050/318aef32-692d-4cf6-a0f0-8c82090d4050_1630111_TABLET_LANDSCAPE_LARGE_16_9.jpg,2026-09-17T20:02:19.435167+00:00,2026-09-20T22:44:02.205267+00:00
Z7r9jZ177P4f,Vox Rea,,KZFzniwnSyZfZ7v7nl,Undefined,,,,,5,https://s1.ticketm.net/dam/c/8cf/a6653880-7899-4f67-8067-1f95f4d158cf_124761_TABLET_LANDSCAPE_16_9.jpg,2026-09-17T20:02:19.435167+00:00,2026-09-20T22:44:02.205267+00:00
Z7r9jZa8Hp,WARGASM,,KZFzniwnSyZfZ7v7nJ,Music,KnvZfZ7vAvl,Other,KZazBEonSMnZfZ7vk1I,Other,21,https://s1.ticketm.net/dam/c/060/c5c08e7a-9912-456c-a060-2758be94e060_105881_RETINA_LANDSCAPE_16_9.jpg,2026-09-17T20:02:18.739078+00:00,2026-09-20T22:44:01.382965+00:00
K8vZ91718zf,WWE,https://www.ticketmaster.com/wwe-tickets/artist/807358,KZFzniwnSyZfZ7v7nE,Sports,KnvZfZ7vAAk,Wrestling,KZazBEonSMnZfZ7vFna,Wrestling,36,https://s1.ticketm.net/dam/a/380/bf11c4a6-7591-40d0-babc-f357525e0380_TABLET_LANDSCAPE_3_2.jpg,2026-09-17T20:02:18.739078+00:00,2026-09-20T22:44:01.382965+00:00
K8vZ91750Af,Wade Bowen,https://www.ticketmaster.com/wade-bowen-tickets/artist/888495,KZFzniwnSyZfZ7v7nJ,Music,KnvZfZ7vAv6,Country,KZazBEonSMnZfZ7vAFa,Country,6,https://s1.ticketm.net/dam/a/73a/26f157ab-52df-4005-8647-5a507e1e473a_CUSTOM.jpg,2026-09-17T20:02:19.435167+00:00,2026-09-20T22:44:02.205267+00:00
K8vZ9179FS7,Wake Me,https://www.ticketmaster.com/wake-me-tickets/artist/2509052,KZFzniwnSyZfZ7v7nJ,Music,KnvZfZ7vAeA,Rock,KZazBEonSMnZfZ7v6da,Rock,1,https://s1.ticketm.net/dam/a/146/e2f814f1-5dda-4659-a92a-59560cf02146_TABLET_LANDSCAPE_3_2.jpg,2026-09-17T20:02:18.739078+00:00,2026-09-20T22:44:01.382965+00:00
K8vZ917-hm7,Water On The Thirsty Ground,https://www.ticketmaster.com/water-on-the-thirsty-ground-tickets/artist/4650426,KZFzniwnSyZfZ7v7nJ,Music,KnvZfZ7vAvv,Alternative,KZazBEonSMnZfZ7vAvJ,Alternative,1,https://s1.ticketm.net/dam/c/797/5e693c26-2881-4776-8f0c-3aa94bfa3797_106511_RETINA_PORTRAIT_16_9.jpg,2026-09-17T20:02:20.370215+00:00,2026-09-20T22:44:03.417698+00:00
K8vZ9173nh0,Waterparks,https://www.ticketmaster.com/waterparks-tickets/artist/2016236,KZFzniwnSyZfZ7v7nJ,Music,KnvZfZ7vAeA,Rock,KZazBEonSMnZfZ7v6F1,Pop,15,https://s1.ticketm.net/dam/a/dea/8645a764-a69a-4991-bc61-5af21fd55dea_RETINA_PORTRAIT_16_9.jpg,2026-09-17T20:02:19.435167+00:00,2026-09-20T22:44:02.205267+00:00
K8vZ9172gl0,Watsky,https://www.ticketmaster.com/watsky-tickets/artist/1734424,KZFzniwnSyZfZ7v7nJ,Music,KnvZfZ7vAv1,Hip-Hop/Rap,KZazBEonSMnZfZ7vkdA,Urban,2,https://s1.ticketm.net/dam/a/5d4/49c2bcfa-1e25-48db-815f-32945b3675d4_1212261_EVENT_DETAIL_PAGE_16_9.jpg,2026-09-17T20:02:19.435167+00:00,2026-09-20T22:44:02.205267+00:00
K8vZ917h9Jf,Wave To Earth,https://www.ticketmaster.com/wave-to-earth-tickets/artist/3008978,KZFzniwnSyZfZ7v7nJ,Music,KnvZfZ7vAev,Pop,KZazBEonSMnZfZ7vkEk,Indie Pop,18,https://s1.ticketm.net/dam/a/834/37641215-ed2e-4ecb-b34a-1c837d74b834_SOURCE,2026-09-17T20:02:17.499935+00:00,2026-09-17T22:38:16.765581+00:00
K8vZ917oAg7,Wayfarer,https://www.ticketmaster.com/wayfarer-tickets/artist/1854034,KZFzniwnSyZfZ7v7nJ,Music,KnvZfZ7vAeA,Rock,KZazBEonSMnZfZ7v6dt,Alternative Rock,3,https://s1.ticketm.net/dam/c/fbc/b293c0ad-c904-4215-bc59-8d7f2414dfbc_106141_ARTIST_PAGE_3_2.jpg,2026-09-17T20:02:23.393825+00:00,2026-09-20T22:44:04.466759+00:00
K8vZ917KsnV,Weakened Friends,https://www.ticketmaster.com/weakened-friends-tickets/artist/2155462,KZFzniwnSyZfZ7v7nJ,Music,KnvZfZ7vAeA,Rock,KZazBEonSMnZfZ7v6da,Rock,26,https://s1.ticketm.net/dam/a/a3b/ecfd2187-1606-4333-9357-f521197eca3b_TABLET_LANDSCAPE_3_2.jpg,2026-09-17T20:02:17.975980+00:00,2026-09-20T22:44:00.359625+00:00
K8vZ917hT_0,Weatherday,https://www.ticketmaster.com/weatherday-tickets/artist/3084112,KZFzniwnSyZfZ7v7nJ,Music,KnvZfZ7vAvv,Alternative,KZazBEonSMnZfZ7vAde,Indie Rock,11,https://s1.ticketm.net/dam/a/ba1/5581584a-911c-4c96-b8ec-3b0d97786ba1_RECOMENDATION_16_9.jpg,2026-09-17T20:02:20.370215+00:00,2026-09-20T22:44:03.417698+00:00
K8vZ917fYG0,Weathers,https://www.ticketmaster.com/weathers-tickets/artist/2242234,KZFzniwnSyZfZ7v7nJ,Music,KnvZfZ7vAeA,Rock,KZazBEonSMnZfZ7v66A,Indie Rock,10,https://s1.ticketm.net/dam/a/d6d/d355a997-eb6e-49c7-91aa-9a369a25bd6d_SOURCE,2026-09-17T20:02:20.370215+00:00,2026-09-20T22:44:03.417698+00:00
K8vZ9175tB0,Wednesday 13,https://www.ticketmaster.com/wednesday-13-tickets/artist/963098,KZFzniwnSyZfZ7v7nJ,Music,KnvZfZ7vAvt,Metal,KZazBEonSMnZfZ7vkFd,Heavy Metal,21,https://s1.ticketm.net/dam/a/3c1/c699cc1e-ddd7-446e-a8fd-f20b776d53c1_TABLET_LANDSCAPE_LARGE_16_9.jpg,2026-09-17T20:02:19.682284+00:00,2026-09-20T22:44:03.417698+00:00
K8vZ917549f,Weedeater,https://www.ticketmaster.com/weedeater-tickets/artist/857594,KZFzniwnSyZfZ7v7nJ,Music,KnvZfZ7vAeA,Rock,KZazBEonSMnZfZ7v6dt,Alternative Rock,10,https://s1.ticketm.net/dam/a/8e8/b648f3dd-680b-4c38-9a65-76142ff808e8_RETINA_PORTRAIT_3_2.jpg,2026-09-17T20:02:18.739078+00:00,2026-09-20T22:44:01.382965+00:00
K8vZ917-Ct0,Welcome Back,https://www.ticketmaster.com/welcome-back-tickets/artist/4605786,KZFzniwnSyZfZ7v7nJ,Music,KnvZfZ7vAeA,Rock,KZazBEonSMnZfZ7v66A,Indie Rock,1,https://s1.ticketm.net/dam/c/fbc/b293c0ad-c904-4215-bc59-8d7f2414dfbc_106141_TABLET_LANDSCAPE_LARGE_16_9.jpg,2026-09-17T20:02:17.499935+00:00,2026-09-20T22:44:00.359625+00:00
K8vZ917hxu7,West 22nd,https://www.ticketmaster.com/west-22nd-tickets/artist/3038763,KZFzniwnSyZfZ7v7nJ,Music,KnvZfZ7vAva,Folk,KZazBEonSMnZfZ7vAlk,Folk Rock,18,https://s1.ticketm.net/dam/a/7ac/7b82798d-d974-46c2-8b76-b71276c9f7ac_SOURCE,2026-09-17T20:02:18.739078+00:00,2026-09-20T22:44:01.382965+00:00
K8vZ917fIMf,Wheeler Walker Jr.,https://www.ticketmaster.com/wheeler-walker-jr-tickets/artist/2235895,KZFzniwnSyZfZ7v7nJ,Music,KnvZfZ7vAv6,Country,KZazBEonSMnZfZ7vAFa,Country,60,https://s1.ticketm.net/dam/a/059/8070547d-bbbd-4e18-aeda-59028003c059_RETINA_PORTRAIT_3_2.jpg,2026-09-17T20:02:24.038892+00:00,2026-09-20T22:44:05.080653+00:00
K8vZ9174C6f,Whethan,https://www.ticketmaster.com/whethan-tickets/artist/2278363,KZFzniwnSyZfZ7v7nJ,Music,KnvZfZ7vAvF,Dance/Electronic,KZazBEonSMnZfZ7vA1E,Dance/Electronic,12,https://s1.ticketm.net/dam/a/1eb/c274a768-ad52-4114-afd8-60453de451eb_RETINA_PORTRAIT_3_2.jpg,2026-09-17T20:02:20.370215+00:00,2026-09-20T22:44:03.417698+00:00
K8vZ917p4Lf,Whipped Cream,https://www.ticketmaster.com/whipped-cream-tickets/artist/2418664,KZFzniwnSyZfZ7v7nJ,Music,KnvZfZ7vAvF,Dance/Electronic,KZazBEonSMnZfZ7vA1E,Dance/Electronic,5,https://s1.ticketm.net/dam/a/3ea/bc8cc6bc-c669-404c-8498-ac44cf67b3ea_EVENT_DETAIL_PAGE_16_9.jpg,2026-09-17T20:02:19.435167+00:00,2026-09-20T22:44:02.205267+00:00
K8vZ917Gi3f,Whitechapel,https://www.ticketmaster.com/whitechapel-tickets/artist/1243274,KZFzniwnSyZfZ7v7nJ,Music,KnvZfZ7vAvt,Metal,KZazBEonSMnZfZ7vkFd,Heavy Metal,43,https://s1.ticketm.net/dam/a/b22/3a50641f-eeba-49df-847a-f236023aab22_TABLET_LANDSCAPE_16_9.jpg,2026-09-17T20:02:23.393825+00:00,2026-09-20T22:44:04.466759+00:00
K8vZ9179Z80,Wicca Phase Springs Eternal,https://www.ticketmaster.com/wicca-phase-springs-eternal-tickets/artist/2469956,KZFzniwnSyZfZ7v7nJ,Music,KnvZfZ7vAvv,Alternative,KZazBEonSMnZfZ7vAvJ,Alternative,2,https://s1.ticketm.net/dam/a/d20/c67886dc-908f-4c17-82d3-a6e180982d20_TABLET_LANDSCAPE_3_2.jpg,2026-09-17T20:02:17.499935+00:00,2026-09-20T22:44:00.359625+00:00
Z7r9jZapFe,Will Linley,,KZFzniwnSyZfZ7v7nl,Undefined,,,,,2,https://s1.ticketm.net/dam/c/f51/ee785ed6-f806-4195-98f4-69f67e09df51_106201_RETINA_PORTRAIT_3_2.jpg,2026-09-17T20:02:18.739078+00:00,2026-09-20T22:44:01.382965+00:00
K8vZ917_qH7,Willi Carlisle,https://www.ticketmaster.com/willi-carlisle-tickets/artist/2806770,KZFzniwnSyZfZ7v7nJ,Music,KnvZfZ7vAva,Folk,KZazBEonSMnZfZ7vAn7,Folk,13,https://s1.ticketm.net/dam/a/9be/9186d401-bd6e-4a81-ac5c-21d8fcd4a9be_EVENT_DETAIL_PAGE_16_9.jpg,2026-09-17T20:02:23.393825+00:00,2026-09-20T22:44:04.466759+00:00
K8vZ917hOD0,Windwaker,https://www.ticketmaster.com/windwaker-tickets/artist/3036597,KZFzniwnSyZfZ7v7nJ,Music,KnvZfZ7vAvt,Metal,KZazBEonSMnZfZ7vk6E,Metal,33,https://s1.ticketm.net/dam/a/647/6b95ae30-fa09-4587-9a85-eed4d32f3647_RETINA_PORTRAIT_16_9.jpg,2026-09-17T20:02:23.393825+00:00,2026-09-20T22:44:04.466759+00:00
K8vZ917rJ6f,Wings of Steel,https://www.ticketmaster.com/wings-of-steel-tickets/artist/794703,KZFzniwnSyZfZ7v7nJ,Music,KnvZfZ7vAeA,Rock,KZazBEonSMnZfZ7v6kl,Hard Rock,36,https://s1.ticketm.net/dam/a/6b7/2ee84f40-bd4a-4783-b36d-74e7d82f06b7_CUSTOM.jpg,2026-09-17T20:02:20.370215+00:00,2026-09-20T22:44:03.417698+00:00
Z7r9jZafUH,Wings of Steel,,KZFzniwnSyZfZ7v7nl,Undefined,,,,,3,https://s1.ticketm.net/dam/c/f51/ee785ed6-f806-4195-98f4-69f67e09df51_106201_RETINA_PORTRAIT_3_2.jpg,2026-09-17T20:02:20.370215+00:00,2026-09-20T22:44:03.417698+00:00
K8vZ917jjp7,Wishy,https://www.ticketmaster.com/wishy-tickets/artist/3116024,KZFzniwnSyZfZ7v7nJ,Music,KnvZfZ7vAeA,Rock,KZazBEonSMnZfZ7v6da,Rock,7,https://s1.ticketm.net/dam/a/069/2f42b029-2204-4029-b56a-bb8b77bec069_TABLET_LANDSCAPE_LARGE_16_9.jpg,2026-09-17T20:02:23.393825+00:00,2026-09-20T22:44:04.466759+00:00
K8vZ917qHUf,Witches Exist,https://www.ticketmaster.com/witches-exist-tickets/artist/3550959,KZFzniwnSyZfZ7v7nJ,Music,KnvZfZ7vAvv,Alternative,KZazBEonSMnZfZ7vA7F,Shoegaze,4,https://s1.ticketm.net/dam/a/b8b/197ad69f-5870-4623-b9f7-4b6260327b8b_TABLET_LANDSCAPE_16_9.jpg,2026-09-17T20:02:20.370215+00:00,2026-09-20T22:44:03.417698+00:00
K8vZ917qXKV,WonkyWilla,https://www.ticketmaster.com/wonkywilla-tickets/artist/3565609,KZFzniwnSyZfZ7v7nJ,Music,KnvZfZ7vAvF,Dance/Electronic,KZazBEonSMnZfZ7vA1E,Dance/Electronic,2,https://s1.ticketm.net/dam/c/df8/81eadad8-4449-412e-a2b1-3d8bbb78edf8_106181_EVENT_DETAIL_PAGE_16_9.jpg,2026-09-17T20:02:23.657248+00:00,2026-09-20T22:44:04.817229+00:00
K8vZ917hZAV,Worry Club,https://www.ticketmaster.com/worry-club-tickets/artist/2961145,KZFzniwnSyZfZ7v7nJ,Music,KnvZfZ7vAvv,Alternative,KZazBEonSMnZfZ7vAvn,Alternative Rock,16,https://s1.ticketm.net/dam/a/b80/4edad972-51df-4659-9935-19f216c68b80_CUSTOM.jpg,2026-09-17T20:02:19.435167+00:00,2026-09-20T22:44:02.205267+00:00
K8vZ917jjIf,Writheinfear,https://www.ticketmaster.com/writheinfear-tickets/artist/3117515,KZFzniwnSyZfZ7v7nJ,Music,KnvZfZ7vAvt,Metal,KZazBEonSMnZfZ7vk6E,Metal,1,https://s1.ticketm.net/dam/c/e7c/86478562-7218-4e8f-b9d4-8080fe168e7c_105581_TABLET_LANDSCAPE_16_9.jpg,2026-09-17T20:02:20.773471+00:00,2026-09-20T22:44:03.900761+00:00
K8vZ917KRkV,Wyatt McCubbin,https://www.ticketmaster.com/wyatt-mccubbin-tickets/artist/2144292,KZFzniwnSyZfZ7v7nJ,Music,KnvZfZ7vAv6,Country,KZazBEonSMnZfZ7vAFa,Country,16,https://s1.ticketm.net/dam/a/f57/4951c4e5-7b10-4986-89ed-93ccb4487f57_1330361_RETINA_LANDSCAPE_16_9.jpg,2026-09-17T20:02:25.035143+00:00,2026-09-20T22:44:06.355282+00:00
K8vZ91713FV,Wynton Marsalis,https://www.ticketmaster.com/wynton-marsalis-tickets/artist/770411,KZFzniwnSyZfZ7v7nJ,Music,KnvZfZ7vAvE,Jazz,KZazBEonSMnZfZ7vkda,Jazz,16,https://s1.ticketm.net/dam/a/4a8/7992269a-de2d-4901-b356-a0571c0c84a8_299471_RETINA_LANDSCAPE_16_9.jpg,2026-09-17T20:02:24.295861+00:00,2026-09-20T22:44:05.336677+00:00
K8vZ917Ozd7,Xavier Lynn,https://www.ticketmaster.com/xavier-lynn-tickets/artist/4540679,KZFzniwnSyZfZ7v7nJ,Music,KnvZfZ7vAee,R&B,KZazBEonSMnZfZ7vktE,Funk,7,https://s1.ticketm.net/dam/c/48b/2352e3b5-8496-496b-97a3-e605177e848b_105851_TABLET_LANDSCAPE_16_9.jpg,2026-09-17T20:02:19.435167+00:00,2026-09-20T22:44:02.205267+00:00
Z7r9jZ1778uA,Xoth,,KZFzniwnSyZfZ7v7nl,Undefined,,,,,1,https://s1.ticketm.net/dam/c/f51/ee785ed6-f806-4195-98f4-69f67e09df51_106201_RETINA_PORTRAIT_3_2.jpg,2026-09-17T20:02:20.773471+00:00,2026-09-20T22:44:03.900761+00:00
K8vZ917uuy7,Y La Bamba,https://www.ticketmaster.com/y-la-bamba-tickets/artist/1500792,KZFzniwnSyZfZ7v7nJ,Music,KnvZfZ7vAeA,Rock,KZazBEonSMnZfZ7v6F1,Pop,8,https://s1.ticketm.net/dam/a/ec1/d9d270eb-14cc-4b9b-aad2-546e41905ec1_TABLET_LANDSCAPE_3_2.jpg,2026-09-17T20:02:18.739078+00:00,2026-09-20T22:44:01.382965+00:00
K8vZ917CNYV,Y2k,https://www.ticketmaster.com/y2k-tickets/artist/1602112,KZFzniwnSyZfZ7v7nJ,Music,KnvZfZ7vAvF,Dance/Electronic,KZazBEonSMnZfZ7vAJ1,Club Dance,4,https://s1.ticketm.net/dam/c/df8/81eadad8-4449-412e-a2b1-3d8bbb78edf8_106181_TABLET_LANDSCAPE_3_2.jpg,2026-09-17T20:02:20.773471+00:00,2026-09-20T22:44:03.900761+00:00
K8vZ917uBN0,YG,https://www.ticketmaster.com/yg-tickets/artist/1546929,KZFzniwnSyZfZ7v7nJ,Music,KnvZfZ7vAv1,Hip-Hop/Rap,KZazBEonSMnZfZ7vkdA,Urban,15,https://s1.ticketm.net/dam/a/fb0/ba247291-960c-4926-931d-8aaea9feffb0_RETINA_LANDSCAPE_16_9.jpg,2026-09-17T20:02:18.739078+00:00,2026-09-20T22:44:01.382965+00:00
K8vZ917uZ6V,Yacht Rock Revue,https://www.ticketmaster.com/yacht-rock-revue-tickets/artist/1489501,KZFzniwnSyZfZ7v7nJ,Music,KnvZfZ7vAeA,Rock,KZazBEonSMnZfZ7v6F1,Pop,9,https://s1.ticketm.net/dam/a/fb2/66303d90-c29c-4deb-bb46-d7a929f5bfb2_SOURCE,2026-09-17T20:02:17.499935+00:00,2026-09-20T22:44:00.359625+00:00
K8vZ917oID0,Yandel,https://www.ticketmaster.com/yandel-tickets/artist/1907949,KZFzniwnSyZfZ7v7nJ,Music,KnvZfZ7vAeF,World,KZazBEonSMnZfZ7vFdJ,Latin,24,https://s1.ticketm.net/dam/a/713/03bf0a0d-db5b-4839-9db1-6d19d53e5713_SOURCE,2026-09-17T20:02:20.370215+00:00,2026-09-20T22:44:03.417698+00:00
K8vZ917GFt0,Yelawolf,https://www.ticketmaster.com/yelawolf-tickets/artist/35867,KZFzniwnSyZfZ7v7nJ,Music,KnvZfZ7vAv1,Hip-Hop/Rap,KZazBEonSMnZfZ7vkdA,Urban,17,https://s1.ticketm.net/dam/a/664/d10d0911-d450-42eb-aaae-c7b8f947b664_RECOMENDATION_16_9.jpg,2026-09-17T20:02:18.739078+00:00,2026-09-20T22:44:01.382965+00:00
K8vZ917uuwV,Yes Ma'am,https://www.ticketmaster.com/yes-maam-tickets/artist/1500757,KZFzniwnSyZfZ7v7nJ,Music,KnvZfZ7vAeA,Rock,KZazBEonSMnZfZ7v6dt,Alternative Rock,5,https://s1.ticketm.net/dam/c/fbc/b293c0ad-c904-4215-bc59-8d7f2414dfbc_106141_EVENT_DETAIL_PAGE_16_9.jpg,2026-09-17T20:02:18.739078+00:00,2026-09-17T22:38:18.386582+00:00
K8vZ917K5nV,Yheti,https://www.ticketmaster.com/yheti-tickets/artist/2087526,KZFzniwnSyZfZ7v7nJ,Music,KnvZfZ7vAvF,Dance/Electronic,KZazBEonSMnZfZ7vAJ1,Club Dance,6,https://s1.ticketm.net/dam/c/df8/81eadad8-4449-412e-a2b1-3d8bbb78edf8_106181_EVENT_DETAIL_PAGE_16_9.jpg,2026-09-17T20:02:19.435167+00:00,2026-09-20T22:44:02.205267+00:00
K8vZ9174S70,Young Nudy,https://www.ticketmaster.com/young-nudy-tickets/artist/2337720,KZFzniwnSyZfZ7v7nJ,Music,KnvZfZ7vAv1,Hip-Hop/Rap,KZazBEonSMnZfZ7vkvl,Hip-Hop/Rap,1,https://s1.ticketm.net/dam/a/f39/a49fb926-67db-43c5-95a6-731e853a2f39_TABLET_LANDSCAPE_16_9.jpg,2026-09-17T20:02:20.370215+00:00,2026-09-20T22:44:03.417698+00:00
Z7r9jZa7B9,Yumi Hwang-Williams,,KZFzniwnSyZfZ7v7nl,Undefined,,,,,3,https://s1.ticketm.net/dam/c/f51/ee785ed6-f806-4195-98f4-69f67e09df51_106201_RETINA_PORTRAIT_3_2.jpg,2026-09-17T20:02:24.505358+00:00,2026-09-20T22:44:05.657178+00:00
K8vZ917pl40,Yung Gravy,https://www.ticketmaster.com/yung-gravy-tickets/artist/2444475,KZFzniwnSyZfZ7v7nJ,Music,KnvZfZ7vAv1,Hip-Hop/Rap,KZazBEonSMnZfZ7vkvl,Hip-Hop/Rap,31,https://s1.ticketm.net/dam/a/020/a2c4a4ec-313e-45a7-8901-7256b7b72020_RETINA_PORTRAIT_3_2.jpg,2026-09-17T20:02:20.773471+00:00,2026-09-20T22:44:03.900761+00:00
K8vZ917KoI0,ZHU,https://www.ticketmaster.com/zhu-tickets/artist/2098345,KZFzniwnSyZfZ7v7nJ,Music,KnvZfZ7vAvF,Dance/Electronic,KZazBEonSMnZfZ7vAJ1,Club Dance,10,https://s1.ticketm.net/dam/a/3ab/3b8ef797-2646-4f45-b61b-f36ac73183ab_TABLET_LANDSCAPE_16_9.jpg,2026-09-17T20:02:17.499935+00:00,2026-09-20T22:44:00.359625+00:00
K8vZ9175zn0,Zac Brown Band,https://www.ticketmaster.com/zac-brown-band-tickets/artist/1016048,KZFzniwnSyZfZ7v7nJ,Music,KnvZfZ7vAv6,Country,KZazBEonSMnZfZ7vAFa,Country,13,https://s1.ticketm.net/dam/a/5a7/2bb73c6c-db79-4856-9be8-2c9315c1e5a7_RETINA_LANDSCAPE_16_9.jpg,2026-09-17T20:02:19.435167+00:00,2026-09-20T22:44:02.205267+00:00
K8vZ917497f,Zach Williams,https://www.ticketmaster.com/zach-williams-tickets/artist/1334954,KZFzniwnSyZfZ7v7nJ,Music,KnvZfZ7vAeA,Rock,KZazBEonSMnZfZ7v6F1,Pop,39,https://s1.ticketm.net/dam/a/82e/a67a24ce-b7b1-4e00-857a-ff008b6cf82e_RETINA_PORTRAIT_16_9.jpg,2026-09-17T20:02:24.505358+00:00,2026-09-20T22:44:05.657178+00:00
K8vZ9171_B7,Zeke,https://www.ticketmaster.com/zeke-tickets/artist/787219,KZFzniwnSyZfZ7v7nJ,Music,KnvZfZ7vAeA,Rock,KZazBEonSMnZfZ7v6F1,Pop,5,https://s1.ticketm.net/dam/a/c08/edf0a5c5-6059-4566-b359-598d229a9c08_TABLET_LANDSCAPE_LARGE_16_9.jpg,2026-09-17T20:02:18.739078+00:00,2026-09-20T22:44:01.382965+00:00
K8vZpZAFI7tk,Zoe Gitter,https://www.ticketmaster.com/zoe-gitter-tickets/artist/4679061,KZFzniwnSyZfZ7v7nJ,Music,KnvZfZ7vAvF,Dance/Electronic,KZazBEonSMnZfZ7vAI6,House,2,https://s1.ticketm.net/dam/c/df8/81eadad8-4449-412e-a2b1-3d8bbb78edf8_106181_TABLET_LANDSCAPE_3_2.jpg,2026-09-17T20:02:18.739078+00:00,2026-09-20T22:44:01.382965+00:00
K8vZ917bo2V,Zolita,https://www.ticketmaster.com/zolita-tickets/artist/2662744,KZFzniwnSyZfZ7v7nJ,Music,KnvZfZ7vAev,Pop,KZazBEonSMnZfZ7vk1t,Pop,11,https://s1.ticketm.net/dam/a/dab/d6f911d9-31cb-48ab-b974-5eddbda24dab_RETINA_PORTRAIT_3_2.jpg,2026-09-17T20:02:18.739078+00:00,2026-09-20T22:44:01.382965+00:00
K8vZ917bktV,almost monday,https://www.ticketmaster.com/almost-monday-tickets/artist/2644223,KZFzniwnSyZfZ7v7nJ,Music,KnvZfZ7vAev,Pop,KZazBEonSMnZfZ7vk1t,Pop,61,https://s1.ticketm.net/dam/a/21b/9f7dddfc-d411-49d4-9b8a-9baae133f21b_RECOMENDATION_16_9.jpg,2026-09-17T20:02:20.773471+00:00,2026-09-20T22:44:03.900761+00:00
K8vZ917r8YV,buffalo_farm,https://www.ticketmaster.com/buffalofarm-tickets/artist/3740149,KZFzniwnSyZfZ7v7nJ,Music,KnvZfZ7vAv1,Hip-Hop/Rap,KZazBEonSMnZfZ7vkeF,Hardcore Rap,2,https://s1.ticketm.net/dam/c/80b/f3cd8d24-c3ae-4fa0-b4bc-1ba99f9b380b_106091_RETINA_LANDSCAPE_16_9.jpg,2026-09-17T20:02:18.739078+00:00,2026-09-20T22:44:01.382965+00:00
K8vZ917LagV,colby!,https://www.ticketmaster.com/colby-tickets/artist/4189839,KZFzniwnSyZfZ7v7nJ,Music,KnvZfZ7vAev,Pop,KZazBEonSMnZfZ7vkEk,Indie Pop,8,https://s1.ticketm.net/dam/a/ce5/aa8a3fbf-7c06-48d8-865a-3a974e70ece5_SOURCE,2026-09-17T20:02:18.739078+00:00,2026-09-20T22:44:01.382965+00:00
K8vZ917GcSf,deadmau5,https://www.ticketmaster.com/deadmau5-tickets/artist/1221074,KZFzniwnSyZfZ7v7nJ,Music,KnvZfZ7vAvF,Dance/Electronic,KZazBEonSMnZfZ7vAJ1,Club Dance,6,https://s1.ticketm.net/dam/a/c0d/80beed38-b0ba-4cc9-b51f-91547e3fcc0d_1672931_TABLET_LANDSCAPE_3_2.jpg,2026-09-17T20:02:19.682284+00:00,2026-09-20T22:44:03.417698+00:00
K8vZ917j9t0,dreamfone,https://www.ticketmaster.com/dreamfone-tickets/artist/3109218,KZFzniwnSyZfZ7v7nJ,Music,KnvZfZ7vAvv,Alternative,KZazBEonSMnZfZ7vAvn,Alternative Rock,2,https://s1.ticketm.net/dam/c/f50/96fa13be-e395-429b-8558-a51bb9054f50_105951_TABLET_LANDSCAPE_LARGE_16_9.jpg,2026-09-17T20:02:17.499935+00:00,2026-09-20T22:44:00.359625+00:00
Z7r9jZa9J8,dreamfone,,KZFzniwnSyZfZ7v7nl,Undefined,,,,,2,https://s1.ticketm.net/dam/c/f51/ee785ed6-f806-4195-98f4-69f67e09df51_106201_RETINA_PORTRAIT_3_2.jpg,2026-09-17T20:02:17.499935+00:00,2026-09-20T22:44:00.359625+00:00
K8vZ917OiXf,feel trip.,https://www.ticketmaster.com/feel-trip-tickets/artist/4521479,KZFzniwnSyZfZ7v7nJ,Music,KnvZfZ7vAvv,Alternative,KZazBEonSMnZfZ7vAvn,Alternative Rock,13,https://s1.ticketm.net/dam/a/b46/1cd69bfc-417b-4155-b855-7610517abb46_ARTIST_PAGE_3_2.jpg,2026-09-17T20:02:20.773471+00:00,2026-09-20T22:44:03.900761+00:00
K8vZ9172rR0,for KING & COUNTRY,https://www.ticketmaster.com/for-king-country-tickets/artist/1696962,KZFzniwnSyZfZ7v7nJ,Music,KnvZfZ7vAev,Pop,KZazBEonSMnZfZ7vk1t,Pop,38,https://s1.ticketm.net/dam/a/4ba/9f167894-32fc-40bd-8a87-c57554a304ba_RETINA_PORTRAIT_16_9.jpg,2026-09-17T20:02:18.739078+00:00,2026-09-20T22:44:01.382965+00:00
K8vZ917qXn7,fromjoy,https://www.ticketmaster.com/fromjoy-tickets/artist/3574254,KZFzniwnSyZfZ7v7nJ,Music,KnvZfZ7vAvt,Metal,KZazBEonSMnZfZ7vkFd,Heavy Metal,3,https://s1.ticketm.net/dam/c/e7c/86478562-7218-4e8f-b9d4-8080fe168e7c_105581_TABLET_LANDSCAPE_16_9.jpg,2026-09-17T20:02:17.975980+00:00,2026-09-20T22:44:00.359625+00:00
Z7r9jZaoQq,gavn!,,KZFzniwnSyZfZ7v7nJ,Music,KnvZfZ7vAvl,Other,KZazBEonSMnZfZ7vk1I,Other,13,https://s1.ticketm.net/dam/c/060/c5c08e7a-9912-456c-a060-2758be94e060_105881_TABLET_LANDSCAPE_16_9.jpg,2026-09-17T20:02:19.435167+00:00,2026-09-20T22:44:02.205267+00:00
K8vZpZAFdnvk,girlsweetvoiced,https://www.ticketmaster.com/girlsweetvoiced-tickets/artist/4659026,KZFzniwnSyZfZ7v7nJ,Music,KnvZfZ7vAev,Pop,KZazBEonSMnZfZ7vkEk,Indie Pop,15,https://s1.ticketm.net/dam/a/477/15c25321-cd22-46bc-951d-e9bbd0ff4477_RETINA_PORTRAIT_3_2.jpg,2026-09-17T20:02:17.499935+00:00,2026-09-17T22:38:16.765581+00:00
K8vZ917f5O0,gnash,https://www.ticketmaster.com/gnash-tickets/artist/2191520,KZFzniwnSyZfZ7v7nJ,Music,KnvZfZ7vAee,R&B,KZazBEonSMnZfZ7vkIt,R&B,17,https://s1.ticketm.net/dam/a/fa4/08fa78a9-5536-4848-83d2-be285afaafa4_TABLET_LANDSCAPE_LARGE_16_9.jpg,2026-09-17T20:02:18.739078+00:00,2026-09-20T22:44:01.382965+00:00
K8vZ9179PHf,half alive,https://www.ticketmaster.com/half-alive-tickets/artist/2564831,KZFzniwnSyZfZ7v7nJ,Music,KnvZfZ7vAvv,Alternative,KZazBEonSMnZfZ7vAdv,Indie Pop,6,https://s1.ticketm.net/dam/a/6b9/6655b838-00de-4c33-ab3c-60d71787f6b9_EVENT_DETAIL_PAGE_16_9.jpg,2026-09-17T20:02:20.370215+00:00,2026-09-20T22:44:03.417698+00:00
K8vZ917h4cV,hemlocke springs,https://www.ticketmaster.com/hemlocke-springs-tickets/artist/3007406,KZFzniwnSyZfZ7v7nJ,Music,KnvZfZ7vAvv,Alternative,KZazBEonSMnZfZ7vAvJ,Alternative,15,https://s1.ticketm.net/dam/a/749/aec9ccd4-0f0a-4fe6-82a2-f5e248a87749_RETINA_PORTRAIT_3_2.jpg,2026-09-17T20:02:19.435167+00:00,2026-09-20T22:44:02.205267+00:00
K8vZ917Ocv7,ideasforconversations,https://www.ticketmaster.com/ideasforconversations-tickets/artist/4521797,KZFzniwnSyZfZ7v7nJ,Music,KnvZfZ7vAvF,Dance/Electronic,KZazBEonSMnZfZ7vA1E,Dance/Electronic,5,https://s1.ticketm.net/dam/c/df8/81eadad8-4449-412e-a2b1-3d8bbb78edf8_106181_RECOMENDATION_16_9.jpg,2026-09-17T20:02:19.682284+00:00,2026-09-20T22:44:02.588228+00:00
K8vZ917qBk7,ivri,https://www.ticketmaster.com/ivri-tickets/artist/3514599,KZFzniwnSyZfZ7v7nJ,Music,KnvZfZ7vAvv,Alternative,KZazBEonSMnZfZ7vAdv,Indie Pop,11,https://s1.ticketm.net/dam/a/61f/3f32563a-d1c9-49c5-866c-5b1e9cf8461f_TABLET_LANDSCAPE_3_2.jpg,2026-09-17T20:02:17.499935+00:00,2026-09-20T22:44:00.359625+00:00
K8vZ917jbOf,jigitz,https://www.ticketmaster.com/jigitz-tickets/artist/3112110,KZFzniwnSyZfZ7v7nJ,Music,KnvZfZ7vAvF,Dance/Electronic,KZazBEonSMnZfZ7vA1E,Dance/Electronic,17,https://s1.ticketm.net/dam/a/f88/dafc791d-bd83-425d-b1fe-97c836585f88_RETINA_PORTRAIT_3_2.jpg,2026-09-17T20:02:18.739078+00:00,2026-09-20T22:44:01.382965+00:00
Z7r9jZ177tke,jordnmoody,,KZFzniwnSyZfZ7v7nl,Undefined,,,,,1,https://s1.ticketm.net/dam/c/8cf/a6653880-7899-4f67-8067-1f95f4d158cf_124761_TABLET_LANDSCAPE_16_9.jpg,2026-09-17T20:02:20.773471+00:00,2026-09-20T22:44:03.900761+00:00
Z7r9jZa42e,lighthearted,,KZFzniwnSyZfZ7v7nl,Undefined,,,,,2,https://s1.ticketm.net/dam/c/f51/ee785ed6-f806-4195-98f4-69f67e09df51_106201_RETINA_PORTRAIT_3_2.jpg,2026-09-17T20:02:18.739078+00:00,2026-09-20T22:44:01.382965+00:00
K8vZ917raj0,lobsterfight,https://www.ticketmaster.com/lobsterfight-tickets/artist/3664774,KZFzniwnSyZfZ7v7nJ,Music,KnvZfZ7vAeA,Rock,KZazBEonSMnZfZ7v6AI,Emo,2,https://s1.ticketm.net/dam/c/fbc/b293c0ad-c904-4215-bc59-8d7f2414dfbc_106141_EVENT_DETAIL_PAGE_16_9.jpg,2026-09-17T20:02:20.370215+00:00,2026-09-20T22:44:03.417698+00:00
K8vZ917Q71f,nifra,https://www.ticketmaster.com/nifra-tickets/artist/2857745,KZFzniwnSyZfZ7v7nJ,Music,KnvZfZ7vAvF,Dance/Electronic,KZazBEonSMnZfZ7vA1E,Dance/Electronic,1,https://s1.ticketm.net/dam/c/df8/81eadad8-4449-412e-a2b1-3d8bbb78edf8_106181_EVENT_DETAIL_PAGE_16_9.jpg,2026-09-17T20:02:18.739078+00:00,2026-09-20T22:44:01.382965+00:00
K8vZ917rJpV,oskar med k,https://www.ticketmaster.com/oskar-med-k-tickets/artist/3934224,KZFzniwnSyZfZ7v7nJ,Music,KnvZfZ7vAvF,Dance/Electronic,KZazBEonSMnZfZ7vA1E,Dance/Electronic,11,https://s1.ticketm.net/dam/a/bd5/36a372c9-6b7e-4d03-a7e3-5e52c843cbd5_RETINA_PORTRAIT_3_2.jpg,2026-09-17T20:02:17.499935+00:00,2026-09-20T22:44:00.359625+00:00
K8vZ917rzDV,overtonight,https://www.ticketmaster.com/overtonight-tickets/artist/4086619,KZFzniwnSyZfZ7v7nJ,Music,KnvZfZ7vAvv,Alternative,KZazBEonSMnZfZ7vAde,Indie Rock,5,https://s1.ticketm.net/dam/a/2f8/292f940d-99c1-4374-a509-b70faadde2f8_TABLET_LANDSCAPE_3_2.jpg,2026-09-17T20:02:18.739078+00:00,2026-09-20T22:44:01.382965+00:00
Z7r9jZa9dM,quannnic,,KZFzniwnSyZfZ7v7nl,Undefined,,,,,10,https://s1.ticketm.net/dam/c/f51/ee785ed6-f806-4195-98f4-69f67e09df51_106201_RETINA_PORTRAIT_3_2.jpg,2026-09-17T20:02:19.435167+00:00,2026-09-20T22:44:02.205267+00:00
Z7r9jZaoZe,redveil,,KZFzniwnSyZfZ7v7nJ,Music,KnvZfZ7vAvl,Other,KZazBEonSMnZfZ7vk1I,Other,20,https://s1.ticketm.net/dam/c/060/c5c08e7a-9912-456c-a060-2758be94e060_105881_RETINA_LANDSCAPE_16_9.jpg,2026-09-17T20:02:18.739078+00:00,2026-09-20T22:44:01.382965+00:00
K8vZ917bmj0,rosecoloredworld,https://www.ticketmaster.com/rosecoloredworld-tickets/artist/2719322,KZFzniwnSyZfZ7v7nJ,Music,KnvZfZ7vAev,Pop,KZazBEonSMnZfZ7vk1t,Pop,6,https://s1.ticketm.net/dam/c/4f2/0109888a-61b5-4525-8432-b026ef04f4f2_105631_EVENT_DETAIL_PAGE_16_9.jpg,2026-09-17T20:02:17.499935+00:00,2026-09-20T22:44:00.359625+00:00
K8vZ917jPs0,she's green,https://www.ticketmaster.com/shes-green-tickets/artist/3134361,KZFzniwnSyZfZ7v7nJ,Music,KnvZfZ7vAvv,Alternative,KZazBEonSMnZfZ7vAde,Indie Rock,6,https://s1.ticketm.net/dam/a/a55/ccf0cb11-c823-4136-ac5f-60cc95f78a55_RETINA_PORTRAIT_16_9.jpg,2026-09-17T20:02:20.370215+00:00,2026-09-20T22:44:03.417698+00:00
K8vZpaAlTe,smush,https://www.ticketmaster.com/smush-tickets/artist/4499034,KZFzniwnSyZfZ7v7nJ,Music,KnvZfZ7vAvv,Alternative,KZazBEonSMnZfZ7vA7F,Shoegaze,5,https://s1.ticketm.net/dam/c/f50/96fa13be-e395-429b-8558-a51bb9054f50_105951_TABLET_LANDSCAPE_LARGE_16_9.jpg,2026-09-17T20:02:17.499935+00:00,2026-09-20T22:44:00.359625+00:00
K8vZ917rQY7,waitress,https://www.ticketmaster.com/waitress-tickets/artist/3818749,KZFzniwnSyZfZ7v7nJ,Music,KnvZfZ7vAvv,Alternative,KZazBEonSMnZfZ7vAde,Indie Rock,2,https://s1.ticketm.net/dam/c/f50/96fa13be-e395-429b-8558-a51bb9054f50_105951_TABLET_LANDSCAPE_LARGE_16_9.jpg,2026-09-17T20:02:18.739078+00:00,2026-09-20T22:44:01.382965+00:00
K8vZ917jFj7,wilt,https://www.ticketmaster.com/wilt-tickets/artist/3069686,KZFzniwnSyZfZ7v7nJ,Music,KnvZfZ7vAvv,Alternative,KZazBEonSMnZfZ7vAvn,Alternative Rock,19,https://s1.ticketm.net/dam/a/242/0500d6bd-db0a-4c8c-b674-62fd98969242_SOURCE,2026-09-17T20:02:24.505358+00:00,2026-09-20T22:44:05.657178+00:00
K8vZ917r4Cf,xforever warx,https://www.ticketmaster.com/xforever-warx-tickets/artist/3774404,KZFzniwnSyZfZ7v7nJ,Music,KnvZfZ7vAeA,Rock,KZazBEonSMnZfZ7v66v,Hardcore Punk,3,https://s1.ticketm.net/dam/c/fbc/b293c0ad-c904-4215-bc59-8d7f2414dfbc_106141_EVENT_DETAIL_PAGE_16_9.jpg,2026-09-17T20:02:19.435167+00:00,2026-09-20T22:44:02.205267+00:00
