segment_id,segment_name,genre_id,genre_name,subgenre_id,subgenre_name,fetched_at
KZFzniwnSyZfZ7v7n1,Miscellaneous,KnvZfZ7vAAa,Casino/Gaming,KZazBEonSMnZfZ7vFnt,Casino/Gaming,2026-09-17T20:02:13.675395+00:00
KZFzniwnSyZfZ7v7n1,Miscellaneous,KnvZfZ7vAA1,Comedy,KZazBEonSMnZfZ7vFnn,Comedy,2026-09-17T20:02:13.675395+00:00
KZFzniwnSyZfZ7v7n1,Miscellaneous,KnvZfZ7vAAE,Community/Civic,KZazBEonSMnZfZ7vFlv,Community/Civic,2026-09-17T20:02:13.675395+00:00
KZFzniwnSyZfZ7v7n1,Miscellaneous,KnvZfZ7v7lE,Community/Cultural,KZazBEonSMnZfZ7vAvk,Public Skating,2026-09-17T20:02:13.675395+00:00
KZFzniwnSyZfZ7v7n1,Miscellaneous,KnvZfZ7vAeE,Fairs & Festivals,KZazBEonSMnZfZ7vF1F,Fairs & Festivals,2026-09-17T20:02:13.675395+00:00
KZFzniwnSyZfZ7v7n1,Miscellaneous,KnvZfZ7vA1n,Family,KZazBEonSMnZfZ7vaav,Other,2026-09-17T20:02:13.675395+00:00
KZFzniwnSyZfZ7v7n1,Miscellaneous,KnvZfZ7vAAI,Food & Drink,KZazBEonSMnZfZ7vFle,Food & Drink,2026-09-17T20:02:13.675395+00:00
KZFzniwnSyZfZ7v7n1,Miscellaneous,KnvZfZ7vAAI,Food & Drink,KZazBEonSMnZfZ7vFld,Restaurant,2026-09-17T20:02:13.675395+00:00
KZFzniwnSyZfZ7v7n1,Miscellaneous,KnvZfZ7vAAl,Health/Wellness,KZazBEonSMnZfZ7vFlk,Health/Wellness,2026-09-17T20:02:13.675395+00:00
KZFzniwnSyZfZ7v7n1,Miscellaneous,KnvZfZ7vAAJ,Hobby/Special Interest Expos,KZazBEonSMnZfZ7vFnl,Hobby/Special Interest Expos,2026-09-17T20:02:13.675395+00:00
KZFzniwnSyZfZ7v7n1,Miscellaneous,KnvZfZ7vAAt,Holiday,KZazBEonSMnZfZ7vFl7,Holiday,2026-09-17T20:02:13.675395+00:00
KZFzniwnSyZfZ7v7n1,Miscellaneous,KnvZfZ7v7lI,Ice Shows,KZazBEonSMnZfZ7vAv6,Ice Shows,2026-09-17T20:02:13.675395+00:00
KZFzniwnSyZfZ7v7n1,Miscellaneous,KnvZfZ7vAJe,Lecture/Seminar,KZazBEonSMnZfZ7vaat,Lecture/Seminar,2026-09-17T20:02:13.675395+00:00
KZFzniwnSyZfZ7v7n1,Miscellaneous,KnvZfZ7vAAF,Multimedia,KZazBEonSMnZfZ7vFnI,Multimedia,2026-09-17T20:02:13.675395+00:00
KZFzniwnSyZfZ7v7n1,Miscellaneous,KnvZfZ7vAAn,Psychics/Mediums/Hypnotists,KZazBEonSMnZfZ7vFlA,Psychics/Mediums/Hypnotists,2026-09-17T20:02:13.675395+00:00
KZFzniwnSyZfZ7v7n1,Miscellaneous,KnvZfZ7v7lt,Special Interest/Hobby,KZazBEonSMnZfZ7vAvF,Flower & Garden,2026-09-17T20:02:13.675395+00:00
KZFzniwnSyZfZ7v7n1,Miscellaneous,KnvZfZ7v7ll,Undefined,KZazBEonSMnZfZ7vAv1,Undefined,2026-09-17T20:02:13.675395+00:00
KZFzniwnSyZfZ7v7nE,Sports,KnvZfZ7vAeI,Aquatics,KZazBEonSMnZfZ7vF1a,Aquatics,2026-09-17T20:02:13.675395+00:00
KZFzniwnSyZfZ7v7nE,Sports,KnvZfZ7vAet,Athletic Races,KZazBEonSMnZfZ7vF11,Athletic Races,2026-09-17T20:02:13.675395+00:00
KZFzniwnSyZfZ7v7nE,Sports,KnvZfZ7vAen,Badminton,KZazBEonSMnZfZ7vF1J,Badminton,2026-09-17T20:02:13.675395+00:00
KZFzniwnSyZfZ7v7nE,Sports,KnvZfZ7vAel,Bandy,KZazBEonSMnZfZ7vF1E,Bandy,2026-09-17T20:02:13.675395+00:00
KZFzniwnSyZfZ7v7nE,Sports,KnvZfZ7vAdv,Baseball,KZazBEonSMnZfZ7vF1I,College,2026-09-17T20:02:13.675395+00:00
KZFzniwnSyZfZ7v7nE,Sports,KnvZfZ7vAdv,Baseball,KZazBEonSMnZfZ7vF1t,Minor League,2026-09-17T20:02:13.675395+00:00
KZFzniwnSyZfZ7v7nE,Sports,KnvZfZ7vAdv,Baseball,KZazBEonSMnZfZ7vF1n,MLB,2026-09-17T20:02:13.675395+00:00
KZFzniwnSyZfZ7v7nE,Sports,KnvZfZ7vAdv,Baseball,KZazBEonSMnZfZ7vF1l,Professional,2026-09-17T20:02:13.675395+00:00
KZFzniwnSyZfZ7v7nE,Sports,KnvZfZ7vAde,Basketball,KZazBEonSMnZfZ7vFJv,College,2026-09-17T20:02:13.675395+00:00
KZFzniwnSyZfZ7v7nE,Sports,KnvZfZ7vAde,Basketball,KZazBEonSMnZfZ7vFJe,High School,2026-09-17T20:02:13.675395+00:00
KZFzniwnSyZfZ7v7nE,Sports,KnvZfZ7vAde,Basketball,KZazBEonSMnZfZ7vFJ6,Men Professional,2026-09-17T20:02:13.675395+00:00
KZFzniwnSyZfZ7v7nE,Sports,KnvZfZ7vAde,Basketball,KZazBEonSMnZfZ7vFJd,Minor League,2026-09-17T20:02:13.675395+00:00
KZFzniwnSyZfZ7v7nE,Sports,KnvZfZ7vAde,Basketball,KZazBEonSMnZfZ7vFJA,NBA,2026-09-17T20:02:13.675395+00:00
KZFzniwnSyZfZ7v7nE,Sports,KnvZfZ7vAde,Basketball,KZazBEonSMnZfZ7vFn1,NBA D League,2026-09-17T20:02:13.675395+00:00
KZFzniwnSyZfZ7v7nE,Sports,KnvZfZ7vAde,Basketball,KZazBEonSMnZfZ7vFJ7,NBDL,2026-09-17T20:02:13.675395+00:00
KZFzniwnSyZfZ7v7nE,Sports,KnvZfZ7vAde,Basketball,KZazBEonSMnZfZ7vFJk,NBL,2026-09-17T20:02:13.675395+00:00
KZFzniwnSyZfZ7v7nE,Sports,KnvZfZ7vAde,Basketball,KZazBEonSMnZfZ7vFJF,WNBA,2026-09-17T20:02:13.675395+00:00
KZFzniwnSyZfZ7v7nE,Sports,KnvZfZ7vAde,Basketball,KZazBEonSMnZfZ7vFnJ,Women Professional,2026-09-17T20:02:13.675395+00:00
KZFzniwnSyZfZ7v7nE,Sports,KnvZfZ7vAdd,Biathlon,KZazBEonSMnZfZ7vFJa,Biathlon,2026-09-17T20:02:13.675395+00:00
KZFzniwnSyZfZ7v7nE,Sports,KnvZfZ7vAd7,Body Building,KZazBEonSMnZfZ7vFJ1,Body Building,2026-09-17T20:02:13.675395+00:00
KZFzniwnSyZfZ7v7nE,Sports,KnvZfZ7vAdA,Boxing,KZazBEonSMnZfZ7vFJJ,Boxing,2026-09-17T20:02:13.675395+00:00
KZFzniwnSyZfZ7v7nE,Sports,KnvZfZ7vAdk,Cricket,KZazBEonSMnZfZ7vFJE,Cricket,2026-09-17T20:02:13.675395+00:00
KZFzniwnSyZfZ7v7nE,Sports,KnvZfZ7vAdF,Curling,KZazBEonSMnZfZ7vFJl,Curling,2026-09-17T20:02:13.675395+00:00
KZFzniwnSyZfZ7v7nE,Sports,KnvZfZ7vAda,Cycling,KZazBEonSMnZfZ7vFEv,Cycling,2026-09-17T20:02:13.675395+00:00
KZFzniwnSyZfZ7v7nE,Sports,KnvZfZ7vAd1,Equestrian,KZazBEonSMnZfZ7vFEe,Dressage,2026-09-17T20:02:13.675395+00:00
KZFzniwnSyZfZ7v7nE,Sports,KnvZfZ7vAd1,Equestrian,KZazBEonSMnZfZ7vFEd,Equestrian,2026-09-17T20:02:13.675395+00:00
KZFzniwnSyZfZ7v7nE,Sports,KnvZfZ7vAd1,Equestrian,KZazBEonSMnZfZ7vFE7,Horse Racing,2026-09-17T20:02:13.675395+00:00
KZFzniwnSyZfZ7v7nE,Sports,KnvZfZ7vAJF,eSports,KZazBEonSMnZfZ7vaEe,eSports,2026-09-17T20:02:13.675395+00:00
KZFzniwnSyZfZ7v7nE,Sports,KnvZfZ7vAdJ,Extreme,KZazBEonSMnZfZ7vFEA,Extreme,2026-09-17T20:02:13.675395+00:00
KZFzniwnSyZfZ7v7nE,Sports,KnvZfZ7vAJv,Field Hockey,KZazBEonSMnZfZ7vaaa,Field Hockey,2026-09-17T20:02:13.675395+00:00
KZFzniwnSyZfZ7v7nE,Sports,KnvZfZ7vAJ7,Fitness,KZazBEonSMnZfZ7vaJJ,Fitness,2026-09-17T20:02:13.675395+00:00
KZFzniwnSyZfZ7v7nE,Sports,KnvZfZ7vAJ7,Fitness,KZazBEonSMnZfZ7vaJI,Yoga,2026-09-17T20:02:13.675395+00:00
KZFzniwnSyZfZ7v7nE,Sports,KnvZfZ7vAJ7,Fitness,KZazBEonSMnZfZ7vaJE,Zumba,2026-09-17T20:02:13.675395+00:00
KZFzniwnSyZfZ7v7nE,Sports,KnvZfZ7vA1l,Floorball,KZazBEonSMnZfZ7vaae,Floorball,2026-09-17T20:02:13.675395+00:00
KZFzniwnSyZfZ7v7nE,Sports,KnvZfZ7vAdE,Football,KZazBEonSMnZfZ7vFEk,AFL,2026-09-17T20:02:13.675395+00:00
KZFzniwnSyZfZ7v7nE,Sports,KnvZfZ7vAdE,Football,KZazBEonSMnZfZ7vFE6,College,2026-09-17T20:02:13.675395+00:00
KZFzniwnSyZfZ7v7nE,Sports,KnvZfZ7vAdE,Football,KZazBEonSMnZfZ7vFEa,High School,2026-09-17T20:02:13.675395+00:00
KZFzniwnSyZfZ7v7nE,Sports,KnvZfZ7vAdE,Football,KZazBEonSMnZfZ7vFEF,International Rules,2026-09-17T20:02:13.675395+00:00
KZFzniwnSyZfZ7v7nE,Sports,KnvZfZ7vAdE,Football,KZazBEonSMnZfZ7vFE1,NFL,2026-09-17T20:02:13.675395+00:00
KZFzniwnSyZfZ7v7nE,Sports,KnvZfZ7vAdE,Football,KZazBEonSMnZfZ7vaE7,XFL,2026-09-17T20:02:13.675395+00:00
KZFzniwnSyZfZ7v7nE,Sports,KnvZfZ7vAdE,Football,KZazBEonSMnZfZ7vFEJ,Professional,2026-09-17T20:02:13.675395+00:00
KZFzniwnSyZfZ7v7nE,Sports,KnvZfZ7vAdt,Golf,KZazBEonSMnZfZ7vFIv,Golf,2026-09-17T20:02:13.675395+00:00
KZFzniwnSyZfZ7v7nE,Sports,KnvZfZ7vAdt,Golf,KZazBEonSMnZfZ7vFIe,LPGA,2026-09-17T20:02:13.675395+00:00
KZFzniwnSyZfZ7v7nE,Sports,KnvZfZ7vAdt,Golf,KZazBEonSMnZfZ7vFId,PGA B-Tour,2026-09-17T20:02:13.675395+00:00
KZFzniwnSyZfZ7v7nE,Sports,KnvZfZ7vAdt,Golf,KZazBEonSMnZfZ7vFIA,PGA Senior Tour,2026-09-17T20:02:13.675395+00:00
KZFzniwnSyZfZ7v7nE,Sports,KnvZfZ7vAdt,Golf,KZazBEonSMnZfZ7vFI7,PGA Tour,2026-09-17T20:02:13.675395+00:00
KZFzniwnSyZfZ7v7nE,Sports,KnvZfZ7vAdn,Gymnastics,KZazBEonSMnZfZ7vFIk,Gymnastics,2026-09-17T20:02:13.675395+00:00
KZFzniwnSyZfZ7v7nE,Sports,KnvZfZ7vAdl,Handball,KZazBEonSMnZfZ7vFI6,Handball,2026-09-17T20:02:13.675395+00:00
KZFzniwnSyZfZ7v7nE,Sports,KnvZfZ7vAdI,Hockey,KZazBEonSMnZfZ7vFEI,College,2026-09-17T20:02:13.675395+00:00
KZFzniwnSyZfZ7v7nE,Sports,KnvZfZ7vAdI,Hockey,KZazBEonSMnZfZ7vFEl,Ice Hockey,2026-09-17T20:02:13.675395+00:00
KZFzniwnSyZfZ7v7nE,Sports,KnvZfZ7vAdI,Hockey,KZazBEonSMnZfZ7vFEt,Minor League,2026-09-17T20:02:13.675395+00:00
KZFzniwnSyZfZ7v7nE,Sports,KnvZfZ7vAdI,Hockey,KZazBEonSMnZfZ7vFEE,NHL,2026-09-17T20:02:13.675395+00:00
KZFzniwnSyZfZ7v7nE,Sports,KnvZfZ7vAdI,Hockey,KZazBEonSMnZfZ7vaEA,AHL,2026-09-17T20:02:13.675395+00:00
KZFzniwnSyZfZ7v7nE,Sports,KnvZfZ7vAdI,Hockey,KZazBEonSMnZfZ7vFEn,Professional,2026-09-17T20:02:13.675395+00:00
KZFzniwnSyZfZ7v7nE,Sports,KnvZfZ7vA7v,Ice Skating,KZazBEonSMnZfZ7vFIF,Ice Skating,2026-09-17T20:02:13.675395+00:00
KZFzniwnSyZfZ7v7nE,Sports,KnvZfZ7vA7e,Indoor Soccer,KZazBEonSMnZfZ7vFIa,Indoor Soccer,2026-09-17T20:02:13.675395+00:00
KZFzniwnSyZfZ7v7nE,Sports,KnvZfZ7vA77,Lacrosse,KZazBEonSMnZfZ7vFII,Lacrosse,2026-09-17T20:02:13.675395+00:00
KZFzniwnSyZfZ7v7nE,Sports,KnvZfZ7vA7d,Martial Arts,KZazBEonSMnZfZ7vFI1,Karate,2026-09-17T20:02:13.675395+00:00
KZFzniwnSyZfZ7v7nE,Sports,KnvZfZ7vA7d,Martial Arts,KZazBEonSMnZfZ7vFIJ,Kickboxing,2026-09-17T20:02:13.675395+00:00
KZFzniwnSyZfZ7v7nE,Sports,KnvZfZ7vA7d,Martial Arts,KZazBEonSMnZfZ7vFIE,Mixed Martial Arts,2026-09-17T20:02:13.675395+00:00
KZFzniwnSyZfZ7v7nE,Sports,KnvZfZ7vA7A,Miscellaneous,KZazBEonSMnZfZ7vFte,College,2026-09-17T20:02:13.675395+00:00
KZFzniwnSyZfZ7v7nE,Sports,KnvZfZ7vA7A,Miscellaneous,KZazBEonSMnZfZ7vFIl,GAA,2026-09-17T20:02:13.675395+00:00
KZFzniwnSyZfZ7v7nE,Sports,KnvZfZ7vA7A,Miscellaneous,KZazBEonSMnZfZ7vFtv,High School,2026-09-17T20:02:13.675395+00:00
KZFzniwnSyZfZ7v7nE,Sports,KnvZfZ7vA7A,Miscellaneous,KZazBEonSMnZfZ7vFtd,Minor League,2026-09-17T20:02:13.675395+00:00
KZFzniwnSyZfZ7v7nE,Sports,KnvZfZ7vA7A,Miscellaneous,KZazBEonSMnZfZ7vFIt,Miscellaneous,2026-09-17T20:02:13.675395+00:00
KZFzniwnSyZfZ7v7nE,Sports,KnvZfZ7vA7k,Motorsports/Racing,KZazBEonSMnZfZ7vFt7,Motorsports/Racing,2026-09-17T20:02:13.675395+00:00
KZFzniwnSyZfZ7v7nE,Sports,KnvZfZ7vA76,Netball,KZazBEonSMnZfZ7vFtA,Netball,2026-09-17T20:02:13.675395+00:00
KZFzniwnSyZfZ7v7nE,Sports,KnvZfZ7vAea,Rodeo,KZazBEonSMnZfZ7vFtk,Bullriding,2026-09-17T20:02:13.675395+00:00
KZFzniwnSyZfZ7v7nE,Sports,KnvZfZ7vAea,Rodeo,KZazBEonSMnZfZ7vF1d,Rodeo,2026-09-17T20:02:13.675395+00:00
KZFzniwnSyZfZ7v7nE,Sports,KnvZfZ7vAJA,Roller Derby,KZazBEonSMnZfZ7vaJt,Roller Derby,2026-09-17T20:02:13.675395+00:00
KZFzniwnSyZfZ7v7nE,Sports,KnvZfZ7vA7a,Roller Hockey,KZazBEonSMnZfZ7vFtF,Roller Hockey,2026-09-17T20:02:13.675395+00:00
KZFzniwnSyZfZ7v7nE,Sports,KnvZfZ7vA71,Rugby,KZazBEonSMnZfZ7vFta,Rugby,2026-09-17T20:02:13.675395+00:00
KZFzniwnSyZfZ7v7nE,Sports,KnvZfZ7vA71,Rugby,KZazBEonSMnZfZ7vFt1,Rugby League,2026-09-17T20:02:13.675395+00:00
KZFzniwnSyZfZ7v7nE,Sports,KnvZfZ7vA71,Rugby,KZazBEonSMnZfZ7vFtJ,Rugby Union,2026-09-17T20:02:13.675395+00:00
KZFzniwnSyZfZ7v7nE,Sports,KnvZfZ7vA7J,Ski Jumping,KZazBEonSMnZfZ7vFtE,Ski Jumping,2026-09-17T20:02:13.675395+00:00
KZFzniwnSyZfZ7v7nE,Sports,KnvZfZ7vAd6,Skiing,KZazBEonSMnZfZ7vFJI,Cross Country,2026-09-17T20:02:13.675395+00:00
KZFzniwnSyZfZ7v7nE,Sports,KnvZfZ7vAd6,Skiing,KZazBEonSMnZfZ7vFJt,Nordic Combined,2026-09-17T20:02:13.675395+00:00
KZFzniwnSyZfZ7v7nE,Sports,KnvZfZ7vAd6,Skiing,KZazBEonSMnZfZ7vFJn,Skiing,2026-09-17T20:02:13.675395+00:00
KZFzniwnSyZfZ7v7nE,Sports,KnvZfZ7vA7E,Soccer,KZazBEonSMnZfZ7vFtI,MLS,2026-09-17T20:02:13.675395+00:00
KZFzniwnSyZfZ7v7nE,Sports,KnvZfZ7vA7E,Soccer,KZazBEonSMnZfZ7vFtt,Soccer,2026-09-17T20:02:13.675395+00:00
KZFzniwnSyZfZ7v7nE,Sports,KnvZfZ7vAJd,Softball,KZazBEonSMnZfZ7vaJa,College,2026-09-17T20:02:13.675395+00:00
KZFzniwnSyZfZ7v7nE,Sports,KnvZfZ7vAJd,Softball,KZazBEonSMnZfZ7vaJ1,Professional,2026-09-17T20:02:13.675395+00:00
KZFzniwnSyZfZ7v7nE,Sports,KnvZfZ7vA7I,Squash,KZazBEonSMnZfZ7vFtn,Squash,2026-09-17T20:02:13.675395+00:00
KZFzniwnSyZfZ7v7nE,Sports,KnvZfZ7vA7t,Surfing,KZazBEonSMnZfZ7vFtl,Surfing,2026-09-17T20:02:13.675395+00:00
KZFzniwnSyZfZ7v7nE,Sports,KnvZfZ7vA7n,Swimming,KZazBEonSMnZfZ7vFnv,Swimming,2026-09-17T20:02:13.675395+00:00
KZFzniwnSyZfZ7v7nE,Sports,KnvZfZ7vA7l,Table Tennis,KZazBEonSMnZfZ7vFne,Table Tennis,2026-09-17T20:02:13.675395+00:00
KZFzniwnSyZfZ7v7nE,Sports,KnvZfZ7vAAv,Tennis,KZazBEonSMnZfZ7vFnd,Tennis,2026-09-17T20:02:13.675395+00:00
KZFzniwnSyZfZ7v7nE,Sports,KnvZfZ7vAAe,Toros,KZazBEonSMnZfZ7vFn7,Toros,2026-09-17T20:02:13.675395+00:00
KZFzniwnSyZfZ7v7nE,Sports,KnvZfZ7vAAd,Track & Field,KZazBEonSMnZfZ7vFnA,Track & Field,2026-09-17T20:02:13.675395+00:00
KZFzniwnSyZfZ7v7nE,Sports,KnvZfZ7vAA7,Volleyball,KZazBEonSMnZfZ7vFnk,Minor League,2026-09-17T20:02:13.675395+00:00
KZFzniwnSyZfZ7v7nE,Sports,KnvZfZ7vAA7,Volleyball,KZazBEonSMnZfZ7vFn6,Volleyball,2026-09-17T20:02:13.675395+00:00
KZFzniwnSyZfZ7v7nE,Sports,KnvZfZ7vAAA,Waterpolo,KZazBEonSMnZfZ7vFnF,Waterpolo,2026-09-17T20:02:13.675395+00:00
KZFzniwnSyZfZ7v7nE,Sports,KnvZfZ7vAAk,Wrestling,KZazBEonSMnZfZ7vFna,Wrestling,2026-09-17T20:02:13.675395+00:00
KZFzniwnSyZfZ7v7nE,Sports,KnvZfZ7vAJ1,Ringuette,KZazBEonSMnZfZ7vaEk,Ringuette,2026-09-17T20:02:13.675395+00:00
KZFzniwnSyZfZ7v7nE,Sports,KnvZfZ7vAJJ,Padel,KZazBEonSMnZfZ7vaE6,Padel,2026-09-17T20:02:13.675395+00:00
KZFzniwnSyZfZ7v7nE,Sports,KnvZfZ7vAJE,Cheerleading,KZazBEonSMnZfZ7vaEa,College,2026-09-17T20:02:13.675395+00:00
KZFzniwnSyZfZ7v7nE,Sports,KnvZfZ7vAJE,Cheerleading,KZazBEonSMnZfZ7vaEF,High School,2026-09-17T20:02:13.675395+00:00
KZFzniwnSyZfZ7v7nE,Sports,KnvZfZ7vAJE,Cheerleading,KZazBEonSMnZfZ7vaE1,Professional,2026-09-17T20:02:13.675395+00:00
KZFzniwnSyZfZ7v7nE,Sports,KnvZfZ7vAJI,Diving,KZazBEonSMnZfZ7vaEJ,Diving,2026-09-17T20:02:13.675395+00:00
KZFzniwnSyZfZ7v7nE,Sports,KnvZfZ7vAJt,Pickleball,KZazBEonSMnZfZ7vaEE,Pickleball,2026-09-17T20:02:13.675395+00:00
KZFzniwnSyZfZ7v7nJ,Music,KnvZfZ7vAvv,Alternative,KZazBEonSMnZfZ7vAvE,Adult Alternative Pop/Rock,2026-09-17T20:02:13.675395+00:00
KZFzniwnSyZfZ7v7nJ,Music,KnvZfZ7vAvv,Alternative,KZazBEonSMnZfZ7vAvJ,Alternative,2026-09-17T20:02:13.675395+00:00
KZFzniwnSyZfZ7v7nJ,Music,KnvZfZ7vAvv,Alternative,KZazBEonSMnZfZ7vAvI,Alternative Dance,2026-09-17T20:02:13.675395+00:00
KZFzniwnSyZfZ7v7nJ,Music,KnvZfZ7vAvv,Alternative,KZazBEonSMnZfZ7vAvt,Alternative Metal,2026-09-17T20:02:13.675395+00:00
KZFzniwnSyZfZ7v7nJ,Music,KnvZfZ7vAvv,Alternative,KZazBEonSMnZfZ7vAvn,Alternative Rock,2026-09-17T20:02:13.675395+00:00
KZFzniwnSyZfZ7v7nJ,Music,KnvZfZ7vAvv,Alternative,KZazBEonSMnZfZ7vAvl,Ambient Pop,2026-09-17T20:02:13.675395+00:00
KZFzniwnSyZfZ7v7nJ,Music,KnvZfZ7vAvv,Alternative,KZazBEonSMnZfZ7vAev,American Alternative,2026-09-17T20:02:13.675395+00:00
KZFzniwnSyZfZ7v7nJ,Music,KnvZfZ7vAvv,Alternative,KZazBEonSMnZfZ7vAee,Americana,2026-09-17T20:02:13.675395+00:00
KZFzniwnSyZfZ7v7nJ,Music,KnvZfZ7vAvv,Alternative,KZazBEonSMnZfZ7vAed,Baroque Pop,2026-09-17T20:02:13.675395+00:00
KZFzniwnSyZfZ7v7nJ,Music,KnvZfZ7vAvv,Alternative,KZazBEonSMnZfZ7vAe7,British Alternative,2026-09-17T20:02:13.675395+00:00
KZFzniwnSyZfZ7v7nJ,Music,KnvZfZ7vAvv,Alternative,KZazBEonSMnZfZ7vAeA,British Ska,2026-09-17T20:02:13.675395+00:00
KZFzniwnSyZfZ7v7nJ,Music,KnvZfZ7vAvv,Alternative,KZazBEonSMnZfZ7vAek,C-86,2026-09-17T20:02:13.675395+00:00
KZFzniwnSyZfZ7v7nJ,Music,KnvZfZ7vAvv,Alternative,KZazBEonSMnZfZ7vAe6,Chamber Pop,2026-09-17T20:02:13.675395+00:00
KZFzniwnSyZfZ7v7nJ,Music,KnvZfZ7vAvv,Alternative,KZazBEonSMnZfZ7vAeF,Cocktail,2026-09-17T20:02:13.675395+00:00
KZFzniwnSyZfZ7v7nJ,Music,KnvZfZ7vAvv,Alternative,KZazBEonSMnZfZ7vAea,College Rock,2026-09-17T20:02:13.675395+00:00
KZFzniwnSyZfZ7v7nJ,Music,KnvZfZ7vAvv,Alternative,KZazBEonSMnZfZ7vAe1,Cowpunk,2026-09-17T20:02:13.675395+00:00
KZFzniwnSyZfZ7v7nJ,Music,KnvZfZ7vAvv,Alternative,KZazBEonSMnZfZ7vAeJ,Dream Pop,2026-09-17T20:02:13.675395+00:00
KZFzniwnSyZfZ7v7nJ,Music,KnvZfZ7vAvv,Alternative,KZazBEonSMnZfZ7vAeE,Electro-Industrial,2026-09-17T20:02:13.675395+00:00
KZFzniwnSyZfZ7v7nJ,Music,KnvZfZ7vAvv,Alternative,KZazBEonSMnZfZ7vAeI,Electronic Pop,2026-09-17T20:02:13.675395+00:00
KZFzniwnSyZfZ7v7nJ,Music,KnvZfZ7vAvv,Alternative,KZazBEonSMnZfZ7vAet,Funk Metal,2026-09-17T20:02:13.675395+00:00
KZFzniwnSyZfZ7v7nJ,Music,KnvZfZ7vAvv,Alternative,KZazBEonSMnZfZ7vAen,Goth,2026-09-17T20:02:13.675395+00:00
KZFzniwnSyZfZ7v7nJ,Music,KnvZfZ7vAvv,Alternative,KZazBEonSMnZfZ7vAel,Grunge,2026-09-17T20:02:13.675395+00:00
KZFzniwnSyZfZ7v7nJ,Music,KnvZfZ7vAvv,Alternative,KZazBEonSMnZfZ7vAdv,Indie Pop,2026-09-17T20:02:13.675395+00:00
KZFzniwnSyZfZ7v7nJ,Music,KnvZfZ7vAvv,Alternative,KZazBEonSMnZfZ7vAde,Indie Rock,2026-09-17T20:02:13.675395+00:00
KZFzniwnSyZfZ7v7nJ,Music,KnvZfZ7vAvv,Alternative,KZazBEonSMnZfZ7vAdd,Industrial,2026-09-17T20:02:13.675395+00:00
KZFzniwnSyZfZ7v7nJ,Music,KnvZfZ7vAvv,Alternative,KZazBEonSMnZfZ7vAd7,Industrial Dance,2026-09-17T20:02:13.675395+00:00
KZFzniwnSyZfZ7v7nJ,Music,KnvZfZ7vAvv,Alternative,KZazBEonSMnZfZ7vAdA,Jangle Pop,2026-09-17T20:02:13.675395+00:00
KZFzniwnSyZfZ7v7nJ,Music,KnvZfZ7vAvv,Alternative,KZazBEonSMnZfZ7vAdk,Lo-Fi,2026-09-17T20:02:13.675395+00:00
KZFzniwnSyZfZ7v7nJ,Music,KnvZfZ7vAvv,Alternative,KZazBEonSMnZfZ7vAd6,Madchester,2026-09-17T20:02:13.675395+00:00
KZFzniwnSyZfZ7v7nJ,Music,KnvZfZ7vAvv,Alternative,KZazBEonSMnZfZ7vAdF,Math Rock,2026-09-17T20:02:13.675395+00:00
KZFzniwnSyZfZ7v7nJ,Music,KnvZfZ7vAvv,Alternative,KZazBEonSMnZfZ7vAda,Neo-Glam,2026-09-17T20:02:13.675395+00:00
KZFzniwnSyZfZ7v7nJ,Music,KnvZfZ7vAvv,Alternative,KZazBEonSMnZfZ7vAd1,Neo-Psychedelia,2026-09-17T20:02:13.675395+00:00
KZFzniwnSyZfZ7v7nJ,Music,KnvZfZ7vAvv,Alternative,KZazBEonSMnZfZ7vAdJ,Neo-Traditional Folk,2026-09-17T20:02:13.675395+00:00
KZFzniwnSyZfZ7v7nJ,Music,KnvZfZ7vAvv,Alternative,KZazBEonSMnZfZ7vAdE,New Zealand Rock,2026-09-17T20:02:13.675395+00:00
KZFzniwnSyZfZ7v7nJ,Music,KnvZfZ7vAvv,Alternative,KZazBEonSMnZfZ7vAdI,Noise Pop,2026-09-17T20:02:13.675395+00:00
KZFzniwnSyZfZ7v7nJ,Music,KnvZfZ7vAvv,Alternative,KZazBEonSMnZfZ7vAdt,Paisley Underground,2026-09-17T20:02:13.675395+00:00
KZFzniwnSyZfZ7v7nJ,Music,KnvZfZ7vAvv,Alternative,KZazBEonSMnZfZ7vAdn,Pop Underground,2026-09-17T20:02:13.675395+00:00
KZFzniwnSyZfZ7v7nJ,Music,KnvZfZ7vAvv,Alternative,KZazBEonSMnZfZ7vAdl,Post-Grunge,2026-09-17T20:02:13.675395+00:00
KZFzniwnSyZfZ7v7nJ,Music,KnvZfZ7vAvv,Alternative,KZazBEonSMnZfZ7vA7v,Post-Punk,2026-09-17T20:02:13.675395+00:00
KZFzniwnSyZfZ7v7nJ,Music,KnvZfZ7vAvv,Alternative,KZazBEonSMnZfZ7vA7e,Post-Punk Revival,2026-09-17T20:02:13.675395+00:00
KZFzniwnSyZfZ7v7nJ,Music,KnvZfZ7vAvv,Alternative,KZazBEonSMnZfZ7vA7d,Post-Rock/Experimental,2026-09-17T20:02:13.675395+00:00
KZFzniwnSyZfZ7v7nJ,Music,KnvZfZ7vAvv,Alternative,KZazBEonSMnZfZ7vA77,Psychobilly,2026-09-17T20:02:13.675395+00:00
KZFzniwnSyZfZ7v7nJ,Music,KnvZfZ7vAvv,Alternative,KZazBEonSMnZfZ7vA7A,Queercore,2026-09-17T20:02:13.675395+00:00
KZFzniwnSyZfZ7v7nJ,Music,KnvZfZ7vAvv,Alternative,KZazBEonSMnZfZ7vA7k,Riot Grrrl,2026-09-17T20:02:13.675395+00:00
KZFzniwnSyZfZ7v7nJ,Music,KnvZfZ7vAvv,Alternative,KZazBEonSMnZfZ7vA76,Sadcore,2026-09-17T20:02:13.675395+00:00
KZFzniwnSyZfZ7v7nJ,Music,KnvZfZ7vAvv,Alternative,KZazBEonSMnZfZ7vA7F,Shoegaze,2026-09-17T20:02:13.675395+00:00
KZFzniwnSyZfZ7v7nJ,Music,KnvZfZ7vAvv,Alternative,KZazBEonSMnZfZ7vA7a,Ska,2026-09-17T20:02:13.675395+00:00
KZFzniwnSyZfZ7v7nJ,Music,KnvZfZ7vAvv,Alternative,KZazBEonSMnZfZ7vA71,Ska Punk,2026-09-17T20:02:13.675395+00:00
KZFzniwnSyZfZ7v7nJ,Music,KnvZfZ7vAvv,Alternative,KZazBEonSMnZfZ7vA7J,Skatepunk,2026-09-17T20:02:13.675395+00:00
KZFzniwnSyZfZ7v7nJ,Music,KnvZfZ7vAvv,Alternative,KZazBEonSMnZfZ7vA7E,Slowcore,2026-09-17T20:02:13.675395+00:00
KZFzniwnSyZfZ7v7nJ,Music,KnvZfZ7vAvv,Alternative,KZazBEonSMnZfZ7vA7I,Space Rock,2026-09-17T20:02:13.675395+00:00
KZFzniwnSyZfZ7v7nJ,Music,KnvZfZ7vAvv,Alternative,KZazBEonSMnZfZ7vA7t,Third Wave Ska Revival,2026-09-17T20:02:13.675395+00:00
KZFzniwnSyZfZ7v7nJ,Music,KnvZfZ7vAvv,Alternative,KZazBEonSMnZfZ7vA7n,Twee Pop,2026-09-17T20:02:13.675395+00:00
KZFzniwnSyZfZ7v7nJ,Music,KnvZfZ7vAvv,Alternative,KZazBEonSMnZfZ7vA7l,Urban Folk,2026-09-17T20:02:13.675395+00:00
KZFzniwnSyZfZ7v7nJ,Music,KnvZfZ7vAve,Ballads/Romantic,KZazBEonSMnZfZ7vAAe,Ballads/Romantic,2026-09-17T20:02:13.675395+00:00
KZFzniwnSyZfZ7v7nJ,Music,KnvZfZ7vAvd,Blues,KZazBEonSMnZfZ7vAA7,Acoustic Blues,2026-09-17T20:02:13.675395+00:00
KZFzniwnSyZfZ7v7nJ,Music,KnvZfZ7vAvd,Blues,KZazBEonSMnZfZ7vAAA,Avant-Garde Blues,2026-09-17T20:02:13.675395+00:00
KZFzniwnSyZfZ7v7nJ,Music,KnvZfZ7vAvd,Blues,KZazBEonSMnZfZ7vAAd,Blues,2026-09-17T20:02:13.675395+00:00
KZFzniwnSyZfZ7v7nJ,Music,KnvZfZ7vAvd,Blues,KZazBEonSMnZfZ7vAAk,Blues Gospel,2026-09-17T20:02:13.675395+00:00
KZFzniwnSyZfZ7v7nJ,Music,KnvZfZ7vAvd,Blues,KZazBEonSMnZfZ7vAA6,Blues Revival,2026-09-17T20:02:13.675395+00:00
KZFzniwnSyZfZ7v7nJ,Music,KnvZfZ7vAvd,Blues,KZazBEonSMnZfZ7vAF7,British Blues,2026-09-17T20:02:13.675395+00:00
KZFzniwnSyZfZ7v7nJ,Music,KnvZfZ7vAvd,Blues,KZazBEonSMnZfZ7vAAF,Chicago Blues,2026-09-17T20:02:13.675395+00:00
KZFzniwnSyZfZ7v7nJ,Music,KnvZfZ7vAvd,Blues,KZazBEonSMnZfZ7vAAa,Contemporary Blues,2026-09-17T20:02:13.675395+00:00
KZFzniwnSyZfZ7v7nJ,Music,KnvZfZ7vAvd,Blues,KZazBEonSMnZfZ7vAA1,Country Blues,2026-09-17T20:02:13.675395+00:00
KZFzniwnSyZfZ7v7nJ,Music,KnvZfZ7vAvd,Blues,KZazBEonSMnZfZ7vAAE,Delta Blues,2026-09-17T20:02:13.675395+00:00
KZFzniwnSyZfZ7v7nJ,Music,KnvZfZ7vAvd,Blues,KZazBEonSMnZfZ7vAAI,Detroit Blues,2026-09-17T20:02:13.675395+00:00
KZFzniwnSyZfZ7v7nJ,Music,KnvZfZ7vAvd,Blues,KZazBEonSMnZfZ7vAAt,Dirty Blues,2026-09-17T20:02:13.675395+00:00
KZFzniwnSyZfZ7v7nJ,Music,KnvZfZ7vAvd,Blues,KZazBEonSMnZfZ7vAAn,Early American Blues,2026-09-17T20:02:13.675395+00:00
KZFzniwnSyZfZ7v7nJ,Music,KnvZfZ7vAvd,Blues,KZazBEonSMnZfZ7vAAl,East Coast Blues,2026-09-17T20:02:13.675395+00:00
KZFzniwnSyZfZ7v7nJ,Music,KnvZfZ7vAvd,Blues,KZazBEonSMnZfZ7vAkv,Electric Blues,2026-09-17T20:02:13.675395+00:00
KZFzniwnSyZfZ7v7nJ,Music,KnvZfZ7vAvd,Blues,KZazBEonSMnZfZ7vAke,Electric Blues Guitar,2026-09-17T20:02:13.675395+00:00
KZFzniwnSyZfZ7v7nJ,Music,KnvZfZ7vAvd,Blues,KZazBEonSMnZfZ7vAkd,Electric Harmonica Blues,2026-09-17T20:02:13.675395+00:00
KZFzniwnSyZfZ7v7nJ,Music,KnvZfZ7vAvd,Blues,KZazBEonSMnZfZ7vAk7,Finger-Picked Guitar,2026-09-17T20:02:13.675395+00:00
KZFzniwnSyZfZ7v7nJ,Music,KnvZfZ7vAvd,Blues,KZazBEonSMnZfZ7vAkA,Folk-Blues,2026-09-17T20:02:13.675395+00:00
KZFzniwnSyZfZ7v7nJ,Music,KnvZfZ7vAvd,Blues,KZazBEonSMnZfZ7vAkk,Harmonica Blues,2026-09-17T20:02:13.675395+00:00
KZFzniwnSyZfZ7v7nJ,Music,KnvZfZ7vAvd,Blues,KZazBEonSMnZfZ7vAk6,Jazz Blues,2026-09-17T20:02:13.675395+00:00
KZFzniwnSyZfZ7v7nJ,Music,KnvZfZ7vAvd,Blues,KZazBEonSMnZfZ7vAkF,Juke Joint Blues,2026-09-17T20:02:13.675395+00:00
KZFzniwnSyZfZ7v7nJ,Music,KnvZfZ7vAvd,Blues,KZazBEonSMnZfZ7vAka,Jump Blues,2026-09-17T20:02:13.675395+00:00
KZFzniwnSyZfZ7v7nJ,Music,KnvZfZ7vAvd,Blues,KZazBEonSMnZfZ7vAk1,Louisiana Blues,2026-09-17T20:02:13.675395+00:00
KZFzniwnSyZfZ7v7nJ,Music,KnvZfZ7vAvd,Blues,KZazBEonSMnZfZ7vAkJ,Memphis Blues,2026-09-17T20:02:13.675395+00:00
KZFzniwnSyZfZ7v7nJ,Music,KnvZfZ7vAvd,Blues,KZazBEonSMnZfZ7vAkE,Modern Blues,2026-09-17T20:02:13.675395+00:00
KZFzniwnSyZfZ7v7nJ,Music,KnvZfZ7vAvd,Blues,KZazBEonSMnZfZ7vAkI,Modern Delta Blues,2026-09-17T20:02:13.675395+00:00
KZFzniwnSyZfZ7v7nJ,Music,KnvZfZ7vAvd,Blues,KZazBEonSMnZfZ7vAkt,Modern Electric Blues,2026-09-17T20:02:13.675395+00:00
KZFzniwnSyZfZ7v7nJ,Music,KnvZfZ7vAvd,Blues,KZazBEonSMnZfZ7vAkn,Modern Electric Chicago Blues,2026-09-17T20:02:13.675395+00:00
KZFzniwnSyZfZ7v7nJ,Music,KnvZfZ7vAvd,Blues,KZazBEonSMnZfZ7vav7,Modern Electric D618,2026-09-17T20:02:13.675395+00:00
KZFzniwnSyZfZ7v7nJ,Music,KnvZfZ7vAvd,Blues,KZazBEonSMnZfZ7vAkl,Modern Electric Texas Blues,2026-09-17T20:02:13.675395+00:00
KZFzniwnSyZfZ7v7nJ,Music,KnvZfZ7vAvd,Blues,KZazBEonSMnZfZ7vA6v,New Orleans Blues,2026-09-17T20:02:13.675395+00:00
KZFzniwnSyZfZ7v7nJ,Music,KnvZfZ7vAvd,Blues,KZazBEonSMnZfZ7vA6e,New York Blues,2026-09-17T20:02:13.675395+00:00
KZFzniwnSyZfZ7v7nJ,Music,KnvZfZ7vAvd,Blues,KZazBEonSMnZfZ7vA6d,Piano Blues,2026-09-17T20:02:13.675395+00:00
KZFzniwnSyZfZ7v7nJ,Music,KnvZfZ7vAvd,Blues,KZazBEonSMnZfZ7vA67,Piedmont Blues,2026-09-17T20:02:13.675395+00:00
KZFzniwnSyZfZ7v7nJ,Music,KnvZfZ7vAvd,Blues,KZazBEonSMnZfZ7vA6A,Prewar Blues,2026-09-17T20:02:13.675395+00:00
KZFzniwnSyZfZ7v7nJ,Music,KnvZfZ7vAvd,Blues,KZazBEonSMnZfZ7vA6F,Prewar-Country Blues,2026-09-17T20:02:13.675395+00:00
KZFzniwnSyZfZ7v7nJ,Music,KnvZfZ7vAvd,Blues,KZazBEonSMnZfZ7vA6a,Prewar-Gospel Blues,2026-09-17T20:02:13.675395+00:00
KZFzniwnSyZfZ7v7nJ,Music,KnvZfZ7vAvd,Blues,KZazBEonSMnZfZ7vA61,Slide Guitar,2026-09-17T20:02:13.675395+00:00
KZFzniwnSyZfZ7v7nJ,Music,KnvZfZ7vAvd,Blues,KZazBEonSMnZfZ7vA6J,Soul-Blues,2026-09-17T20:02:13.675395+00:00
KZFzniwnSyZfZ7v7nJ,Music,KnvZfZ7vAvd,Blues,KZazBEonSMnZfZ7vA6E,St. Louis Blues,2026-09-17T20:02:13.675395+00:00
KZFzniwnSyZfZ7v7nJ,Music,KnvZfZ7vAvd,Blues,KZazBEonSMnZfZ7vA6I,Swamp Blues,2026-09-17T20:02:13.675395+00:00
KZFzniwnSyZfZ7v7nJ,Music,KnvZfZ7vAvd,Blues,KZazBEonSMnZfZ7vA6t,Texas Blues,2026-09-17T20:02:13.675395+00:00
KZFzniwnSyZfZ7v7nJ,Music,KnvZfZ7vAvd,Blues,KZazBEonSMnZfZ7vA6n,Traditional Blues,2026-09-17T20:02:13.675395+00:00
KZFzniwnSyZfZ7v7nJ,Music,KnvZfZ7vAvd,Blues,KZazBEonSMnZfZ7vA6l,Vaudeville Blues,2026-09-17T20:02:13.675395+00:00
KZFzniwnSyZfZ7v7nJ,Music,KnvZfZ7vAvd,Blues,KZazBEonSMnZfZ7vAFv,Vocal Blues,2026-09-17T20:02:13.675395+00:00
KZFzniwnSyZfZ7v7nJ,Music,KnvZfZ7vAvd,Blues,KZazBEonSMnZfZ7vAFe,West Coast Blues,2026-09-17T20:02:13.675395+00:00
KZFzniwnSyZfZ7v7nJ,Music,KnvZfZ7vAvA,Chanson Francaise,KZazBEonSMnZfZ7vAFk,Chanson Francaise,2026-09-17T20:02:13.675395+00:00
KZFzniwnSyZfZ7v7nJ,Music,KnvZfZ7vAvk,Children's Music,KZazBEonSMnZfZ7vAFF,Children's Music,2026-09-17T20:02:13.675395+00:00
KZFzniwnSyZfZ7v7nJ,Music,KnvZfZ7vAeJ,Classical,KZazBEonSMnZfZ7vaad,Church Music,2026-09-17T20:02:13.675395+00:00
KZFzniwnSyZfZ7v7nJ,Music,KnvZfZ7vAeJ,Classical,KZazBEonSMnZfZ7vF1A,Classical/Vocal,2026-09-17T20:02:13.675395+00:00
KZFzniwnSyZfZ7v7nJ,Music,KnvZfZ7vAv6,Country,KZazBEonSMnZfZ7vAF1,Alternative Country,2026-09-17T20:02:13.675395+00:00
KZFzniwnSyZfZ7v7nJ,Music,KnvZfZ7vAv6,Country,KZazBEonSMnZfZ7vAFJ,Avant-Garde Country,2026-09-17T20:02:13.675395+00:00
KZFzniwnSyZfZ7v7nJ,Music,KnvZfZ7vAv6,Country,KZazBEonSMnZfZ7vAFE,Bakersfield Sound,2026-09-17T20:02:13.675395+00:00
KZFzniwnSyZfZ7v7nJ,Music,KnvZfZ7vAv6,Country,KZazBEonSMnZfZ7vAFI,Bluegrass,2026-09-17T20:02:13.675395+00:00
KZFzniwnSyZfZ7v7nJ,Music,KnvZfZ7vAv6,Country,KZazBEonSMnZfZ7vAFt,Bluegrass-Gospel,2026-09-17T20:02:13.675395+00:00
KZFzniwnSyZfZ7v7nJ,Music,KnvZfZ7vAv6,Country,KZazBEonSMnZfZ7vAFn,Classic Country,2026-09-17T20:02:13.675395+00:00
KZFzniwnSyZfZ7v7nJ,Music,KnvZfZ7vAv6,Country,KZazBEonSMnZfZ7vAFl,Close Harmony,2026-09-17T20:02:13.675395+00:00
KZFzniwnSyZfZ7v7nJ,Music,KnvZfZ7vAv6,Country,KZazBEonSMnZfZ7vAav,Contemporary Bluegrass,2026-09-17T20:02:13.675395+00:00
KZFzniwnSyZfZ7v7nJ,Music,KnvZfZ7vAv6,Country,KZazBEonSMnZfZ7vAae,Contemporary Country,2026-09-17T20:02:13.675395+00:00
KZFzniwnSyZfZ7v7nJ,Music,KnvZfZ7vAv6,Country,KZazBEonSMnZfZ7vAFa,Country,2026-09-17T20:02:13.675395+00:00
KZFzniwnSyZfZ7v7nJ,Music,KnvZfZ7vAv6,Country,KZazBEonSMnZfZ7vAad,Country Folk,2026-09-17T20:02:13.675395+00:00
KZFzniwnSyZfZ7v7nJ,Music,KnvZfZ7vAv6,Country,KZazBEonSMnZfZ7vAa7,Country Gospel,2026-09-17T20:02:13.675395+00:00
KZFzniwnSyZfZ7v7nJ,Music,KnvZfZ7vAv6,Country,KZazBEonSMnZfZ7vAaA,Country Pop,2026-09-17T20:02:13.675395+00:00
KZFzniwnSyZfZ7v7nJ,Music,KnvZfZ7vAv6,Country,KZazBEonSMnZfZ7vAak,Country Soul,2026-09-17T20:02:13.675395+00:00
KZFzniwnSyZfZ7v7nJ,Music,KnvZfZ7vAv6,Country,KZazBEonSMnZfZ7vAa6,Cowboy,2026-09-17T20:02:13.675395+00:00
KZFzniwnSyZfZ7v7nJ,Music,KnvZfZ7vAv6,Country,KZazBEonSMnZfZ7vAaF,Honky Tonk,2026-09-17T20:02:13.675395+00:00
KZFzniwnSyZfZ7v7nJ,Music,KnvZfZ7vAv6,Country,KZazBEonSMnZfZ7vAaa,Instrumental,2026-09-17T20:02:13.675395+00:00
KZFzniwnSyZfZ7v7nJ,Music,KnvZfZ7vAv6,Country,KZazBEonSMnZfZ7vAa1,Jug Band,2026-09-17T20:02:13.675395+00:00
KZFzniwnSyZfZ7v7nJ,Music,KnvZfZ7vAv6,Country,KZazBEonSMnZfZ7vAaJ,Nashville Sound,2026-09-17T20:02:13.675395+00:00
KZFzniwnSyZfZ7v7nJ,Music,KnvZfZ7vAv6,Country,KZazBEonSMnZfZ7vAaE,Neo-Traditional Country,2026-09-17T20:02:13.675395+00:00
KZFzniwnSyZfZ7v7nJ,Music,KnvZfZ7vAv6,Country,KZazBEonSMnZfZ7vAaI,Old-time Country,2026-09-17T20:02:13.675395+00:00
KZFzniwnSyZfZ7v7nJ,Music,KnvZfZ7vAv6,Country,KZazBEonSMnZfZ7vAat,Outlaw Country,2026-09-17T20:02:13.675395+00:00
KZFzniwnSyZfZ7v7nJ,Music,KnvZfZ7vAv6,Country,KZazBEonSMnZfZ7vAan,Progressive Country,2026-09-17T20:02:13.675395+00:00
KZFzniwnSyZfZ7v7nJ,Music,KnvZfZ7vAv6,Country,KZazBEonSMnZfZ7vAal,Roadhouse Country,2026-09-17T20:02:13.675395+00:00
KZFzniwnSyZfZ7v7nJ,Music,KnvZfZ7vAv6,Country,KZazBEonSMnZfZ7vA1v,Songster,2026-09-17T20:02:13.675395+00:00
KZFzniwnSyZfZ7v7nJ,Music,KnvZfZ7vAv6,Country,KZazBEonSMnZfZ7vA1e,Square Dance,2026-09-17T20:02:13.675395+00:00
KZFzniwnSyZfZ7v7nJ,Music,KnvZfZ7vAv6,Country,KZazBEonSMnZfZ7vA1d,String Dance,2026-09-17T20:02:13.675395+00:00
KZFzniwnSyZfZ7v7nJ,Music,KnvZfZ7vAv6,Country,KZazBEonSMnZfZ7vA17,Traditional Bluegrass,2026-09-17T20:02:13.675395+00:00
KZFzniwnSyZfZ7v7nJ,Music,KnvZfZ7vAv6,Country,KZazBEonSMnZfZ7vA1A,Traditional Country,2026-09-17T20:02:13.675395+00:00
KZFzniwnSyZfZ7v7nJ,Music,KnvZfZ7vAv6,Country,KZazBEonSMnZfZ7vA1k,Truck Driving Country,2026-09-17T20:02:13.675395+00:00
KZFzniwnSyZfZ7v7nJ,Music,KnvZfZ7vAv6,Country,KZazBEonSMnZfZ7vA16,Urban Cowboy,2026-09-17T20:02:13.675395+00:00
KZFzniwnSyZfZ7v7nJ,Music,KnvZfZ7vAv6,Country,KZazBEonSMnZfZ7vA1F,Western Swing & Country Boogie,2026-09-17T20:02:13.675395+00:00
KZFzniwnSyZfZ7v7nJ,Music,KnvZfZ7vAv6,Country,KZazBEonSMnZfZ7vA1a,Western Swing Revival,2026-09-17T20:02:13.675395+00:00
KZFzniwnSyZfZ7v7nJ,Music,KnvZfZ7vAv6,Country,KZazBEonSMnZfZ7vA11,Work Songs,2026-09-17T20:02:13.675395+00:00
KZFzniwnSyZfZ7v7nJ,Music,KnvZfZ7vAv6,Country,KZazBEonSMnZfZ7vA1J,Yodeling,2026-09-17T20:02:13.675395+00:00
KZFzniwnSyZfZ7v7nJ,Music,KnvZfZ7vAvF,Dance/Electronic,KZazBEonSMnZfZ7vA1I,2-Step,2026-09-17T20:02:13.675395+00:00
KZFzniwnSyZfZ7v7nJ,Music,KnvZfZ7vAvF,Dance/Electronic,KZazBEonSMnZfZ7vA1t,2-Step/British Garage,2026-09-17T20:02:13.675395+00:00
KZFzniwnSyZfZ7v7nJ,Music,KnvZfZ7vAvF,Dance/Electronic,KZazBEonSMnZfZ7vA1n,Acid House,2026-09-17T20:02:13.675395+00:00
KZFzniwnSyZfZ7v7nJ,Music,KnvZfZ7vAvF,Dance/Electronic,KZazBEonSMnZfZ7vA1l,Acid Jazz,2026-09-17T20:02:13.675395+00:00
KZFzniwnSyZfZ7v7nJ,Music,KnvZfZ7vAvF,Dance/Electronic,KZazBEonSMnZfZ7vAJv,Acid Techno,2026-09-17T20:02:13.675395+00:00
KZFzniwnSyZfZ7v7nJ,Music,KnvZfZ7vAvF,Dance/Electronic,KZazBEonSMnZfZ7vAJe,Ambient,2026-09-17T20:02:13.675395+00:00
KZFzniwnSyZfZ7v7nJ,Music,KnvZfZ7vAvF,Dance/Electronic,KZazBEonSMnZfZ7vAJd,Ambient Breakbeat,2026-09-17T20:02:13.675395+00:00
KZFzniwnSyZfZ7v7nJ,Music,KnvZfZ7vAvF,Dance/Electronic,KZazBEonSMnZfZ7vAJ7,Ambient Electronica,2026-09-17T20:02:13.675395+00:00
KZFzniwnSyZfZ7v7nJ,Music,KnvZfZ7vAvF,Dance/Electronic,KZazBEonSMnZfZ7vAJA,Ambient House,2026-09-17T20:02:13.675395+00:00
KZFzniwnSyZfZ7v7nJ,Music,KnvZfZ7vAvF,Dance/Electronic,KZazBEonSMnZfZ7vAJk,Ambient Techno,2026-09-17T20:02:13.675395+00:00
KZFzniwnSyZfZ7v7nJ,Music,KnvZfZ7vAvF,Dance/Electronic,KZazBEonSMnZfZ7vAJ6,Avant-Garde,2026-09-17T20:02:13.675395+00:00
KZFzniwnSyZfZ7v7nJ,Music,KnvZfZ7vAvF,Dance/Electronic,KZazBEonSMnZfZ7vAJF,Big Beat,2026-09-17T20:02:13.675395+00:00
KZFzniwnSyZfZ7v7nJ,Music,KnvZfZ7vAvF,Dance/Electronic,KZazBEonSMnZfZ7vAJa,Broken Beat,2026-09-17T20:02:13.675395+00:00
KZFzniwnSyZfZ7v7nJ,Music,KnvZfZ7vAvF,Dance/Electronic,KZazBEonSMnZfZ7vaan,Chillwave,2026-09-17T20:02:13.675395+00:00
KZFzniwnSyZfZ7v7nJ,Music,KnvZfZ7vAvF,Dance/Electronic,KZazBEonSMnZfZ7vAJ1,Club Dance,2026-09-17T20:02:13.675395+00:00
KZFzniwnSyZfZ7v7nJ,Music,KnvZfZ7vAvF,Dance/Electronic,KZazBEonSMnZfZ7vaak,Dance Band,2026-09-17T20:02:13.675395+00:00
KZFzniwnSyZfZ7v7nJ,Music,KnvZfZ7vAvF,Dance/Electronic,KZazBEonSMnZfZ7vAJJ,Dance Pop,2026-09-17T20:02:13.675395+00:00
KZFzniwnSyZfZ7v7nJ,Music,KnvZfZ7vAvF,Dance/Electronic,KZazBEonSMnZfZ7vAJE,Dance-Rock,2026-09-17T20:02:13.675395+00:00
KZFzniwnSyZfZ7v7nJ,Music,KnvZfZ7vAvF,Dance/Electronic,KZazBEonSMnZfZ7vA1E,Dance/Electronic,2026-09-17T20:02:13.675395+00:00
KZFzniwnSyZfZ7v7nJ,Music,KnvZfZ7vAvF,Dance/Electronic,KZazBEonSMnZfZ7vAJI,Dark Ambient,2026-09-17T20:02:13.675395+00:00
KZFzniwnSyZfZ7v7nJ,Music,KnvZfZ7vAvF,Dance/Electronic,KZazBEonSMnZfZ7vAJt,Detroit Techno,2026-09-17T20:02:13.675395+00:00
KZFzniwnSyZfZ7v7nJ,Music,KnvZfZ7vAvF,Dance/Electronic,KZazBEonSMnZfZ7vAJn,Disco,2026-09-17T20:02:13.675395+00:00
KZFzniwnSyZfZ7v7nJ,Music,KnvZfZ7vAvF,Dance/Electronic,KZazBEonSMnZfZ7vaa6,Disco Polo,2026-09-17T20:02:13.675395+00:00
KZFzniwnSyZfZ7v7nJ,Music,KnvZfZ7vAvF,Dance/Electronic,KZazBEonSMnZfZ7vAJl,Downbeat,2026-09-17T20:02:13.675395+00:00
KZFzniwnSyZfZ7v7nJ,Music,KnvZfZ7vAvF,Dance/Electronic,KZazBEonSMnZfZ7vAEv,Downtempo,2026-09-17T20:02:13.675395+00:00
KZFzniwnSyZfZ7v7nJ,Music,KnvZfZ7vAvF,Dance/Electronic,KZazBEonSMnZfZ7vAEe,Drill'n'bass,2026-09-17T20:02:13.675395+00:00
KZFzniwnSyZfZ7v7nJ,Music,KnvZfZ7vAvF,Dance/Electronic,KZazBEonSMnZfZ7vAEd,Drum 'n' Bass,2026-09-17T20:02:13.675395+00:00
KZFzniwnSyZfZ7v7nJ,Music,KnvZfZ7vAvF,Dance/Electronic,KZazBEonSMnZfZ7vAE7,Dub Electronica,2026-09-17T20:02:13.675395+00:00
KZFzniwnSyZfZ7v7nJ,Music,KnvZfZ7vAvF,Dance/Electronic,KZazBEonSMnZfZ7vaal,Dubstep,2026-09-17T20:02:13.675395+00:00
KZFzniwnSyZfZ7v7nJ,Music,KnvZfZ7vAvF,Dance/Electronic,KZazBEonSMnZfZ7vAEA,Electro-Jazz,2026-09-17T20:02:13.675395+00:00
KZFzniwnSyZfZ7v7nJ,Music,KnvZfZ7vAvF,Dance/Electronic,KZazBEonSMnZfZ7vAEk,Electro-Techno,2026-09-17T20:02:13.675395+00:00
KZFzniwnSyZfZ7v7nJ,Music,KnvZfZ7vAvF,Dance/Electronic,KZazBEonSMnZfZ7vAE6,Electronica Mainstream,2026-09-17T20:02:13.675395+00:00
KZFzniwnSyZfZ7v7nJ,Music,KnvZfZ7vAvF,Dance/Electronic,KZazBEonSMnZfZ7vAEF,Euro-Dance,2026-09-17T20:02:13.675395+00:00
KZFzniwnSyZfZ7v7nJ,Music,KnvZfZ7vAvF,Dance/Electronic,KZazBEonSMnZfZ7va1v,Experimental,2026-09-17T20:02:13.675395+00:00
KZFzniwnSyZfZ7v7nJ,Music,KnvZfZ7vAvF,Dance/Electronic,KZazBEonSMnZfZ7vAEa,Experimental Ambient,2026-09-17T20:02:13.675395+00:00
KZFzniwnSyZfZ7v7nJ,Music,KnvZfZ7vAvF,Dance/Electronic,KZazBEonSMnZfZ7vAE1,Experimental Dub,2026-09-17T20:02:13.675395+00:00
KZFzniwnSyZfZ7v7nJ,Music,KnvZfZ7vAvF,Dance/Electronic,KZazBEonSMnZfZ7vAEJ,Experimental Electro,2026-09-17T20:02:13.675395+00:00
KZFzniwnSyZfZ7v7nJ,Music,KnvZfZ7vAvF,Dance/Electronic,KZazBEonSMnZfZ7vAEE,Experimental Jungle,2026-09-17T20:02:13.675395+00:00
KZFzniwnSyZfZ7v7nJ,Music,KnvZfZ7vAvF,Dance/Electronic,KZazBEonSMnZfZ7vAEI,Experimental Techno,2026-09-17T20:02:13.675395+00:00
KZFzniwnSyZfZ7v7nJ,Music,KnvZfZ7vAvF,Dance/Electronic,KZazBEonSMnZfZ7vAEt,Freestyle,2026-09-17T20:02:13.675395+00:00
KZFzniwnSyZfZ7v7nJ,Music,KnvZfZ7vAvF,Dance/Electronic,KZazBEonSMnZfZ7vAEn,Funky Breaks,2026-09-17T20:02:13.675395+00:00
KZFzniwnSyZfZ7v7nJ,Music,KnvZfZ7vAvF,Dance/Electronic,KZazBEonSMnZfZ7vAEl,Gabba,2026-09-17T20:02:13.675395+00:00
KZFzniwnSyZfZ7v7nJ,Music,KnvZfZ7vAvF,Dance/Electronic,KZazBEonSMnZfZ7vAIv,Glitch,2026-09-17T20:02:13.675395+00:00
KZFzniwnSyZfZ7v7nJ,Music,KnvZfZ7vAvF,Dance/Electronic,KZazBEonSMnZfZ7vAIe,Goa Trance,2026-09-17T20:02:13.675395+00:00
KZFzniwnSyZfZ7v7nJ,Music,KnvZfZ7vAvF,Dance/Electronic,KZazBEonSMnZfZ7vAId,Grime,2026-09-17T20:02:13.675395+00:00
KZFzniwnSyZfZ7v7nJ,Music,KnvZfZ7vAvF,Dance/Electronic,KZazBEonSMnZfZ7vAI7,Happy Hardcore,2026-09-17T20:02:13.675395+00:00
KZFzniwnSyZfZ7v7nJ,Music,KnvZfZ7vAvF,Dance/Electronic,KZazBEonSMnZfZ7vAIA,Hardcore Techno,2026-09-17T20:02:13.675395+00:00
KZFzniwnSyZfZ7v7nJ,Music,KnvZfZ7vAvF,Dance/Electronic,KZazBEonSMnZfZ7vAIk,Hi-NRG,2026-09-17T20:02:13.675395+00:00
KZFzniwnSyZfZ7v7nJ,Music,KnvZfZ7vAvF,Dance/Electronic,KZazBEonSMnZfZ7vAI6,House,2026-09-17T20:02:13.675395+00:00
KZFzniwnSyZfZ7v7nJ,Music,KnvZfZ7vAvF,Dance/Electronic,KZazBEonSMnZfZ7vAIF,Illbient,2026-09-17T20:02:13.675395+00:00
KZFzniwnSyZfZ7v7nJ,Music,KnvZfZ7vAvF,Dance/Electronic,KZazBEonSMnZfZ7vAIa,Industrial Drum'n'Bass,2026-09-17T20:02:13.675395+00:00
KZFzniwnSyZfZ7v7nJ,Music,KnvZfZ7vAvF,Dance/Electronic,KZazBEonSMnZfZ7vAI1,Intelligent Dance Music,2026-09-17T20:02:13.675395+00:00
KZFzniwnSyZfZ7v7nJ,Music,KnvZfZ7vAvF,Dance/Electronic,KZazBEonSMnZfZ7vAIJ,Jazz-House,2026-09-17T20:02:13.675395+00:00
KZFzniwnSyZfZ7v7nJ,Music,KnvZfZ7vAvF,Dance/Electronic,KZazBEonSMnZfZ7vAIE,Jungle/Drum 'n' Bass,2026-09-17T20:02:13.675395+00:00
KZFzniwnSyZfZ7v7nJ,Music,KnvZfZ7vAvF,Dance/Electronic,KZazBEonSMnZfZ7vAII,Latin Electronica,2026-09-17T20:02:13.675395+00:00
KZFzniwnSyZfZ7v7nJ,Music,KnvZfZ7vAvF,Dance/Electronic,KZazBEonSMnZfZ7vAIt,Left-Field House,2026-09-17T20:02:13.675395+00:00
KZFzniwnSyZfZ7v7nJ,Music,KnvZfZ7vAvF,Dance/Electronic,KZazBEonSMnZfZ7vAIn,Microhouse,2026-09-17T20:02:13.675395+00:00
KZFzniwnSyZfZ7v7nJ,Music,KnvZfZ7vAvF,Dance/Electronic,KZazBEonSMnZfZ7vAIl,Microsound,2026-09-17T20:02:13.675395+00:00
KZFzniwnSyZfZ7v7nJ,Music,KnvZfZ7vAvF,Dance/Electronic,KZazBEonSMnZfZ7vAtv,Minimal Techno,2026-09-17T20:02:13.675395+00:00
KZFzniwnSyZfZ7v7nJ,Music,KnvZfZ7vAvF,Dance/Electronic,KZazBEonSMnZfZ7vAte,Neo-Electro,2026-09-17T20:02:13.675395+00:00
KZFzniwnSyZfZ7v7nJ,Music,KnvZfZ7vAvF,Dance/Electronic,KZazBEonSMnZfZ7vAtd,Newbeat,2026-09-17T20:02:13.675395+00:00
KZFzniwnSyZfZ7v7nJ,Music,KnvZfZ7vAvF,Dance/Electronic,KZazBEonSMnZfZ7vAt7,Nu Breaks,2026-09-17T20:02:13.675395+00:00
KZFzniwnSyZfZ7v7nJ,Music,KnvZfZ7vAvF,Dance/Electronic,KZazBEonSMnZfZ7vAtA,Post-Disco,2026-09-17T20:02:13.675395+00:00
KZFzniwnSyZfZ7v7nJ,Music,KnvZfZ7vAvF,Dance/Electronic,KZazBEonSMnZfZ7vAtk,Progressive House,2026-09-17T20:02:13.675395+00:00
KZFzniwnSyZfZ7v7nJ,Music,KnvZfZ7vAvF,Dance/Electronic,KZazBEonSMnZfZ7vAt6,Progressive Trance,2026-09-17T20:02:13.675395+00:00
KZFzniwnSyZfZ7v7nJ,Music,KnvZfZ7vAvF,Dance/Electronic,KZazBEonSMnZfZ7vAtF,Rave,2026-09-17T20:02:13.675395+00:00
KZFzniwnSyZfZ7v7nJ,Music,KnvZfZ7vAvF,Dance/Electronic,KZazBEonSMnZfZ7va1e,Synthwave,2026-09-17T20:02:13.675395+00:00
KZFzniwnSyZfZ7v7nJ,Music,KnvZfZ7vAvF,Dance/Electronic,KZazBEonSMnZfZ7vAta,Tech-House,2026-09-17T20:02:13.675395+00:00
KZFzniwnSyZfZ7v7nJ,Music,KnvZfZ7vAvF,Dance/Electronic,KZazBEonSMnZfZ7vAt1,Techno,2026-09-17T20:02:13.675395+00:00
KZFzniwnSyZfZ7v7nJ,Music,KnvZfZ7vAvF,Dance/Electronic,KZazBEonSMnZfZ7vAtJ,Techno Bass,2026-09-17T20:02:13.675395+00:00
KZFzniwnSyZfZ7v7nJ,Music,KnvZfZ7vAvF,Dance/Electronic,KZazBEonSMnZfZ7vAtE,Techno-Dub,2026-09-17T20:02:13.675395+00:00
KZFzniwnSyZfZ7v7nJ,Music,KnvZfZ7vAvF,Dance/Electronic,KZazBEonSMnZfZ7vAtI,Techno-House,2026-09-17T20:02:13.675395+00:00
KZFzniwnSyZfZ7v7nJ,Music,KnvZfZ7vAvF,Dance/Electronic,KZazBEonSMnZfZ7vAtt,Trance,2026-09-17T20:02:13.675395+00:00
KZFzniwnSyZfZ7v7nJ,Music,KnvZfZ7vAvF,Dance/Electronic,KZazBEonSMnZfZ7va1d,Trap,2026-09-17T20:02:13.675395+00:00
KZFzniwnSyZfZ7v7nJ,Music,KnvZfZ7vAvF,Dance/Electronic,KZazBEonSMnZfZ7vAtn,Tribal-House,2026-09-17T20:02:13.675395+00:00
KZFzniwnSyZfZ7v7nJ,Music,KnvZfZ7vAvF,Dance/Electronic,KZazBEonSMnZfZ7vAtl,Trip Hop,2026-09-17T20:02:13.675395+00:00
KZFzniwnSyZfZ7v7nJ,Music,KnvZfZ7vAvF,Dance/Electronic,KZazBEonSMnZfZ7vAnv,Turntablists,2026-09-17T20:02:13.675395+00:00
KZFzniwnSyZfZ7v7nJ,Music,KnvZfZ7vAvF,Dance/Electronic,KZazBEonSMnZfZ7vAne,U.K. Garage,2026-09-17T20:02:13.675395+00:00
KZFzniwnSyZfZ7v7nJ,Music,KnvZfZ7vAvF,Dance/Electronic,KZazBEonSMnZfZ7va17,Vaporwave,2026-09-17T20:02:13.675395+00:00
KZFzniwnSyZfZ7v7nJ,Music,KnvZfZ7vAvF,Dance/Electronic,KZazBEonSMnZfZ7va1A,Witch House,2026-09-17T20:02:13.675395+00:00
KZFzniwnSyZfZ7v7nJ,Music,KnvZfZ7vAvF,Dance/Electronic,KZazBEonSMnZfZ7va1k,Witchstep,2026-09-17T20:02:13.675395+00:00
KZFzniwnSyZfZ7v7nJ,Music,KnvZfZ7vAvF,Dance/Electronic,KZazBEonSMnZfZ7vAnd,World Dance,2026-09-17T20:02:13.675395+00:00
KZFzniwnSyZfZ7v7nJ,Music,KnvZfZ7vAvF,Dance/Electronic,KZazBEonSMnZfZ7vaEt,Psychedelic Trance,2026-09-17T20:02:13.675395+00:00
KZFzniwnSyZfZ7v7nJ,Music,KnvZfZ7vAvF,Dance/Electronic,KZazBEonSMnZfZ7vaEn,Amapiano,2026-09-17T20:02:13.675395+00:00
KZFzniwnSyZfZ7v7nJ,Music,KnvZfZ7vAva,Folk,KZazBEonSMnZfZ7vAnA,A Cappella,2026-09-17T20:02:13.675395+00:00
KZFzniwnSyZfZ7v7nJ,Music,KnvZfZ7vAva,Folk,KZazBEonSMnZfZ7vAnk,Acadian,2026-09-17T20:02:13.675395+00:00
KZFzniwnSyZfZ7v7nJ,Music,KnvZfZ7vAva,Folk,KZazBEonSMnZfZ7vAn6,Acid Folk,2026-09-17T20:02:13.675395+00:00
KZFzniwnSyZfZ7v7nJ,Music,KnvZfZ7vAva,Folk,KZazBEonSMnZfZ7vAnF,Alternative Folk,2026-09-17T20:02:13.675395+00:00
KZFzniwnSyZfZ7v7nJ,Music,KnvZfZ7vAva,Folk,KZazBEonSMnZfZ7vAna,Americana,2026-09-17T20:02:13.675395+00:00
KZFzniwnSyZfZ7v7nJ,Music,KnvZfZ7vAva,Folk,KZazBEonSMnZfZ7vAn1,Andean Folk,2026-09-17T20:02:13.675395+00:00
KZFzniwnSyZfZ7v7nJ,Music,KnvZfZ7vAva,Folk,KZazBEonSMnZfZ7vAnJ,Anti-Folk,2026-09-17T20:02:13.675395+00:00
KZFzniwnSyZfZ7v7nJ,Music,KnvZfZ7vAva,Folk,KZazBEonSMnZfZ7vAnE,Appalachian Folk,2026-09-17T20:02:13.675395+00:00
KZFzniwnSyZfZ7v7nJ,Music,KnvZfZ7vAva,Folk,KZazBEonSMnZfZ7vAnI,British Folk,2026-09-17T20:02:13.675395+00:00
KZFzniwnSyZfZ7v7nJ,Music,KnvZfZ7vAva,Folk,KZazBEonSMnZfZ7vAnt,Bulgarian Folk,2026-09-17T20:02:13.675395+00:00
KZFzniwnSyZfZ7v7nJ,Music,KnvZfZ7vAva,Folk,KZazBEonSMnZfZ7vAnn,Celtic Folk,2026-09-17T20:02:13.675395+00:00
KZFzniwnSyZfZ7v7nJ,Music,KnvZfZ7vAva,Folk,KZazBEonSMnZfZ7vAnl,Central European Folk,2026-09-17T20:02:13.675395+00:00
KZFzniwnSyZfZ7v7nJ,Music,KnvZfZ7vAva,Folk,KZazBEonSMnZfZ7vAlv,Contemporary Folk,2026-09-17T20:02:13.675395+00:00
KZFzniwnSyZfZ7v7nJ,Music,KnvZfZ7vAva,Folk,KZazBEonSMnZfZ7vAle,Creole,2026-09-17T20:02:13.675395+00:00
KZFzniwnSyZfZ7v7nJ,Music,KnvZfZ7vAva,Folk,KZazBEonSMnZfZ7vAld,Field Recordings,2026-09-17T20:02:13.675395+00:00
KZFzniwnSyZfZ7v7nJ,Music,KnvZfZ7vAva,Folk,KZazBEonSMnZfZ7vAn7,Folk,2026-09-17T20:02:13.675395+00:00
KZFzniwnSyZfZ7v7nJ,Music,KnvZfZ7vAva,Folk,KZazBEonSMnZfZ7vAl7,Folk Jazz,2026-09-17T20:02:13.675395+00:00
KZFzniwnSyZfZ7v7nJ,Music,KnvZfZ7vAva,Folk,KZazBEonSMnZfZ7va16,Folk Punk,2026-09-17T20:02:13.675395+00:00
KZFzniwnSyZfZ7v7nJ,Music,KnvZfZ7vAva,Folk,KZazBEonSMnZfZ7vAlA,Folk Revival,2026-09-17T20:02:13.675395+00:00
KZFzniwnSyZfZ7v7nJ,Music,KnvZfZ7vAva,Folk,KZazBEonSMnZfZ7vAlk,Folk Rock,2026-09-17T20:02:13.675395+00:00
KZFzniwnSyZfZ7v7nJ,Music,KnvZfZ7vAva,Folk,KZazBEonSMnZfZ7vAl6,Folk-Blues,2026-09-17T20:02:13.675395+00:00
KZFzniwnSyZfZ7v7nJ,Music,KnvZfZ7vAva,Folk,KZazBEonSMnZfZ7vAlF,Folksongs,2026-09-17T20:02:13.675395+00:00
KZFzniwnSyZfZ7v7nJ,Music,KnvZfZ7vAva,Folk,KZazBEonSMnZfZ7vaa7,German Folk,2026-09-17T20:02:13.675395+00:00
KZFzniwnSyZfZ7v7nJ,Music,KnvZfZ7vAva,Folk,KZazBEonSMnZfZ7vAla,Greek Folk,2026-09-17T20:02:13.675395+00:00
KZFzniwnSyZfZ7v7nJ,Music,KnvZfZ7vAva,Folk,KZazBEonSMnZfZ7vAl1,Hungarian Folk,2026-09-17T20:02:13.675395+00:00
KZFzniwnSyZfZ7v7nJ,Music,KnvZfZ7vAva,Folk,KZazBEonSMnZfZ7va1F,Indie Folk,2026-09-17T20:02:13.675395+00:00
KZFzniwnSyZfZ7v7nJ,Music,KnvZfZ7vAva,Folk,KZazBEonSMnZfZ7vAlJ,Irish Folk,2026-09-17T20:02:13.675395+00:00
KZFzniwnSyZfZ7v7nJ,Music,KnvZfZ7vAva,Folk,KZazBEonSMnZfZ7vAlE,Jewish Folk,2026-09-17T20:02:13.675395+00:00
KZFzniwnSyZfZ7v7nJ,Music,KnvZfZ7vAva,Folk,KZazBEonSMnZfZ7vAlI,Klezmer,2026-09-17T20:02:13.675395+00:00
KZFzniwnSyZfZ7v7nJ,Music,KnvZfZ7vAva,Folk,KZazBEonSMnZfZ7vAlt,Latin America,2026-09-17T20:02:13.675395+00:00
KZFzniwnSyZfZ7v7nJ,Music,KnvZfZ7vAva,Folk,KZazBEonSMnZfZ7vAln,Latin Folk,2026-09-17T20:02:13.675395+00:00
KZFzniwnSyZfZ7v7nJ,Music,KnvZfZ7vAva,Folk,KZazBEonSMnZfZ7vAll,Mediterranean,2026-09-17T20:02:13.675395+00:00
KZFzniwnSyZfZ7v7nJ,Music,KnvZfZ7vAva,Folk,KZazBEonSMnZfZ7vkvv,Mexican Folk,2026-09-17T20:02:13.675395+00:00
KZFzniwnSyZfZ7v7nJ,Music,KnvZfZ7vAva,Folk,KZazBEonSMnZfZ7vkve,Middle Eastern,2026-09-17T20:02:13.675395+00:00
KZFzniwnSyZfZ7v7nJ,Music,KnvZfZ7vAva,Folk,KZazBEonSMnZfZ7vkvd,Neo-Traditional Folk,2026-09-17T20:02:13.675395+00:00
KZFzniwnSyZfZ7v7nJ,Music,KnvZfZ7vAva,Folk,KZazBEonSMnZfZ7vkv7,New Acoustic,2026-09-17T20:02:13.675395+00:00
KZFzniwnSyZfZ7v7nJ,Music,KnvZfZ7vAva,Folk,KZazBEonSMnZfZ7vkvA,Political Folk,2026-09-17T20:02:13.675395+00:00
KZFzniwnSyZfZ7v7nJ,Music,KnvZfZ7vAva,Folk,KZazBEonSMnZfZ7vkvk,Revival,2026-09-17T20:02:13.675395+00:00
KZFzniwnSyZfZ7v7nJ,Music,KnvZfZ7vAva,Folk,KZazBEonSMnZfZ7vaaF,Schlager & Volksmusik,2026-09-17T20:02:13.675395+00:00
KZFzniwnSyZfZ7v7nJ,Music,KnvZfZ7vAva,Folk,KZazBEonSMnZfZ7vkv6,Scottish Folk,2026-09-17T20:02:13.675395+00:00
KZFzniwnSyZfZ7v7nJ,Music,KnvZfZ7vAva,Folk,KZazBEonSMnZfZ7vkvF,Sea Shanties,2026-09-17T20:02:13.675395+00:00
KZFzniwnSyZfZ7v7nJ,Music,KnvZfZ7vAva,Folk,KZazBEonSMnZfZ7vkva,Traditional Cajun,2026-09-17T20:02:13.675395+00:00
KZFzniwnSyZfZ7v7nJ,Music,KnvZfZ7vAva,Folk,KZazBEonSMnZfZ7vkv1,Traditional Folk,2026-09-17T20:02:13.675395+00:00
KZFzniwnSyZfZ7v7nJ,Music,KnvZfZ7vAva,Folk,KZazBEonSMnZfZ7vkvJ,Traditional Irish Folk,2026-09-17T20:02:13.675395+00:00
KZFzniwnSyZfZ7v7nJ,Music,KnvZfZ7vAva,Folk,KZazBEonSMnZfZ7vkvE,Traditional Middle Eastern Folk,2026-09-17T20:02:13.675395+00:00
KZFzniwnSyZfZ7v7nJ,Music,KnvZfZ7vAva,Folk,KZazBEonSMnZfZ7vkvI,Traditional Scottish Folk,2026-09-17T20:02:13.675395+00:00
KZFzniwnSyZfZ7v7nJ,Music,KnvZfZ7vAva,Folk,KZazBEonSMnZfZ7vkvt,Urban Folk,2026-09-17T20:02:13.675395+00:00
KZFzniwnSyZfZ7v7nJ,Music,KnvZfZ7vAva,Folk,KZazBEonSMnZfZ7vkvn,Zydeco,2026-09-17T20:02:13.675395+00:00
KZFzniwnSyZfZ7v7nJ,Music,KnvZfZ7vAv1,Hip-Hop/Rap,KZazBEonSMnZfZ7vkev,Alternative Rap,2026-09-17T20:02:13.675395+00:00
KZFzniwnSyZfZ7v7nJ,Music,KnvZfZ7vAv1,Hip-Hop/Rap,KZazBEonSMnZfZ7vkee,British Rap,2026-09-17T20:02:13.675395+00:00
KZFzniwnSyZfZ7v7nJ,Music,KnvZfZ7vAv1,Hip-Hop/Rap,KZazBEonSMnZfZ7vked,Christian Rap,2026-09-17T20:02:13.675395+00:00
KZFzniwnSyZfZ7v7nJ,Music,KnvZfZ7vAv1,Hip-Hop/Rap,KZazBEonSMnZfZ7vke7,Dirty Rap,2026-09-17T20:02:13.675395+00:00
KZFzniwnSyZfZ7v7nJ,Music,KnvZfZ7vAv1,Hip-Hop/Rap,KZazBEonSMnZfZ7vkeA,East Coast Rap,2026-09-17T20:02:13.675395+00:00
KZFzniwnSyZfZ7v7nJ,Music,KnvZfZ7vAv1,Hip-Hop/Rap,KZazBEonSMnZfZ7vkek,Electro,2026-09-17T20:02:13.675395+00:00
KZFzniwnSyZfZ7v7nJ,Music,KnvZfZ7vAv1,Hip-Hop/Rap,KZazBEonSMnZfZ7vaa1,French Rap,2026-09-17T20:02:13.675395+00:00
KZFzniwnSyZfZ7v7nJ,Music,KnvZfZ7vAv1,Hip-Hop/Rap,KZazBEonSMnZfZ7vke6,Gangsta Rap,2026-09-17T20:02:13.675395+00:00
KZFzniwnSyZfZ7v7nJ,Music,KnvZfZ7vAv1,Hip-Hop/Rap,KZazBEonSMnZfZ7vkeF,Hardcore Rap,2026-09-17T20:02:13.675395+00:00
KZFzniwnSyZfZ7v7nJ,Music,KnvZfZ7vAv1,Hip-Hop/Rap,KZazBEonSMnZfZ7vkvl,Hip-Hop/Rap,2026-09-17T20:02:13.675395+00:00
KZFzniwnSyZfZ7v7nJ,Music,KnvZfZ7vAv1,Hip-Hop/Rap,KZazBEonSMnZfZ7vkea,Jazz-Rap,2026-09-17T20:02:13.675395+00:00
KZFzniwnSyZfZ7v7nJ,Music,KnvZfZ7vAv1,Hip-Hop/Rap,KZazBEonSMnZfZ7vke1,Latin Hip-Hop,2026-09-17T20:02:13.675395+00:00
KZFzniwnSyZfZ7v7nJ,Music,KnvZfZ7vAv1,Hip-Hop/Rap,KZazBEonSMnZfZ7vkeJ,Latin Rap,2026-09-17T20:02:13.675395+00:00
KZFzniwnSyZfZ7v7nJ,Music,KnvZfZ7vAv1,Hip-Hop/Rap,KZazBEonSMnZfZ7vkeE,Midwestern Rap,2026-09-17T20:02:13.675395+00:00
KZFzniwnSyZfZ7v7nJ,Music,KnvZfZ7vAv1,Hip-Hop/Rap,KZazBEonSMnZfZ7vkeI,Old School Rap,2026-09-17T20:02:13.675395+00:00
KZFzniwnSyZfZ7v7nJ,Music,KnvZfZ7vAv1,Hip-Hop/Rap,KZazBEonSMnZfZ7vket,Party Rap,2026-09-17T20:02:13.675395+00:00
KZFzniwnSyZfZ7v7nJ,Music,KnvZfZ7vAv1,Hip-Hop/Rap,KZazBEonSMnZfZ7vken,Political Rap,2026-09-17T20:02:13.675395+00:00
KZFzniwnSyZfZ7v7nJ,Music,KnvZfZ7vAv1,Hip-Hop/Rap,KZazBEonSMnZfZ7vkel,Rap-Rock,2026-09-17T20:02:13.675395+00:00
KZFzniwnSyZfZ7v7nJ,Music,KnvZfZ7vAv1,Hip-Hop/Rap,KZazBEonSMnZfZ7vkdv,Reggaeton,2026-09-17T20:02:13.675395+00:00
KZFzniwnSyZfZ7v7nJ,Music,KnvZfZ7vAv1,Hip-Hop/Rap,KZazBEonSMnZfZ7vkde,Southern Rap,2026-09-17T20:02:13.675395+00:00
KZFzniwnSyZfZ7v7nJ,Music,KnvZfZ7vAv1,Hip-Hop/Rap,KZazBEonSMnZfZ7vkdd,Turntablism,2026-09-17T20:02:13.675395+00:00
KZFzniwnSyZfZ7v7nJ,Music,KnvZfZ7vAv1,Hip-Hop/Rap,KZazBEonSMnZfZ7vkd7,Underground Rap,2026-09-17T20:02:13.675395+00:00
KZFzniwnSyZfZ7v7nJ,Music,KnvZfZ7vAv1,Hip-Hop/Rap,KZazBEonSMnZfZ7vkdA,Urban,2026-09-17T20:02:13.675395+00:00
KZFzniwnSyZfZ7v7nJ,Music,KnvZfZ7vAv1,Hip-Hop/Rap,KZazBEonSMnZfZ7vkdk,West Coast Rap,2026-09-17T20:02:13.675395+00:00
KZFzniwnSyZfZ7v7nJ,Music,KnvZfZ7vAv1,Hip-Hop/Rap,KZazBEonSMnZfZ7vaEI,Trap,2026-09-17T20:02:13.675395+00:00
KZFzniwnSyZfZ7v7nJ,Music,KnvZfZ7vAvJ,Holiday,KZazBEonSMnZfZ7vkdF,Christmas Music,2026-09-17T20:02:13.675395+00:00
KZFzniwnSyZfZ7v7nJ,Music,KnvZfZ7vAvJ,Holiday,KZazBEonSMnZfZ7vkd6,Holiday,2026-09-17T20:02:13.675395+00:00
KZFzniwnSyZfZ7v7nJ,Music,KnvZfZ7vAvE,Jazz,KZazBEonSMnZfZ7vkd1,Acid Jazz,2026-09-17T20:02:13.675395+00:00
KZFzniwnSyZfZ7v7nJ,Music,KnvZfZ7vAvE,Jazz,KZazBEonSMnZfZ7vkdJ,African Jazz,2026-09-17T20:02:13.675395+00:00
KZFzniwnSyZfZ7v7nJ,Music,KnvZfZ7vAvE,Jazz,KZazBEonSMnZfZ7vkdE,Afro-Cuban Jazz,2026-09-17T20:02:13.675395+00:00
KZFzniwnSyZfZ7v7nJ,Music,KnvZfZ7vAvE,Jazz,KZazBEonSMnZfZ7vkdI,Avant-Garde Jazz,2026-09-17T20:02:13.675395+00:00
KZFzniwnSyZfZ7v7nJ,Music,KnvZfZ7vAvE,Jazz,KZazBEonSMnZfZ7vkdt,Ballads,2026-09-17T20:02:13.675395+00:00
KZFzniwnSyZfZ7v7nJ,Music,KnvZfZ7vAvE,Jazz,KZazBEonSMnZfZ7vkdn,Ballroom Dance,2026-09-17T20:02:13.675395+00:00
KZFzniwnSyZfZ7v7nJ,Music,KnvZfZ7vAvE,Jazz,KZazBEonSMnZfZ7vkdl,Bebop,2026-09-17T20:02:13.675395+00:00
KZFzniwnSyZfZ7v7nJ,Music,KnvZfZ7vAvE,Jazz,KZazBEonSMnZfZ7vk7v,Big Band,2026-09-17T20:02:13.675395+00:00
KZFzniwnSyZfZ7v7nJ,Music,KnvZfZ7vAvE,Jazz,KZazBEonSMnZfZ7vk7e,Big Band/Swing,2026-09-17T20:02:13.675395+00:00
KZFzniwnSyZfZ7v7nJ,Music,KnvZfZ7vAvE,Jazz,KZazBEonSMnZfZ7vk7d,Boogie-Woogie,2026-09-17T20:02:13.675395+00:00
KZFzniwnSyZfZ7v7nJ,Music,KnvZfZ7vAvE,Jazz,KZazBEonSMnZfZ7vk77,Brazilian Jazz,2026-09-17T20:02:13.675395+00:00
KZFzniwnSyZfZ7v7nJ,Music,KnvZfZ7vAvE,Jazz,KZazBEonSMnZfZ7vk7A,British Dance Bands,2026-09-17T20:02:13.675395+00:00
KZFzniwnSyZfZ7v7nJ,Music,KnvZfZ7vAvE,Jazz,KZazBEonSMnZfZ7vk7k,Classic Big Band,2026-09-17T20:02:13.675395+00:00
KZFzniwnSyZfZ7v7nJ,Music,KnvZfZ7vAvE,Jazz,KZazBEonSMnZfZ7vk76,Classic Jazz,2026-09-17T20:02:13.675395+00:00
KZFzniwnSyZfZ7v7nJ,Music,KnvZfZ7vAvE,Jazz,KZazBEonSMnZfZ7vk7F,Contemporary Big Band,2026-09-17T20:02:13.675395+00:00
KZFzniwnSyZfZ7v7nJ,Music,KnvZfZ7vAvE,Jazz,KZazBEonSMnZfZ7vk7a,Contemporary Jazz,2026-09-17T20:02:13.675395+00:00
KZFzniwnSyZfZ7v7nJ,Music,KnvZfZ7vAvE,Jazz,KZazBEonSMnZfZ7vk71,Continental Jazz,2026-09-17T20:02:13.675395+00:00
KZFzniwnSyZfZ7v7nJ,Music,KnvZfZ7vAvE,Jazz,KZazBEonSMnZfZ7vk7J,Cool,2026-09-17T20:02:13.675395+00:00
KZFzniwnSyZfZ7v7nJ,Music,KnvZfZ7vAvE,Jazz,KZazBEonSMnZfZ7vk7E,Cool Jazz,2026-09-17T20:02:13.675395+00:00
KZFzniwnSyZfZ7v7nJ,Music,KnvZfZ7vAvE,Jazz,KZazBEonSMnZfZ7vk7I,Crossover Jazz,2026-09-17T20:02:13.675395+00:00
KZFzniwnSyZfZ7v7nJ,Music,KnvZfZ7vAvE,Jazz,KZazBEonSMnZfZ7vk7t,Cuban Big Band,2026-09-17T20:02:13.675395+00:00
KZFzniwnSyZfZ7v7nJ,Music,KnvZfZ7vAvE,Jazz,KZazBEonSMnZfZ7vk7n,Cuban Jazz,2026-09-17T20:02:13.675395+00:00
KZFzniwnSyZfZ7v7nJ,Music,KnvZfZ7vAvE,Jazz,KZazBEonSMnZfZ7vk7l,Dance Bands,2026-09-17T20:02:13.675395+00:00
KZFzniwnSyZfZ7v7nJ,Music,KnvZfZ7vAvE,Jazz,KZazBEonSMnZfZ7vkAv,Dixieland,2026-09-17T20:02:13.675395+00:00
KZFzniwnSyZfZ7v7nJ,Music,KnvZfZ7vAvE,Jazz,KZazBEonSMnZfZ7vkAe,Early Creative,2026-09-17T20:02:13.675395+00:00
KZFzniwnSyZfZ7v7nJ,Music,KnvZfZ7vAvE,Jazz,KZazBEonSMnZfZ7vkAd,European Jazz,2026-09-17T20:02:13.675395+00:00
KZFzniwnSyZfZ7v7nJ,Music,KnvZfZ7vAvE,Jazz,KZazBEonSMnZfZ7vkA7,Experimental Big Band,2026-09-17T20:02:13.675395+00:00
KZFzniwnSyZfZ7v7nJ,Music,KnvZfZ7vAvE,Jazz,KZazBEonSMnZfZ7vkAA,Free Funk,2026-09-17T20:02:13.675395+00:00
KZFzniwnSyZfZ7v7nJ,Music,KnvZfZ7vAvE,Jazz,KZazBEonSMnZfZ7vkAk,Free Jazz,2026-09-17T20:02:13.675395+00:00
KZFzniwnSyZfZ7v7nJ,Music,KnvZfZ7vAvE,Jazz,KZazBEonSMnZfZ7vkA6,Fusion,2026-09-17T20:02:13.675395+00:00
KZFzniwnSyZfZ7v7nJ,Music,KnvZfZ7vAvE,Jazz,KZazBEonSMnZfZ7vkAF,Hard Bop,2026-09-17T20:02:13.675395+00:00
KZFzniwnSyZfZ7v7nJ,Music,KnvZfZ7vAvE,Jazz,KZazBEonSMnZfZ7vkda,Jazz,2026-09-17T20:02:13.675395+00:00
KZFzniwnSyZfZ7v7nJ,Music,KnvZfZ7vAvE,Jazz,KZazBEonSMnZfZ7vkAa,Jazz Funk,2026-09-17T20:02:13.675395+00:00
KZFzniwnSyZfZ7v7nJ,Music,KnvZfZ7vAvE,Jazz,KZazBEonSMnZfZ7vkA1,Jazz Standards,2026-09-17T20:02:13.675395+00:00
KZFzniwnSyZfZ7v7nJ,Music,KnvZfZ7vAvE,Jazz,KZazBEonSMnZfZ7vkAJ,Jive,2026-09-17T20:02:13.675395+00:00
KZFzniwnSyZfZ7v7nJ,Music,KnvZfZ7vAvE,Jazz,KZazBEonSMnZfZ7vkAE,Jive Jazz,2026-09-17T20:02:13.675395+00:00
KZFzniwnSyZfZ7v7nJ,Music,KnvZfZ7vAvE,Jazz,KZazBEonSMnZfZ7vkAI,Latin Jazz,2026-09-17T20:02:13.675395+00:00
KZFzniwnSyZfZ7v7nJ,Music,KnvZfZ7vAvE,Jazz,KZazBEonSMnZfZ7vkAt,M-Base,2026-09-17T20:02:13.675395+00:00
KZFzniwnSyZfZ7v7nJ,Music,KnvZfZ7vAvE,Jazz,KZazBEonSMnZfZ7vkAn,Modern Big Band,2026-09-17T20:02:13.675395+00:00
KZFzniwnSyZfZ7v7nJ,Music,KnvZfZ7vAvE,Jazz,KZazBEonSMnZfZ7vkAl,Modern Creative,2026-09-17T20:02:13.675395+00:00
KZFzniwnSyZfZ7v7nJ,Music,KnvZfZ7vAvE,Jazz,KZazBEonSMnZfZ7vkkv,Modern Free,2026-09-17T20:02:13.675395+00:00
KZFzniwnSyZfZ7v7nJ,Music,KnvZfZ7vAvE,Jazz,KZazBEonSMnZfZ7vkke,New Orleans Brass Bands,2026-09-17T20:02:13.675395+00:00
KZFzniwnSyZfZ7v7nJ,Music,KnvZfZ7vAvE,Jazz,KZazBEonSMnZfZ7vkkd,New Orleans Jazz,2026-09-17T20:02:13.675395+00:00
KZFzniwnSyZfZ7v7nJ,Music,KnvZfZ7vAvE,Jazz,KZazBEonSMnZfZ7vkk7,Novelty Ragtime,2026-09-17T20:02:13.675395+00:00
KZFzniwnSyZfZ7v7nJ,Music,KnvZfZ7vAvE,Jazz,KZazBEonSMnZfZ7vkkA,Orchestral Jazz,2026-09-17T20:02:13.675395+00:00
KZFzniwnSyZfZ7v7nJ,Music,KnvZfZ7vAvE,Jazz,KZazBEonSMnZfZ7vkkk,Post-Bop,2026-09-17T20:02:13.675395+00:00
KZFzniwnSyZfZ7v7nJ,Music,KnvZfZ7vAvE,Jazz,KZazBEonSMnZfZ7vkk6,Progressive Big Band,2026-09-17T20:02:13.675395+00:00
KZFzniwnSyZfZ7v7nJ,Music,KnvZfZ7vAvE,Jazz,KZazBEonSMnZfZ7vkkF,Progressive Jazz,2026-09-17T20:02:13.675395+00:00
KZFzniwnSyZfZ7v7nJ,Music,KnvZfZ7vAvE,Jazz,KZazBEonSMnZfZ7vkka,Ragtime,2026-09-17T20:02:13.675395+00:00
KZFzniwnSyZfZ7v7nJ,Music,KnvZfZ7vAvE,Jazz,KZazBEonSMnZfZ7vkk1,Retro Swing,2026-09-17T20:02:13.675395+00:00
KZFzniwnSyZfZ7v7nJ,Music,KnvZfZ7vAvE,Jazz,KZazBEonSMnZfZ7vkkJ,Smooth Jazz,2026-09-17T20:02:13.675395+00:00
KZFzniwnSyZfZ7v7nJ,Music,KnvZfZ7vAvE,Jazz,KZazBEonSMnZfZ7vkkE,Society Dance Band,2026-09-17T20:02:13.675395+00:00
KZFzniwnSyZfZ7v7nJ,Music,KnvZfZ7vAvE,Jazz,KZazBEonSMnZfZ7vkkI,Soul Jazz,2026-09-17T20:02:13.675395+00:00
KZFzniwnSyZfZ7v7nJ,Music,KnvZfZ7vAvE,Jazz,KZazBEonSMnZfZ7vkkt,Soul-Jazz & Boogaloo,2026-09-17T20:02:13.675395+00:00
KZFzniwnSyZfZ7v7nJ,Music,KnvZfZ7vAvE,Jazz,KZazBEonSMnZfZ7vkkn,Stride Piano,2026-09-17T20:02:13.675395+00:00
KZFzniwnSyZfZ7v7nJ,Music,KnvZfZ7vAvE,Jazz,KZazBEonSMnZfZ7vkkl,Sweet Bands,2026-09-17T20:02:13.675395+00:00
KZFzniwnSyZfZ7v7nJ,Music,KnvZfZ7vAvE,Jazz,KZazBEonSMnZfZ7vk6v,Swing,2026-09-17T20:02:13.675395+00:00
KZFzniwnSyZfZ7v7nJ,Music,KnvZfZ7vAvE,Jazz,KZazBEonSMnZfZ7vk6e,Swing Jazz,2026-09-17T20:02:13.675395+00:00
KZFzniwnSyZfZ7v7nJ,Music,KnvZfZ7vAvE,Jazz,KZazBEonSMnZfZ7vk6d,Third Stream,2026-09-17T20:02:13.675395+00:00
KZFzniwnSyZfZ7v7nJ,Music,KnvZfZ7vAvE,Jazz,KZazBEonSMnZfZ7vk67,Traditional Jazz & Ragtime,2026-09-17T20:02:13.675395+00:00
KZFzniwnSyZfZ7v7nJ,Music,KnvZfZ7vAvE,Jazz,KZazBEonSMnZfZ7vk6A,Vintage Dance Bands,2026-09-17T20:02:13.675395+00:00
KZFzniwnSyZfZ7v7nJ,Music,KnvZfZ7vAvE,Jazz,KZazBEonSMnZfZ7vk6k,Vocal Jazz,2026-09-17T20:02:13.675395+00:00
KZFzniwnSyZfZ7v7nJ,Music,KnvZfZ7vAvE,Jazz,KZazBEonSMnZfZ7vk66,Vocalese,2026-09-17T20:02:13.675395+00:00
KZFzniwnSyZfZ7v7nJ,Music,KnvZfZ7vAvE,Jazz,KZazBEonSMnZfZ7vk6F,West Coast Jazz,2026-09-17T20:02:13.675395+00:00
KZFzniwnSyZfZ7v7nJ,Music,KnvZfZ7vAvE,Jazz,KZazBEonSMnZfZ7vk6a,World Jazz,2026-09-17T20:02:13.675395+00:00
KZFzniwnSyZfZ7v7nJ,Music,KnvZfZ7vAJ6,Latin,KZazBEonSMnZfZ7va1a,Latin,2026-09-17T20:02:13.675395+00:00
KZFzniwnSyZfZ7v7nJ,Music,KnvZfZ7vAJ6,Latin,KZazBEonSMnZfZ7va11,Latin Children's,2026-09-17T20:02:13.675395+00:00
KZFzniwnSyZfZ7v7nJ,Music,KnvZfZ7vAJ6,Latin,KZazBEonSMnZfZ7va1J,Latin Christian,2026-09-17T20:02:13.675395+00:00
KZFzniwnSyZfZ7v7nJ,Music,KnvZfZ7vAJ6,Latin,KZazBEonSMnZfZ7va1E,Latin Contemporary Christian,2026-09-17T20:02:13.675395+00:00
KZFzniwnSyZfZ7v7nJ,Music,KnvZfZ7vAJ6,Latin,KZazBEonSMnZfZ7va1I,Latin Dance,2026-09-17T20:02:13.675395+00:00
KZFzniwnSyZfZ7v7nJ,Music,KnvZfZ7vAJ6,Latin,KZazBEonSMnZfZ7va1t,Latin Electronica,2026-09-17T20:02:13.675395+00:00
KZFzniwnSyZfZ7v7nJ,Music,KnvZfZ7vAJ6,Latin,KZazBEonSMnZfZ7va1n,Latin Folk,2026-09-17T20:02:13.675395+00:00
KZFzniwnSyZfZ7v7nJ,Music,KnvZfZ7vAJ6,Latin,KZazBEonSMnZfZ7va1l,Latin Freestyle,2026-09-17T20:02:13.675395+00:00
KZFzniwnSyZfZ7v7nJ,Music,KnvZfZ7vAJ6,Latin,KZazBEonSMnZfZ7vaJv,Latin Hip-Hop,2026-09-17T20:02:13.675395+00:00
KZFzniwnSyZfZ7v7nJ,Music,KnvZfZ7vAJ6,Latin,KZazBEonSMnZfZ7vaJe,Latin Jazz,2026-09-17T20:02:13.675395+00:00
KZFzniwnSyZfZ7v7nJ,Music,KnvZfZ7vAJ6,Latin,KZazBEonSMnZfZ7vaJA,Latin Soul,2026-09-17T20:02:13.675395+00:00
KZFzniwnSyZfZ7v7nJ,Music,KnvZfZ7vAJ6,Latin,KZazBEonSMnZfZ7vaJd,Latin Pop,2026-09-17T20:02:13.675395+00:00
KZFzniwnSyZfZ7v7nJ,Music,KnvZfZ7vAJ6,Latin,KZazBEonSMnZfZ7vaJ7,Latin Rock,2026-09-17T20:02:13.675395+00:00
KZFzniwnSyZfZ7v7nJ,Music,KnvZfZ7vAvI,Medieval/Renaissance,KZazBEonSMnZfZ7vk61,Medieval/Renaissance,2026-09-17T20:02:13.675395+00:00
KZFzniwnSyZfZ7v7nJ,Music,KnvZfZ7vAvI,Medieval/Renaissance,KZazBEonSMnZfZ7vk6J,Middle Age,2026-09-17T20:02:13.675395+00:00
KZFzniwnSyZfZ7v7nJ,Music,KnvZfZ7vAvt,Metal,KZazBEonSMnZfZ7vk6I,Christian Metal,2026-09-17T20:02:13.675395+00:00
KZFzniwnSyZfZ7v7nJ,Music,KnvZfZ7vAvt,Metal,KZazBEonSMnZfZ7vk6t,Death Metal/Black Metal,2026-09-17T20:02:13.675395+00:00
KZFzniwnSyZfZ7v7nJ,Music,KnvZfZ7vAvt,Metal,KZazBEonSMnZfZ7vk6n,Doom Metal,2026-09-17T20:02:13.675395+00:00
KZFzniwnSyZfZ7v7nJ,Music,KnvZfZ7vAvt,Metal,KZazBEonSMnZfZ7vk6l,Funk Metal,2026-09-17T20:02:13.675395+00:00
KZFzniwnSyZfZ7v7nJ,Music,KnvZfZ7vAvt,Metal,KZazBEonSMnZfZ7vkFv,Goth Metal,2026-09-17T20:02:13.675395+00:00
KZFzniwnSyZfZ7v7nJ,Music,KnvZfZ7vAvt,Metal,KZazBEonSMnZfZ7vkFe,Hair Metal,2026-09-17T20:02:13.675395+00:00
KZFzniwnSyZfZ7v7nJ,Music,KnvZfZ7vAvt,Metal,KZazBEonSMnZfZ7vkFd,Heavy Metal,2026-09-17T20:02:13.675395+00:00
KZFzniwnSyZfZ7v7nJ,Music,KnvZfZ7vAvt,Metal,KZazBEonSMnZfZ7vkF7,Industrial Metal,2026-09-17T20:02:13.675395+00:00
KZFzniwnSyZfZ7v7nJ,Music,KnvZfZ7vAvt,Metal,KZazBEonSMnZfZ7vk6E,Metal,2026-09-17T20:02:13.675395+00:00
KZFzniwnSyZfZ7v7nJ,Music,KnvZfZ7vAvt,Metal,KZazBEonSMnZfZ7vaJk,Metalcore,2026-09-17T20:02:13.675395+00:00
KZFzniwnSyZfZ7v7nJ,Music,KnvZfZ7vAvt,Metal,KZazBEonSMnZfZ7vkFA,Neo-Classical Metal,2026-09-17T20:02:13.675395+00:00
KZFzniwnSyZfZ7v7nJ,Music,KnvZfZ7vAvt,Metal,KZazBEonSMnZfZ7vkFk,New Wave Of British Heavy Metal,2026-09-17T20:02:13.675395+00:00
KZFzniwnSyZfZ7v7nJ,Music,KnvZfZ7vAvt,Metal,KZazBEonSMnZfZ7vaJ6,Nu-Metal,2026-09-17T20:02:13.675395+00:00
KZFzniwnSyZfZ7v7nJ,Music,KnvZfZ7vAvt,Metal,KZazBEonSMnZfZ7vkF6,Pop Metal,2026-09-17T20:02:13.675395+00:00
KZFzniwnSyZfZ7v7nJ,Music,KnvZfZ7vAvt,Metal,KZazBEonSMnZfZ7vkFF,Power Metal,2026-09-17T20:02:13.675395+00:00
KZFzniwnSyZfZ7v7nJ,Music,KnvZfZ7vAvt,Metal,KZazBEonSMnZfZ7vkFa,Punk Metal,2026-09-17T20:02:13.675395+00:00
KZFzniwnSyZfZ7v7nJ,Music,KnvZfZ7vAvt,Metal,KZazBEonSMnZfZ7vkF1,Rap-Metal,2026-09-17T20:02:13.675395+00:00
KZFzniwnSyZfZ7v7nJ,Music,KnvZfZ7vAvt,Metal,KZazBEonSMnZfZ7vkFJ,Scandinavian Metal,2026-09-17T20:02:13.675395+00:00
KZFzniwnSyZfZ7v7nJ,Music,KnvZfZ7vAvt,Metal,KZazBEonSMnZfZ7vkFE,Sludge Metal,2026-09-17T20:02:13.675395+00:00
KZFzniwnSyZfZ7v7nJ,Music,KnvZfZ7vAvt,Metal,KZazBEonSMnZfZ7vkFI,Speed Metal,2026-09-17T20:02:13.675395+00:00
KZFzniwnSyZfZ7v7nJ,Music,KnvZfZ7vAvt,Metal,KZazBEonSMnZfZ7vkFt,Stoner Metal,2026-09-17T20:02:13.675395+00:00
KZFzniwnSyZfZ7v7nJ,Music,KnvZfZ7vAvt,Metal,KZazBEonSMnZfZ7vkFn,Symphonic Black Metal,2026-09-17T20:02:13.675395+00:00
KZFzniwnSyZfZ7v7nJ,Music,KnvZfZ7vAvt,Metal,KZazBEonSMnZfZ7vkFl,Thrash & Speed,2026-09-17T20:02:13.675395+00:00
KZFzniwnSyZfZ7v7nJ,Music,KnvZfZ7vAvn,New Age,KZazBEonSMnZfZ7vkae,Adult Alternative,2026-09-17T20:02:13.675395+00:00
KZFzniwnSyZfZ7v7nJ,Music,KnvZfZ7vAvn,New Age,KZazBEonSMnZfZ7vkad,Ambient,2026-09-17T20:02:13.675395+00:00
KZFzniwnSyZfZ7v7nJ,Music,KnvZfZ7vAvn,New Age,KZazBEonSMnZfZ7vka7,Celtic,2026-09-17T20:02:13.675395+00:00
KZFzniwnSyZfZ7v7nJ,Music,KnvZfZ7vAvn,New Age,KZazBEonSMnZfZ7vkaA,Celtic New Age,2026-09-17T20:02:13.675395+00:00
KZFzniwnSyZfZ7v7nJ,Music,KnvZfZ7vAvn,New Age,KZazBEonSMnZfZ7vkak,Chamber Jazz,2026-09-17T20:02:13.675395+00:00
KZFzniwnSyZfZ7v7nJ,Music,KnvZfZ7vAvn,New Age,KZazBEonSMnZfZ7vka6,Contemporary Instrumental,2026-09-17T20:02:13.675395+00:00
KZFzniwnSyZfZ7v7nJ,Music,KnvZfZ7vAvn,New Age,KZazBEonSMnZfZ7vkaF,Electro-Acoustic,2026-09-17T20:02:13.675395+00:00
KZFzniwnSyZfZ7v7nJ,Music,KnvZfZ7vAvn,New Age,KZazBEonSMnZfZ7vkaa,Electronic & Space Music,2026-09-17T20:02:13.675395+00:00
KZFzniwnSyZfZ7v7nJ,Music,KnvZfZ7vAvn,New Age,KZazBEonSMnZfZ7vka1,Environmental,2026-09-17T20:02:13.675395+00:00
KZFzniwnSyZfZ7v7nJ,Music,KnvZfZ7vAvn,New Age,KZazBEonSMnZfZ7vkaJ,Ethnic Fusion,2026-09-17T20:02:13.675395+00:00
KZFzniwnSyZfZ7v7nJ,Music,KnvZfZ7vAvn,New Age,KZazBEonSMnZfZ7vkaE,Healing,2026-09-17T20:02:13.675395+00:00
KZFzniwnSyZfZ7v7nJ,Music,KnvZfZ7vAvn,New Age,KZazBEonSMnZfZ7vkaI,Meditation,2026-09-17T20:02:13.675395+00:00
KZFzniwnSyZfZ7v7nJ,Music,KnvZfZ7vAvn,New Age,KZazBEonSMnZfZ7vkat,Minimalism,2026-09-17T20:02:13.675395+00:00
KZFzniwnSyZfZ7v7nJ,Music,KnvZfZ7vAvn,New Age,KZazBEonSMnZfZ7vkan,Nature,2026-09-17T20:02:13.675395+00:00
KZFzniwnSyZfZ7v7nJ,Music,KnvZfZ7vAvn,New Age,KZazBEonSMnZfZ7vkal,Neo-Classical,2026-09-17T20:02:13.675395+00:00
KZFzniwnSyZfZ7v7nJ,Music,KnvZfZ7vAvn,New Age,KZazBEonSMnZfZ7vk1v,New Acoustic,2026-09-17T20:02:13.675395+00:00
KZFzniwnSyZfZ7v7nJ,Music,KnvZfZ7vAvn,New Age,KZazBEonSMnZfZ7vkav,New Age,2026-09-17T20:02:13.675395+00:00
KZFzniwnSyZfZ7v7nJ,Music,KnvZfZ7vAvn,New Age,KZazBEonSMnZfZ7vk1e,New Age World Music,2026-09-17T20:02:13.675395+00:00
KZFzniwnSyZfZ7v7nJ,Music,KnvZfZ7vAvn,New Age,KZazBEonSMnZfZ7vk1d,Progressive Alternative,2026-09-17T20:02:13.675395+00:00
KZFzniwnSyZfZ7v7nJ,Music,KnvZfZ7vAvn,New Age,KZazBEonSMnZfZ7vk17,Progressive Electronic,2026-09-17T20:02:13.675395+00:00
KZFzniwnSyZfZ7v7nJ,Music,KnvZfZ7vAvn,New Age,KZazBEonSMnZfZ7vk1A,Relaxation,2026-09-17T20:02:13.675395+00:00
KZFzniwnSyZfZ7v7nJ,Music,KnvZfZ7vAvn,New Age,KZazBEonSMnZfZ7vk1k,Self-Help,2026-09-17T20:02:13.675395+00:00
KZFzniwnSyZfZ7v7nJ,Music,KnvZfZ7vAvn,New Age,KZazBEonSMnZfZ7vk16,Solo Instrumental,2026-09-17T20:02:13.675395+00:00
KZFzniwnSyZfZ7v7nJ,Music,KnvZfZ7vAvn,New Age,KZazBEonSMnZfZ7vk1F,Space,2026-09-17T20:02:13.675395+00:00
KZFzniwnSyZfZ7v7nJ,Music,KnvZfZ7vAvn,New Age,KZazBEonSMnZfZ7vk1a,Spiritual,2026-09-17T20:02:13.675395+00:00
KZFzniwnSyZfZ7v7nJ,Music,KnvZfZ7vAvn,New Age,KZazBEonSMnZfZ7vk11,Techno-Tribal,2026-09-17T20:02:13.675395+00:00
KZFzniwnSyZfZ7v7nJ,Music,KnvZfZ7vAvn,New Age,KZazBEonSMnZfZ7vk1J,World Dance,2026-09-17T20:02:13.675395+00:00
KZFzniwnSyZfZ7v7nJ,Music,KnvZfZ7vAvl,Other,KZazBEonSMnZfZ7vk1I,Other,2026-09-17T20:02:13.675395+00:00
KZFzniwnSyZfZ7v7nJ,Music,KnvZfZ7vAev,Pop,KZazBEonSMnZfZ7vaJF,A Cappella,2026-09-17T20:02:13.675395+00:00
KZFzniwnSyZfZ7v7nJ,Music,KnvZfZ7vAev,Pop,KZazBEonSMnZfZ7vk1n,Adult Alternative Pop,2026-09-17T20:02:13.675395+00:00
KZFzniwnSyZfZ7v7nJ,Music,KnvZfZ7vAev,Pop,KZazBEonSMnZfZ7vk1l,Adult Contemporary,2026-09-17T20:02:13.675395+00:00
KZFzniwnSyZfZ7v7nJ,Music,KnvZfZ7vAev,Pop,KZazBEonSMnZfZ7vkJv,African Pop,2026-09-17T20:02:13.675395+00:00
KZFzniwnSyZfZ7v7nJ,Music,KnvZfZ7vAev,Pop,KZazBEonSMnZfZ7vkJe,Afro-Pop,2026-09-17T20:02:13.675395+00:00
KZFzniwnSyZfZ7v7nJ,Music,KnvZfZ7vAev,Pop,KZazBEonSMnZfZ7vkJd,Asian Pop,2026-09-17T20:02:13.675395+00:00
KZFzniwnSyZfZ7v7nJ,Music,KnvZfZ7vAev,Pop,KZazBEonSMnZfZ7vkJ7,Banda,2026-09-17T20:02:13.675395+00:00
KZFzniwnSyZfZ7v7nJ,Music,KnvZfZ7vAev,Pop,KZazBEonSMnZfZ7vkJA,Bossa Nova,2026-09-17T20:02:13.675395+00:00
KZFzniwnSyZfZ7v7nJ,Music,KnvZfZ7vAev,Pop,KZazBEonSMnZfZ7vkJk,Brazilian Pop,2026-09-17T20:02:13.675395+00:00
KZFzniwnSyZfZ7v7nJ,Music,KnvZfZ7vAev,Pop,KZazBEonSMnZfZ7v6JJ,Brill Building Pop,2026-09-17T20:02:13.675395+00:00
KZFzniwnSyZfZ7v7nJ,Music,KnvZfZ7vAev,Pop,KZazBEonSMnZfZ7vkJ6,British Pop,2026-09-17T20:02:13.675395+00:00
KZFzniwnSyZfZ7v7nJ,Music,KnvZfZ7vAev,Pop,KZazBEonSMnZfZ7vkJF,Bubblegum & Sunshine Pop,2026-09-17T20:02:13.675395+00:00
KZFzniwnSyZfZ7v7nJ,Music,KnvZfZ7vAev,Pop,KZazBEonSMnZfZ7vkJa,Canto-Pop,2026-09-17T20:02:13.675395+00:00
KZFzniwnSyZfZ7v7nJ,Music,KnvZfZ7vAev,Pop,KZazBEonSMnZfZ7vkJ1,Celtic Pop,2026-09-17T20:02:13.675395+00:00
KZFzniwnSyZfZ7v7nJ,Music,KnvZfZ7vAev,Pop,KZazBEonSMnZfZ7vkJJ,Chinese Pop,2026-09-17T20:02:13.675395+00:00
KZFzniwnSyZfZ7v7nJ,Music,KnvZfZ7vAev,Pop,KZazBEonSMnZfZ7vkJE,Cuban Pop,2026-09-17T20:02:13.675395+00:00
KZFzniwnSyZfZ7v7nJ,Music,KnvZfZ7vAev,Pop,KZazBEonSMnZfZ7vkJI,Dance,2026-09-17T20:02:13.675395+00:00
KZFzniwnSyZfZ7v7nJ,Music,KnvZfZ7vAev,Pop,KZazBEonSMnZfZ7vkJt,Dream Pop,2026-09-17T20:02:13.675395+00:00
KZFzniwnSyZfZ7v7nJ,Music,KnvZfZ7vAev,Pop,KZazBEonSMnZfZ7vkJn,Euro Pop,2026-09-17T20:02:13.675395+00:00
KZFzniwnSyZfZ7v7nJ,Music,KnvZfZ7vAev,Pop,KZazBEonSMnZfZ7vkJl,European Pop,2026-09-17T20:02:13.675395+00:00
KZFzniwnSyZfZ7v7nJ,Music,KnvZfZ7vAev,Pop,KZazBEonSMnZfZ7vkEv,Fado,2026-09-17T20:02:13.675395+00:00
KZFzniwnSyZfZ7v7nJ,Music,KnvZfZ7vAev,Pop,KZazBEonSMnZfZ7vkEe,French Pop,2026-09-17T20:02:13.675395+00:00
KZFzniwnSyZfZ7v7nJ,Music,KnvZfZ7vAev,Pop,KZazBEonSMnZfZ7vkEd,French Rock,2026-09-17T20:02:13.675395+00:00
KZFzniwnSyZfZ7v7nJ,Music,KnvZfZ7vAev,Pop,KZazBEonSMnZfZ7vkE7,Hawaiian Pop,2026-09-17T20:02:13.675395+00:00
KZFzniwnSyZfZ7v7nJ,Music,KnvZfZ7vAev,Pop,KZazBEonSMnZfZ7vkEA,Hong Kong Pop,2026-09-17T20:02:13.675395+00:00
KZFzniwnSyZfZ7v7nJ,Music,KnvZfZ7vAev,Pop,KZazBEonSMnZfZ7vkEk,Indie Pop,2026-09-17T20:02:13.675395+00:00
KZFzniwnSyZfZ7v7nJ,Music,KnvZfZ7vAev,Pop,KZazBEonSMnZfZ7vkE6,International Pop,2026-09-17T20:02:13.675395+00:00
KZFzniwnSyZfZ7v7nJ,Music,KnvZfZ7vAev,Pop,KZazBEonSMnZfZ7vkEF,Italian Pop,2026-09-17T20:02:13.675395+00:00
KZFzniwnSyZfZ7v7nJ,Music,KnvZfZ7vAev,Pop,KZazBEonSMnZfZ7vkEa,Japanese Pop,2026-09-17T20:02:13.675395+00:00
KZFzniwnSyZfZ7v7nJ,Music,KnvZfZ7vAev,Pop,KZazBEonSMnZfZ7vkE1,K-Pop,2026-09-17T20:02:13.675395+00:00
KZFzniwnSyZfZ7v7nJ,Music,KnvZfZ7vAev,Pop,KZazBEonSMnZfZ7vkEJ,Latin Pop,2026-09-17T20:02:13.675395+00:00
KZFzniwnSyZfZ7v7nJ,Music,KnvZfZ7vAev,Pop,KZazBEonSMnZfZ7vkEE,Música Popular Brasileira,2026-09-17T20:02:13.675395+00:00
KZFzniwnSyZfZ7v7nJ,Music,KnvZfZ7vAev,Pop,KZazBEonSMnZfZ7vkEI,New Wave,2026-09-17T20:02:13.675395+00:00
KZFzniwnSyZfZ7v7nJ,Music,KnvZfZ7vAev,Pop,KZazBEonSMnZfZ7vkEt,Norteno,2026-09-17T20:02:13.675395+00:00
KZFzniwnSyZfZ7v7nJ,Music,KnvZfZ7vAev,Pop,KZazBEonSMnZfZ7vkEn,Nueva Cancion,2026-09-17T20:02:13.675395+00:00
KZFzniwnSyZfZ7v7nJ,Music,KnvZfZ7vAev,Pop,KZazBEonSMnZfZ7vk1t,Pop,2026-09-17T20:02:13.675395+00:00
KZFzniwnSyZfZ7v7nJ,Music,KnvZfZ7vAev,Pop,KZazBEonSMnZfZ7vkEl,Pop Rock,2026-09-17T20:02:13.675395+00:00
KZFzniwnSyZfZ7v7nJ,Music,KnvZfZ7vAev,Pop,KZazBEonSMnZfZ7vkIv,Pop Vocal,2026-09-17T20:02:13.675395+00:00
KZFzniwnSyZfZ7v7nJ,Music,KnvZfZ7vAev,Pop,KZazBEonSMnZfZ7vkIe,Power Pop,2026-09-17T20:02:13.675395+00:00
KZFzniwnSyZfZ7v7nJ,Music,KnvZfZ7vAev,Pop,KZazBEonSMnZfZ7vkId,Ranchera,2026-09-17T20:02:13.675395+00:00
KZFzniwnSyZfZ7v7nJ,Music,KnvZfZ7vAev,Pop,KZazBEonSMnZfZ7vkI7,Rembetika,2026-09-17T20:02:13.675395+00:00
KZFzniwnSyZfZ7v7nJ,Music,KnvZfZ7vAev,Pop,KZazBEonSMnZfZ7vkIA,Shibuya-Kei,2026-09-17T20:02:13.675395+00:00
KZFzniwnSyZfZ7v7nJ,Music,KnvZfZ7vAev,Pop,KZazBEonSMnZfZ7vkIk,Singer-Songwriter,2026-09-17T20:02:13.675395+00:00
KZFzniwnSyZfZ7v7nJ,Music,KnvZfZ7vAev,Pop,KZazBEonSMnZfZ7vkI6,Sunshine Pop,2026-09-17T20:02:13.675395+00:00
KZFzniwnSyZfZ7v7nJ,Music,KnvZfZ7vAev,Pop,KZazBEonSMnZfZ7vkIF,Swamp Pop,2026-09-17T20:02:13.675395+00:00
KZFzniwnSyZfZ7v7nJ,Music,KnvZfZ7vAev,Pop,KZazBEonSMnZfZ7vkIa,Synth Pop,2026-09-17T20:02:13.675395+00:00
KZFzniwnSyZfZ7v7nJ,Music,KnvZfZ7vAev,Pop,KZazBEonSMnZfZ7vkI1,Taiwanese Pop,2026-09-17T20:02:13.675395+00:00
KZFzniwnSyZfZ7v7nJ,Music,KnvZfZ7vAev,Pop,KZazBEonSMnZfZ7vkIJ,Teen Pop,2026-09-17T20:02:13.675395+00:00
KZFzniwnSyZfZ7v7nJ,Music,KnvZfZ7vAev,Pop,KZazBEonSMnZfZ7vkIE,Tejano,2026-09-17T20:02:13.675395+00:00
KZFzniwnSyZfZ7v7nJ,Music,KnvZfZ7vAev,Pop,KZazBEonSMnZfZ7vkII,Thai Pop,2026-09-17T20:02:13.675395+00:00
KZFzniwnSyZfZ7v7nJ,Music,KnvZfZ7vAev,Pop,KZazBEonSMnZfZ7vaEl,Electro Pop,2026-09-17T20:02:13.675395+00:00
KZFzniwnSyZfZ7v7nJ,Music,KnvZfZ7vAee,R&B,KZazBEonSMnZfZ7vkIn,Beach,2026-09-17T20:02:13.675395+00:00
KZFzniwnSyZfZ7v7nJ,Music,KnvZfZ7vAee,R&B,KZazBEonSMnZfZ7vkIl,Blue-Eyed Soul,2026-09-17T20:02:13.675395+00:00
KZFzniwnSyZfZ7v7nJ,Music,KnvZfZ7vAee,R&B,KZazBEonSMnZfZ7vktv,Brown-Eyed Soul,2026-09-17T20:02:13.675395+00:00
KZFzniwnSyZfZ7v7nJ,Music,KnvZfZ7vAee,R&B,KZazBEonSMnZfZ7vkte,Chicago Soul,2026-09-17T20:02:13.675395+00:00
KZFzniwnSyZfZ7v7nJ,Music,KnvZfZ7vAee,R&B,KZazBEonSMnZfZ7vktd,Classic R&B,2026-09-17T20:02:13.675395+00:00
KZFzniwnSyZfZ7v7nJ,Music,KnvZfZ7vAee,R&B,KZazBEonSMnZfZ7vkt7,Classic Soul,2026-09-17T20:02:13.675395+00:00
KZFzniwnSyZfZ7v7nJ,Music,KnvZfZ7vAee,R&B,KZazBEonSMnZfZ7vktA,Contemporary R&B,2026-09-17T20:02:13.675395+00:00
KZFzniwnSyZfZ7v7nJ,Music,KnvZfZ7vAee,R&B,KZazBEonSMnZfZ7vktk,Country Soul,2026-09-17T20:02:13.675395+00:00
KZFzniwnSyZfZ7v7nJ,Music,KnvZfZ7vAee,R&B,KZazBEonSMnZfZ7vkt6,Deep Funk,2026-09-17T20:02:13.675395+00:00
KZFzniwnSyZfZ7v7nJ,Music,KnvZfZ7vAee,R&B,KZazBEonSMnZfZ7vktF,Deep Funk Revival,2026-09-17T20:02:13.675395+00:00
KZFzniwnSyZfZ7v7nJ,Music,KnvZfZ7vAee,R&B,KZazBEonSMnZfZ7vkta,Deep Soul,2026-09-17T20:02:13.675395+00:00
KZFzniwnSyZfZ7v7nJ,Music,KnvZfZ7vAee,R&B,KZazBEonSMnZfZ7vkt1,Doo Wop,2026-09-17T20:02:13.675395+00:00
KZFzniwnSyZfZ7v7nJ,Music,KnvZfZ7vAee,R&B,KZazBEonSMnZfZ7vktJ,Free Funk,2026-09-17T20:02:13.675395+00:00
KZFzniwnSyZfZ7v7nJ,Music,KnvZfZ7vAee,R&B,KZazBEonSMnZfZ7vktE,Funk,2026-09-17T20:02:13.675395+00:00
KZFzniwnSyZfZ7v7nJ,Music,KnvZfZ7vAee,R&B,KZazBEonSMnZfZ7vktI,Hawaiian R&B & Hip-Hop,2026-09-17T20:02:13.675395+00:00
KZFzniwnSyZfZ7v7nJ,Music,KnvZfZ7vAee,R&B,KZazBEonSMnZfZ7vktt,Jazz Funk,2026-09-17T20:02:13.675395+00:00
KZFzniwnSyZfZ7v7nJ,Music,KnvZfZ7vAee,R&B,KZazBEonSMnZfZ7vktn,Latin Soul,2026-09-17T20:02:13.675395+00:00
KZFzniwnSyZfZ7v7nJ,Music,KnvZfZ7vAee,R&B,KZazBEonSMnZfZ7vktl,Memphis Soul,2026-09-17T20:02:13.675395+00:00
KZFzniwnSyZfZ7v7nJ,Music,KnvZfZ7vAee,R&B,KZazBEonSMnZfZ7vknv,Motown,2026-09-17T20:02:13.675395+00:00
KZFzniwnSyZfZ7v7nJ,Music,KnvZfZ7vAee,R&B,KZazBEonSMnZfZ7vkne,Neo-Soul,2026-09-17T20:02:13.675395+00:00
KZFzniwnSyZfZ7v7nJ,Music,KnvZfZ7vAee,R&B,KZazBEonSMnZfZ7vknd,New Jack Swing,2026-09-17T20:02:13.675395+00:00
KZFzniwnSyZfZ7v7nJ,Music,KnvZfZ7vAee,R&B,KZazBEonSMnZfZ7vkn7,New Orleans R&B,2026-09-17T20:02:13.675395+00:00
KZFzniwnSyZfZ7v7nJ,Music,KnvZfZ7vAee,R&B,KZazBEonSMnZfZ7vknA,Northern Soul,2026-09-17T20:02:13.675395+00:00
KZFzniwnSyZfZ7v7nJ,Music,KnvZfZ7vAee,R&B,KZazBEonSMnZfZ7vknk,Philly Soul,2026-09-17T20:02:13.675395+00:00
KZFzniwnSyZfZ7v7nJ,Music,KnvZfZ7vAee,R&B,KZazBEonSMnZfZ7vkn6,Pop-Soul,2026-09-17T20:02:13.675395+00:00
KZFzniwnSyZfZ7v7nJ,Music,KnvZfZ7vAee,R&B,KZazBEonSMnZfZ7vknF,Psychedelic Soul,2026-09-17T20:02:13.675395+00:00
KZFzniwnSyZfZ7v7nJ,Music,KnvZfZ7vAee,R&B,KZazBEonSMnZfZ7vkna,Quiet Storm,2026-09-17T20:02:13.675395+00:00
KZFzniwnSyZfZ7v7nJ,Music,KnvZfZ7vAee,R&B,KZazBEonSMnZfZ7vkIt,R&B,2026-09-17T20:02:13.675395+00:00
KZFzniwnSyZfZ7v7nJ,Music,KnvZfZ7vAee,R&B,KZazBEonSMnZfZ7vkn1,Retro-Soul,2026-09-17T20:02:13.675395+00:00
KZFzniwnSyZfZ7v7nJ,Music,KnvZfZ7vAee,R&B,KZazBEonSMnZfZ7vknJ,Smooth Soul,2026-09-17T20:02:13.675395+00:00
KZFzniwnSyZfZ7v7nJ,Music,KnvZfZ7vAee,R&B,KZazBEonSMnZfZ7vknE,Soul,2026-09-17T20:02:13.675395+00:00
KZFzniwnSyZfZ7v7nJ,Music,KnvZfZ7vAee,R&B,KZazBEonSMnZfZ7vknI,Southern Soul,2026-09-17T20:02:13.675395+00:00
KZFzniwnSyZfZ7v7nJ,Music,KnvZfZ7vAee,R&B,KZazBEonSMnZfZ7vknt,Uptown Soul,2026-09-17T20:02:13.675395+00:00
KZFzniwnSyZfZ7v7nJ,Music,KnvZfZ7vAee,R&B,KZazBEonSMnZfZ7vknn,Urban Adult Contemporary,2026-09-17T20:02:13.675395+00:00
KZFzniwnSyZfZ7v7nJ,Music,KnvZfZ7vAed,Reggae,KZazBEonSMnZfZ7vklv,Belair,2026-09-17T20:02:13.675395+00:00
KZFzniwnSyZfZ7v7nJ,Music,KnvZfZ7vAed,Reggae,KZazBEonSMnZfZ7vkle,Bluebeat,2026-09-17T20:02:13.675395+00:00
KZFzniwnSyZfZ7v7nJ,Music,KnvZfZ7vAed,Reggae,KZazBEonSMnZfZ7vkld,Cadence,2026-09-17T20:02:13.675395+00:00
KZFzniwnSyZfZ7v7nJ,Music,KnvZfZ7vAed,Reggae,KZazBEonSMnZfZ7vkl7,Calypso,2026-09-17T20:02:13.675395+00:00
KZFzniwnSyZfZ7v7nJ,Music,KnvZfZ7vAed,Reggae,KZazBEonSMnZfZ7vklA,Carribbean,2026-09-17T20:02:13.675395+00:00
KZFzniwnSyZfZ7v7nJ,Music,KnvZfZ7vAed,Reggae,KZazBEonSMnZfZ7vklk,Chouval Bwa,2026-09-17T20:02:13.675395+00:00
KZFzniwnSyZfZ7v7nJ,Music,KnvZfZ7vAed,Reggae,KZazBEonSMnZfZ7vkl6,Classic Ska,2026-09-17T20:02:13.675395+00:00
KZFzniwnSyZfZ7v7nJ,Music,KnvZfZ7vAed,Reggae,KZazBEonSMnZfZ7vklF,Contemporary Reggae,2026-09-17T20:02:13.675395+00:00
KZFzniwnSyZfZ7v7nJ,Music,KnvZfZ7vAed,Reggae,KZazBEonSMnZfZ7vkl1,Dancehall Reggae,2026-09-17T20:02:13.675395+00:00
KZFzniwnSyZfZ7v7nJ,Music,KnvZfZ7vAed,Reggae,KZazBEonSMnZfZ7vkla,DJ,2026-09-17T20:02:13.675395+00:00
KZFzniwnSyZfZ7v7nJ,Music,KnvZfZ7vAed,Reggae,KZazBEonSMnZfZ7vklJ,Dub,2026-09-17T20:02:13.675395+00:00
KZFzniwnSyZfZ7v7nJ,Music,KnvZfZ7vAed,Reggae,KZazBEonSMnZfZ7vklE,Dub Poetry,2026-09-17T20:02:13.675395+00:00
KZFzniwnSyZfZ7v7nJ,Music,KnvZfZ7vAed,Reggae,KZazBEonSMnZfZ7vklI,Gwo Ka,2026-09-17T20:02:13.675395+00:00
KZFzniwnSyZfZ7v7nJ,Music,KnvZfZ7vAed,Reggae,KZazBEonSMnZfZ7vklt,Junkanoo,2026-09-17T20:02:13.675395+00:00
KZFzniwnSyZfZ7v7nJ,Music,KnvZfZ7vAed,Reggae,KZazBEonSMnZfZ7vkln,Lovers Rock,2026-09-17T20:02:13.675395+00:00
KZFzniwnSyZfZ7v7nJ,Music,KnvZfZ7vAed,Reggae,KZazBEonSMnZfZ7vkll,Mento,2026-09-17T20:02:13.675395+00:00
KZFzniwnSyZfZ7v7nJ,Music,KnvZfZ7vAed,Reggae,KZazBEonSMnZfZ7v6vv,Nyahbinghi,2026-09-17T20:02:13.675395+00:00
KZFzniwnSyZfZ7v7nJ,Music,KnvZfZ7vAed,Reggae,KZazBEonSMnZfZ7v6ve,Party Soca,2026-09-17T20:02:13.675395+00:00
KZFzniwnSyZfZ7v7nJ,Music,KnvZfZ7vAed,Reggae,KZazBEonSMnZfZ7v6vd,Political Reggae,2026-09-17T20:02:13.675395+00:00
KZFzniwnSyZfZ7v7nJ,Music,KnvZfZ7vAed,Reggae,KZazBEonSMnZfZ7v6v7,Ragga,2026-09-17T20:02:13.675395+00:00
KZFzniwnSyZfZ7v7nJ,Music,KnvZfZ7vAed,Reggae,KZazBEonSMnZfZ7v6vA,Rapso,2026-09-17T20:02:13.675395+00:00
KZFzniwnSyZfZ7v7nJ,Music,KnvZfZ7vAed,Reggae,KZazBEonSMnZfZ7vknl,Reggae,2026-09-17T20:02:13.675395+00:00
KZFzniwnSyZfZ7v7nJ,Music,KnvZfZ7vAed,Reggae,KZazBEonSMnZfZ7v6vk,Reggae Gospel,2026-09-17T20:02:13.675395+00:00
KZFzniwnSyZfZ7v7nJ,Music,KnvZfZ7vAed,Reggae,KZazBEonSMnZfZ7v6v6,Reggae-Pop,2026-09-17T20:02:13.675395+00:00
KZFzniwnSyZfZ7v7nJ,Music,KnvZfZ7vAed,Reggae,KZazBEonSMnZfZ7v6vF,Rock Steady,2026-09-17T20:02:13.675395+00:00
KZFzniwnSyZfZ7v7nJ,Music,KnvZfZ7vAed,Reggae,KZazBEonSMnZfZ7v6va,Roots Reggae,2026-09-17T20:02:13.675395+00:00
KZFzniwnSyZfZ7v7nJ,Music,KnvZfZ7vAed,Reggae,KZazBEonSMnZfZ7v6v1,Smooth Reggae,2026-09-17T20:02:13.675395+00:00
KZFzniwnSyZfZ7v7nJ,Music,KnvZfZ7vAed,Reggae,KZazBEonSMnZfZ7v6vJ,Spouge,2026-09-17T20:02:13.675395+00:00
KZFzniwnSyZfZ7v7nJ,Music,KnvZfZ7vAed,Reggae,KZazBEonSMnZfZ7v6vE,Steel Band,2026-09-17T20:02:13.675395+00:00
KZFzniwnSyZfZ7v7nJ,Music,KnvZfZ7vAe7,Religious,KZazBEonSMnZfZ7v6vt,Alternative Christian,2026-09-17T20:02:13.675395+00:00
KZFzniwnSyZfZ7v7nJ,Music,KnvZfZ7vAe7,Religious,KZazBEonSMnZfZ7v6vl,Bluegrass-Gospel,2026-09-17T20:02:13.675395+00:00
KZFzniwnSyZfZ7v7nJ,Music,KnvZfZ7vAe7,Religious,KZazBEonSMnZfZ7v6ev,Blues Gospel,2026-09-17T20:02:13.675395+00:00
KZFzniwnSyZfZ7v7nJ,Music,KnvZfZ7vAe7,Religious,KZazBEonSMnZfZ7v6ee,Celtic Gospel,2026-09-17T20:02:13.675395+00:00
KZFzniwnSyZfZ7v7nJ,Music,KnvZfZ7vAe7,Religious,KZazBEonSMnZfZ7v6ed,Christian Metal,2026-09-17T20:02:13.675395+00:00
KZFzniwnSyZfZ7v7nJ,Music,KnvZfZ7vAe7,Religious,KZazBEonSMnZfZ7v6e7,Christian Rap,2026-09-17T20:02:13.675395+00:00
KZFzniwnSyZfZ7v7nJ,Music,KnvZfZ7vAe7,Religious,KZazBEonSMnZfZ7v6eA,Christian Rock,2026-09-17T20:02:13.675395+00:00
KZFzniwnSyZfZ7v7nJ,Music,KnvZfZ7vAe7,Religious,KZazBEonSMnZfZ7v6ek,Contemporary Christian,2026-09-17T20:02:13.675395+00:00
KZFzniwnSyZfZ7v7nJ,Music,KnvZfZ7vAe7,Religious,KZazBEonSMnZfZ7v6e6,Country Blues,2026-09-17T20:02:13.675395+00:00
KZFzniwnSyZfZ7v7nJ,Music,KnvZfZ7vAe7,Religious,KZazBEonSMnZfZ7v6eF,Country Gospel,2026-09-17T20:02:13.675395+00:00
KZFzniwnSyZfZ7v7nJ,Music,KnvZfZ7vAe7,Religious,KZazBEonSMnZfZ7v6ea,Gospel,2026-09-17T20:02:13.675395+00:00
KZFzniwnSyZfZ7v7nJ,Music,KnvZfZ7vAe7,Religious,KZazBEonSMnZfZ7v6e1,Gospel Choir,2026-09-17T20:02:13.675395+00:00
KZFzniwnSyZfZ7v7nJ,Music,KnvZfZ7vAe7,Religious,KZazBEonSMnZfZ7v6eJ,Hymns,2026-09-17T20:02:13.675395+00:00
KZFzniwnSyZfZ7v7nJ,Music,KnvZfZ7vAe7,Religious,KZazBEonSMnZfZ7v6eE,Inspirational,2026-09-17T20:02:13.675395+00:00
KZFzniwnSyZfZ7v7nJ,Music,KnvZfZ7vAe7,Religious,KZazBEonSMnZfZ7v6eI,Instrumental Gospel,2026-09-17T20:02:13.675395+00:00
KZFzniwnSyZfZ7v7nJ,Music,KnvZfZ7vAe7,Religious,KZazBEonSMnZfZ7v6et,Jesus Rock,2026-09-17T20:02:13.675395+00:00
KZFzniwnSyZfZ7v7nJ,Music,KnvZfZ7vAe7,Religious,KZazBEonSMnZfZ7v6en,Jewish & Yiddish Music,2026-09-17T20:02:13.675395+00:00
KZFzniwnSyZfZ7v7nJ,Music,KnvZfZ7vAe7,Religious,KZazBEonSMnZfZ7v6el,Jewish Folk,2026-09-17T20:02:13.675395+00:00
KZFzniwnSyZfZ7v7nJ,Music,KnvZfZ7vAe7,Religious,KZazBEonSMnZfZ7v6dv,Latin Christian,2026-09-17T20:02:13.675395+00:00
KZFzniwnSyZfZ7v7nJ,Music,KnvZfZ7vAe7,Religious,KZazBEonSMnZfZ7v6de,Latin Contemporary Christian,2026-09-17T20:02:13.675395+00:00
KZFzniwnSyZfZ7v7nJ,Music,KnvZfZ7vAe7,Religious,KZazBEonSMnZfZ7v6dd,Praise & Worship,2026-09-17T20:02:13.675395+00:00
KZFzniwnSyZfZ7v7nJ,Music,KnvZfZ7vAe7,Religious,KZazBEonSMnZfZ7v6d7,Reggae Gospel,2026-09-17T20:02:13.675395+00:00
KZFzniwnSyZfZ7v7nJ,Music,KnvZfZ7vAe7,Religious,KZazBEonSMnZfZ7v6vI,Religious,2026-09-17T20:02:13.675395+00:00
KZFzniwnSyZfZ7v7nJ,Music,KnvZfZ7vAe7,Religious,KZazBEonSMnZfZ7v6dA,Scriptures,2026-09-17T20:02:13.675395+00:00
KZFzniwnSyZfZ7v7nJ,Music,KnvZfZ7vAe7,Religious,KZazBEonSMnZfZ7v6dk,Southern Gospel,2026-09-17T20:02:13.675395+00:00
KZFzniwnSyZfZ7v7nJ,Music,KnvZfZ7vAe7,Religious,KZazBEonSMnZfZ7v6d6,Spirituals,2026-09-17T20:02:13.675395+00:00
KZFzniwnSyZfZ7v7nJ,Music,KnvZfZ7vAe7,Religious,KZazBEonSMnZfZ7v6dF,Traditional,2026-09-17T20:02:13.675395+00:00
KZFzniwnSyZfZ7v7nJ,Music,KnvZfZ7vAeA,Rock,KZazBEonSMnZfZ7v6d1,Aboriginal Rock,2026-09-17T20:02:13.675395+00:00
KZFzniwnSyZfZ7v7nJ,Music,KnvZfZ7vAeA,Rock,KZazBEonSMnZfZ7v6dJ,Acid Folk,2026-09-17T20:02:13.675395+00:00
KZFzniwnSyZfZ7v7nJ,Music,KnvZfZ7vAeA,Rock,KZazBEonSMnZfZ7v6dE,Acid Rock,2026-09-17T20:02:13.675395+00:00
KZFzniwnSyZfZ7v7nJ,Music,KnvZfZ7vAeA,Rock,KZazBEonSMnZfZ7v6dI,Adult Contemporary,2026-09-17T20:02:13.675395+00:00
KZFzniwnSyZfZ7v7nJ,Music,KnvZfZ7vAeA,Rock,KZazBEonSMnZfZ7v6dt,Alternative Rock,2026-09-17T20:02:13.675395+00:00
KZFzniwnSyZfZ7v7nJ,Music,KnvZfZ7vAeA,Rock,KZazBEonSMnZfZ7v6dn,Alternative Roots,2026-09-17T20:02:13.675395+00:00
KZFzniwnSyZfZ7v7nJ,Music,KnvZfZ7vAeA,Rock,KZazBEonSMnZfZ7v6dl,American Punk,2026-09-17T20:02:13.675395+00:00
KZFzniwnSyZfZ7v7nJ,Music,KnvZfZ7vAeA,Rock,KZazBEonSMnZfZ7v67v,Anarchist Punk,2026-09-17T20:02:13.675395+00:00
KZFzniwnSyZfZ7v7nJ,Music,KnvZfZ7vAeA,Rock,KZazBEonSMnZfZ7v67e,Arena Rock,2026-09-17T20:02:13.675395+00:00
KZFzniwnSyZfZ7v7nJ,Music,KnvZfZ7vAeA,Rock,KZazBEonSMnZfZ7v67d,Art Rock,2026-09-17T20:02:13.675395+00:00
KZFzniwnSyZfZ7v7nJ,Music,KnvZfZ7vAeA,Rock,KZazBEonSMnZfZ7v677,Aussie Rock,2026-09-17T20:02:13.675395+00:00
KZFzniwnSyZfZ7v7nJ,Music,KnvZfZ7vAeA,Rock,KZazBEonSMnZfZ7v67A,Avant-Garde Rock,2026-09-17T20:02:13.675395+00:00
KZFzniwnSyZfZ7v7nJ,Music,KnvZfZ7vAeA,Rock,KZazBEonSMnZfZ7v67k,Bar Band,2026-09-17T20:02:13.675395+00:00
KZFzniwnSyZfZ7v7nJ,Music,KnvZfZ7vAeA,Rock,KZazBEonSMnZfZ7v676,Blues-Rock,2026-09-17T20:02:13.675395+00:00
KZFzniwnSyZfZ7v7nJ,Music,KnvZfZ7vAeA,Rock,KZazBEonSMnZfZ7v67F,Boogie Rock,2026-09-17T20:02:13.675395+00:00
KZFzniwnSyZfZ7v7nJ,Music,KnvZfZ7vAeA,Rock,KZazBEonSMnZfZ7v67a,British D416,2026-09-17T20:02:13.675395+00:00
KZFzniwnSyZfZ7v7nJ,Music,KnvZfZ7vAeA,Rock,KZazBEonSMnZfZ7v671,British Folk-Rock,2026-09-17T20:02:13.675395+00:00
KZFzniwnSyZfZ7v7nJ,Music,KnvZfZ7vAeA,Rock,KZazBEonSMnZfZ7v67J,British Invasion,2026-09-17T20:02:13.675395+00:00
KZFzniwnSyZfZ7v7nJ,Music,KnvZfZ7vAeA,Rock,KZazBEonSMnZfZ7v67E,British Metal,2026-09-17T20:02:13.675395+00:00
KZFzniwnSyZfZ7v7nJ,Music,KnvZfZ7vAeA,Rock,KZazBEonSMnZfZ7v67I,British Psychedelia,2026-09-17T20:02:13.675395+00:00
KZFzniwnSyZfZ7v7nJ,Music,KnvZfZ7vAeA,Rock,KZazBEonSMnZfZ7v67t,British Punk,2026-09-17T20:02:13.675395+00:00
KZFzniwnSyZfZ7v7nJ,Music,KnvZfZ7vAeA,Rock,KZazBEonSMnZfZ7v67n,Canterbury Scene,2026-09-17T20:02:13.675395+00:00
KZFzniwnSyZfZ7v7nJ,Music,KnvZfZ7vAeA,Rock,KZazBEonSMnZfZ7v67l,Celebrity,2026-09-17T20:02:13.675395+00:00
KZFzniwnSyZfZ7v7nJ,Music,KnvZfZ7vAeA,Rock,KZazBEonSMnZfZ7v6Av,Celtic Rock,2026-09-17T20:02:13.675395+00:00
KZFzniwnSyZfZ7v7nJ,Music,KnvZfZ7vAeA,Rock,KZazBEonSMnZfZ7v6Ae,Christian Punk,2026-09-17T20:02:13.675395+00:00
KZFzniwnSyZfZ7v7nJ,Music,KnvZfZ7vAeA,Rock,KZazBEonSMnZfZ7v6Ad,Christian Rock,2026-09-17T20:02:13.675395+00:00
KZFzniwnSyZfZ7v7nJ,Music,KnvZfZ7vAeA,Rock,KZazBEonSMnZfZ7v6A7,Classic Rock,2026-09-17T20:02:13.675395+00:00
KZFzniwnSyZfZ7v7nJ,Music,KnvZfZ7vAeA,Rock,KZazBEonSMnZfZ7v6Ak,Death Metal/ Black Metal,2026-09-17T20:02:13.675395+00:00
KZFzniwnSyZfZ7v7nJ,Music,KnvZfZ7vAeA,Rock,KZazBEonSMnZfZ7v6A6,Detroit Rock,2026-09-17T20:02:13.675395+00:00
KZFzniwnSyZfZ7v7nJ,Music,KnvZfZ7vAeA,Rock,KZazBEonSMnZfZ7v6AF,Doo Wop,2026-09-17T20:02:13.675395+00:00
KZFzniwnSyZfZ7v7nJ,Music,KnvZfZ7vAeA,Rock,KZazBEonSMnZfZ7v6Aa,Doom Metal,2026-09-17T20:02:13.675395+00:00
KZFzniwnSyZfZ7v7nJ,Music,KnvZfZ7vAeA,Rock,KZazBEonSMnZfZ7v6A1,Early British Rock,2026-09-17T20:02:13.675395+00:00
KZFzniwnSyZfZ7v7nJ,Music,KnvZfZ7vAeA,Rock,KZazBEonSMnZfZ7v6AJ,Early Rock & Roll,2026-09-17T20:02:13.675395+00:00
KZFzniwnSyZfZ7v7nJ,Music,KnvZfZ7vAeA,Rock,KZazBEonSMnZfZ7v6AE,Electronic,2026-09-17T20:02:13.675395+00:00
KZFzniwnSyZfZ7v7nJ,Music,KnvZfZ7vAeA,Rock,KZazBEonSMnZfZ7v6AI,Emo,2026-09-17T20:02:13.675395+00:00
KZFzniwnSyZfZ7v7nJ,Music,KnvZfZ7vAeA,Rock,KZazBEonSMnZfZ7v6At,European Pop,2026-09-17T20:02:13.675395+00:00
KZFzniwnSyZfZ7v7nJ,Music,KnvZfZ7vAeA,Rock,KZazBEonSMnZfZ7v6An,European Rock,2026-09-17T20:02:13.675395+00:00
KZFzniwnSyZfZ7v7nJ,Music,KnvZfZ7vAeA,Rock,KZazBEonSMnZfZ7v6Al,Experimental Rock,2026-09-17T20:02:13.675395+00:00
KZFzniwnSyZfZ7v7nJ,Music,KnvZfZ7vAeA,Rock,KZazBEonSMnZfZ7v6kv,Folk Rock,2026-09-17T20:02:13.675395+00:00
KZFzniwnSyZfZ7v7nJ,Music,KnvZfZ7vAeA,Rock,KZazBEonSMnZfZ7v6ke,Frat Rock,2026-09-17T20:02:13.675395+00:00
KZFzniwnSyZfZ7v7nJ,Music,KnvZfZ7vAeA,Rock,KZazBEonSMnZfZ7v6kd,Freakbeat,2026-09-17T20:02:13.675395+00:00
KZFzniwnSyZfZ7v7nJ,Music,KnvZfZ7vAeA,Rock,KZazBEonSMnZfZ7v6k7,Funk-Rock,2026-09-17T20:02:13.675395+00:00
KZFzniwnSyZfZ7v7nJ,Music,KnvZfZ7vAeA,Rock,KZazBEonSMnZfZ7v6kA,Fusion,2026-09-17T20:02:13.675395+00:00
KZFzniwnSyZfZ7v7nJ,Music,KnvZfZ7vAeA,Rock,KZazBEonSMnZfZ7v6kk,Garage Punk,2026-09-17T20:02:13.675395+00:00
KZFzniwnSyZfZ7v7nJ,Music,KnvZfZ7vAeA,Rock,KZazBEonSMnZfZ7v6k6,Garage Rock,2026-09-17T20:02:13.675395+00:00
KZFzniwnSyZfZ7v7nJ,Music,KnvZfZ7vAeA,Rock,KZazBEonSMnZfZ7v6kF,Garage Rock Revival,2026-09-17T20:02:13.675395+00:00
KZFzniwnSyZfZ7v7nJ,Music,KnvZfZ7vAeA,Rock,KZazBEonSMnZfZ7vaaA,German Rock,2026-09-17T20:02:13.675395+00:00
KZFzniwnSyZfZ7v7nJ,Music,KnvZfZ7vAeA,Rock,KZazBEonSMnZfZ7v6ka,Girl Group,2026-09-17T20:02:13.675395+00:00
KZFzniwnSyZfZ7v7nJ,Music,KnvZfZ7vAeA,Rock,KZazBEonSMnZfZ7v6k1,Glam,2026-09-17T20:02:13.675395+00:00
KZFzniwnSyZfZ7v7nJ,Music,KnvZfZ7vAeA,Rock,KZazBEonSMnZfZ7v6kJ,Goth Metal,2026-09-17T20:02:13.675395+00:00
KZFzniwnSyZfZ7v7nJ,Music,KnvZfZ7vAeA,Rock,KZazBEonSMnZfZ7v6kE,Grindcore,2026-09-17T20:02:13.675395+00:00
KZFzniwnSyZfZ7v7nJ,Music,KnvZfZ7vAeA,Rock,KZazBEonSMnZfZ7v6kI,Guitar Gods,2026-09-17T20:02:13.675395+00:00
KZFzniwnSyZfZ7v7nJ,Music,KnvZfZ7vAeA,Rock,KZazBEonSMnZfZ7v6kt,Guitar Virtuoso,2026-09-17T20:02:13.675395+00:00
KZFzniwnSyZfZ7v7nJ,Music,KnvZfZ7vAeA,Rock,KZazBEonSMnZfZ7v6kn,Hair Metal,2026-09-17T20:02:13.675395+00:00
KZFzniwnSyZfZ7v7nJ,Music,KnvZfZ7vAeA,Rock,KZazBEonSMnZfZ7v6kl,Hard Rock,2026-09-17T20:02:13.675395+00:00
KZFzniwnSyZfZ7v7nJ,Music,KnvZfZ7vAeA,Rock,KZazBEonSMnZfZ7v66v,Hardcore Punk,2026-09-17T20:02:13.675395+00:00
KZFzniwnSyZfZ7v7nJ,Music,KnvZfZ7vAeA,Rock,KZazBEonSMnZfZ7v66e,Heartland Rock,2026-09-17T20:02:13.675395+00:00
KZFzniwnSyZfZ7v7nJ,Music,KnvZfZ7vAeA,Rock,KZazBEonSMnZfZ7v66d,Hot Rod,2026-09-17T20:02:13.675395+00:00
KZFzniwnSyZfZ7v7nJ,Music,KnvZfZ7vAeA,Rock,KZazBEonSMnZfZ7v667,Hot Rod Revival,2026-09-17T20:02:13.675395+00:00
KZFzniwnSyZfZ7v7nJ,Music,KnvZfZ7vAeA,Rock,KZazBEonSMnZfZ7v66A,Indie Rock,2026-09-17T20:02:13.675395+00:00
KZFzniwnSyZfZ7v7nJ,Music,KnvZfZ7vAeA,Rock,KZazBEonSMnZfZ7v66k,Industrial Metal,2026-09-17T20:02:13.675395+00:00
KZFzniwnSyZfZ7v7nJ,Music,KnvZfZ7vAeA,Rock,KZazBEonSMnZfZ7v666,Instrumental Rock,2026-09-17T20:02:13.675395+00:00
KZFzniwnSyZfZ7v7nJ,Music,KnvZfZ7vAeA,Rock,KZazBEonSMnZfZ7v66F,Japanese Rock,2026-09-17T20:02:13.675395+00:00
KZFzniwnSyZfZ7v7nJ,Music,KnvZfZ7vAeA,Rock,KZazBEonSMnZfZ7v66a,Jazz-Rock,2026-09-17T20:02:13.675395+00:00
KZFzniwnSyZfZ7v7nJ,Music,KnvZfZ7vAeA,Rock,KZazBEonSMnZfZ7v661,Kraut Rock,2026-09-17T20:02:13.675395+00:00
KZFzniwnSyZfZ7v7nJ,Music,KnvZfZ7vAeA,Rock,KZazBEonSMnZfZ7v66J,L.A. Punk,2026-09-17T20:02:13.675395+00:00
KZFzniwnSyZfZ7v7nJ,Music,KnvZfZ7vAeA,Rock,KZazBEonSMnZfZ7v66E,Latin Rock,2026-09-17T20:02:13.675395+00:00
KZFzniwnSyZfZ7v7nJ,Music,KnvZfZ7vAeA,Rock,KZazBEonSMnZfZ7v66I,Merseybeat,2026-09-17T20:02:13.675395+00:00
KZFzniwnSyZfZ7v7nJ,Music,KnvZfZ7vAeA,Rock,KZazBEonSMnZfZ7v66t,Mod,2026-09-17T20:02:13.675395+00:00
KZFzniwnSyZfZ7v7nJ,Music,KnvZfZ7vAeA,Rock,KZazBEonSMnZfZ7v66n,Mod Revival,2026-09-17T20:02:13.675395+00:00
KZFzniwnSyZfZ7v7nJ,Music,KnvZfZ7vAeA,Rock,KZazBEonSMnZfZ7v66l,Neo-Classical Metal,2026-09-17T20:02:13.675395+00:00
KZFzniwnSyZfZ7v7nJ,Music,KnvZfZ7vAeA,Rock,KZazBEonSMnZfZ7v6Fv,Neo-Prog,2026-09-17T20:02:13.675395+00:00
KZFzniwnSyZfZ7v7nJ,Music,KnvZfZ7vAeA,Rock,KZazBEonSMnZfZ7v6Fe,New Romantic,2026-09-17T20:02:13.675395+00:00
KZFzniwnSyZfZ7v7nJ,Music,KnvZfZ7vAeA,Rock,KZazBEonSMnZfZ7v6Fd,New Wave,2026-09-17T20:02:13.675395+00:00
KZFzniwnSyZfZ7v7nJ,Music,KnvZfZ7vAeA,Rock,KZazBEonSMnZfZ7v6F7,New Wave Of British Heavy Metal,2026-09-17T20:02:13.675395+00:00
KZFzniwnSyZfZ7v7nJ,Music,KnvZfZ7vAeA,Rock,KZazBEonSMnZfZ7v6FA,New York Punk,2026-09-17T20:02:13.675395+00:00
KZFzniwnSyZfZ7v7nJ,Music,KnvZfZ7vAeA,Rock,KZazBEonSMnZfZ7v6Fk,No Wave,2026-09-17T20:02:13.675395+00:00
KZFzniwnSyZfZ7v7nJ,Music,KnvZfZ7vAeA,Rock,KZazBEonSMnZfZ7v6F6,Obscuro,2026-09-17T20:02:13.675395+00:00
KZFzniwnSyZfZ7v7nJ,Music,KnvZfZ7vAeA,Rock,KZazBEonSMnZfZ7v6FF,Oi!,2026-09-17T20:02:13.675395+00:00
KZFzniwnSyZfZ7v7nJ,Music,KnvZfZ7vAeA,Rock,KZazBEonSMnZfZ7vavA,Oldies & Classics,2026-09-17T20:02:13.675395+00:00
KZFzniwnSyZfZ7v7nJ,Music,KnvZfZ7vAeA,Rock,KZazBEonSMnZfZ7v6F1,Pop,2026-09-17T20:02:13.675395+00:00
KZFzniwnSyZfZ7v7nJ,Music,KnvZfZ7vAeA,Rock,KZazBEonSMnZfZ7v6FJ,Pop Metal,2026-09-17T20:02:13.675395+00:00
KZFzniwnSyZfZ7v7nJ,Music,KnvZfZ7vAeA,Rock,KZazBEonSMnZfZ7v6FE,Pop Punk,2026-09-17T20:02:13.675395+00:00
KZFzniwnSyZfZ7v7nJ,Music,KnvZfZ7vAeA,Rock,KZazBEonSMnZfZ7v6Ft,Post-Hardcore,2026-09-17T20:02:13.675395+00:00
KZFzniwnSyZfZ7v7nJ,Music,KnvZfZ7vAeA,Rock,KZazBEonSMnZfZ7v6Fn,Post-Punk,2026-09-17T20:02:13.675395+00:00
KZFzniwnSyZfZ7v7nJ,Music,KnvZfZ7vAeA,Rock,KZazBEonSMnZfZ7v6Fl,Power Metal,2026-09-17T20:02:13.675395+00:00
KZFzniwnSyZfZ7v7nJ,Music,KnvZfZ7vAeA,Rock,KZazBEonSMnZfZ7v6av,Power Pop,2026-09-17T20:02:13.675395+00:00
KZFzniwnSyZfZ7v7nJ,Music,KnvZfZ7vAeA,Rock,KZazBEonSMnZfZ7v6ae,Progressive Metal,2026-09-17T20:02:13.675395+00:00
KZFzniwnSyZfZ7v7nJ,Music,KnvZfZ7vAeA,Rock,KZazBEonSMnZfZ7v6ad,Progressive Rock,2026-09-17T20:02:13.675395+00:00
KZFzniwnSyZfZ7v7nJ,Music,KnvZfZ7vAeA,Rock,KZazBEonSMnZfZ7v6a7,Proto-Punk,2026-09-17T20:02:13.675395+00:00
KZFzniwnSyZfZ7v7nJ,Music,KnvZfZ7vAeA,Rock,KZazBEonSMnZfZ7v6aA,Psychedelic,2026-09-17T20:02:13.675395+00:00
KZFzniwnSyZfZ7v7nJ,Music,KnvZfZ7vAeA,Rock,KZazBEonSMnZfZ7v6ak,Pub Rock,2026-09-17T20:02:13.675395+00:00
KZFzniwnSyZfZ7v7nJ,Music,KnvZfZ7vAeA,Rock,KZazBEonSMnZfZ7v6a6,Punk,2026-09-17T20:02:13.675395+00:00
KZFzniwnSyZfZ7v7nJ,Music,KnvZfZ7vAeA,Rock,KZazBEonSMnZfZ7v6aF,Punk Blues,2026-09-17T20:02:13.675395+00:00
KZFzniwnSyZfZ7v7nJ,Music,KnvZfZ7vAeA,Rock,KZazBEonSMnZfZ7v6aa,Punk Metal,2026-09-17T20:02:13.675395+00:00
KZFzniwnSyZfZ7v7nJ,Music,KnvZfZ7vAeA,Rock,KZazBEonSMnZfZ7v6a1,Punk Revival,2026-09-17T20:02:13.675395+00:00
KZFzniwnSyZfZ7v7nJ,Music,KnvZfZ7vAeA,Rock,KZazBEonSMnZfZ7v6aE,Rap-Metal,2026-09-17T20:02:13.675395+00:00
KZFzniwnSyZfZ7v7nJ,Music,KnvZfZ7vAeA,Rock,KZazBEonSMnZfZ7v6aJ,Rap-Rock,2026-09-17T20:02:13.675395+00:00
KZFzniwnSyZfZ7v7nJ,Music,KnvZfZ7vAeA,Rock,KZazBEonSMnZfZ7v6at,Retro Rock Revival,2026-09-17T20:02:13.675395+00:00
KZFzniwnSyZfZ7v7nJ,Music,KnvZfZ7vAeA,Rock,KZazBEonSMnZfZ7v6da,Rock,2026-09-17T20:02:13.675395+00:00
KZFzniwnSyZfZ7v7nJ,Music,KnvZfZ7vAeA,Rock,KZazBEonSMnZfZ7v6an,Rock & Roll,2026-09-17T20:02:13.675395+00:00
KZFzniwnSyZfZ7v7nJ,Music,KnvZfZ7vAeA,Rock,KZazBEonSMnZfZ7v6al,Rockabilly,2026-09-17T20:02:13.675395+00:00
KZFzniwnSyZfZ7v7nJ,Music,KnvZfZ7vAeA,Rock,KZazBEonSMnZfZ7v61v,Rockabilly Revival,2026-09-17T20:02:13.675395+00:00
KZFzniwnSyZfZ7v7nJ,Music,KnvZfZ7vAeA,Rock,KZazBEonSMnZfZ7v61e,Roots Rock,2026-09-17T20:02:13.675395+00:00
KZFzniwnSyZfZ7v7nJ,Music,KnvZfZ7vAeA,Rock,KZazBEonSMnZfZ7v61d,Scandinavian Metal,2026-09-17T20:02:13.675395+00:00
KZFzniwnSyZfZ7v7nJ,Music,KnvZfZ7vAeA,Rock,KZazBEonSMnZfZ7v617,Screamo,2026-09-17T20:02:13.675395+00:00
KZFzniwnSyZfZ7v7nJ,Music,KnvZfZ7vAeA,Rock,KZazBEonSMnZfZ7v61A,Shred,2026-09-17T20:02:13.675395+00:00
KZFzniwnSyZfZ7v7nJ,Music,KnvZfZ7vAeA,Rock,KZazBEonSMnZfZ7v61k,Ska Revival,2026-09-17T20:02:13.675395+00:00
KZFzniwnSyZfZ7v7nJ,Music,KnvZfZ7vAeA,Rock,KZazBEonSMnZfZ7v616,Skiffle,2026-09-17T20:02:13.675395+00:00
KZFzniwnSyZfZ7v7nJ,Music,KnvZfZ7vAeA,Rock,KZazBEonSMnZfZ7v61F,Sludge Metal,2026-09-17T20:02:13.675395+00:00
KZFzniwnSyZfZ7v7nJ,Music,KnvZfZ7vAeA,Rock,KZazBEonSMnZfZ7v61a,Soft Rock,2026-09-17T20:02:13.675395+00:00
KZFzniwnSyZfZ7v7nJ,Music,KnvZfZ7vAeA,Rock,KZazBEonSMnZfZ7v611,Sophisti-Pop,2026-09-17T20:02:13.675395+00:00
KZFzniwnSyZfZ7v7nJ,Music,KnvZfZ7vAeA,Rock,KZazBEonSMnZfZ7v61J,Southern Rock,2026-09-17T20:02:13.675395+00:00
KZFzniwnSyZfZ7v7nJ,Music,KnvZfZ7vAeA,Rock,KZazBEonSMnZfZ7v61E,Stoner Metal,2026-09-17T20:02:13.675395+00:00
KZFzniwnSyZfZ7v7nJ,Music,KnvZfZ7vAeA,Rock,KZazBEonSMnZfZ7v61I,Straight-Edge,2026-09-17T20:02:13.675395+00:00
KZFzniwnSyZfZ7v7nJ,Music,KnvZfZ7vAeA,Rock,KZazBEonSMnZfZ7v61t,Surf,2026-09-17T20:02:13.675395+00:00
KZFzniwnSyZfZ7v7nJ,Music,KnvZfZ7vAeA,Rock,KZazBEonSMnZfZ7v61n,Surf Guitar,2026-09-17T20:02:13.675395+00:00
KZFzniwnSyZfZ7v7nJ,Music,KnvZfZ7vAeA,Rock,KZazBEonSMnZfZ7v61l,Surf Revival,2026-09-17T20:02:13.675395+00:00
KZFzniwnSyZfZ7v7nJ,Music,KnvZfZ7vAeA,Rock,KZazBEonSMnZfZ7v6Jv,Surf Rock,2026-09-17T20:02:13.675395+00:00
KZFzniwnSyZfZ7v7nJ,Music,KnvZfZ7vAeA,Rock,KZazBEonSMnZfZ7v6Je,Swedish Rock,2026-09-17T20:02:13.675395+00:00
KZFzniwnSyZfZ7v7nJ,Music,KnvZfZ7vAeA,Rock,KZazBEonSMnZfZ7v6Jd,Symphonic Black Metal,2026-09-17T20:02:13.675395+00:00
KZFzniwnSyZfZ7v7nJ,Music,KnvZfZ7vAeA,Rock,KZazBEonSMnZfZ7v6J7,Teen Idol,2026-09-17T20:02:13.675395+00:00
KZFzniwnSyZfZ7v7nJ,Music,KnvZfZ7vAeA,Rock,KZazBEonSMnZfZ7v6JA,Tex-Mex,2026-09-17T20:02:13.675395+00:00
KZFzniwnSyZfZ7v7nJ,Music,KnvZfZ7vAeA,Rock,KZazBEonSMnZfZ7v6Jk,Thrash & Speed Metal,2026-09-17T20:02:13.675395+00:00
KZFzniwnSyZfZ7v7nJ,Music,KnvZfZ7vAeA,Rock,KZazBEonSMnZfZ7v6J6,Traditional Folk,2026-09-17T20:02:13.675395+00:00
KZFzniwnSyZfZ7v7nJ,Music,KnvZfZ7vAeA,Rock,KZazBEonSMnZfZ7v6JF,World Rock,2026-09-17T20:02:13.675395+00:00
KZFzniwnSyZfZ7v7nJ,Music,KnvZfZ7vAeA,Rock,KZazBEonSMnZfZ7v6Ja,Worldbeat,2026-09-17T20:02:13.675395+00:00
KZFzniwnSyZfZ7v7nJ,Music,KnvZfZ7vAe6,Undefined,KZazBEonSMnZfZ7v6JI,Undefined,2026-09-17T20:02:13.675395+00:00
KZFzniwnSyZfZ7v7nJ,Music,KnvZfZ7vAeF,World,KZazBEonSMnZfZ7v6Jn,Aborginal Folk,2026-09-17T20:02:13.675395+00:00
KZFzniwnSyZfZ7v7nJ,Music,KnvZfZ7vAeF,World,KZazBEonSMnZfZ7v6Jl,Afghanistan,2026-09-17T20:02:13.675395+00:00
KZFzniwnSyZfZ7v7nJ,Music,KnvZfZ7vAeF,World,KZazBEonSMnZfZ7v6Ev,African,2026-09-17T20:02:13.675395+00:00
KZFzniwnSyZfZ7v7nJ,Music,KnvZfZ7vAeF,World,KZazBEonSMnZfZ7v6Ee,African Folk,2026-09-17T20:02:13.675395+00:00
KZFzniwnSyZfZ7v7nJ,Music,KnvZfZ7vAeF,World,KZazBEonSMnZfZ7v6Ed,African Jazz,2026-09-17T20:02:13.675395+00:00
KZFzniwnSyZfZ7v7nJ,Music,KnvZfZ7vAeF,World,KZazBEonSMnZfZ7v6E7,Afro Brazilian,2026-09-17T20:02:13.675395+00:00
KZFzniwnSyZfZ7v7nJ,Music,KnvZfZ7vAeF,World,KZazBEonSMnZfZ7v6EA,Afro Peruvian,2026-09-17T20:02:13.675395+00:00
KZFzniwnSyZfZ7v7nJ,Music,KnvZfZ7vAeF,World,KZazBEonSMnZfZ7v6Ek,Afro-Beat,2026-09-17T20:02:13.675395+00:00
KZFzniwnSyZfZ7v7nJ,Music,KnvZfZ7vAeF,World,KZazBEonSMnZfZ7v6E6,Afro-Cuban,2026-09-17T20:02:13.675395+00:00
KZFzniwnSyZfZ7v7nJ,Music,KnvZfZ7vAeF,World,KZazBEonSMnZfZ7v6EF,Afro-Cuban Jazz,2026-09-17T20:02:13.675395+00:00
KZFzniwnSyZfZ7v7nJ,Music,KnvZfZ7vAeF,World,KZazBEonSMnZfZ7v6Ea,Algeria,2026-09-17T20:02:13.675395+00:00
KZFzniwnSyZfZ7v7nJ,Music,KnvZfZ7vAeF,World,KZazBEonSMnZfZ7v6E1,Andalus Classical,2026-09-17T20:02:13.675395+00:00
KZFzniwnSyZfZ7v7nJ,Music,KnvZfZ7vAeF,World,KZazBEonSMnZfZ7v6EJ,Andes,2026-09-17T20:02:13.675395+00:00
KZFzniwnSyZfZ7v7nJ,Music,KnvZfZ7vAeF,World,KZazBEonSMnZfZ7v6EE,Appalachian,2026-09-17T20:02:13.675395+00:00
KZFzniwnSyZfZ7v7nJ,Music,KnvZfZ7vAeF,World,KZazBEonSMnZfZ7v6EI,Arabic,2026-09-17T20:02:13.675395+00:00
KZFzniwnSyZfZ7v7nJ,Music,KnvZfZ7vAeF,World,KZazBEonSMnZfZ7v6Et,Argentina,2026-09-17T20:02:13.675395+00:00
KZFzniwnSyZfZ7v7nJ,Music,KnvZfZ7vAeF,World,KZazBEonSMnZfZ7v6En,Armenian,2026-09-17T20:02:13.675395+00:00
KZFzniwnSyZfZ7v7nJ,Music,KnvZfZ7vAeF,World,KZazBEonSMnZfZ7v6El,Asia,2026-09-17T20:02:13.675395+00:00
KZFzniwnSyZfZ7v7nJ,Music,KnvZfZ7vAeF,World,KZazBEonSMnZfZ7v6Iv,Asian Pop,2026-09-17T20:02:13.675395+00:00
KZFzniwnSyZfZ7v7nJ,Music,KnvZfZ7vAeF,World,KZazBEonSMnZfZ7v6Ie,Australasia,2026-09-17T20:02:13.675395+00:00
KZFzniwnSyZfZ7v7nJ,Music,KnvZfZ7vAeF,World,KZazBEonSMnZfZ7v6Id,Bachata,2026-09-17T20:02:13.675395+00:00
KZFzniwnSyZfZ7v7nJ,Music,KnvZfZ7vAeF,World,KZazBEonSMnZfZ7v6I7,Bahamas,2026-09-17T20:02:13.675395+00:00
KZFzniwnSyZfZ7v7nJ,Music,KnvZfZ7vAeF,World,KZazBEonSMnZfZ7v6IA,Beguine,2026-09-17T20:02:13.675395+00:00
KZFzniwnSyZfZ7v7nJ,Music,KnvZfZ7vAeF,World,KZazBEonSMnZfZ7v6Ik,Beguine Moderne,2026-09-17T20:02:13.675395+00:00
KZFzniwnSyZfZ7v7nJ,Music,KnvZfZ7vAeF,World,KZazBEonSMnZfZ7v6I6,Belly Dancing,2026-09-17T20:02:13.675395+00:00
KZFzniwnSyZfZ7v7nJ,Music,KnvZfZ7vAeF,World,KZazBEonSMnZfZ7v6IF,Benin,2026-09-17T20:02:13.675395+00:00
KZFzniwnSyZfZ7v7nJ,Music,KnvZfZ7vAeF,World,KZazBEonSMnZfZ7v6Ia,Bhangra,2026-09-17T20:02:13.675395+00:00
KZFzniwnSyZfZ7v7nJ,Music,KnvZfZ7vAeF,World,KZazBEonSMnZfZ7v6I1,Bhutan,2026-09-17T20:02:13.675395+00:00
KZFzniwnSyZfZ7v7nJ,Music,KnvZfZ7vAeF,World,KZazBEonSMnZfZ7v6IJ,Big Band Latino,2026-09-17T20:02:13.675395+00:00
KZFzniwnSyZfZ7v7nJ,Music,KnvZfZ7vAeF,World,KZazBEonSMnZfZ7v6IE,Bikutsi,2026-09-17T20:02:13.675395+00:00
KZFzniwnSyZfZ7v7nJ,Music,KnvZfZ7vAeF,World,KZazBEonSMnZfZ7v6II,Bolero,2026-09-17T20:02:13.675395+00:00
KZFzniwnSyZfZ7v7nJ,Music,KnvZfZ7vAeF,World,KZazBEonSMnZfZ7v6It,Bolivia,2026-09-17T20:02:13.675395+00:00
KZFzniwnSyZfZ7v7nJ,Music,KnvZfZ7vAeF,World,KZazBEonSMnZfZ7v6In,Bollywood,2026-09-17T20:02:13.675395+00:00
KZFzniwnSyZfZ7v7nJ,Music,KnvZfZ7vAeF,World,KZazBEonSMnZfZ7v6Il,Boogaloo,2026-09-17T20:02:13.675395+00:00
KZFzniwnSyZfZ7v7nJ,Music,KnvZfZ7vAeF,World,KZazBEonSMnZfZ7v6tv,Botswana,2026-09-17T20:02:13.675395+00:00
KZFzniwnSyZfZ7v7nJ,Music,KnvZfZ7vAeF,World,KZazBEonSMnZfZ7v6te,Brazil,2026-09-17T20:02:13.675395+00:00
KZFzniwnSyZfZ7v7nJ,Music,KnvZfZ7vAeF,World,KZazBEonSMnZfZ7v6td,Brazilian Folk And Dance,2026-09-17T20:02:13.675395+00:00
KZFzniwnSyZfZ7v7nJ,Music,KnvZfZ7vAeF,World,KZazBEonSMnZfZ7v6t7,Brazilian Jazz,2026-09-17T20:02:13.675395+00:00
KZFzniwnSyZfZ7v7nJ,Music,KnvZfZ7vAeF,World,KZazBEonSMnZfZ7v6tA,British Punk,2026-09-17T20:02:13.675395+00:00
KZFzniwnSyZfZ7v7nJ,Music,KnvZfZ7vAeF,World,KZazBEonSMnZfZ7v6tk,Burundi,2026-09-17T20:02:13.675395+00:00
KZFzniwnSyZfZ7v7nJ,Music,KnvZfZ7vAeF,World,KZazBEonSMnZfZ7v6t6,Cambodia,2026-09-17T20:02:13.675395+00:00
KZFzniwnSyZfZ7v7nJ,Music,KnvZfZ7vAeF,World,KZazBEonSMnZfZ7v6tF,Cameroon,2026-09-17T20:02:13.675395+00:00
KZFzniwnSyZfZ7v7nJ,Music,KnvZfZ7vAeF,World,KZazBEonSMnZfZ7v6ta,Cape Verde,2026-09-17T20:02:13.675395+00:00
KZFzniwnSyZfZ7v7nJ,Music,KnvZfZ7vAeF,World,KZazBEonSMnZfZ7v6t1,Carnatic,2026-09-17T20:02:13.675395+00:00
KZFzniwnSyZfZ7v7nJ,Music,KnvZfZ7vAeF,World,KZazBEonSMnZfZ7v6tJ,Celtic Pop,2026-09-17T20:02:13.675395+00:00
KZFzniwnSyZfZ7v7nJ,Music,KnvZfZ7vAeF,World,KZazBEonSMnZfZ7v6tE,Celtic/ British Isles,2026-09-17T20:02:13.675395+00:00
KZFzniwnSyZfZ7v7nJ,Music,KnvZfZ7vAeF,World,KZazBEonSMnZfZ7v6tI,Central Europe,2026-09-17T20:02:13.675395+00:00
KZFzniwnSyZfZ7v7nJ,Music,KnvZfZ7vAeF,World,KZazBEonSMnZfZ7v6tt,Cha-Cha,2026-09-17T20:02:13.675395+00:00
KZFzniwnSyZfZ7v7nJ,Music,KnvZfZ7vAeF,World,KZazBEonSMnZfZ7v6tn,Chant,2026-09-17T20:02:13.675395+00:00
KZFzniwnSyZfZ7v7nJ,Music,KnvZfZ7vAeF,World,KZazBEonSMnZfZ7v6tl,Chassidic,2026-09-17T20:02:13.675395+00:00
KZFzniwnSyZfZ7v7nJ,Music,KnvZfZ7vAeF,World,KZazBEonSMnZfZ7v6nv,Chile,2026-09-17T20:02:13.675395+00:00
KZFzniwnSyZfZ7v7nJ,Music,KnvZfZ7vAeF,World,KZazBEonSMnZfZ7v6ne,Chimurenga,2026-09-17T20:02:13.675395+00:00
KZFzniwnSyZfZ7v7nJ,Music,KnvZfZ7vAeF,World,KZazBEonSMnZfZ7v6nd,China,2026-09-17T20:02:13.675395+00:00
KZFzniwnSyZfZ7v7nJ,Music,KnvZfZ7vAeF,World,KZazBEonSMnZfZ7v6n7,Christmas,2026-09-17T20:02:13.675395+00:00
KZFzniwnSyZfZ7v7nJ,Music,KnvZfZ7vAeF,World,KZazBEonSMnZfZ7v6nA,Colombia,2026-09-17T20:02:13.675395+00:00
KZFzniwnSyZfZ7v7nJ,Music,KnvZfZ7vAeF,World,KZazBEonSMnZfZ7v6nk,Compas,2026-09-17T20:02:13.675395+00:00
KZFzniwnSyZfZ7v7nJ,Music,KnvZfZ7vAeF,World,KZazBEonSMnZfZ7v6n6,Conjunto,2026-09-17T20:02:13.675395+00:00
KZFzniwnSyZfZ7v7nJ,Music,KnvZfZ7vAeF,World,KZazBEonSMnZfZ7v6nF,Contemporary Celtic,2026-09-17T20:02:13.675395+00:00
KZFzniwnSyZfZ7v7nJ,Music,KnvZfZ7vAeF,World,KZazBEonSMnZfZ7v6na,Contemporary Flamenco,2026-09-17T20:02:13.675395+00:00
KZFzniwnSyZfZ7v7nJ,Music,KnvZfZ7vAeF,World,KZazBEonSMnZfZ7v6n1,Continental Europe,2026-09-17T20:02:13.675395+00:00
KZFzniwnSyZfZ7v7nJ,Music,KnvZfZ7vAeF,World,KZazBEonSMnZfZ7v6nJ,Corrido,2026-09-17T20:02:13.675395+00:00
KZFzniwnSyZfZ7v7nJ,Music,KnvZfZ7vAeF,World,KZazBEonSMnZfZ7v6nE,Costa Rica,2026-09-17T20:02:13.675395+00:00
KZFzniwnSyZfZ7v7nJ,Music,KnvZfZ7vAeF,World,KZazBEonSMnZfZ7v6nI,Cuban,2026-09-17T20:02:13.675395+00:00
KZFzniwnSyZfZ7v7nJ,Music,KnvZfZ7vAeF,World,KZazBEonSMnZfZ7v6nt,Cuban Big Band,2026-09-17T20:02:13.675395+00:00
KZFzniwnSyZfZ7v7nJ,Music,KnvZfZ7vAeF,World,KZazBEonSMnZfZ7v6nn,Cuban Calypso,2026-09-17T20:02:13.675395+00:00
KZFzniwnSyZfZ7v7nJ,Music,KnvZfZ7vAeF,World,KZazBEonSMnZfZ7v6nl,Cuban Charanga,2026-09-17T20:02:13.675395+00:00
KZFzniwnSyZfZ7v7nJ,Music,KnvZfZ7vAeF,World,KZazBEonSMnZfZ7v6lv,Cuban Jazz,2026-09-17T20:02:13.675395+00:00
KZFzniwnSyZfZ7v7nJ,Music,KnvZfZ7vAeF,World,KZazBEonSMnZfZ7v6le,Cuban Rhumba,2026-09-17T20:02:13.675395+00:00
KZFzniwnSyZfZ7v7nJ,Music,KnvZfZ7vAeF,World,KZazBEonSMnZfZ7v6ld,Cumbia,2026-09-17T20:02:13.675395+00:00
KZFzniwnSyZfZ7v7nJ,Music,KnvZfZ7vAeF,World,KZazBEonSMnZfZ7v6l7,Danzon,2026-09-17T20:02:13.675395+00:00
KZFzniwnSyZfZ7v7nJ,Music,KnvZfZ7vAeF,World,KZazBEonSMnZfZ7v6lA,Dhrupad,2026-09-17T20:02:13.675395+00:00
KZFzniwnSyZfZ7v7nJ,Music,KnvZfZ7vAeF,World,KZazBEonSMnZfZ7v6lk,Djabdong,2026-09-17T20:02:13.675395+00:00
KZFzniwnSyZfZ7v7nJ,Music,KnvZfZ7vAeF,World,KZazBEonSMnZfZ7v6l6,Dominican Republic,2026-09-17T20:02:13.675395+00:00
KZFzniwnSyZfZ7v7nJ,Music,KnvZfZ7vAeF,World,KZazBEonSMnZfZ7v6lF,Drinking Songs,2026-09-17T20:02:13.675395+00:00
KZFzniwnSyZfZ7v7nJ,Music,KnvZfZ7vAeF,World,KZazBEonSMnZfZ7v6la,Eastern Europe,2026-09-17T20:02:13.675395+00:00
KZFzniwnSyZfZ7v7nJ,Music,KnvZfZ7vAeF,World,KZazBEonSMnZfZ7v6l1,Egypt,2026-09-17T20:02:13.675395+00:00
KZFzniwnSyZfZ7v7nJ,Music,KnvZfZ7vAeF,World,KZazBEonSMnZfZ7v6lJ,Ethiopia,2026-09-17T20:02:13.675395+00:00
KZFzniwnSyZfZ7v7nJ,Music,KnvZfZ7vAeF,World,KZazBEonSMnZfZ7v6lE,Euro-Rock,2026-09-17T20:02:13.675395+00:00
KZFzniwnSyZfZ7v7nJ,Music,KnvZfZ7vAeF,World,KZazBEonSMnZfZ7v6lI,Europe,2026-09-17T20:02:13.675395+00:00
KZFzniwnSyZfZ7v7nJ,Music,KnvZfZ7vAeF,World,KZazBEonSMnZfZ7v6lt,European Jazz,2026-09-17T20:02:13.675395+00:00
KZFzniwnSyZfZ7v7nJ,Music,KnvZfZ7vAeF,World,KZazBEonSMnZfZ7v6ln,Flamenco,2026-09-17T20:02:13.675395+00:00
KZFzniwnSyZfZ7v7nJ,Music,KnvZfZ7vAeF,World,KZazBEonSMnZfZ7v6ll,Forro,2026-09-17T20:02:13.675395+00:00
KZFzniwnSyZfZ7v7nJ,Music,KnvZfZ7vAeF,World,KZazBEonSMnZfZ7vFvv,French Pop,2026-09-17T20:02:13.675395+00:00
KZFzniwnSyZfZ7v7nJ,Music,KnvZfZ7vAeF,World,KZazBEonSMnZfZ7vFve,French Rock,2026-09-17T20:02:13.675395+00:00
KZFzniwnSyZfZ7v7nJ,Music,KnvZfZ7vAeF,World,KZazBEonSMnZfZ7vFvd,Fuji,2026-09-17T20:02:13.675395+00:00
KZFzniwnSyZfZ7v7nJ,Music,KnvZfZ7vAeF,World,KZazBEonSMnZfZ7vFv7,Fusion,2026-09-17T20:02:13.675395+00:00
KZFzniwnSyZfZ7v7nJ,Music,KnvZfZ7vAeF,World,KZazBEonSMnZfZ7vFvA,Gabon,2026-09-17T20:02:13.675395+00:00
KZFzniwnSyZfZ7v7nJ,Music,KnvZfZ7vAeF,World,KZazBEonSMnZfZ7vFvk,Georgian Choir,2026-09-17T20:02:13.675395+00:00
KZFzniwnSyZfZ7v7nJ,Music,KnvZfZ7vAeF,World,KZazBEonSMnZfZ7vFv6,Ghana,2026-09-17T20:02:13.675395+00:00
KZFzniwnSyZfZ7v7nJ,Music,KnvZfZ7vAeF,World,KZazBEonSMnZfZ7vFvF,Guaguancó,2026-09-17T20:02:13.675395+00:00
KZFzniwnSyZfZ7v7nJ,Music,KnvZfZ7vAeF,World,KZazBEonSMnZfZ7vFva,Guinea,2026-09-17T20:02:13.675395+00:00
KZFzniwnSyZfZ7v7nJ,Music,KnvZfZ7vAeF,World,KZazBEonSMnZfZ7vFv1,Gypsy,2026-09-17T20:02:13.675395+00:00
KZFzniwnSyZfZ7v7nJ,Music,KnvZfZ7vAeF,World,KZazBEonSMnZfZ7vFvJ,Haiti,2026-09-17T20:02:13.675395+00:00
KZFzniwnSyZfZ7v7nJ,Music,KnvZfZ7vAeF,World,KZazBEonSMnZfZ7vFvE,Hapa-Haole,2026-09-17T20:02:13.675395+00:00
KZFzniwnSyZfZ7v7nJ,Music,KnvZfZ7vAeF,World,KZazBEonSMnZfZ7vFvI,Hawaiian,2026-09-17T20:02:13.675395+00:00
KZFzniwnSyZfZ7v7nJ,Music,KnvZfZ7vAeF,World,KZazBEonSMnZfZ7vFvt,Hawaiian Pop,2026-09-17T20:02:13.675395+00:00
KZFzniwnSyZfZ7v7nJ,Music,KnvZfZ7vAeF,World,KZazBEonSMnZfZ7vFvn,Hawaiian R&B & Hip-Hop,2026-09-17T20:02:13.675395+00:00
KZFzniwnSyZfZ7v7nJ,Music,KnvZfZ7vAeF,World,KZazBEonSMnZfZ7vFvl,Hebrew,2026-09-17T20:02:13.675395+00:00
KZFzniwnSyZfZ7v7nJ,Music,KnvZfZ7vAeF,World,KZazBEonSMnZfZ7vFev,Highlife,2026-09-17T20:02:13.675395+00:00
KZFzniwnSyZfZ7v7nJ,Music,KnvZfZ7vAeF,World,KZazBEonSMnZfZ7vFee,Hula,2026-09-17T20:02:13.675395+00:00
KZFzniwnSyZfZ7v7nJ,Music,KnvZfZ7vAeF,World,KZazBEonSMnZfZ7vFed,India & Pakistan,2026-09-17T20:02:13.675395+00:00
KZFzniwnSyZfZ7v7nJ,Music,KnvZfZ7vAeF,World,KZazBEonSMnZfZ7vFe7,Indian Classical,2026-09-17T20:02:13.675395+00:00
KZFzniwnSyZfZ7v7nJ,Music,KnvZfZ7vAeF,World,KZazBEonSMnZfZ7vFeA,Indian Pop,2026-09-17T20:02:13.675395+00:00
KZFzniwnSyZfZ7v7nJ,Music,KnvZfZ7vAeF,World,KZazBEonSMnZfZ7vFek,Indonesia,2026-09-17T20:02:13.675395+00:00
KZFzniwnSyZfZ7v7nJ,Music,KnvZfZ7vAeF,World,KZazBEonSMnZfZ7vFe6,Iran,2026-09-17T20:02:13.675395+00:00
KZFzniwnSyZfZ7v7nJ,Music,KnvZfZ7vAeF,World,KZazBEonSMnZfZ7vFeF,Iraq,2026-09-17T20:02:13.675395+00:00
KZFzniwnSyZfZ7v7nJ,Music,KnvZfZ7vAeF,World,KZazBEonSMnZfZ7vFea,Islamic,2026-09-17T20:02:13.675395+00:00
KZFzniwnSyZfZ7v7nJ,Music,KnvZfZ7vAeF,World,KZazBEonSMnZfZ7vFe1,Israel,2026-09-17T20:02:13.675395+00:00
KZFzniwnSyZfZ7v7nJ,Music,KnvZfZ7vAeF,World,KZazBEonSMnZfZ7vFeJ,Italian Pop,2026-09-17T20:02:13.675395+00:00
KZFzniwnSyZfZ7v7nJ,Music,KnvZfZ7vAeF,World,KZazBEonSMnZfZ7vFeE,Ivory Coast,2026-09-17T20:02:13.675395+00:00
KZFzniwnSyZfZ7v7nJ,Music,KnvZfZ7vAeF,World,KZazBEonSMnZfZ7vFeI,Jamaica,2026-09-17T20:02:13.675395+00:00
KZFzniwnSyZfZ7v7nJ,Music,KnvZfZ7vAeF,World,KZazBEonSMnZfZ7vFet,Japan,2026-09-17T20:02:13.675395+00:00
KZFzniwnSyZfZ7v7nJ,Music,KnvZfZ7vAeF,World,KZazBEonSMnZfZ7vFen,Japanese Pop,2026-09-17T20:02:13.675395+00:00
KZFzniwnSyZfZ7v7nJ,Music,KnvZfZ7vAeF,World,KZazBEonSMnZfZ7vFel,Japanese Rock,2026-09-17T20:02:13.675395+00:00
KZFzniwnSyZfZ7v7nJ,Music,KnvZfZ7vAeF,World,KZazBEonSMnZfZ7vFdv,Jibaro,2026-09-17T20:02:13.675395+00:00
KZFzniwnSyZfZ7v7nJ,Music,KnvZfZ7vAeF,World,KZazBEonSMnZfZ7vFde,Jit,2026-09-17T20:02:13.675395+00:00
KZFzniwnSyZfZ7v7nJ,Music,KnvZfZ7vAeF,World,KZazBEonSMnZfZ7vFdd,Juju,2026-09-17T20:02:13.675395+00:00
KZFzniwnSyZfZ7v7nJ,Music,KnvZfZ7vAeF,World,KZazBEonSMnZfZ7vFd7,Kenya,2026-09-17T20:02:13.675395+00:00
KZFzniwnSyZfZ7v7nJ,Music,KnvZfZ7vAeF,World,KZazBEonSMnZfZ7vFdA,Klezmer,2026-09-17T20:02:13.675395+00:00
KZFzniwnSyZfZ7v7nJ,Music,KnvZfZ7vAeF,World,KZazBEonSMnZfZ7vFdk,Kora,2026-09-17T20:02:13.675395+00:00
KZFzniwnSyZfZ7v7nJ,Music,KnvZfZ7vAeF,World,KZazBEonSMnZfZ7vFd6,Korea,2026-09-17T20:02:13.675395+00:00
KZFzniwnSyZfZ7v7nJ,Music,KnvZfZ7vAeF,World,KZazBEonSMnZfZ7vFdF,Laika,2026-09-17T20:02:13.675395+00:00
KZFzniwnSyZfZ7v7nJ,Music,KnvZfZ7vAeF,World,KZazBEonSMnZfZ7vFda,Lambada,2026-09-17T20:02:13.675395+00:00
KZFzniwnSyZfZ7v7nJ,Music,KnvZfZ7vAeF,World,KZazBEonSMnZfZ7vFd1,Laos,2026-09-17T20:02:13.675395+00:00
KZFzniwnSyZfZ7v7nJ,Music,KnvZfZ7vAeF,World,KZazBEonSMnZfZ7vFdJ,Latin,2026-09-17T20:02:13.675395+00:00
KZFzniwnSyZfZ7v7nJ,Music,KnvZfZ7vAeF,World,KZazBEonSMnZfZ7vFdE,Latin Children's,2026-09-17T20:02:13.675395+00:00
KZFzniwnSyZfZ7v7nJ,Music,KnvZfZ7vAeF,World,KZazBEonSMnZfZ7vFdI,Latin Christian,2026-09-17T20:02:13.675395+00:00
KZFzniwnSyZfZ7v7nJ,Music,KnvZfZ7vAeF,World,KZazBEonSMnZfZ7vFdt,Latin Contemporary Christian,2026-09-17T20:02:13.675395+00:00
KZFzniwnSyZfZ7v7nJ,Music,KnvZfZ7vAeF,World,KZazBEonSMnZfZ7vFdn,Latin Dance,2026-09-17T20:02:13.675395+00:00
KZFzniwnSyZfZ7v7nJ,Music,KnvZfZ7vAeF,World,KZazBEonSMnZfZ7vFdl,Latin Electronica,2026-09-17T20:02:13.675395+00:00
KZFzniwnSyZfZ7v7nJ,Music,KnvZfZ7vAeF,World,KZazBEonSMnZfZ7vF7v,Latin Folk,2026-09-17T20:02:13.675395+00:00
KZFzniwnSyZfZ7v7nJ,Music,KnvZfZ7vAeF,World,KZazBEonSMnZfZ7vF7e,Latin Freestyle,2026-09-17T20:02:13.675395+00:00
KZFzniwnSyZfZ7v7nJ,Music,KnvZfZ7vAeF,World,KZazBEonSMnZfZ7vF7d,Latin Hip-hop,2026-09-17T20:02:13.675395+00:00
KZFzniwnSyZfZ7v7nJ,Music,KnvZfZ7vAeF,World,KZazBEonSMnZfZ7vF77,Latin Jazz,2026-09-17T20:02:13.675395+00:00
KZFzniwnSyZfZ7v7nJ,Music,KnvZfZ7vAeF,World,KZazBEonSMnZfZ7vF7k,Latin Pop,2026-09-17T20:02:13.675395+00:00
KZFzniwnSyZfZ7v7nJ,Music,KnvZfZ7vAeF,World,KZazBEonSMnZfZ7vF76,Latin Rock,2026-09-17T20:02:13.675395+00:00
KZFzniwnSyZfZ7v7nJ,Music,KnvZfZ7vAeF,World,KZazBEonSMnZfZ7vF7F,Latin Soul,2026-09-17T20:02:13.675395+00:00
KZFzniwnSyZfZ7v7nJ,Music,KnvZfZ7vAeF,World,KZazBEonSMnZfZ7vF7a,Lebanon,2026-09-17T20:02:13.675395+00:00
KZFzniwnSyZfZ7v7nJ,Music,KnvZfZ7vAeF,World,KZazBEonSMnZfZ7vF71,Madagascar,2026-09-17T20:02:13.675395+00:00
KZFzniwnSyZfZ7v7nJ,Music,KnvZfZ7vAeF,World,KZazBEonSMnZfZ7vF7J,Makossa,2026-09-17T20:02:13.675395+00:00
KZFzniwnSyZfZ7v7nJ,Music,KnvZfZ7vAeF,World,KZazBEonSMnZfZ7vF7E,Mali,2026-09-17T20:02:13.675395+00:00
KZFzniwnSyZfZ7v7nJ,Music,KnvZfZ7vAeF,World,KZazBEonSMnZfZ7vF7I,Mambo,2026-09-17T20:02:13.675395+00:00
KZFzniwnSyZfZ7v7nJ,Music,KnvZfZ7vAeF,World,KZazBEonSMnZfZ7vF7t,Mantras,2026-09-17T20:02:13.675395+00:00
KZFzniwnSyZfZ7v7nJ,Music,KnvZfZ7vAeF,World,KZazBEonSMnZfZ7vF7n,Marabi,2026-09-17T20:02:13.675395+00:00
KZFzniwnSyZfZ7v7nJ,Music,KnvZfZ7vAeF,World,KZazBEonSMnZfZ7vF7l,Mariachi,2026-09-17T20:02:13.675395+00:00
KZFzniwnSyZfZ7v7nJ,Music,KnvZfZ7vAeF,World,KZazBEonSMnZfZ7vFAv,Mbalax,2026-09-17T20:02:13.675395+00:00
KZFzniwnSyZfZ7v7nJ,Music,KnvZfZ7vAeF,World,KZazBEonSMnZfZ7vFAe,Mbaqanga,2026-09-17T20:02:13.675395+00:00
KZFzniwnSyZfZ7v7nJ,Music,KnvZfZ7vAeF,World,KZazBEonSMnZfZ7vFAd,Mbira,2026-09-17T20:02:13.675395+00:00
KZFzniwnSyZfZ7v7nJ,Music,KnvZfZ7vAeF,World,KZazBEonSMnZfZ7vFA7,Mbube,2026-09-17T20:02:13.675395+00:00
KZFzniwnSyZfZ7v7nJ,Music,KnvZfZ7vAeF,World,KZazBEonSMnZfZ7vFAA,Mediterranean,2026-09-17T20:02:13.675395+00:00
KZFzniwnSyZfZ7v7nJ,Music,KnvZfZ7vAeF,World,KZazBEonSMnZfZ7vFAk,Merengue,2026-09-17T20:02:13.675395+00:00
KZFzniwnSyZfZ7v7nJ,Music,KnvZfZ7vAeF,World,KZazBEonSMnZfZ7vFA6,Merenhouse,2026-09-17T20:02:13.675395+00:00
KZFzniwnSyZfZ7v7nJ,Music,KnvZfZ7vAeF,World,KZazBEonSMnZfZ7vFAF,Mexican Banda,2026-09-17T20:02:13.675395+00:00
KZFzniwnSyZfZ7v7nJ,Music,KnvZfZ7vAeF,World,KZazBEonSMnZfZ7vFAa,Mexican Cumbia,2026-09-17T20:02:13.675395+00:00
KZFzniwnSyZfZ7v7nJ,Music,KnvZfZ7vAeF,World,KZazBEonSMnZfZ7vFA1,Mexican Duranguense,2026-09-17T20:02:13.675395+00:00
KZFzniwnSyZfZ7v7nJ,Music,KnvZfZ7vAeF,World,KZazBEonSMnZfZ7vFAJ,Mexican Folk,2026-09-17T20:02:13.675395+00:00
KZFzniwnSyZfZ7v7nJ,Music,KnvZfZ7vAeF,World,KZazBEonSMnZfZ7vFAE,Mexican Grupero,2026-09-17T20:02:13.675395+00:00
KZFzniwnSyZfZ7v7nJ,Music,KnvZfZ7vAeF,World,KZazBEonSMnZfZ7vFAI,Mexican Ranchera,2026-09-17T20:02:13.675395+00:00
KZFzniwnSyZfZ7v7nJ,Music,KnvZfZ7vAeF,World,KZazBEonSMnZfZ7vFAt,Mexican Sierreno,2026-09-17T20:02:13.675395+00:00
KZFzniwnSyZfZ7v7nJ,Music,KnvZfZ7vAeF,World,KZazBEonSMnZfZ7vFAn,Middle East,2026-09-17T20:02:13.675395+00:00
KZFzniwnSyZfZ7v7nJ,Music,KnvZfZ7vAeF,World,KZazBEonSMnZfZ7vFAl,Mini Jazz,2026-09-17T20:02:13.675395+00:00
KZFzniwnSyZfZ7v7nJ,Music,KnvZfZ7vAeF,World,KZazBEonSMnZfZ7vFkv,Morocco,2026-09-17T20:02:13.675395+00:00
KZFzniwnSyZfZ7v7nJ,Music,KnvZfZ7vAeF,World,KZazBEonSMnZfZ7vFke,Musette,2026-09-17T20:02:13.675395+00:00
KZFzniwnSyZfZ7v7nJ,Music,KnvZfZ7vAeF,World,KZazBEonSMnZfZ7vFkd,Native American,2026-09-17T20:02:13.675395+00:00
KZFzniwnSyZfZ7v7nJ,Music,KnvZfZ7vAeF,World,KZazBEonSMnZfZ7vFk7,New Age,2026-09-17T20:02:13.675395+00:00
KZFzniwnSyZfZ7v7nJ,Music,KnvZfZ7vAeF,World,KZazBEonSMnZfZ7vFkA,New York Salsa,2026-09-17T20:02:13.675395+00:00
KZFzniwnSyZfZ7v7nJ,Music,KnvZfZ7vAeF,World,KZazBEonSMnZfZ7vFkk,Nicaragua,2026-09-17T20:02:13.675395+00:00
KZFzniwnSyZfZ7v7nJ,Music,KnvZfZ7vAeF,World,KZazBEonSMnZfZ7vFk6,Nigeria,2026-09-17T20:02:13.675395+00:00
KZFzniwnSyZfZ7v7nJ,Music,KnvZfZ7vAeF,World,KZazBEonSMnZfZ7vFkF,North America,2026-09-17T20:02:13.675395+00:00
KZFzniwnSyZfZ7v7nJ,Music,KnvZfZ7vAeF,World,KZazBEonSMnZfZ7vFka,Nueva Trova,2026-09-17T20:02:13.675395+00:00
KZFzniwnSyZfZ7v7nJ,Music,KnvZfZ7vAeF,World,KZazBEonSMnZfZ7vFk1,Omutibo,2026-09-17T20:02:13.675395+00:00
KZFzniwnSyZfZ7v7nJ,Music,KnvZfZ7vAeF,World,KZazBEonSMnZfZ7vFkJ,Onda Grupera,2026-09-17T20:02:13.675395+00:00
KZFzniwnSyZfZ7v7nJ,Music,KnvZfZ7vAeF,World,KZazBEonSMnZfZ7vFkE,Pachanga,2026-09-17T20:02:13.675395+00:00
KZFzniwnSyZfZ7v7nJ,Music,KnvZfZ7vAeF,World,KZazBEonSMnZfZ7vFkI,Pakistan,2026-09-17T20:02:13.675395+00:00
KZFzniwnSyZfZ7v7nJ,Music,KnvZfZ7vAeF,World,KZazBEonSMnZfZ7vFkt,Panama,2026-09-17T20:02:13.675395+00:00
KZFzniwnSyZfZ7v7nJ,Music,KnvZfZ7vAeF,World,KZazBEonSMnZfZ7vFkn,Peru,2026-09-17T20:02:13.675395+00:00
KZFzniwnSyZfZ7v7nJ,Music,KnvZfZ7vAeF,World,KZazBEonSMnZfZ7vFkl,Pipe Bands,2026-09-17T20:02:13.675395+00:00
KZFzniwnSyZfZ7v7nJ,Music,KnvZfZ7vAeF,World,KZazBEonSMnZfZ7vF6v,Plena,2026-09-17T20:02:13.675395+00:00
KZFzniwnSyZfZ7v7nJ,Music,KnvZfZ7vAeF,World,KZazBEonSMnZfZ7vF6e,Polynesian Music,2026-09-17T20:02:13.675395+00:00
KZFzniwnSyZfZ7v7nJ,Music,KnvZfZ7vAeF,World,KZazBEonSMnZfZ7vF6d,Puerto Rico,2026-09-17T20:02:13.675395+00:00
KZFzniwnSyZfZ7v7nJ,Music,KnvZfZ7vAeF,World,KZazBEonSMnZfZ7vF67,Pygmy,2026-09-17T20:02:13.675395+00:00
KZFzniwnSyZfZ7v7nJ,Music,KnvZfZ7vAeF,World,KZazBEonSMnZfZ7vF6A,Qawwali,2026-09-17T20:02:13.675395+00:00
KZFzniwnSyZfZ7v7nJ,Music,KnvZfZ7vAeF,World,KZazBEonSMnZfZ7vF6k,Raga,2026-09-17T20:02:13.675395+00:00
KZFzniwnSyZfZ7v7nJ,Music,KnvZfZ7vAeF,World,KZazBEonSMnZfZ7vF66,Rai,2026-09-17T20:02:13.675395+00:00
KZFzniwnSyZfZ7v7nJ,Music,KnvZfZ7vAeF,World,KZazBEonSMnZfZ7vF6F,Rock en Español,2026-09-17T20:02:13.675395+00:00
KZFzniwnSyZfZ7v7nJ,Music,KnvZfZ7vAeF,World,KZazBEonSMnZfZ7vF6a,Russia,2026-09-17T20:02:13.675395+00:00
KZFzniwnSyZfZ7v7nJ,Music,KnvZfZ7vAeF,World,KZazBEonSMnZfZ7vF61,Salsa,2026-09-17T20:02:13.675395+00:00
KZFzniwnSyZfZ7v7nJ,Music,KnvZfZ7vAeF,World,KZazBEonSMnZfZ7vF6J,Samba,2026-09-17T20:02:13.675395+00:00
KZFzniwnSyZfZ7v7nJ,Music,KnvZfZ7vAeF,World,KZazBEonSMnZfZ7vF6E,Scandinavia,2026-09-17T20:02:13.675395+00:00
KZFzniwnSyZfZ7v7nJ,Music,KnvZfZ7vAeF,World,KZazBEonSMnZfZ7vF6I,Scandinavian Joik,2026-09-17T20:02:13.675395+00:00
KZFzniwnSyZfZ7v7nJ,Music,KnvZfZ7vAeF,World,KZazBEonSMnZfZ7vF6t,Senegal & Gambia,2026-09-17T20:02:13.675395+00:00
KZFzniwnSyZfZ7v7nJ,Music,KnvZfZ7vAeF,World,KZazBEonSMnZfZ7vF6n,Slack Key Guitar,2026-09-17T20:02:13.675395+00:00
KZFzniwnSyZfZ7v7nJ,Music,KnvZfZ7vAeF,World,KZazBEonSMnZfZ7vF6l,Soca,2026-09-17T20:02:13.675395+00:00
KZFzniwnSyZfZ7v7nJ,Music,KnvZfZ7vAeF,World,KZazBEonSMnZfZ7vFFv,Son,2026-09-17T20:02:13.675395+00:00
KZFzniwnSyZfZ7v7nJ,Music,KnvZfZ7vAeF,World,KZazBEonSMnZfZ7vFFe,Sonero,2026-09-17T20:02:13.675395+00:00
KZFzniwnSyZfZ7v7nJ,Music,KnvZfZ7vAeF,World,KZazBEonSMnZfZ7vFFd,Soukous,2026-09-17T20:02:13.675395+00:00
KZFzniwnSyZfZ7v7nJ,Music,KnvZfZ7vAeF,World,KZazBEonSMnZfZ7vFF7,South Africa,2026-09-17T20:02:13.675395+00:00
KZFzniwnSyZfZ7v7nJ,Music,KnvZfZ7vAeF,World,KZazBEonSMnZfZ7vFFA,South Pacific,2026-09-17T20:02:13.675395+00:00
KZFzniwnSyZfZ7v7nJ,Music,KnvZfZ7vAeF,World,KZazBEonSMnZfZ7vFFk,Sudan,2026-09-17T20:02:13.675395+00:00
KZFzniwnSyZfZ7v7nJ,Music,KnvZfZ7vAeF,World,KZazBEonSMnZfZ7vFF6,Swedish Folk,2026-09-17T20:02:13.675395+00:00
KZFzniwnSyZfZ7v7nJ,Music,KnvZfZ7vAeF,World,KZazBEonSMnZfZ7vFFF,Swedish Pop/Rock,2026-09-17T20:02:13.675395+00:00
KZFzniwnSyZfZ7v7nJ,Music,KnvZfZ7vAeF,World,KZazBEonSMnZfZ7vFFa,Syria,2026-09-17T20:02:13.675395+00:00
KZFzniwnSyZfZ7v7nJ,Music,KnvZfZ7vAeF,World,KZazBEonSMnZfZ7vFF1,Taarab,2026-09-17T20:02:13.675395+00:00
KZFzniwnSyZfZ7v7nJ,Music,KnvZfZ7vAeF,World,KZazBEonSMnZfZ7vFFJ,Tahiti,2026-09-17T20:02:13.675395+00:00
KZFzniwnSyZfZ7v7nJ,Music,KnvZfZ7vAeF,World,KZazBEonSMnZfZ7vFFE,Taiwan,2026-09-17T20:02:13.675395+00:00
KZFzniwnSyZfZ7v7nJ,Music,KnvZfZ7vAeF,World,KZazBEonSMnZfZ7vFFI,Tango,2026-09-17T20:02:13.675395+00:00
KZFzniwnSyZfZ7v7nJ,Music,KnvZfZ7vAeF,World,KZazBEonSMnZfZ7vFFt,Tanzania,2026-09-17T20:02:13.675395+00:00
KZFzniwnSyZfZ7v7nJ,Music,KnvZfZ7vAeF,World,KZazBEonSMnZfZ7vFFn,Thailand,2026-09-17T20:02:13.675395+00:00
KZFzniwnSyZfZ7v7nJ,Music,KnvZfZ7vAeF,World,KZazBEonSMnZfZ7vFFl,Throat Singing,2026-09-17T20:02:13.675395+00:00
KZFzniwnSyZfZ7v7nJ,Music,KnvZfZ7vAeF,World,KZazBEonSMnZfZ7vFav,Tibet,2026-09-17T20:02:13.675395+00:00
KZFzniwnSyZfZ7v7nJ,Music,KnvZfZ7vAeF,World,KZazBEonSMnZfZ7vFae,Township Jazz,2026-09-17T20:02:13.675395+00:00
KZFzniwnSyZfZ7v7nJ,Music,KnvZfZ7vAeF,World,KZazBEonSMnZfZ7vFad,Traditional Celtic,2026-09-17T20:02:13.675395+00:00
KZFzniwnSyZfZ7v7nJ,Music,KnvZfZ7vAeF,World,KZazBEonSMnZfZ7vFa7,Traditional Middle Eastern Folk,2026-09-17T20:02:13.675395+00:00
KZFzniwnSyZfZ7v7nJ,Music,KnvZfZ7vAeF,World,KZazBEonSMnZfZ7vFaA,Trinidad,2026-09-17T20:02:13.675395+00:00
KZFzniwnSyZfZ7v7nJ,Music,KnvZfZ7vAeF,World,KZazBEonSMnZfZ7vFak,Trova,2026-09-17T20:02:13.675395+00:00
KZFzniwnSyZfZ7v7nJ,Music,KnvZfZ7vAeF,World,KZazBEonSMnZfZ7vFa6,Turkey,2026-09-17T20:02:13.675395+00:00
KZFzniwnSyZfZ7v7nJ,Music,KnvZfZ7vAeF,World,KZazBEonSMnZfZ7vFaF,Uganda,2026-09-17T20:02:13.675395+00:00
KZFzniwnSyZfZ7v7nJ,Music,KnvZfZ7vAeF,World,KZazBEonSMnZfZ7vFaa,Ukelele,2026-09-17T20:02:13.675395+00:00
KZFzniwnSyZfZ7v7nJ,Music,KnvZfZ7vAeF,World,KZazBEonSMnZfZ7vFa1,Uruguay,2026-09-17T20:02:13.675395+00:00
KZFzniwnSyZfZ7v7nJ,Music,KnvZfZ7vAeF,World,KZazBEonSMnZfZ7vFaJ,Vallenato,2026-09-17T20:02:13.675395+00:00
KZFzniwnSyZfZ7v7nJ,Music,KnvZfZ7vAeF,World,KZazBEonSMnZfZ7vFaE,Venezuela,2026-09-17T20:02:13.675395+00:00
KZFzniwnSyZfZ7v7nJ,Music,KnvZfZ7vAeF,World,KZazBEonSMnZfZ7vFaI,Vietnam,2026-09-17T20:02:13.675395+00:00
KZFzniwnSyZfZ7v7nJ,Music,KnvZfZ7vAeF,World,KZazBEonSMnZfZ7vFat,Western Europe,2026-09-17T20:02:13.675395+00:00
KZFzniwnSyZfZ7v7nJ,Music,KnvZfZ7vAeF,World,KZazBEonSMnZfZ7v6Jt,World,2026-09-17T20:02:13.675395+00:00
KZFzniwnSyZfZ7v7nJ,Music,KnvZfZ7vAeF,World,KZazBEonSMnZfZ7vFan,Worldbeat,2026-09-17T20:02:13.675395+00:00
KZFzniwnSyZfZ7v7nJ,Music,KnvZfZ7vAeF,World,KZazBEonSMnZfZ7vFal,Zaire & Congo,2026-09-17T20:02:13.675395+00:00
KZFzniwnSyZfZ7v7nJ,Music,KnvZfZ7vAeF,World,KZazBEonSMnZfZ7vF1v,Zimbabwe,2026-09-17T20:02:13.675395+00:00
KZFzniwnSyZfZ7v7nJ,Music,KnvZfZ7vAeF,World,KZazBEonSMnZfZ7vF1e,Zouk,2026-09-17T20:02:13.675395+00:00
KZFzniwnSyZfZ7v7nJ,Music,KnvZfZ7vAeF,World,KZazBEonSMnZfZ7vaEd,Polka,2026-09-17T20:02:13.675395+00:00
KZFzniwnSyZfZ7v7na,Arts & Theatre,KnvZfZ7v7na,Children's Theatre,KZazBEonSMnZfZ7v7na,Children's Theatre,2026-09-17T20:02:13.675395+00:00
KZFzniwnSyZfZ7v7na,Arts & Theatre,KnvZfZ7v7n1,Circus & Specialty Acts,KZazBEonSMnZfZ7v7n1,Circus,2026-09-17T20:02:13.675395+00:00
KZFzniwnSyZfZ7v7na,Arts & Theatre,KnvZfZ7v7n1,Circus & Specialty Acts,KZazBEonSMnZfZ7v7nJ,Pantomime,2026-09-17T20:02:13.675395+00:00
KZFzniwnSyZfZ7v7na,Arts & Theatre,KnvZfZ7v7nJ,Classical,KZazBEonSMnZfZ7v7nE,Classical/Vocal,2026-09-17T20:02:13.675395+00:00
KZFzniwnSyZfZ7v7na,Arts & Theatre,KnvZfZ7v7nJ,Classical,KZazBEonSMnZfZ7v7nI,Symphonic,2026-09-17T20:02:13.675395+00:00
KZFzniwnSyZfZ7v7na,Arts & Theatre,KnvZfZ7vAe1,Comedy,KZazBEonSMnZfZ7vF17,Comedy,2026-09-17T20:02:13.675395+00:00
KZFzniwnSyZfZ7v7na,Arts & Theatre,KnvZfZ7v7nE,Cultural,KZazBEonSMnZfZ7v7nt,Cultural,2026-09-17T20:02:13.675395+00:00
KZFzniwnSyZfZ7v7na,Arts & Theatre,KnvZfZ7v7nI,Dance,KZazBEonSMnZfZ7v7nn,Ballet,2026-09-17T20:02:13.675395+00:00
KZFzniwnSyZfZ7v7na,Arts & Theatre,KnvZfZ7v7nI,Dance,KZazBEonSMnZfZ7v7nl,Dance,2026-09-17T20:02:13.675395+00:00
KZFzniwnSyZfZ7v7na,Arts & Theatre,KnvZfZ7v7nt,Espectaculo,KZazBEonSMnZfZ7v7lv,Espectaculo,2026-09-17T20:02:13.675395+00:00
KZFzniwnSyZfZ7v7na,Arts & Theatre,KnvZfZ7v7nn,Fashion,KZazBEonSMnZfZ7v7le,Fashion,2026-09-17T20:02:13.675395+00:00
KZFzniwnSyZfZ7v7na,Arts & Theatre,KnvZfZ7v7nl,Fine Art,KZazBEonSMnZfZ7v7ld,Fine Art,2026-09-17T20:02:13.675395+00:00
KZFzniwnSyZfZ7v7na,Arts & Theatre,KnvZfZ7v7lv,Magic & Illusion,KZazBEonSMnZfZ7v7l7,Magic,2026-09-17T20:02:13.675395+00:00
KZFzniwnSyZfZ7v7na,Arts & Theatre,KnvZfZ7v7le,Miscellaneous,KZazBEonSMnZfZ7vF1k,Miscellaneous,2026-09-17T20:02:13.675395+00:00
KZFzniwnSyZfZ7v7na,Arts & Theatre,KnvZfZ7v7ld,Miscellaneous Theatre,KZazBEonSMnZfZ7v7lk,Miscellaneous Theatre,2026-09-17T20:02:13.675395+00:00
KZFzniwnSyZfZ7v7na,Arts & Theatre,KnvZfZ7v7l7,Multimedia,KZazBEonSMnZfZ7v7l6,Multimedia,2026-09-17T20:02:13.675395+00:00
KZFzniwnSyZfZ7v7na,Arts & Theatre,KnvZfZ7v7lA,Music,KZazBEonSMnZfZ7v7lF,Chamber Music,2026-09-17T20:02:13.675395+00:00
KZFzniwnSyZfZ7v7na,Arts & Theatre,KnvZfZ7v7lk,Opera,KZazBEonSMnZfZ7v7la,Opera,2026-09-17T20:02:13.675395+00:00
KZFzniwnSyZfZ7v7na,Arts & Theatre,KnvZfZ7v7l6,Performance Art,KZazBEonSMnZfZ7vaEv,Drag,2026-09-17T20:02:13.675395+00:00
KZFzniwnSyZfZ7v7na,Arts & Theatre,KnvZfZ7v7l6,Performance Art,KZazBEonSMnZfZ7v7l1,Performance Art,2026-09-17T20:02:13.675395+00:00
KZFzniwnSyZfZ7v7na,Arts & Theatre,KnvZfZ7v7lF,Puppetry,KZazBEonSMnZfZ7v7lJ,Puppet Show,2026-09-17T20:02:13.675395+00:00
KZFzniwnSyZfZ7v7na,Arts & Theatre,KnvZfZ7v7la,Spectacular,KZazBEonSMnZfZ7v7lE,Spectacular,2026-09-17T20:02:13.675395+00:00
KZFzniwnSyZfZ7v7na,Arts & Theatre,KnvZfZ7v7l1,Theatre,KZazBEonSMnZfZ7v7lI,Comedy,2026-09-17T20:02:13.675395+00:00
KZFzniwnSyZfZ7v7na,Arts & Theatre,KnvZfZ7v7l1,Theatre,KZazBEonSMnZfZ7v7lt,Drama,2026-09-17T20:02:13.675395+00:00
KZFzniwnSyZfZ7v7na,Arts & Theatre,KnvZfZ7v7l1,Theatre,KZazBEonSMnZfZ7v7ln,Horror,2026-09-17T20:02:13.675395+00:00
KZFzniwnSyZfZ7v7na,Arts & Theatre,KnvZfZ7v7l1,Theatre,KZazBEonSMnZfZ7v7ll,Miscellaneous,2026-09-17T20:02:13.675395+00:00
KZFzniwnSyZfZ7v7na,Arts & Theatre,KnvZfZ7v7l1,Theatre,KZazBEonSMnZfZ7vAvv,Monologue,2026-09-17T20:02:13.675395+00:00
KZFzniwnSyZfZ7v7na,Arts & Theatre,KnvZfZ7v7l1,Theatre,KZazBEonSMnZfZ7vAve,Musical,2026-09-17T20:02:13.675395+00:00
KZFzniwnSyZfZ7v7na,Arts & Theatre,KnvZfZ7v7l1,Theatre,KZazBEonSMnZfZ7vAvd,Mystery,2026-09-17T20:02:13.675395+00:00
KZFzniwnSyZfZ7v7na,Arts & Theatre,KnvZfZ7v7l1,Theatre,KZazBEonSMnZfZ7vaaJ,Podcast,2026-09-17T20:02:13.675395+00:00
KZFzniwnSyZfZ7v7na,Arts & Theatre,KnvZfZ7v7lJ,Variety,KZazBEonSMnZfZ7vaaE,Burlesque,2026-09-17T20:02:13.675395+00:00
KZFzniwnSyZfZ7v7na,Arts & Theatre,KnvZfZ7v7lJ,Variety,KZazBEonSMnZfZ7vAv7,Cabaret,2026-09-17T20:02:13.675395+00:00
KZFzniwnSyZfZ7v7na,Arts & Theatre,KnvZfZ7v7lJ,Variety,KZazBEonSMnZfZ7vaaI,Male Revue,2026-09-17T20:02:13.675395+00:00
KZFzniwnSyZfZ7v7na,Arts & Theatre,KnvZfZ7v7lJ,Variety,KZazBEonSMnZfZ7vAvA,Variety,2026-09-17T20:02:13.675395+00:00
KZFzniwnSyZfZ7v7nl,Undefined,KnvZfZ7vAkI,Undefined,KZazBEonSMnZfZ7vavk,Undefined,2026-09-17T20:02:13.675395+00:00
KZFzniwnSyZfZ7v7nn,Film,KnvZfZ7vAke,Action/Adventure,KZazBEonSMnZfZ7vFlF,Action/Adventure,2026-09-17T20:02:13.675395+00:00
KZFzniwnSyZfZ7v7nn,Film,KnvZfZ7vAkd,Animation,KZazBEonSMnZfZ7vFla,Animation,2026-09-17T20:02:13.675395+00:00
KZFzniwnSyZfZ7v7nn,Film,KnvZfZ7vAk7,Arthouse,KZazBEonSMnZfZ7vFl1,Arthouse,2026-09-17T20:02:13.675395+00:00
KZFzniwnSyZfZ7v7nn,Film,KnvZfZ7vAkA,Comedy,KZazBEonSMnZfZ7vFlJ,Comedy,2026-09-17T20:02:13.675395+00:00
KZFzniwnSyZfZ7v7nn,Film,KnvZfZ7vAkk,Documentary,KZazBEonSMnZfZ7vFlE,Documentary,2026-09-17T20:02:13.675395+00:00
KZFzniwnSyZfZ7v7nn,Film,KnvZfZ7vAk6,Drama,KZazBEonSMnZfZ7vFlI,Drama,2026-09-17T20:02:13.675395+00:00
KZFzniwnSyZfZ7v7nn,Film,KnvZfZ7vAkF,Family,KZazBEonSMnZfZ7vFlt,Miscellaneous,2026-09-17T20:02:13.675395+00:00
KZFzniwnSyZfZ7v7nn,Film,KnvZfZ7vAk1,Foreign,KZazBEonSMnZfZ7vavv,Foreign,2026-09-17T20:02:13.675395+00:00
KZFzniwnSyZfZ7v7nn,Film,KnvZfZ7vAJk,Horror,KZazBEonSMnZfZ7vaJn,Horror,2026-09-17T20:02:13.675395+00:00
KZFzniwnSyZfZ7v7nn,Film,KnvZfZ7vAka,Miscellaneous,KZazBEonSMnZfZ7vFll,Classic/Reissue,2026-09-17T20:02:13.675395+00:00
KZFzniwnSyZfZ7v7nn,Film,KnvZfZ7vAka,Miscellaneous,KZazBEonSMnZfZ7vFln,Miscellaneous,2026-09-17T20:02:13.675395+00:00
KZFzniwnSyZfZ7v7nn,Film,KnvZfZ7vAkJ,Music,KZazBEonSMnZfZ7vave,Music,2026-09-17T20:02:13.675395+00:00
KZFzniwnSyZfZ7v7nn,Film,KnvZfZ7vAJa,Science Fiction,KZazBEonSMnZfZ7vaJl,Science Fiction,2026-09-17T20:02:13.675395+00:00
KZFzniwnSyZfZ7v7nn,Film,KnvZfZ7vAkE,Urban,KZazBEonSMnZfZ7vavd,Urban,2026-09-17T20:02:13.675395+00:00
