event_id,name,name_clean,headliner,venue,city,venue_canonical_id,local_date,weekday,status,genre_clean,subgenre_clean,is_electronic,is_duplicate,is_cancelled,dedup_group,lineup_size,lead_time_days,price_min,price_max
rZ7HnEZ1AfAKA0,Ladies Night 2026,ladies,,Stampede,Aurora,rZ7HnEZ173p1A,2026-09-16,3,offsale,Country,Country,0,0,0,36d1957260264ea1,0,218,16.56,16.56
rZ7HnEZ1A4Zajd,Shimmy Shakin' Blues,shimmy shakin blues,,La Rumba,Denver,rZ7HnEZ173pGP,2026-09-16,3,offsale,Other,,0,0,0,ee8e369bdf8bc539,0,44,20.03,41.13
G5vzZ_2XrhjsN,Lil Skies,lil skies,Lil Skies,Marquis,Denver,KovZpZAJeFkA,2026-09-17,4,onsale,Hip-Hop/Rap,Trap,0,0,0,80913c1c0f18b050,2,41,,
Z7r9jZ1A7q3uJ,Get the Led Out,get led out,Get the Led Out,Red Rocks Amphitheatre,Morrison,ZFr9jZe71a,2026-09-17,4,onsale,Rock,Classic Rock,0,0,0,9a97bfa9efca3e9e,1,300,,
G5vzZ_ajd-Wwq,TajMo: The Taj Mahal & Keb' Mo' Band: Room on the Porch Tour 2026,tajmo taj mahal keb mo band room on porch,TajMo: The Taj Mahal & Keb' Mo' Band,Paramount Theatre,Denver,KovZpZAFa1nA,2026-09-17,4,onsale,Blues,Blues,0,0,0,45d4622111731ad2,1,139,,
G5vzZ_o1_qy5p,Paramount Theatre Club Seating: TajMo:The Taj Mahal & Keb' Mo' Band,paramount theatre club seating tajmo taj mahal keb mo band,TajMo: The Taj Mahal & Keb' Mo' Band,Paramount Theatre,Denver,KovZpZAFa1nA,2026-09-17,4,onsale,Other,Other,0,1,0,45d4622111731ad2,1,28,,
Z7r9jZ1A7-bGS,Tab Benoit (16 and Over),tab benoit 16 over,Tab Benoit,Gothic Theatre,Englewood,ZFr9jZdde7,2026-09-17,4,onsale,Blues,Jazz Blues,0,0,0,274826e7d993d17f,2,46280,,
Z7r9jZ1A7J4uJ,Gym Class Heroes (16 and Over),gym class heroes 16 over,Gym Class Heroes,Mission Ballroom,Denver,Z7r9jZadVI,2026-09-17,4,onsale,Hip-Hop/Rap,Hip-Hop/Rap,0,0,0,498495b1a8114fef,3,46280,,
Z7r9jZ1A7Pw4P,The Black Queen,black queen,The Black Queen,The Federal Theatre,Denver,Z7r9jZakK6,2026-09-17,4,onsale,Dance/Electronic,Dance/Electronic,1,0,0,e042d17bca7d4e32,1,83,,
Z7r9jZ1AAZw_0,Built To Spill (Guests Under 18 Require Accompanying Adult),built to spill guests under 18 require accompanying adult,Built To Spill,Aggie Theater,Fort Collins,ZFr9jZkve6,2026-09-17,4,onsale,Alternative,Alternative Rock,0,0,0,16c890e9935a90f3,2,46280,,
rZ7HnEZ1AfZU0V,$5 Thursdays!,5 thursdays,,La Rumba,Denver,rZ7HnEZ173pGP,2026-09-17,4,onsale,World,Latin,0,0,0,79528224ee6027b5,0,258,8.73,8.73
G5vzZ_eBF3P-E,Telluride Blues & Brews Festival,telluride blues brews festival,Telluride Blues & Brews Festival,Telluride Town Park,Telluride,KovZpZAAla1A,2026-09-18,5,onsale,,,0,0,0,3fd684715d3a6ac2,23,247,,
G5vzZ_unyOJeF,Pallbearer,pallbearer,Pallbearer,Marquis,Denver,KovZpZAJeFkA,2026-09-18,5,onsale,Metal,Nu-Metal,0,0,0,e6e78cc6ff6d8592,3,79,,
Z7r9jZ1A7PkFf,Elephant Revival w/ Desert Dwellers,elephant revival w desert dwellers,Elephant Revival,Dillon Amphitheater,Dillon,Z7r9jZadqh,2026-09-18,5,onsale,Other,Other,1,0,0,e2b2f6da356654de,2,105,,
rZ7HnEZ1AfZUv7,Ladies Night & Noche Sonidera,ladies noche sonidera,,La Rumba,Denver,rZ7HnEZ173pGP,2026-09-18,5,onsale,World,Latin,0,0,0,588cfd881337dc03,0,259,14.13,14.13
G5vzZ_6R2OX7y,Billy Strings,billy strings,Billy Strings,Ball Arena,Denver,KovZpZAFaJeA,2026-09-18,5,onsale,Country,Bluegrass,0,1,0,58c51045df54bcd2,1,168,,
G5vzZ_apbcp_b,Club Level Seating: Billy Strings,club level seating billy strings,Billy Strings,Ball Arena,Denver,KovZpZAFaJeA,2026-09-18,5,onsale,Country,Bluegrass,0,0,0,58c51045df54bcd2,2,147,,
Z7r9jZ1A709O7,Lynyrd Skynyrd w/ 38 Special,lynyrd skynyrd w 38 special,Lynyrd Skynyrd,Blue Arena at The Ranch Events Complex,Loveland,ZFr9jZ7v1A,2026-09-18,5,onsale,Rock,Classic Rock,0,0,0,9ca9f49eada80287,2,46281,,
Z7r9jZ1A7JfOp,Get the Led Out,get led out,Get the Led Out,Community Concert Hall - FLC,Durango,Z7r9jZa7MS,2026-09-18,5,onsale,Rock,Classic Rock,0,0,0,71c4f45a28924c11,1,46281,,
Z7r9jZ1AAZ0ae,Lawrence with the Colorado Symphony,lawrence colorado symphony,Colorado Symphony Orchestra,Boettcher Hall,Denver,Z6r9jZdv1e,2026-09-18,5,onsale,Other,Other,0,0,0,cb4d056d300ff288,2,46281,,
G5vzZ_6JR8axI,Lily Allen Performs West End Girl,lily allen performs west end girl,Lily Allen,Red Rocks Amphitheatre,Morrison,ZFr9jZe71a,2026-09-18,5,onsale,Rock,Pop,0,0,0,cd961fed3cbe858a,1,168,,
Z7r9jZ1A7-U7o,Lily Allen Performs West End Girl,lily allen performs west end girl,Lily Allen,Red Rocks Amphitheatre,Morrison,ZFr9jZe71a,2026-09-18,5,onsale,Pop,Pop Rock,0,1,0,cd961fed3cbe858a,1,168,,
rZ7HnEZ1AfFyA0,TROUBADOUR BLUE,troubadour blue,,Grizzly Rose,Denver,rZ7HnEZ17uJbA,2026-09-18,5,onsale,Alternative,,0,0,0,7d9762efabc91b36,0,76,24.15,24.15
rZ7HnEZ1AfG3rf,"illFRAME, SleepMag",illframe sleepmag,,Vultures,Colorado Springs,rZ7HnEZ17fd1A,2026-09-18,5,onsale,Rock,Punk,0,0,0,47c42f9120890115,0,9,,
1718v0G6C7pA8VL,"House of Heavy: Nu-Metal, Alt-Metal. Metal-Core Party",house of heavy nu metal alt metal metal core party,,Black Sheep,Colorado Springs,KovZpZAJ77kA,2026-09-18,5,onsale,Dance/Electronic,Amapiano,1,0,0,d864911fa88cc205,0,73,,
G5vzZ_26zrFBp,Emo Nite - 21+,emo nite 21,Emo Nite,Summit Music Hall,Denver,KovZpZAFFt1A,2026-09-18,5,onsale,Rock,Pop,0,0,0,db32bdccf5336a31,1,56,,
G5vzZ_oC9PEHy,"LUSINE with headnod., Mr. Lang, and Temportal",lusine headnod mr lang temportal,Lusine,Ophelia's Electric Soapbox,Denver,KovZ917Aai0,2026-09-18,5,onsale,Dance/Electronic,Amapiano,1,0,0,fd17ac6c3e76cde3,1,30,,
rZ7HnEZ1AfagaV,JEANK CENTENO & RONAL URBINA EN CONCIERTO,jeank centeno ronal urbina en concierto,,Stampede,Aurora,rZ7HnEZ173p1A,2026-09-18,5,onsale,World,Vallenato,0,0,0,72edb74b93e54fd7,0,58,76.52,76.52
rZ7HnEZ1A4Z-kd,Space Jam: DXNBY,space jam dxnby,,The Basement at Club Vinyl,Denver,rZ7HnEZ17QA4S,2026-09-18,5,onsale,Dance/Electronic,House,1,0,0,f5434d77982ba9da,0,39,24.95,24.95
rZ7HnEZ1A4ZYfd,Electrik Seoul,electrik seoul,Electrik Seoul,Club Vinyl,Denver,rZ7HnEZ17qf40,2026-09-18,5,onsale,Dance/Electronic,Dance/Electronic,1,0,0,6a6bde609dab5d0b,1,37,24.95,24.95
rZ7HnEZ1A4vkxd,Two Shell,two shell,Two Shell,Club Vinyl,Denver,rZ7HnEZ17qf40,2026-09-18,5,onsale,Dance/Electronic,Techno,1,0,0,ef0c0c5aeed0f1e3,1,28,24.95,24.95
rZ7HnEZ1Afapf7,Ben Sterling,ben sterling,,The Church Nightclub,Denver,rZ7HnEZ17qf4V,2026-09-18,5,onsale,Dance/Electronic,Dance/Electronic,1,0,0,f42426a84944b7a4,0,66,29.95,29.95
G5vzZ_6R2VrkQ,"Billy Strings 2-Day Ticket (9/18-9/19) Valid Both Days, Cannot Split.",billy strings 2 day ticket 9 18 9 19 valid both days cannot split,Billy Strings,Ball Arena,Denver,KovZpZAFaJeA,2026-09-18,5,onsale,Country,Bluegrass,0,1,0,58c51045df54bcd2,1,168,,
rZ7HnEZ1AfJd4d,"Day Out With Thomas (TM), Thomas & Friends",day out thomas tm thomas friends,Day Out with Thomas,Colorado Railroad Museum,Golden,rZ7HnEZadSp,2026-09-19,6,onsale,Fairs & Festivals,Fairs & Festivals,0,0,0,9ffdb6a52ab5e847,2,60,0.0,0.0
rZ7HnEZ1AfJdbd,"Day Out With Thomas (TM), Thomas & Friends",day out thomas tm thomas friends,Day Out with Thomas,Colorado Railroad Museum,Golden,rZ7HnEZadSp,2026-09-19,6,onsale,Fairs & Festivals,Fairs & Festivals,0,1,0,9ffdb6a52ab5e847,2,60,0.0,0.0
rZ7HnEZ1AfJd0K,"Day Out With Thomas (TM), Thomas & Friends",day out thomas tm thomas friends,Day Out with Thomas,Colorado Railroad Museum,Golden,rZ7HnEZadSp,2026-09-19,6,onsale,Fairs & Festivals,Fairs & Festivals,0,1,0,9ffdb6a52ab5e847,2,60,0.0,0.0
rZ7HnEZ1AfJ7FN,"Day Out With Thomas (TM), Thomas & Friends",day out thomas tm thomas friends,Day Out with Thomas,Colorado Railroad Museum,Golden,rZ7HnEZadSp,2026-09-19,6,onsale,Fairs & Festivals,Fairs & Festivals,0,1,0,9ffdb6a52ab5e847,2,60,0.0,0.0
G5vzZ_eBFhgxE,Telluride Blues & Brews Festival,telluride blues brews festival,Telluride Blues & Brews Festival,Telluride Town Park,Telluride,KovZpZAAla1A,2026-09-19,6,onsale,,,0,0,0,56396bcec86fac4f,23,248,,
rZ7HnEZ1AfJdfN,"Day Out With Thomas (TM), Thomas & Friends",day out thomas tm thomas friends,Day Out with Thomas,Colorado Railroad Museum,Golden,rZ7HnEZadSp,2026-09-19,6,onsale,Fairs & Festivals,Fairs & Festivals,0,1,0,9ffdb6a52ab5e847,2,60,0.0,0.0
rZ7HnEZ1AfJd_K,"Day Out With Thomas (TM), Thomas & Friends",day out thomas tm thomas friends,Day Out with Thomas,Colorado Railroad Museum,Golden,rZ7HnEZadSp,2026-09-19,6,onsale,Fairs & Festivals,Fairs & Festivals,0,1,0,9ffdb6a52ab5e847,2,60,0.0,0.0
rZ7HnEZ1AfJdCd,"Day Out With Thomas (TM), Thomas & Friends",day out thomas tm thomas friends,Day Out with Thomas,Colorado Railroad Museum,Golden,rZ7HnEZadSp,2026-09-19,6,onsale,Fairs & Festivals,Fairs & Festivals,0,1,0,9ffdb6a52ab5e847,2,60,0.0,0.0
rZ7HnEZ1AfJdjd,"Day Out With Thomas (TM), Thomas & Friends",day out thomas tm thomas friends,Day Out with Thomas,Colorado Railroad Museum,Golden,rZ7HnEZadSp,2026-09-19,6,onsale,Fairs & Festivals,Fairs & Festivals,0,1,0,9ffdb6a52ab5e847,2,60,0.0,0.0
rZ7HnEZ1AfJdbN,"Day Out With Thomas (TM), Thomas & Friends",day out thomas tm thomas friends,Day Out with Thomas,Colorado Railroad Museum,Golden,rZ7HnEZadSp,2026-09-19,6,onsale,Fairs & Festivals,Fairs & Festivals,0,1,0,9ffdb6a52ab5e847,2,60,0.0,0.0
rZ7HnEZ1AfJd4N,"Day Out With Thomas (TM), Thomas & Friends",day out thomas tm thomas friends,Day Out with Thomas,Colorado Railroad Museum,Golden,rZ7HnEZadSp,2026-09-19,6,onsale,Fairs & Festivals,Fairs & Festivals,0,1,0,9ffdb6a52ab5e847,2,60,0.0,0.0
rZ7HnEZ1AfJ7FK,"Day Out With Thomas (TM), Thomas & Friends",day out thomas tm thomas friends,Day Out with Thomas,Colorado Railroad Museum,Golden,rZ7HnEZadSp,2026-09-19,6,onsale,Fairs & Festivals,Fairs & Festivals,0,1,0,9ffdb6a52ab5e847,2,60,0.0,0.0
rZ7HnEZ1AfJKeK,Mild Minds,mild minds,Mild Minds,The Rooftop at Vinyl,Denver,rZ7HnEZ17r_qV,2026-09-19,6,onsale,Alternative,Alternative,1,0,0,284295cd2885cb82,1,53,24.95,24.95
G5vzZ_1Mp7mfl,wave to earth - the pieces tour,wave to earth pieces,Wave To Earth,Fillmore Auditorium (Denver),Denver,KovZpZAE6eJA,2026-09-19,6,onsale,Pop,Electro Pop,0,0,0,315f5ecd8b44be66,1,121,,
G5vzZ_6mF-AVB,Paramount Theatre Club Seating: Bobby Lee,paramount theatre club seating bobby lee,Bobby Lee,Paramount Theatre,Denver,KovZpZAFa1nA,2026-09-19,6,onsale,Other,Other,0,0,0,c86f66c0bc2e5110,1,173,,
G5vzZ_G2aMr1J,Towa Bird,towa bird,Towa Bird,Marquis,Denver,KovZpZAJeFkA,2026-09-19,6,onsale,Rock,Pop,0,0,0,789f6889ad451505,2,100,,
G5vzZ_GtovGEe,Ryan Beatty - Arms Over Armor North American Tour '26,ryan beatty arms over armor north american 26,Ryan Beatty,Summit Music Hall,Denver,KovZpZAFFt1A,2026-09-19,6,onsale,Rock,Pop,0,0,0,33c59e8113afd36b,2,93,,
Z7r9jZ1A70EFZ,Atmosphere,atmosphere,Atmosphere,Red Rocks Amphitheatre,Morrison,ZFr9jZe71a,2026-09-19,6,onsale,Hip-Hop/Rap,Hip-Hop/Rap,0,0,0,825b98628ac07bbb,1,46282,,
rZ7HnEZ1AfZgfV,Sabados Sabrosos!,sabados sabrosos,,La Rumba,Denver,rZ7HnEZ173pGP,2026-09-19,6,onsale,World,Latin,0,0,0,90cb06107ce4c968,0,260,25.18,25.18
G5vzZ_6R2ICAj,Billy Strings,billy strings,Billy Strings,Ball Arena,Denver,KovZpZAFaJeA,2026-09-19,6,onsale,Country,Bluegrass,0,1,0,a9ad37cb252b67b2,1,169,,
G5vzZ_ap_xkrD,Club Level Seating: Billy Strings,club level seating billy strings,Billy Strings,Ball Arena,Denver,KovZpZAFaJeA,2026-09-19,6,onsale,Country,Bluegrass,0,0,0,a9ad37cb252b67b2,2,148,,
Z7r9jZ1A709uE,Lynyrd Skynyrd w/ 38 Special,lynyrd skynyrd w 38 special,Lynyrd Skynyrd,Ford Amphitheater,Colorado Springs,Z7r9jZaA99,2026-09-19,6,onsale,Rock,Classic Rock,0,0,0,09e1f97d3ae565a0,2,46282,,
1718v0G6CIoWv1H,Bravo the Bagchaser & Peysoh,bravo bagchaser peysoh,,Black Sheep,Colorado Springs,KovZpZAJ77kA,2026-09-19,6,onsale,Hip-Hop/Rap,Trap,0,1,0,5bb3027e05ba51fe,0,67,,
G5vzZ_1RgFc0g,Son Little - CityFolk Tour 2026,son little cityfolk,Son Little,Meow Wolf Denver,Denver,KovZ917AYbY,2026-09-19,6,onsale,R&B,Soul,0,0,0,bf528d1266afb654,1,127,,
G5vzZ_2KpMXP3,Bravo the Bagchaser,bravo bagchaser,Bravo the Bagchaser,Black Sheep,Colorado Springs,KovZpZAJ77kA,2026-09-19,6,onsale,Hip-Hop/Rap,Trap,0,0,0,5bb3027e05ba51fe,2,61,,
G5vzZ_2RUvts1,Charlotte Sands - Satellite Tour,charlotte sands satellite,Charlotte Sands,The Federal Theatre,Denver,Z7r9jZakK6,2026-09-19,6,onsale,Pop,Electro Pop,0,0,0,e746d62ff8a226bf,1,53,,
Z7r9jZ1A70bOp,Son Little - CityFolk Tour 2026,son little cityfolk,Son Little,Meow Wolf Denver,Denver,KovZ917AYbY,2026-09-19,6,onsale,Other,Other,0,1,0,bf528d1266afb654,1,127,,
Z7r9jZ1AAZoZK,Charlotte Sands - Satellite Tour,charlotte sands satellite,Charlotte Sands,The Federal Theatre,Denver,Z7r9jZakK6,2026-09-19,6,onsale,Other,Other,0,1,0,e746d62ff8a226bf,1,53,,
rZ7HnEZ1AfG3Of,"My Life as a Bear, Electric Condor, The Lollygags, Soviet Mothers",my life as bear electric condor lollygags soviet mothers,,Vultures,Colorado Springs,rZ7HnEZ17fd1A,2026-09-19,6,onsale,Alternative,Alternative Rock,0,0,0,f887bbbb00982248,0,10,,
rZ7HnEZ1AfakuV,Troubadour Blue,troubadour blue,,Whiskey Rose,Colorado Springs,rZ7HnEZ17q_Qf,2026-09-19,6,onsale,Country,Bluegrass,0,0,0,4db33b07c24f221a,0,73,24.2,24.2
G5vzZ_CE-Nq6Y,Hot In Herre: 2000s Dance Party,hot in herre 2000s dance party,,Ophelia's Electric Soapbox,Denver,KovZ917Aai0,2026-09-19,6,onsale,Dance/Electronic,Amapiano,1,0,0,43ab1483658af89e,0,67,,
Z7r9jZ1A7074z,Amelie Lens (21 and Over),amelie lens 21 over,Amelie Lens,ReelWorks Denver,Denver,Z7r9jZa7cI,2026-09-19,6,onsale,Other,Other,1,0,0,37a056411e93960b,1,46282,,
Z7r9jZ1A7PK8V,Dana and Alden,dana alden,Dana and Alden,Bluebird Theatre,Denver,Z6r9jZdvee,2026-09-19,6,onsale,Other,Other,0,0,0,a596504eca2a3cdd,1,46282,,
rZ7HnEZ1Af1vP0,Chicos De Barrio,chicos de barrio,,Stampede,Aurora,rZ7HnEZ173p1A,2026-09-19,6,offsale,World,Mexican Cumbia,0,0,0,f1b014c80e4b0abe,0,29,71.18,71.18
rZ7HnEZ1A4ZZOd,"Time Machine 80s, 90s, 2000s",time machine 80s 90s 2000s,Time Machine: 90's-2000's Throwback Dance Party,Club Vinyl,Denver,rZ7HnEZ17qf40,2026-09-19,6,onsale,Dance/Electronic,Dance/Electronic,1,0,0,e2d2075239b1efd3,1,51,0.0,14.95
rZ7HnEZ1AfkbPf,Silva Bumpa,silva bumpa,Silva Bumpa,The Church Nightclub,Denver,rZ7HnEZ17qf4V,2026-09-19,6,onsale,Other,,1,0,0,a2ae6a789de8601a,1,94,34.95,34.95
rZ7HnEZ1AfJd8K,"Day Out With Thomas (TM), Thomas & Friends",day out thomas tm thomas friends,Day Out with Thomas,Colorado Railroad Museum,Golden,rZ7HnEZadSp,2026-09-20,0,offsale,Fairs & Festivals,Fairs & Festivals,0,0,0,57d7e0ea4ebe8ab2,2,61,0.0,0.0
rZ7HnEZ1AfJd_S,"Day Out With Thomas (TM), Thomas & Friends",day out thomas tm thomas friends,Day Out with Thomas,Colorado Railroad Museum,Golden,rZ7HnEZadSp,2026-09-20,0,offsale,Fairs & Festivals,Fairs & Festivals,0,1,0,57d7e0ea4ebe8ab2,2,61,0.0,0.0
rZ7HnEZ1AfJd0d,"Day Out With Thomas (TM), Thomas & Friends",day out thomas tm thomas friends,Day Out with Thomas,Colorado Railroad Museum,Golden,rZ7HnEZadSp,2026-09-20,0,offsale,Fairs & Festivals,Fairs & Festivals,0,1,0,57d7e0ea4ebe8ab2,2,61,0.0,0.0
rZ7HnEZ1AfJ7ad,"Day Out With Thomas (TM), Thomas & Friends",day out thomas tm thomas friends,Day Out with Thomas,Colorado Railroad Museum,Golden,rZ7HnEZadSp,2026-09-20,0,offsale,Fairs & Festivals,Fairs & Festivals,0,1,0,57d7e0ea4ebe8ab2,2,61,0.0,0.0
G5vzZ_eBFPPNH,Telluride Blues & Brews Festival,telluride blues brews festival,Telluride Blues & Brews Festival,Telluride Town Park,Telluride,KovZpZAAla1A,2026-09-20,0,offsale,,,0,0,0,43c34fa1866e734e,23,249,,
rZ7HnEZ1AfJdpd,"Day Out With Thomas (TM), Thomas & Friends",day out thomas tm thomas friends,Day Out with Thomas,Colorado Railroad Museum,Golden,rZ7HnEZadSp,2026-09-20,0,offsale,Fairs & Festivals,Fairs & Festivals,0,1,0,57d7e0ea4ebe8ab2,2,61,0.0,0.0
rZ7HnEZ1AfJdpK,"Day Out With Thomas (TM), Thomas & Friends",day out thomas tm thomas friends,Day Out with Thomas,Colorado Railroad Museum,Golden,rZ7HnEZadSp,2026-09-20,0,offsale,Fairs & Festivals,Fairs & Festivals,0,1,0,57d7e0ea4ebe8ab2,2,61,0.0,0.0
rZ7HnEZ1AfJdoN,"Day Out With Thomas (TM), Thomas & Friends",day out thomas tm thomas friends,Day Out with Thomas,Colorado Railroad Museum,Golden,rZ7HnEZadSp,2026-09-20,0,offsale,Fairs & Festivals,Fairs & Festivals,0,1,0,57d7e0ea4ebe8ab2,2,61,0.0,0.0
G5vzZ_GNlcHg2,97.3 KBCO Presents: GRUNCH (Bluegrass Grunge Brunch),97 3 kbco grunch bluegrass grunge brunch,,Ophelia's Electric Soapbox,Denver,KovZ917Aai0,2026-09-20,0,offsale,Rock,Alternative Rock,0,0,0,6f287931bf3b9ae5,0,103,,
rZ7HnEZ1AfJdfK,"Day Out With Thomas (TM), Thomas & Friends",day out thomas tm thomas friends,Day Out with Thomas,Colorado Railroad Museum,Golden,rZ7HnEZadSp,2026-09-20,0,offsale,Fairs & Festivals,Fairs & Festivals,0,1,0,57d7e0ea4ebe8ab2,2,61,0.0,0.0
rZ7HnEZ1AfJdfd,"Day Out With Thomas (TM), Thomas & Friends",day out thomas tm thomas friends,Day Out with Thomas,Colorado Railroad Museum,Golden,rZ7HnEZadSp,2026-09-20,0,offsale,Fairs & Festivals,Fairs & Festivals,0,1,0,57d7e0ea4ebe8ab2,2,61,0.0,0.0
rZ7HnEZ1AfJdjN,"Day Out With Thomas (TM), Thomas & Friends",day out thomas tm thomas friends,Day Out with Thomas,Colorado Railroad Museum,Golden,rZ7HnEZadSp,2026-09-20,0,offsale,Fairs & Festivals,Fairs & Festivals,0,1,0,57d7e0ea4ebe8ab2,2,61,0.0,0.0
rZ7HnEZ1AfJ7GK,"Day Out With Thomas (TM), Thomas & Friends",day out thomas tm thomas friends,Day Out with Thomas,Colorado Railroad Museum,Golden,rZ7HnEZadSp,2026-09-20,0,offsale,Fairs & Festivals,Fairs & Festivals,0,1,0,57d7e0ea4ebe8ab2,2,61,0.0,0.0
rZ7HnEZ1AfZgAV,SALSA & BACHATA SUNDAYS,salsa bachata sundays,,La Rumba,Denver,rZ7HnEZ173pGP,2026-09-20,0,onsale,World,Latin,0,0,0,7cf2f744b9862bb9,0,261,14.13,14.13
G5vzZ_F_W-f16,Billy Strings,billy strings,Billy Strings,Paramount Theatre,Denver,KovZpZAFa1nA,2026-09-20,0,onsale,Country,Bluegrass,0,0,0,38155c22f4798bce,1,,,
Z7r9jZ1A7PKPI,Chat Pile (16 and Over),chat pile 16 over,Chat Pile,Gothic Theatre,Englewood,ZFr9jZdde7,2026-09-20,0,onsale,Metal,Sludge Metal,0,0,0,8b74789c51d26ae6,2,46283,,
Z7r9jZ1A7-ZQ4,Andrea Bocelli,andrea bocelli,Andrea Bocelli,Red Rocks Amphitheatre,Morrison,ZFr9jZe71a,2026-09-20,0,onsale,Classical,Classical/Vocal,0,0,0,9247ec0e5b1d07c8,1,46283,,
Z7r9jZ1A70gOF,Sub Urban (16 and Over),sub urban 16 over,Sub Urban,Cervantes Other Side,Denver,Z7r9jZadXe,2026-09-20,0,onsale,Other,Other,0,0,0,c7d04026911ee3f6,1,46283,,
G5vzZ_59NncqS,Chanel Beads,chanel beads,Chanel Beads,Marquis,Denver,KovZpZAJeFkA,2026-09-21,1,onsale,Dance/Electronic,Amapiano,1,0,0,04cd7bb8e58c1804,3,115,,
G5vzZ_CQuvdce,Paramount Theatre Club Seating: Dan And Phil,paramount theatre club seating dan phil,Dan and Phil,Paramount Theatre,Denver,KovZpZAFa1nA,2026-09-21,1,onsale,Other,Other,0,0,0,9ae51259d2df47fe,1,75,,
1Ae0Z_8Gkc8Oozp,"Soul Glo, Gunk!, Dark Mind",soul glo gunk dark mind,Soul Glo,Black Sheep,Colorado Springs,KovZpZAJ77kA,2026-09-21,1,onsale,Rock,Punk,0,0,0,be4b099fc707772c,1,40,,
G5vzZ_1jnMED1,The Tear Garden (The Legendary Pink Dots & cEvin Key),tear garden legendary pink dots cevin key,The Tear Garden,Summit Music Hall,Denver,KovZpZAFFt1A,2026-09-21,1,onsale,Rock,Alternative Rock,0,0,0,2ca9fe34a4facd2e,3,129,,
Z7r9jZ1A7OxCF,Aldous Harding,aldous harding,Aldous Harding,Bluebird Theatre,Denver,Z6r9jZdvee,2026-09-21,1,onsale,Other,Other,0,0,0,74966d88084067da,1,46284,,
Z7r9jZ1A7Oy3p,Andrea Bocelli,andrea bocelli,Andrea Bocelli,Red Rocks Amphitheatre,Morrison,ZFr9jZe71a,2026-09-21,1,onsale,Classical,Classical/Vocal,0,0,0,c7b53a03df25d3f0,1,46284,,
G5vzZ_GwxMtOl,ISAIAH RASHAD: Lil Sunny's Awful Road Trip,isaiah rashad lil sunny s awful road trip,Isaiah Rashad,Fillmore Auditorium (Denver),Denver,KovZpZAE6eJA,2026-09-22,2,onsale,Hip-Hop/Rap,Trap,0,0,0,e456f48d7d045f56,2,92,,
Z7r9jZ1A7P47K,Robert Plant w/ Saving Grace,robert plant w saving grace,Robert Plant,Pikes Peak Center,Colorado Springs,ZFr9jZe777,2026-09-22,2,onsale,Rock,Classic Rock,0,0,0,30f88e8f0a2b3745,4,102,,
G5vzZ_agWKJGt,Foster The People: Good Mourning Sunshine Tour,foster people good mourning sunshine,Foster the People,Red Rocks Amphitheatre,Morrison,ZFr9jZe71a,2026-09-22,2,onsale,Rock,Alternative Rock,0,0,0,81b516e8df76cb27,2,137,,
Z7r9jZ1A7-O4Y,Social Distortion w/ Descendents,social distortion w descendents,Social Distortion,Mission Ballroom,Denver,Z7r9jZadVI,2026-09-22,2,onsale,Rock,Punk,0,0,0,357fdcffc386b959,2,46285,,
Z7r9jZ1A70NJF,Channel Tres (16 and Over),channel tres 16 over,Channel Tres,Ogden Theatre,Denver,ZFr9jZedde,2026-09-22,2,onsale,Other,Other,1,0,0,3848fd271be3db65,2,46285,,
Z7r9jZ1A70k7F,Foster The People: Good Mourning Sunshine Tour,foster people good mourning sunshine,Foster the People,Red Rocks Amphitheatre,Morrison,ZFr9jZe71a,2026-09-22,2,onsale,Alternative,Alternative Rock,0,1,0,81b516e8df76cb27,2,137,,
Z7r9jZ1A7P-aS,Author & Punisher,author punisher,Author & Punisher,Bluebird Theatre,Denver,Z6r9jZdvee,2026-09-22,2,onsale,Other,Other,0,0,0,009848b5ce472fc6,1,46285,,
G5vzZ_FnWOqZM,Killswitch Engage,killswitch engage,Killswitch Engage,Fillmore Auditorium (Denver),Denver,KovZpZAE6eJA,2026-09-23,3,onsale,Rock,Alternative Rock,0,0,0,338359106901d69c,4,159,,
G5vzZ_5MBaWLX,Nevertel,nevertel,Nevertel,Marquis,Denver,KovZpZAJeFkA,2026-09-23,3,onsale,Rock,Alternative Rock,0,0,0,29cf2d02347bbd05,3,110,,
rZ7HnEZ1AfAKZf,Ladies Night 2026,ladies,,Stampede,Aurora,rZ7HnEZ173p1A,2026-09-23,3,onsale,Country,Country,0,0,0,6332419cda51ccbe,0,225,16.56,16.56
G5vzZ_ClRWqLF,The Linda Lindas,linda lindas,The Linda Lindas,Summit Music Hall,Denver,KovZpZAFFt1A,2026-09-23,3,onsale,Rock,Pop,0,0,0,7c80af4afc8917fe,3,68,,
G5vzZ_k3QJbl5,Ian Munsick,ian munsick,Ian Munsick,Amphitheater at Las Colonias Park,Grand Junction,KovZ917AOJj,2026-09-23,3,rescheduled,Country,Country,0,0,0,7448007f19bf0ee5,2,187,,
G5vzZ_F1xWcbS,The Phil Collins Story,phil collins story,The Phil Collins Story,Avalon Theatre,Grand Junction,KovZpa4gke,2026-09-23,3,onsale,Other,Other,0,0,0,1184aefe71714f28,1,159,,
Z7r9jZ1A7-SFP,Bleachers,bleachers,Bleachers,Red Rocks Amphitheatre,Morrison,ZFr9jZe71a,2026-09-23,3,onsale,Alternative,Alternative Rock,0,0,0,b2033ad0411b21d4,1,46286,,
1718v0G6295t8L8,"Belmont, Super Sometimes, Public Works",belmont super sometimes public works,Belmont,Black Sheep,Colorado Springs,KovZpZAJ77kA,2026-09-23,3,onsale,Rock,Alternative Rock,0,0,0,b72c9ca0bff579ae,1,57,,
G5vzZ_32jrYXh,Paramount Theatre Club Seating: Little Shop Of Horrors,paramount theatre club seating little shop of horrors,The Little Shop of Horrors,Paramount Theatre,Denver,KovZpZAFa1nA,2026-09-23,3,onsale,Other,Other,0,0,0,cd4df22ac7efe79f,1,19,,
G5vzZ_6XJb_jY,Johnny Blue Skies & the Dark Clouds - Mutiny for the Masses 2026 Tour,johnny blue skies dark clouds mutiny for masses,Johnny Blue Skies,Ball Arena,Denver,KovZpZAFaJeA,2026-09-23,3,onsale,Rock,Pop,0,1,0,8b4d8bbdcb77271e,1,166,,
G5vzZ_F1DRoV4,Club Level Seating: Johnny Blue Skies & The Dark Clouds,club level seating johnny blue skies dark clouds,Johnny Blue Skies,Ball Arena,Denver,KovZpZAFaJeA,2026-09-23,3,onsale,Rock,Pop,0,0,0,8b4d8bbdcb77271e,2,159,,
Z7r9jZ1A70EZg,Alice Phoebe Lou (16 and Over),alice phoebe lou 16 over,Alice Phoebe Lou,Ogden Theatre,Denver,ZFr9jZedde,2026-09-23,3,onsale,Other,Other,0,0,0,64a82e7b22f99fbd,1,46286,,
Z7r9jZ1A70p_O,Alana Springsteen (16 and Over),alana springsteen 16 over,Alana Springsteen,Bluebird Theatre,Denver,Z6r9jZdvee,2026-09-23,3,onsale,Other,Other,0,0,0,4b0cfa68c7a1aca0,2,46286,,
Z7r9jZ1A7PoeK,Show Me The Body (16 and Over),me body 16 over,Show Me the Body,Gothic Theatre,Englewood,ZFr9jZdde7,2026-09-23,3,onsale,Other,Other,0,0,0,14534994a068c919,2,46286,,
Z7r9jZ1AAZdaV,Belmont,belmont,Belmont,Black Sheep,Colorado Springs,KovZpZAJ77kA,2026-09-23,3,onsale,Other,Other,0,1,0,b72c9ca0bff579ae,1,57,,
rZ7HnEZ1AfxAAK,Goth Night hosted by Gotica Nouveau,goth hosted by gotica nouveau,,Vultures,Colorado Springs,rZ7HnEZ17fd1A,2026-09-23,3,onsale,Alternative,Goth,0,0,0,fe3a32fd58840a5f,0,149,,
G5vzZ_557vtgC,ALI w/ In Plain Air and Crooked Rugs,ali w in plain air crooked rugs,ALI,Ophelia's Electric Soapbox,Denver,KovZ917Aai0,2026-09-23,3,onsale,World,World,0,0,0,e4a8d010e1fd925f,2,117,,
G5vzZ_aNyxj7v,Bowling for Soup,bowling for soup,Bowling for Soup,Summit Music Hall,Denver,KovZpZAFFt1A,2026-09-24,4,onsale,Rock,Alternative Rock,0,0,0,b9fadef23c7640e4,3,146,,
G5vzZ_CB7f7g2,Dead Panic w/ Eric Martinez,dead panic w eric martinez,,Ophelia's Electric Soapbox,Denver,KovZ917Aai0,2026-09-24,4,onsale,Rock,Pop,0,0,0,bb1846a950686bf9,0,72,,
G5vzZ_agZhbVn,Rum Jungle,rum jungle,Rum Jungle,Marquis,Denver,KovZpZAJeFkA,2026-09-24,4,onsale,Rock,Pop,0,0,0,535080b3a5711053,2,139,,
G5vzZ_u1mS_gk,Erykah Badu,erykah badu,Erykah Badu,Fillmore Auditorium (Denver),Denver,KovZpZAE6eJA,2026-09-24,4,onsale,R&B,R&B,0,0,0,4d0707298654a79c,2,90,,
Z7r9jZ1A7Pej4,TR/ST (18 and Over),tr st 18 over,TR/ST,ReelWorks Denver,Denver,Z7r9jZa7cI,2026-09-24,4,onsale,Other,Other,0,0,0,b011c8ccc3442696,1,46287,,
G5vzZbUIGBG4z,"The Fab Four: Tribute to the Beatles' ""Help!"" and the Hits",fab four tribute to beatles help hits,The Fab Four,Pikes Peak Center,Colorado Springs,ZFr9jZe777,2026-09-24,4,onsale,,,0,0,0,0650f229788825a6,1,307,,
Z7r9jZ1A7rZoF,"The Fab Four: Tribute to the Beatles' ""Help!"" and the Hits",fab four tribute to beatles help hits,The Fab Four,Pikes Peak Center,Colorado Springs,ZFr9jZe777,2026-09-24,4,onsale,Rock,Classic Rock,0,1,0,0650f229788825a6,1,307,,
Z7r9jZ1A7x3o_,Bruce Hornsby & the Noisemakers,bruce hornsby noisemakers,Bruce Hornsby & the Noisemakers,Chautauqua Auditorium,Boulder,ZFr9jZdke6,2026-09-24,4,onsale,Rock,Pop,0,0,0,8ebf114ad19a9ec6,1,46287,,
G5vzZ_CrNzJ1_,LAERZ,laerz,LAERZ,Meow Wolf Denver,Denver,KovZ917AYbY,2026-09-24,4,onsale,Dance/Electronic,Amapiano,1,0,0,958475a057944385,1,79,,
G5vzZ_u61Wq19,Brian Fallon & The Painkillers,brian fallon painkillers,Brian Fallon,Oriental Theater,Denver,KovZpaprpe,2026-09-24,4,onsale,Rock,Pop,0,0,0,fe535be61ca09352,3,90,,
Z7r9jZ1A7-ff8,Hiss Golden Messenger - Ages 16+,hiss golden messenger ages 16,Hiss Golden Messenger,Ogden Theatre,Denver,ZFr9jZedde,2026-09-24,4,onsale,Other,Other,0,0,0,916d358c01ec59c1,1,46287,,
Z7r9jZ1A7-yuO,Four Tet (16 and Over),four tet 16 over,Four Tet,Mission Ballroom,Denver,Z7r9jZadVI,2026-09-24,4,onsale,Dance/Electronic,Club Dance,1,0,0,30ddb97ba7853462,1,46287,,
Z7r9jZ1A7JdjZ,LAERZ,laerz,LAERZ,Meow Wolf Denver,Denver,KovZ917AYbY,2026-09-24,4,onsale,Dance/Electronic,Dance/Electronic,1,1,0,958475a057944385,1,79,,
Z7r9jZ1A7JeuV,Bella Kay,bella kay,Bella Kay,Gothic Theatre,Englewood,ZFr9jZdde7,2026-09-24,4,onsale,Pop,Pop,0,0,0,6184c2d8b5d53bfa,1,76,,
Z7r9jZ1A7P0oM,Brian Fallon & The Painkillers,brian fallon painkillers,Brian Fallon,Oriental Theatre-CO,Denver,ZFr9jZe1Av,2026-09-24,4,onsale,Rock,Rock & Roll,0,0,0,50040fab82ee4f7a,3,90,,
Z7r9jZ1A7x9Az,The Bends (16 and Over),bends 16 over,The Bends,Bluebird Theatre,Denver,Z6r9jZdvee,2026-09-24,4,onsale,Rock,Alternative Rock,0,0,0,3125bbcdc2764840,1,46287,,
rZ7HnEZ1A4Z-aN,Global Dance & Club Studio Time Present: YVM3,global dance club studio time yvm3,,The Basement at Club Vinyl,Denver,rZ7HnEZ17QA4S,2026-09-24,4,onsale,Dance/Electronic,Dance/Electronic,1,0,0,6601cb8a630319fb,0,41,24.95,24.95
rZ7HnEZ1AfZUf7,$5 Thursdays!,5 thursdays,,La Rumba,Denver,rZ7HnEZ173pGP,2026-09-24,4,onsale,World,Latin,0,0,0,53ff5f528027d098,0,265,8.73,8.73
G5vzZ_uawlK8v,Chelsea Wolfe: THE DARK World Tour,chelsea wolfe dark world,Chelsea Wolfe,Paramount Theatre,Denver,KovZpZAFa1nA,2026-09-24,4,onsale,Rock,Pop,0,0,0,8b92ad7bd8a15b33,2,90,,
Z7r9jZ1A70sAw,Shift (16 and Over),shift 16 over,Shift,Cervantes Other Side,Denver,Z7r9jZadXe,2026-09-24,4,onsale,Other,Other,0,0,0,cf43ab6cb57c604b,3,46287,,
G5vzZ_Fnd44hW,Community Concerts of the Grand Valley 26-27,community concerts of grand valley 26 27,Community Concerts of the Grand Valley,Avalon Theatre,Grand Junction,KovZpa4gke,2026-09-24,4,onsale,Other,Other,0,0,0,6d537fa18f2dbfe4,1,98,,
Z7r9jZ1A7xePp,$UICIDEBOY$ w/ Destroy Lonely,uicideboy w destroy lonely,$UICIDEBOY$,Fiddlers Green Amphitheatre,Englewood,ZFr9jZ77ve,2026-09-25,5,onsale,Other,Other,0,0,0,0fb300e54ec03ca9,2,46288,,
G5vzZ_2rWMCgb,Amor Prohibido -Tribute to Selena,amor prohibido tribute to selena,Amor Prohibido,Summit Music Hall,Denver,KovZpZAFFt1A,2026-09-25,5,onsale,,,0,0,0,685533456f639ef2,1,56,,
G5vzZ_GSDT4G4,ivri,ivri,ivri,Marquis,Denver,KovZpZAJeFkA,2026-09-25,5,onsale,Pop,Electro Pop,0,0,0,e35e96621e7ace5e,2,98,,
G5vzZ_uJB7mUC,Hail the Sun,hail sun,Hail the Sun,Oriental Theater,Denver,KovZpaprpe,2026-09-25,5,onsale,Rock,Pop,0,0,0,000e383a0c15acd5,4,91,,
Z7r9jZ1A7Ppue,WILD ON THE WATER: BIG WILD w/MINDCHATTER,wild on water big wild w mindchatter,Big Wild,Dillon Amphitheater,Dillon,Z7r9jZadqh,2026-09-25,5,onsale,Other,Other,1,0,0,6b9dbd42b4fe1b7e,2,105,,
Z7r9jZ1A7Pwoy,Hail the Sun,hail sun,Hail the Sun,Oriental Theatre-CO,Denver,ZFr9jZe1Av,2026-09-25,5,onsale,Other,Other,0,0,0,2dd6cedd2720ac21,4,91,,
rZ7HnEZ1AfZUuf,Ladies Night & Noche Sonidera,ladies noche sonidera,,La Rumba,Denver,rZ7HnEZ173pGP,2026-09-25,5,onsale,World,Latin,0,0,0,359493f7ba800b3f,0,266,14.13,14.13
G5vzZbUrlFEoA,"The Fab Four: Tribute to the Beatles' ""Help!"" and the Hits",fab four tribute to beatles help hits,The Fab Four,Paramount Theatre,Denver,KovZpZAFa1nA,2026-09-25,5,onsale,,,0,0,0,19133c78a5761b89,1,308,,
Z7r9jZ1A70JGN,Colorado Symphony Orchestra presents Rachmaninoff???s 3rd Piano Concerto with Garrick Ohlsson & Rune Bergmann,colorado symphony orchestra rachmaninoff s 3rd piano concerto garrick ohlsson rune bergmann,Colorado Symphony Orchestra,Boettcher Hall,Denver,Z6r9jZdv1e,2026-09-25,5,onsale,Other,Other,0,0,0,663e0f3f91487dcb,1,46288,,
Z7r9jZ1A70gjf,Igorrr (16 and Over),igorrr 16 over,Igorrr,Gothic Theatre,Englewood,ZFr9jZdde7,2026-09-25,5,onsale,Other,Other,1,0,0,ba6b08e2c7f1cc03,1,46288,,
Z7r9jZ1A7J__k,The Commodores w/ The Spinners,commodores w spinners,Commodores,Ford Amphitheater,Colorado Springs,Z7r9jZaA99,2026-09-25,5,onsale,R&B,R&B,0,0,0,ba8d065ec9c30df2,2,46288,,
16e0Z_aGfG7c-R-,"Emarosa, Veaux, Dreamfone",emarosa veaux dreamfone,Emarosa,Black Sheep,Colorado Springs,KovZpZAJ77kA,2026-09-25,5,onsale,Rock,Pop,0,0,0,fe7480ba2004df8c,1,157,,
G5vzZ_ALltR_P,The Revivalists,revivalists,The Revivalists,Red Rocks Amphitheatre,Morrison,ZFr9jZe71a,2026-09-25,5,onsale,Rock,Pop,0,0,0,2ff8234963116bb0,2,210,,
G5vzZ_G1hWlbw,Umphrey's McGee,umphrey s mcgee,Umphrey's McGee,Mishawaka Amphitheatre,Bellvue,ZFr9jZ6vkF,2026-09-25,5,onsale,Rock,Pop,0,0,0,75eaf2a3b625cf1d,1,112,,
Z7r9jZ1A7-3fF,The Revivalists,revivalists,The Revivalists,Red Rocks Amphitheatre,Morrison,ZFr9jZe71a,2026-09-25,5,onsale,Alternative,Alternative Rock,0,1,0,2ff8234963116bb0,2,210,,
Z7r9jZ1A70oQf,Prospa - Ages 16+,prospa ages 16,Prospa,Mission Ballroom,Denver,Z7r9jZadVI,2026-09-25,5,onsale,Dance/Electronic,Dance/Electronic,1,0,0,dc9947c9e2319191,1,143,,
Z7r9jZ1A7PdjN,Umphrey's McGee,umphrey s mcgee,Umphrey's McGee,Mishawaka Amphitheatre,Bellvue,ZFr9jZ6vkF,2026-09-25,5,onsale,Alternative,Alternative Rock,0,1,0,75eaf2a3b625cf1d,1,112,,
Z7r9jZ1A7xfCf,Emarosa,emarosa,Emarosa,Black Sheep,Colorado Springs,KovZpZAJ77kA,2026-09-25,5,onsale,Other,Other,0,1,0,fe7480ba2004df8c,1,157,,
rZ7HnEZ1AfG3O7,"Calico Moon, In The Teeth, Laura Anne Reitzel",calico moon in teeth laura anne reitzel,,Vultures,Colorado Springs,rZ7HnEZ17fd1A,2026-09-25,5,onsale,Rock,Alternative Rock,0,0,0,0f47743042142769,0,16,,
Z7r9jZ1A7xZA8,Oskar med K,oskar med k,oskar med k,Cervantes Masterpiece Ballroom,Denver,ZFr9jZkk1d,2026-09-25,5,onsale,Dance/Electronic,Dance/Electronic,1,0,0,9cbca6fb39adfb2a,1,46288,,
G5vzZ_Gl-tRPp,American Aquarium,american aquarium,American Aquarium,Ophelia's Electric Soapbox,Denver,KovZ917Aai0,2026-09-25,5,onsale,Rock,Pop,0,0,0,fb08b130aed951bd,2,98,,
G5vzZ_u674Hrk,THE SCHIZOPHONICS - Burning Floor Tour,schizophonics burning floor,The Schizophonics,Hi-Dive - Denver,Denver,Z7r9jZadmE,2026-09-25,5,onsale,Rock,Pop,0,0,0,a2d26de45b187ee8,2,98,,
Z7r9jZ1A7-t0b,Ivy Lab (16 and Over),ivy lab 16 over,Ivy Lab,Ogden Theatre,Denver,ZFr9jZedde,2026-09-25,5,onsale,Other,Other,1,0,0,5c938efbfb06f450,1,46288,,
Z7r9jZ1A7qV_4,Elefante (21+),elefante 21,Elefante,Stampede - Aurora,Aurora,Z7r9jZad-c,2026-09-25,5,onsale,Other,Other,0,0,0,af64eb2e5d8c0d87,1,46288,,
rZ7HnEZ1Af7ao0,ELEFANTE EN CONCIERTO,elefante en concierto,Elefante,Stampede,Aurora,rZ7HnEZ173p1A,2026-09-25,5,onsale,World,Latin,0,0,0,ccd2988261a3d73c,1,245,71.18,92.53
rZ7HnEZ1AfJb0N,Bassjackers,bassjackers,Bassjackers,Club Vinyl,Denver,rZ7HnEZ17qf40,2026-09-25,5,onsale,Dance/Electronic,House,1,0,0,a24525491512b1e4,1,58,24.95,24.95
rZ7HnEZ1Afap3f,Carlita,carlita,Carlita,The Church Nightclub,Denver,rZ7HnEZ17qf4V,2026-09-25,5,onsale,Dance/Electronic,House,1,0,0,b5b52444f63851ae,1,74,24.95,24.95
G5vzZ_3T62IM_, Paramount Theatre Club Seating: The Fab Four,paramount theatre club seating fab four,The Fab Four,Paramount Theatre,Denver,KovZpZAFa1nA,2026-09-25,5,onsale,Other,Other,0,1,0,19133c78a5761b89,1,7,,
rZ7HnEZ1AfJduN,"Day Out With Thomas (TM), Thomas & Friends",day out thomas tm thomas friends,Day Out with Thomas,Colorado Railroad Museum,Golden,rZ7HnEZadSp,2026-09-26,6,onsale,Fairs & Festivals,Fairs & Festivals,0,0,0,da4dec52edd53ce7,2,67,0.0,0.0
rZ7HnEZ1AfJd_d,"Day Out With Thomas (TM), Thomas & Friends",day out thomas tm thomas friends,Day Out with Thomas,Colorado Railroad Museum,Golden,rZ7HnEZadSp,2026-09-26,6,onsale,Fairs & Festivals,Fairs & Festivals,0,1,0,da4dec52edd53ce7,2,67,0.0,0.0
rZ7HnEZ1AfJdxd,"Day Out With Thomas (TM), Thomas & Friends",day out thomas tm thomas friends,Day Out with Thomas,Colorado Railroad Museum,Golden,rZ7HnEZadSp,2026-09-26,6,onsale,Fairs & Festivals,Fairs & Festivals,0,1,0,da4dec52edd53ce7,2,67,0.0,0.0
rZ7HnEZ1AfJ7aS,"Day Out With Thomas (TM), Thomas & Friends",day out thomas tm thomas friends,Day Out with Thomas,Colorado Railroad Museum,Golden,rZ7HnEZadSp,2026-09-26,6,onsale,Fairs & Festivals,Fairs & Festivals,0,1,0,da4dec52edd53ce7,2,67,0.0,0.0
Z7r9jZ1AAv8Fa,Rock and Roll Playhouse,rock roll playhouse,The Rock and Roll Playhouse,Bluebird Theatre,Denver,Z6r9jZdvee,2026-09-26,6,onsale,Other,Other,0,0,0,24375da646a693e8,1,46289,,
rZ7HnEZ1AfJd4K,"Day Out With Thomas (TM), Thomas & Friends",day out thomas tm thomas friends,Day Out with Thomas,Colorado Railroad Museum,Golden,rZ7HnEZadSp,2026-09-26,6,onsale,Fairs & Festivals,Fairs & Festivals,0,1,0,da4dec52edd53ce7,2,67,0.0,0.0
rZ7HnEZ1AfJd1K,"Day Out With Thomas (TM), Thomas & Friends",day out thomas tm thomas friends,Day Out with Thomas,Colorado Railroad Museum,Golden,rZ7HnEZadSp,2026-09-26,6,onsale,Fairs & Festivals,Fairs & Festivals,0,1,0,da4dec52edd53ce7,2,67,0.0,0.0
G5vzZ_5nMjjlm,Day Trip Block Party Denver,day trip block party denver,Day Trip Festival Denver,JUNKYARD,Denver,KovZ917AI2V,2026-09-26,6,onsale,,,1,0,0,87f271c611da1184,6,120,,
rZ7HnEZ1AfJdoK,"Day Out With Thomas (TM), Thomas & Friends",day out thomas tm thomas friends,Day Out with Thomas,Colorado Railroad Museum,Golden,rZ7HnEZadSp,2026-09-26,6,onsale,Fairs & Festivals,Fairs & Festivals,0,1,0,da4dec52edd53ce7,2,67,0.0,0.0
rZ7HnEZ1AfJdQK,"Day Out With Thomas (TM), Thomas & Friends",day out thomas tm thomas friends,Day Out with Thomas,Colorado Railroad Museum,Golden,rZ7HnEZadSp,2026-09-26,6,onsale,Fairs & Festivals,Fairs & Festivals,0,1,0,da4dec52edd53ce7,2,67,0.0,0.0
rZ7HnEZ1AfJd_N,"Day Out With Thomas (TM), Thomas & Friends",day out thomas tm thomas friends,Day Out with Thomas,Colorado Railroad Museum,Golden,rZ7HnEZadSp,2026-09-26,6,onsale,Fairs & Festivals,Fairs & Festivals,0,1,0,da4dec52edd53ce7,2,67,0.0,0.0
rZ7HnEZ1AfJdCK,"Day Out With Thomas (TM), Thomas & Friends",day out thomas tm thomas friends,Day Out with Thomas,Colorado Railroad Museum,Golden,rZ7HnEZadSp,2026-09-26,6,onsale,Fairs & Festivals,Fairs & Festivals,0,1,0,da4dec52edd53ce7,2,67,0.0,0.0
rZ7HnEZ1AfJ7aK,"Day Out With Thomas (TM), Thomas & Friends",day out thomas tm thomas friends,Day Out with Thomas,Colorado Railroad Museum,Golden,rZ7HnEZadSp,2026-09-26,6,onsale,Fairs & Festivals,Fairs & Festivals,0,1,0,da4dec52edd53ce7,2,67,30.85,30.85
Z7r9jZ1A7-sxp,Big Gigantic w/ The Funk Hunters,big gigantic w funk hunters,Big Gigantic,Red Rocks Amphitheatre,Morrison,ZFr9jZe71a,2026-09-26,6,onsale,Dance/Electronic,Dance/Electronic,1,0,0,c7b5009f689153cb,3,46289,,
G5vzZ_5MzhjYh,"Silly Goose - The ""Set It Off"" Tour",silly goose it off,Silly Goose,Marquis,Denver,KovZpZAJeFkA,2026-09-26,6,onsale,Rock,Pop,0,0,0,a3424bab0c1c8985,3,113,,
G5vzZ_6lC9HUo,PRESIDENT: North American Campaign 2026,president north american campaign,PRESIDENT,Summit Music Hall,Denver,KovZpZAFFt1A,2026-09-26,6,onsale,Rock,Alternative Rock,0,0,0,f8da73d222fd7ef1,2,176,,
G5vzZ_ejS7nIg,Bruno Mars - The Romantic Tour,bruno mars romantic,Bruno Mars,Falcon Stadium,Usaf Academy,KovZpZA1EalA,2026-09-26,6,onsale,Pop,Pop,1,0,0,078e63d0c56fa5ad,3,254,,
G5vzZ_uQXkhQK,Holding Absence & Arm's Length: North American Co-Headliner Tour 2026,holding absence arm s length north american co headliner,Holding Absence,Washington's,Fort Collins,Z7r9jZad4Y,2026-09-26,6,onsale,Rock,Pop,0,0,0,856194a1266c7110,4,92,,
Z7r9jZ1A70ovV,Citizen w/ Anxious,citizen w anxious,Citizen,Ogden Theatre,Denver,ZFr9jZedde,2026-09-26,6,onsale,Other,Other,0,0,0,955ab67edc8af439,2,46289,,
Z7r9jZ1A7O9_A,Bruno Mars - The Romantic Tour,bruno mars romantic,Bruno Mars,Falcon Stadium,Colorado Springs,ZFr9jZde11,2026-09-26,6,onsale,R&B,R&B,0,0,0,5b4f557eca994963,3,252,,
Z7r9jZ1A7PIZk,Holding Absence & Arm's Length: North American Co-Headliner Tour 2026,holding absence arm s length north american co headliner,Holding Absence,Washington's,Fort Collins,Z7r9jZad4Y,2026-09-26,6,onsale,Other,Other,0,1,0,856194a1266c7110,4,92,,
rZ7HnEZ1AfZg47,Sabados Sabrosos!,sabados sabrosos,,La Rumba,Denver,rZ7HnEZ173pGP,2026-09-26,6,onsale,World,Latin,0,0,0,40d5366acda8a617,0,267,25.18,25.18
G5vzZbgrR4Vei,"The Fab Four: Tribute to the Beatles' ""Help"" and the Hits",fab four tribute to beatles help hits,The Fab Four,Avalon Theatre,Grand Junction,KovZpa4gke,2026-09-26,6,onsale,,,0,0,0,09e3e5947655e94d,1,309,,
Z7r9jZ1A70JGO,Colorado Symphony Orchestra presents Rachmaninoff???s 3rd Piano Concerto with Garrick Ohlsson & Rune Bergmann,colorado symphony orchestra rachmaninoff s 3rd piano concerto garrick ohlsson rune bergmann,Colorado Symphony Orchestra,Boettcher Hall,Denver,Z6r9jZdv1e,2026-09-26,6,onsale,Other,Other,0,0,0,936b35448d39269f,1,46289,,
Z7r9jZ1AAZt7J,The Colorado Springs Philharmonic presents Scheherazade,colorado springs philharmonic scheherazade,Colorado Springs Philharmonic,Pikes Peak Center,Colorado Springs,ZFr9jZe777,2026-09-26,6,onsale,Other,Other,0,0,0,ec14fd6c96d90e4d,1,46289,,
G5vzZ_51yBtAi,Wicca Phase Springs Eternal - A Decade of Secret Boy,wicca phase springs eternal decade of secret boy,Wicca Phase Springs Eternal,Meow Wolf Denver,Denver,KovZ917AYbY,2026-09-26,6,onsale,Rock,Alternative Rock,0,0,0,a8dee1b208323ddb,1,129,,
G5vzZ_Arx3tGZ,Mariachazo,mariachazo,Mariachi Vargas de Tecalitlán,Paramount Theatre,Denver,KovZpZAFa1nA,2026-09-26,6,onsale,Latin,Latin,0,0,0,2081668e3b68dec6,2,200,,
G5vzZ_G1j0lqx,Umphrey's McGee,umphrey s mcgee,Umphrey's McGee,Mishawaka Amphitheatre,Bellvue,ZFr9jZ6vkF,2026-09-26,6,onsale,Rock,Pop,0,0,0,f449467dacf989a0,1,113,,
G5vzZ_aK8GlLt,Emarosa - High Horse Heaven Tour,emarosa high horse heaven,Emarosa,HQ,Denver,KovZ917ARbC,2026-09-26,6,onsale,Rock,Pop,0,0,0,885f287211276cb9,3,157,,
G5vzZ_ueD5n6H,"SHAWN JAMES ""FLEW TOO CLOSE TO THE SUN"" TOUR",shawn james flew too close to sun,Shawn James,Ophelia's Electric Soapbox,Denver,KovZ917Aai0,2026-09-26,6,onsale,Blues,Blues,0,0,0,7d23a0fd7b12de36,2,92,,
Z7r9jZ1A7-73b,Yacht Rock Revue (16 and Over),yacht rock revue 16 over,Yacht Rock Revue,Mission Ballroom,Denver,Z7r9jZadVI,2026-09-26,6,onsale,Other,Other,0,0,0,96635df8aa2f747e,1,46289,,
Z7r9jZ1A7-xPd,Arlo Parks,arlo parks,Arlo Parks,Gothic Theatre,Englewood,ZFr9jZdde7,2026-09-26,6,onsale,Other,Other,0,0,0,c39cfa3944d9dae9,1,197,,
Z7r9jZ1A70E0V,Wicca Phase Springs Eternal - A Decade of Secret Boy,wicca phase springs eternal decade of secret boy,Wicca Phase Springs Eternal,Meow Wolf Denver,Denver,KovZ917AYbY,2026-09-26,6,onsale,Other,Other,0,1,0,a8dee1b208323ddb,1,129,,
Z7r9jZ1A7PdjY,Umphrey's McGee,umphrey s mcgee,Umphrey's McGee,Mishawaka Amphitheatre,Bellvue,ZFr9jZ6vkF,2026-09-26,6,onsale,Alternative,Alternative Rock,0,1,0,f449467dacf989a0,1,113,,
Z7r9jZ1A7xf-y,Emarosa - High Horse Heaven Tour,emarosa high horse heaven,Emarosa,HQ Denver,Denver,Z7r9jZa7h0,2026-09-26,6,onsale,Other,Other,0,0,0,2519218feac7bfc5,3,157,,
1AtZkfoGkdbXoHS,Broadway Rave,broadway rave,Broadway Rave,Black Sheep,Colorado Springs,KovZpZAJ77kA,2026-09-26,6,onsale,Dance/Electronic,Amapiano,1,0,0,ca39578316e9e3f9,1,39,,
Z7r9jZ1AAZV4U,Broadway Rave - The Musical Theatre Dance Party,broadway rave musical theatre dance party,Broadway Rave,Black Sheep,Colorado Springs,KovZpZAJ77kA,2026-09-26,6,onsale,Dance/Electronic,Dance Pop,1,1,0,ca39578316e9e3f9,1,39,,
Z7r9jZ1A7-YvY,Deer Tick (16 and Over),deer tick 16 over,Deer Tick,Bluebird Theatre,Denver,Z6r9jZdvee,2026-09-26,6,onsale,Other,Other,0,0,0,9b1fe225d49e8e44,1,46289,,
rZ7HnEZ1AfaxA7,KEITH NIETO - ARRASANDO NORTE - NUEVA PRADERA - MANUEL REZA,keith nieto arrasando norte nueva pradera manuel reza,,Stampede,Aurora,rZ7HnEZ173p1A,2026-09-26,6,onsale,World,Mexican Ranchera,0,0,0,91570140b89a4bcf,0,73,60.51,71.18
rZ7HnEZ1AfJdjK,"Day Out With Thomas (TM), Thomas & Friends",day out thomas tm thomas friends,Day Out with Thomas,Colorado Railroad Museum,Golden,rZ7HnEZadSp,2026-09-27,0,onsale,Fairs & Festivals,Fairs & Festivals,0,0,0,b1c8c8a8912ba5a8,2,68,0.0,0.0
rZ7HnEZ1AfJdod,"Day Out With Thomas (TM), Thomas & Friends",day out thomas tm thomas friends,Day Out with Thomas,Colorado Railroad Museum,Golden,rZ7HnEZadSp,2026-09-27,0,onsale,Fairs & Festivals,Fairs & Festivals,0,1,0,b1c8c8a8912ba5a8,2,68,0.0,0.0
rZ7HnEZ1AfJdxK,"Day Out With Thomas (TM), Thomas & Friends",day out thomas tm thomas friends,Day Out with Thomas,Colorado Railroad Museum,Golden,rZ7HnEZadSp,2026-09-27,0,onsale,Fairs & Festivals,Fairs & Festivals,0,1,0,b1c8c8a8912ba5a8,2,68,0.0,0.0
rZ7HnEZ1AfJ7FS,"Day Out With Thomas (TM), Thomas & Friends",day out thomas tm thomas friends,Day Out with Thomas,Colorado Railroad Museum,Golden,rZ7HnEZadSp,2026-09-27,0,onsale,Fairs & Festivals,Fairs & Festivals,0,1,0,b1c8c8a8912ba5a8,2,68,0.0,0.0
rZ7HnEZ1AfJd4S,"Day Out With Thomas (TM), Thomas & Friends",day out thomas tm thomas friends,Day Out with Thomas,Colorado Railroad Museum,Golden,rZ7HnEZadSp,2026-09-27,0,onsale,Fairs & Festivals,Fairs & Festivals,0,1,0,b1c8c8a8912ba5a8,2,68,0.0,0.0
rZ7HnEZ1AfJdbK,"Day Out With Thomas (TM), Thomas & Friends",day out thomas tm thomas friends,Day Out with Thomas,Colorado Railroad Museum,Golden,rZ7HnEZadSp,2026-09-27,0,onsale,Fairs & Festivals,Fairs & Festivals,0,1,0,b1c8c8a8912ba5a8,2,68,0.0,0.0
G5vzZ_3BsZMNV,GRiZ - Free Shows for the People,griz free shows for people,GRiZ,JUNKYARD,Denver,KovZ917AI2V,2026-09-27,0,onsale,Dance/Electronic,Amapiano,1,0,0,2c5f96d784dba557,1,9,,
Z7r9jZ1A70JGI,Colorado Symphony Orchestra presents Rachmaninoff???s 3rd Piano Concerto with Garrick Ohlsson & Rune Bergmann,colorado symphony orchestra rachmaninoff s 3rd piano concerto garrick ohlsson rune bergmann,Colorado Symphony Orchestra,Boettcher Hall,Denver,Z6r9jZdv1e,2026-09-27,0,onsale,Other,Other,0,0,0,88c81e34e0cdebb9,1,46290,,
Z7r9jZ1AAZt7E,The Colorado Springs Philharmonic presents Scheherazade,colorado springs philharmonic scheherazade,Colorado Springs Philharmonic,Pikes Peak Center,Colorado Springs,ZFr9jZe777,2026-09-27,0,onsale,Other,Other,0,0,0,1256df0e6e8ffb39,1,46290,,
rZ7HnEZ1AfJd3d,"Day Out With Thomas (TM), Thomas & Friends",day out thomas tm thomas friends,Day Out with Thomas,Colorado Railroad Museum,Golden,rZ7HnEZadSp,2026-09-27,0,onsale,Fairs & Festivals,Fairs & Festivals,0,1,0,b1c8c8a8912ba5a8,2,68,0.0,0.0
rZ7HnEZ1AfJd8N,"Day Out With Thomas (TM), Thomas & Friends",day out thomas tm thomas friends,Day Out with Thomas,Colorado Railroad Museum,Golden,rZ7HnEZadSp,2026-09-27,0,onsale,Fairs & Festivals,Fairs & Festivals,0,1,0,b1c8c8a8912ba5a8,2,68,0.0,0.0
rZ7HnEZ1AfJd8S,"Day Out With Thomas (TM), Thomas & Friends",day out thomas tm thomas friends,Day Out with Thomas,Colorado Railroad Museum,Golden,rZ7HnEZadSp,2026-09-27,0,onsale,Fairs & Festivals,Fairs & Festivals,0,1,0,b1c8c8a8912ba5a8,2,68,0.0,0.0
rZ7HnEZ1AfJdoS,"Day Out With Thomas (TM), Thomas & Friends",day out thomas tm thomas friends,Day Out with Thomas,Colorado Railroad Museum,Golden,rZ7HnEZadSp,2026-09-27,0,onsale,Fairs & Festivals,Fairs & Festivals,0,1,0,b1c8c8a8912ba5a8,2,68,0.0,0.0
rZ7HnEZ1AfJ7Gd,"Day Out With Thomas (TM), Thomas & Friends",day out thomas tm thomas friends,Day Out with Thomas,Colorado Railroad Museum,Golden,rZ7HnEZadSp,2026-09-27,0,onsale,Fairs & Festivals,Fairs & Festivals,0,1,0,b1c8c8a8912ba5a8,2,68,30.85,30.85
1718v0G6uZSIO07,ArmâS Length & Holding Absence: North American Co-Headliner Tour 202,arm s length holding absence north american co headliner 202,Arm's Length,Black Sheep,Colorado Springs,KovZpZAJ77kA,2026-09-27,0,onsale,Rock,Alternative Rock,0,0,0,77fce57602e33608,2,96,,
G5vzZ_29MUSGF,Db.boutabag,db boutabag,Db.boutabag,Marquis,Denver,KovZpZAJeFkA,2026-09-27,0,onsale,Hip-Hop/Rap,Trap,0,0,0,2c8cff5b60c5e862,3,65,,
G5vzZ_3Bse6NT,GRiZ - Free Shows for the People,griz free shows for people,GRiZ,JUNKYARD,Denver,KovZ917AI2V,2026-09-27,0,onsale,Dance/Electronic,Amapiano,1,1,0,2c5f96d784dba557,1,9,,
G5vzZ_eDIy5UU,Bruno Mars - The Romantic Tour,bruno mars romantic,Bruno Mars,Falcon Stadium,Usaf Academy,KovZpZA1EalA,2026-09-27,0,onsale,Pop,Pop,1,0,0,271fa140d9243184,3,255,,
G5vzZ_o625GK9,Aren't We Amphibians: Rock And Roll Across The States Forever,aren t we amphibians rock roll across states forever,Aren't We Amphibians,HQ,Denver,KovZ917ARbC,2026-09-27,0,onsale,Rock,Alternative Rock,0,0,0,de91ce4e0d4b580f,2,41,,
Z7r9jZ1A7Ox8I,Bruno Mars - The Romantic Tour,bruno mars romantic,Bruno Mars,Falcon Stadium,Colorado Springs,ZFr9jZde11,2026-09-27,0,onsale,R&B,R&B,0,0,0,7036ba575818f4bb,3,253,,
Z7r9jZ1AAZgfK,Aren't We Amphibians: Rock And Roll Across The States Forever,aren t we amphibians rock roll across states forever,Aren't We Amphibians,HQ Denver,Denver,Z7r9jZa7h0,2026-09-27,0,onsale,Alternative,Alternative Rock,0,0,0,d519b29b98e28fa4,2,41,,
rZ7HnEZ1AfZgaf,SALSA & BACHATA SUNDAYS,salsa bachata sundays,,La Rumba,Denver,rZ7HnEZ173pGP,2026-09-27,0,onsale,World,Latin,0,0,0,2ff0f9dc9488947d,0,268,14.13,14.13
Z7r9jZ1A7-Mjs,Jungle,jungle,Jungle,Red Rocks Amphitheatre,Morrison,ZFr9jZe71a,2026-09-27,0,onsale,R&B,R&B,0,0,0,b9f104b508dfded4,1,184,,
Z7r9jZ1A7Joq9,The Rasmus w/ Saint Agnes,rasmus w saint agnes,The Rasmus,Gothic Theatre,Englewood,ZFr9jZdde7,2026-09-27,0,onsale,Other,Other,0,0,0,edc4b1ec7501c2f7,2,46290,,
G5vzZ_G1qYDID,Umphrey's McGee,umphrey s mcgee,Umphrey's McGee,Mishawaka Amphitheatre,Bellvue,ZFr9jZ6vkF,2026-09-27,0,onsale,Rock,Pop,0,0,0,9effc81d0e03f6dd,1,114,,
Z7r9jZ1A70P8z,Lolo,lolo,LØLØ,Bluebird Theatre,Denver,Z6r9jZdvee,2026-09-27,0,onsale,Other,Other,0,0,0,864837921df54d10,1,46290,,
Z7r9jZ1A7PI-Z,Shawn James,shawn james,Shawn James,Aggie Theater,Fort Collins,ZFr9jZkve6,2026-09-27,0,onsale,Other,Other,0,0,0,b5df919f49908a11,1,46290,,
Z7r9jZ1A7PdjV,Umphrey's McGee,umphrey s mcgee,Umphrey's McGee,Mishawaka Amphitheatre,Bellvue,ZFr9jZ6vkF,2026-09-27,0,onsale,Alternative,Alternative Rock,0,1,0,9effc81d0e03f6dd,1,114,,
Z7r9jZ1A7Pw4E,Combichrist w/ Dead Animal Assembly Plant,combichrist w dead animal assembly plant,Combichrist,The Federal Theatre,Denver,Z7r9jZakK6,2026-09-27,0,onsale,Dance/Electronic,Dance/Electronic,1,0,0,4a3259533f9febec,2,46290,,
Z7r9jZ1A7x37J,The California Honeydrops (Under 16 w/ Adult),california honeydrops under 16 w adult,The California Honeydrops,Boulder Theater,Boulder,ZFr9jZdAk6,2026-09-27,0,onsale,Other,Other,0,0,0,45f36e3bc83e42f7,1,46290,,
rZ7HnEZ1AfP3xK,San Luis / Aunque Sea Todo World Tour,san luis aunque sea todo world,,Stampede,Aurora,rZ7HnEZ173p1A,2026-09-27,0,onsale,World,Venezuela,0,0,0,d9cbabcf552dbb3f,0,123,33.82,33.82
G5vzZ_7R2-ywq,Breaking Benjamin,breaking benjamin,Breaking Benjamin,Ball Arena,Denver,KovZpZAFaJeA,2026-09-28,1,onsale,Rock,Alternative Rock,0,0,0,48098f9c7a3b7c23,4,220,,
G5vzZ_A6FuGXx,Club Level Seating: Breaking Benjamin,club level seating breaking benjamin,Breaking Benjamin,Ball Arena,Denver,KovZpZAFaJeA,2026-09-28,1,onsale,Rock,Alternative Rock,0,1,0,48098f9c7a3b7c23,2,213,,
G5vzZ_5MM8Go3,Evening Elephants,evening elephants,Evening Elephants,Marquis,Denver,KovZpZAJeFkA,2026-09-28,1,onsale,Rock,Alternative Rock,0,0,0,7670554db5422a6e,3,115,,
1718v0G6CzaYoLZ,Anamanaguchi X Covet,anamanaguchi x covet,Anamanaguchi,Black Sheep,Colorado Springs,KovZpZAJ77kA,2026-09-28,1,onsale,Rock,Pop,0,0,0,bc64ed16d0fa3896,2,69,,
Z7r9jZ1A7J3C7,Anamanaguchi w/ Covet,anamanaguchi w covet,Anamanaguchi,Black Sheep,Colorado Springs,KovZpZAJ77kA,2026-09-28,1,onsale,Other,Other,0,1,0,bc64ed16d0fa3896,2,69,,
Z7r9jZ1A7xZ8I,Jungle w/ RIO KOSTA,jungle w rio kosta,Jungle,Red Rocks Amphitheatre,Morrison,ZFr9jZe71a,2026-09-28,1,onsale,R&B,R&B,0,0,0,9030aaccf70a57bf,2,46291,,
G5vzZ_1RSWcLq,Arrows in Action - I Think We've Toured Here Before,arrows in action i think we ve toured here before,Arrows In Action,Meow Wolf Denver,Denver,KovZ917AYbY,2026-09-28,1,onsale,Rock,Pop,0,0,0,f904542d278589cd,3,136,,
Z7r9jZ1A70bO4,Arrows in Action - I Think We've Toured Here Before,arrows in action i think we ve toured here before,Arrows In Action,Meow Wolf Denver,Denver,KovZ917AYbY,2026-09-28,1,onsale,Other,Other,0,1,0,f904542d278589cd,3,136,,
G5vzZ_2Me3WTy,156/Silence - From A Distance Tour,156 silence from distance,156/Silence,Marquis,Denver,KovZpZAJeFkA,2026-09-29,2,onsale,Metal,Nu-Metal,0,0,0,3b9b03f0ae90ff24,4,60,,
G5vzZ_2kHujy7,EsDeeKid - Council House Rat Tour,esdeekid council house rat,EsDeeKid,Fillmore Auditorium (Denver),Denver,KovZpZAE6eJA,2026-09-29,2,onsale,Hip-Hop/Rap,Trap,0,0,0,d999a698d1c196b6,2,60,,
G5vzZ_FMIhXUB,Coheed and Cambria: Neverender Rocks,coheed cambria neverender rocks,Coheed and Cambria,Red Rocks Amphitheatre,Morrison,ZFr9jZe71a,2026-09-29,2,onsale,Rock,Alternative Rock,0,0,0,bce7283bb2d3b8f1,3,165,,
Z7r9jZ1A703f-,The Menzingers (16 and Over),menzingers 16 over,The Menzingers,Ogden Theatre,Denver,ZFr9jZedde,2026-09-29,2,onsale,Rock,Punk,0,0,0,98ace7796dc21d22,3,46292,,
Z7r9jZ1A7Pw4I,Hammerfall w/ Evergrey,hammerfall w evergrey,Hammerfall,The Federal Theatre,Denver,Z7r9jZakK6,2026-09-29,2,onsale,Metal,Heavy Metal,0,0,0,4cd69b3c0eb7beb4,2,46292,,
Z7r9jZ1A7xaOP,Coheed and Cambria: Neverender Rocks,coheed cambria neverender rocks,Coheed and Cambria,Red Rocks Amphitheatre,Morrison,ZFr9jZe71a,2026-09-29,2,onsale,Alternative,Alternative Rock,0,1,0,bce7283bb2d3b8f1,3,165,,
G5vzZ_5RwJ9Bi,LAUREN SANDERSON: COME SAY SUM TOUR,lauren sanderson come say sum,Lauren Sanderson,Meow Wolf Denver,Denver,KovZ917AYbY,2026-09-29,2,onsale,Pop,Pop,0,0,0,82c4a740de6b17f2,1,116,,
G5vzZ_arnbGNs,Beth Hart,beth hart,Beth Hart,Paramount Theatre,Denver,KovZpZAFa1nA,2026-09-29,2,onsale,Rock,Pop,0,0,0,db88bfe645c10cfe,2,151,,
Z7r9jZ1A708vY,Elder Island (16 and Over),elder island 16 over,Elder Island,Gothic Theatre,Englewood,ZFr9jZdde7,2026-09-29,2,onsale,Other,Other,0,0,0,3206fea5662a71bc,1,46292,,
Z7r9jZ1A70zqZ,LAUREN SANDERSON: COME SAY SUM TOUR,lauren sanderson come say sum,Lauren Sanderson,Meow Wolf Denver,Denver,KovZ917AYbY,2026-09-29,2,onsale,Other,Other,0,1,0,82c4a740de6b17f2,1,116,,
rZ7HnEZ1AfAKA7,Ladies Night 2026,ladies,,Stampede,Aurora,rZ7HnEZ173p1A,2026-09-30,3,onsale,Country,Country,0,0,0,54c0022abf087d0e,0,232,16.56,16.56
G5vzZ_89p7wF0,Cavetown - Running With Scissors Tour,cavetown running scissors,Cavetown,Summit Music Hall,Denver,KovZpZAFFt1A,2026-09-30,3,onsale,Rock,Pop,0,0,0,b49dab5aacaae943,2,55,,
G5vzZby1J_pso,Solya,solya,Solya,Marquis,Denver,KovZpZAJeFkA,2026-09-30,3,rescheduled,Rock,Alternative Rock,0,0,0,a7378c75767e1ef3,2,264,,
Z7r9jZ1A7PIOb,The Backseat Lovers w/ Friko,backseat lovers w friko,The Backseat Lovers,Red Rocks Amphitheatre,Morrison,ZFr9jZe71a,2026-09-30,3,onsale,Other,Other,0,0,0,804adadc02eb08f5,2,96,,
G5vzZ_2NqO8tB,Jaiel Presents: The Blooming Hearts Club,jaiel blooming hearts club,,Ophelia's Electric Soapbox,Denver,KovZ917Aai0,2026-09-30,3,cancelled,Pop,Electro Pop,0,0,1,5d152b5ccd7272fd,0,61,,
Z7r9jZ1A7PwJo,Sons of Legion (16 and Over),sons of legion 16 over,Sons of Legion,Mission Ballroom,Denver,Z7r9jZadVI,2026-09-30,3,onsale,Rock,Blues-Rock,0,0,0,dfb66323d708b53a,1,46293,,
Z7r9jZ1A7Pd-A,Uncle Acid and The Deadbeats (16 and Over),uncle acid deadbeats 16 over,Uncle Acid and the Deadbeats,Gothic Theatre,Englewood,ZFr9jZdde7,2026-09-30,3,onsale,Rock,Hard Rock,0,0,0,2d7a7b616d9cae48,2,46293,,
Z7r9jZ1A7xaF0,Culture Wars,culture wars,Culture Wars,Bluebird Theatre,Denver,Z6r9jZdvee,2026-09-30,3,onsale,Other,Other,0,0,0,27ced0f8475297cb,1,46293,,
rZ7HnEZ1AfxA7S,Goth Night hosted by Gotica Nouveau,goth hosted by gotica nouveau,,Vultures,Colorado Springs,rZ7HnEZ17fd1A,2026-09-30,3,onsale,Alternative,Goth,0,0,0,a7ed663ab80ea185,0,156,,
G5vzZ_aLgdiAh,Dying Fetus x Sanguisugabogg,dying fetus x sanguisugabogg,Dying Fetus,Summit Music Hall,Denver,KovZpZAFFt1A,2026-10-01,4,onsale,Rock,Alternative Rock,0,0,0,dd8564455a34fa15,5,153,,
G5vzZ_1Yp7NXE,Chance The Rapper - Coloring Book 10 Year Anniversary Tour,chance rapper coloring book 10 year anniversary,Chance The Rapper,Fillmore Auditorium (Denver),Denver,KovZpZAE6eJA,2026-10-01,4,onsale,Hip-Hop/Rap,Trap,0,0,0,a0f1c2755fbf30b5,2,133,,
G5vzZ_2mOMn-u,The Lagoons,lagoons,The Lagoons,Marquis,Denver,KovZpZAJeFkA,2026-10-01,4,onsale,Rock,Pop,0,0,0,bea7911cf3b40bbd,1,62,,
Z7r9jZ1A707f6,Tribal Seeds and Fortunate Youth (16 and Over),tribal seeds fortunate youth 16 over,TRIBAL SEEDS,Ogden Theatre,Denver,ZFr9jZedde,2026-10-01,4,onsale,World,World,0,0,0,7d3b8fa39e280f50,2,46294,,
Z7r9jZ1AAZPFU,Colorado Symphony Orchestra presents The Ring in Concert,colorado symphony orchestra ring in,Colorado Symphony Orchestra,Boettcher Hall,Denver,Z6r9jZdv1e,2026-10-01,4,onsale,Other,Other,0,0,0,2ce3144ee91aebf2,1,46294,,
1718v0G61KGkxFp,Bumpin Uglies - Orange Crush Tour W/ Artikal Sound System,bumpin uglies orange crush w artikal sound system,Bumpin Uglies,Black Sheep,Colorado Springs,KovZpZAJ77kA,2026-10-01,4,onsale,Rock,Pop,0,0,0,a7b7e5ff295a6a4b,2,149,,
G5vzZ_7EQzETC,Club Level Seating: Carín León,club level seating car n le n,Carín León,Ball Arena,Denver,KovZpZAFaJeA,2026-10-01,4,onsale,Latin,Latin,0,0,0,984eb8464a4872cc,2,223,,
G5vzZ_7KhKbth,Carin Leon - De Sonora Para El Mundo Tour 2026,carin leon de sonora para el mundo,Carín León,Ball Arena,Denver,KovZpZAFaJeA,2026-10-01,4,onsale,Latin,Latin,0,1,0,984eb8464a4872cc,1,230,,
G5vzZ_aafXsLP,BECK: RIDE LONESOME TOUR,beck ride lonesome,Beck,Red Rocks Amphitheatre,Morrison,ZFr9jZe71a,2026-10-01,4,onsale,Rock,Alternative Rock,0,0,0,1ada8ba1f7bd228a,1,160,,
Z7r9jZ1A70Kep,Michigander w/ lighthearted,michigander w lighthearted,Michigander,Aggie Theater,Fort Collins,ZFr9jZkve6,2026-10-01,4,onsale,Other,Other,0,0,0,a5cefb60270ff031,2,46294,,
Z7r9jZ1A70to_,Devon Gilfillian (16 and Over),devon gilfillian 16 over,Devon Gilfillian,Bluebird Theatre,Denver,Z6r9jZdvee,2026-10-01,4,onsale,Other,Other,0,0,0,89dc346e0ecadeed,1,46294,,
Z7r9jZ1A7xfF6,Beck,beck,Beck,Red Rocks Amphitheatre,Morrison,ZFr9jZe71a,2026-10-01,4,onsale,Alternative,Alternative Rock,0,1,0,1ada8ba1f7bd228a,1,160,,
Z7r9jZ1AAvkqS,Blood for Blood w/ Ingrown,blood for blood w ingrown,Blood for Blood,Gothic Theatre,Englewood,ZFr9jZdde7,2026-10-01,4,onsale,Other,Other,0,0,0,5ab2c0b5cabc7cd0,3,46294,,
rZ7HnEZ1AfZU3f,$5 Thursdays!,5 thursdays,,La Rumba,Denver,rZ7HnEZ173pGP,2026-10-01,4,onsale,World,Latin,0,0,0,145361c83c266468,0,272,8.73,8.73
Z7r9jZ1A7P4x8,Levity (16 and Over),levity 16 over,Levity,Mission Ballroom,Denver,Z7r9jZadVI,2026-10-01,4,onsale,Dance/Electronic,Dance/Electronic,1,0,0,0f14b7f0735e4e16,1,46294,,
G5vzZ_CbbFWQs,Holy Priest,holy priest,Holy Priest,JUNKYARD,Denver,KovZ917AI2V,2026-10-02,5,onsale,Dance/Electronic,Amapiano,1,0,0,cd78ee7b0a209c6b,3,84,,
G5vzZ_2rEvl25,Club Level Seating: WWE Friday Night Smackdown,club level seating wwe friday smackdown,Club Level Seating: Ball Arena,Ball Arena,Denver,KovZpZAFaJeA,2026-10-02,5,onsale,Other,Other,0,0,0,6c95c6870f721563,2,63,,
G5vzZ_1rlQBjv,Cameron Whitcomb - Kingdom of Fear Tour,cameron whitcomb kingdom of fear,Cameron Whitcomb,Fillmore Auditorium (Denver),Denver,KovZpZAE6eJA,2026-10-02,5,onsale,Country,Country,0,0,0,d2a4b0fb28d6e712,3,140,,
Z7r9jZ1A7-Ibk,Levity,levity,Levity,Red Rocks Amphitheatre,Morrison,ZFr9jZe71a,2026-10-02,5,onsale,Dance/Electronic,Dance/Electronic,1,0,0,190bcb2a48674c46,1,46295,,
G5vzZ_59r6WFq,Hunter Hayes: The Evergreen Tour,hunter hayes evergreen,Hunter Hayes,Summit Music Hall,Denver,KovZpZAFFt1A,2026-10-02,5,cancelled,Country,Country,0,0,1,0bc7ae4a0e13c4ac,1,126,,
G5vzZ_G6Jflr4,[overtonight],overtonight,overtonight,Marquis,Denver,KovZpZAJeFkA,2026-10-02,5,onsale,Rock,Alternative Rock,0,0,0,28b3f43b7b9ca44e,2,119,,
rZ7HnEZ1AfZUCf,Ladies Night & Noche Sonidera,ladies noche sonidera,,La Rumba,Denver,rZ7HnEZ173pGP,2026-10-02,5,onsale,World,Latin,0,0,0,fb606ff1f4c7db56,0,273,14.13,14.13
Z7r9jZ1AAZIJ8,The Colorado Springs Philharmonic presents Music of the Knights,colorado springs philharmonic music of knights,Colorado Springs Philharmonic,Pikes Peak Center,Colorado Springs,ZFr9jZe777,2026-10-02,5,onsale,Other,Other,0,0,0,7dff76aabcd38343,1,46295,,
1718v0G62Mn68YH,"Carrie Nation & the Speakeasy, Tejon Street Corner Thieves",carrie nation speakeasy tejon street corner thieves,,Black Sheep,Colorado Springs,KovZpZAJ77kA,2026-10-02,5,onsale,Country,Country,0,0,0,b5718fbe19f6d362,0,63,,
G5vzZ_8DG6AAf,Rewind: 2000s Rave - 18+,rewind 2000s rave 18,Rewind Tour,Summit Music Hall,Denver,KovZpZAFFt1A,2026-10-02,5,onsale,Pop,Electro Pop,0,0,0,6ef96c46ad324c09,1,45,,
G5vzZ_o3RSGhw,El Chou de Chuy Lizarraga,el chou de chuy lizarraga,Chuy Lizarraga,Bellco Theatre,Denver,ZFr9jZ76Ak,2026-10-02,5,onsale,Latin,Latin,0,0,0,bd27268113a2f755,1,42,,
Z7r9jZ1A70K7o,Michigander (16 and Over),michigander 16 over,Michigander,Bluebird Theatre,Denver,Z6r9jZdvee,2026-10-02,5,onsale,Other,Other,0,0,0,7a99e154fdc4b3a8,2,46295,,
Z7r9jZ1A70Uv_,MICO (16 and Over),mico 16 over,MICO,Ogden Theatre,Denver,ZFr9jZedde,2026-10-02,5,onsale,Rock,Pop,0,0,0,bfdcf227b56dee0f,2,46295,,
Z7r9jZ1AAZzjI,El Chou de Chuy Lizarraga,el chou de chuy lizarraga,Chuy Lizarraga,Bellco Theatre,Denver,ZFr9jZ76Ak,2026-10-02,5,onsale,Other,Other,0,1,0,bd27268113a2f755,1,42,,
rZ7HnEZ1AfxfvN,Randy Rogers Band,randy rogers band,Randy Rogers Band,Grizzly Rose,Denver,rZ7HnEZ17uJbA,2026-10-02,5,onsale,Country,Country,0,0,0,fa5e7acf43fcbcc1,1,150,35.71,35.71
G5vzZ_2U0D1Ng,Boogie Lights & The Boogie Bunch: DISCO-VERSE,boogie lights boogie bunch disco verse,,Meow Wolf Denver,Denver,KovZ917AYbY,2026-10-02,5,onsale,Dance/Electronic,Club Dance,1,0,0,204ad812d40901a9,0,65,,
Z7r9jZ1A7-3b9,Roger Clyne and the Peacemakers (16 and Over),roger clyne peacemakers 16 over,Roger Clyne and the Peacemakers,Gothic Theatre,Englewood,ZFr9jZdde7,2026-10-02,5,onsale,Rock,Pop,0,0,0,856f4896f4270440,1,46295,,
rZ7HnEZ1AfGO4f,Viernes de Ladies Night. Damas Gratis Toda La Noche,viernes de ladies damas gratis toda la noche,,Stampede,Aurora,rZ7HnEZ173p1A,2026-10-02,5,onsale,World,Mexican Ranchera,0,0,0,634db31cb2ee3c27,0,18,2.0,27.98
rZ7HnEZ1A4ZUFN,Baauer,baauer,,Club Vinyl,Denver,rZ7HnEZ17qf40,2026-10-02,5,onsale,Alternative,Alternative Rock,0,0,0,fe83b398a7617d97,0,49,24.95,24.95
rZ7HnEZ1A4Ze_S,Claptone,claptone,Claptone,The Church Nightclub,Denver,rZ7HnEZ17qf4V,2026-10-02,5,onsale,Dance/Electronic,Tech-House,1,0,0,0372b7441b6c735e,1,57,34.95,34.95
rZ7HnEZ1AfJ8aS,Ahadadream,ahadadream,Ahadadream,The Rooftop at Vinyl,Denver,rZ7HnEZ17r_qV,2026-10-02,5,onsale,Dance/Electronic,Dance/Electronic,1,0,0,467b67a76e098db0,1,60,24.95,24.95
rZ7HnEZ1AfGJGV,Lincoln Jesser,lincoln jesser,,The Basement at Club Vinyl,Denver,rZ7HnEZ17QA4S,2026-10-02,5,onsale,Dance/Electronic,Dance/Electronic,1,0,0,fa12e1753f7b24b6,0,15,24.95,24.95
G5vzZ_5hAiD6f,ADÉLA: The Red Bottoms Tour,ad la red bottoms,ADÉLA,Summit Music Hall,Denver,KovZpZAFFt1A,2026-10-03,6,onsale,Pop,Electro Pop,1,0,0,052305161da2d635,2,127,,
G5vzZ_FhK6iyx,Tinlicker North America 2026,tinlicker north america,Tinlicker,Fillmore Auditorium (Denver),Denver,KovZpZAE6eJA,2026-10-03,6,onsale,Dance/Electronic,Amapiano,1,0,0,45ae80fd9cafe683,2,155,,
Z7r9jZ1A70Yu6,For King & Country,for king country,for KING & COUNTRY,Ford Amphitheater,Colorado Springs,Z7r9jZaA99,2026-10-03,6,onsale,Other,Other,0,0,0,cc3b02a6928e21e5,1,134,,
Z7r9jZ1A70v8p,Jane Remover w/ Dazegxd,jane remover w dazegxd,Jane Remover,Gothic Theatre,Englewood,ZFr9jZdde7,2026-10-03,6,onsale,Alternative,Alternative,0,0,0,e1a7c0cac2aa271b,2,46296,,
Z7r9jZ1A7P6Oz,Hermanos Gutierrez (16 and Over),hermanos gutierrez 16 over,Hermanos Gutiérrez,Mission Ballroom,Denver,Z7r9jZadVI,2026-10-03,6,onsale,Other,Other,0,0,0,798640a77d73c567,2,46296,,
rZ7HnEZ1AfZgbf,Sabados Sabrosos!,sabados sabrosos,,La Rumba,Denver,rZ7HnEZ173pGP,2026-10-03,6,onsale,World,Latin,0,0,0,31a5e515fb55bbe0,0,274,25.18,25.18
G5vzZ_o1lTic2,Paramount Theatre Club Seating - Leslie Jones,paramount theatre club seating leslie jones,Leslie Jones,Paramount Theatre,Denver,KovZpZAFa1nA,2026-10-03,6,onsale,Other,Other,0,0,0,f66f6602f6cd5f47,1,43,,
Z7r9jZ1A70oGA,Rufus Wainwright - WANTED: Judy Garland,rufus wainwright wanted judy garland,Colorado Symphony Orchestra,Boettcher Hall,Denver,Z6r9jZdv1e,2026-10-03,6,onsale,Other,Other,0,0,0,2c54fb1ecd67a5b0,2,46296,,
Z7r9jZ1AAZ8oo,Deorro,deorro,Deorro,Red Rocks Amphitheatre,Morrison,ZFr9jZe71a,2026-10-03,6,onsale,Other,Other,1,0,0,8b490fc64395b9be,1,64,,
Z7r9jZ1AAZIJp,The Colorado Springs Philharmonic presents Music of the Knights,colorado springs philharmonic music of knights,Colorado Springs Philharmonic,Pikes Peak Center,Colorado Springs,ZFr9jZe777,2026-10-03,6,onsale,Other,Other,0,0,0,366a9a52c004fe8a,1,46296,,
1Ae0Z_8GkRxp-MM,"Figure, Makeshft, Lowfayd",figure makeshft lowfayd,,Black Sheep,Colorado Springs,KovZpZAJ77kA,2026-10-03,6,onsale,Dance/Electronic,Amapiano,1,0,0,769aac35cbe5795f,0,53,,
G5vzZ_kloeDdU,Chasing Abbey,chasing abbey,Chasing Abbey,Marquis,Denver,KovZpZAJeFkA,2026-10-03,6,onsale,Dance/Electronic,Amapiano,1,0,0,805cfd5d23ad1fd7,1,204,,
Z7r9jZ1A7-Uab,Built to Spill with Paul Schalda - All Ages (under 16 with adult),built to spill paul schalda all ages under 16 adult,Built To Spill,Boulder Theater,Boulder,ZFr9jZdAk6,2026-10-03,6,onsale,Alternative,Alternative Rock,0,0,0,4d5568dff854cff4,2,46296,,
Z7r9jZ1A7P8Gv,Mind Enterprises (16 and Over),mind enterprises 16 over,Mind Enterprises,Ogden Theatre,Denver,ZFr9jZedde,2026-10-03,6,onsale,Dance/Electronic,Dance Pop,1,0,0,802eb13b3be29c26,1,46296,,
Z7r9jZ1A7PtAv,Dimond Saints,dimond saints,Dimond Saints,Cervantes Masterpiece Ballroom,Denver,ZFr9jZkk1d,2026-10-03,6,onsale,Other,Other,1,0,0,ee08fdff991b9758,1,46296,,
rZ7HnEZ1AfaYP7,Cardenales de Nuevo Leon - Profugos de Nuevo Leon,cardenales de nuevo leon profugos de nuevo leon,,Stampede,Aurora,rZ7HnEZ173p1A,2026-10-03,6,onsale,World,Mexican Ranchera,0,0,0,a05351287b3e4dfb,0,75,81.86,81.86
G5vzZ_8pWTCut,Bearracuda,bearracuda,Bearracuda,Ophelia's Electric Soapbox,Denver,KovZ917Aai0,2026-10-03,6,onsale,Dance/Electronic,Amapiano,1,0,0,f8242f14e45c1b73,1,58,,
Z7r9jZ1A7008M,West 22nd,west 22nd,West 22nd,Bluebird Theatre,Denver,Z6r9jZdvee,2026-10-03,6,onsale,Folk,Folk Rock,0,0,0,56b4151311c74cd1,1,46296,,
G5vzZ_36IbrcC,Sploinky Rave,sploinky rave,Sploinky Rave,Meow Wolf Denver,Denver,KovZ917AYbY,2026-10-03,6,onsale,Dance/Electronic,Amapiano,1,0,0,17ab284ab688799c,1,32,,
Z7r9jZ1AAv47A,Sploinky Rave,sploinky rave,Sploinky Rave,Meow Wolf Denver,Denver,KovZ917AYbY,2026-10-03,6,onsale,Dance/Electronic,Dance/Electronic,1,1,0,17ab284ab688799c,1,32,,
rZ7HnEZ1A4Z0PS,Serum,serum,,Club Vinyl,Denver,rZ7HnEZ17qf40,2026-10-03,6,onsale,Dance/Electronic,Drum 'n' Bass,1,0,0,73203594c8ad005e,0,53,24.95,24.95
rZ7HnEZ1A4v6QK,Jack Marlow,jack marlow,,The Rooftop at Vinyl,Denver,rZ7HnEZ17r_qV,2026-10-03,6,onsale,Dance/Electronic,Dance/Electronic,1,0,0,8c8ecac9ebbd69cc,0,44,24.95,24.95
rZ7HnEZ1AfJFqd,Dean Turnley,dean turnley,,The Basement at Club Vinyl,Denver,rZ7HnEZ17QA4S,2026-10-03,6,onsale,Dance/Electronic,Dance/Electronic,1,0,0,2859edad6ba6e5f5,0,114,24.95,24.95
rZ7HnEZ1A4ZY-S,REYNALDO ARMAS,reynaldo armas,,Stampede,Aurora,rZ7HnEZ173p1A,2026-10-04,0,onsale,World,Venezuela,0,0,0,671a994723a0e934,0,54,81.86,81.86
G5vzZbVFcBJxK,MARO: SO MUCH HAS CHANGED,maro so much has changed,MARO,Marquis,Denver,KovZpZAJeFkA,2026-10-04,0,rescheduled,Pop,Adult Contemporary,0,0,0,c221409c1d60d657,1,352,,
Z7r9jZ1A70Yut,For King & Country,for king country,for KING & COUNTRY,Red Rocks Amphitheatre,Morrison,ZFr9jZe71a,2026-10-04,0,onsale,Other,Other,0,0,0,72d9787c4a52debd,1,135,,
rZ7HnEZ1AfZgaV,SALSA & BACHATA SUNDAYS,salsa bachata sundays,,La Rumba,Denver,rZ7HnEZ173pGP,2026-10-04,0,onsale,World,Latin,0,0,0,70f996a72fadcfc8,0,275,14.13,14.13
G5vzZ_7QYPzqT,Thee Phantom & The Illharmonic Orchestra,thee phantom illharmonic orchestra,Thee Phantom & Illharmonic Orchestra,Paramount Theatre,Denver,KovZpZAFa1nA,2026-10-04,0,rescheduled,Other,Other,0,0,0,1d52520ee6b377a6,1,226,,
G5vzZ_GF5Mbkm,Sara Bareilles: The Good Grief Tour,sara bareilles good grief,Sara Bareilles,Bellco Theatre,Denver,ZFr9jZ76Ak,2026-10-04,0,onsale,Rock,Pop,0,0,0,d8a051bc2cd6b709,1,116,,
Z7r9jZ1A70EFe,Mon Rovia (16 and Over),mon rovia 16 over,Mon Rovia,Ogden Theatre,Denver,ZFr9jZedde,2026-10-04,0,onsale,Rock,Folk Rock,0,0,0,399212d75c74368b,3,46297,,
Z7r9jZ1A70bob,Tricky (16 and Over),tricky 16 over,Tricky,Bluebird Theatre,Denver,Z6r9jZdvee,2026-10-04,0,onsale,Other,Other,0,0,0,dc58137e7e68061f,1,46297,,
Z7r9jZ1A7P7O-,Sara Bareilles: The Good Grief Tour,sara bareilles good grief,Sara Bareilles,Bellco Theatre,Denver,ZFr9jZ76Ak,2026-10-04,0,onsale,Pop,Adult Contemporary,0,1,0,d8a051bc2cd6b709,1,116,,
G5vzZ_GE8FcjX,Archers,archers,Archers,Marquis,Denver,KovZpZAJeFkA,2026-10-05,1,onsale,Metal,Nu-Metal,0,0,0,9e76ed32e517fec5,4,115,,
G5vzZ_oErexoH,Paramount Theatre Club Seating: Ilana Glazer,paramount theatre club seating ilana glazer,Ilana Glazer,Paramount Theatre,Denver,KovZpZAFa1nA,2026-10-05,1,onsale,Other,Other,0,0,0,12de412814fba5b3,1,39,,
Z7r9jZ1A7JAPo,Earl Sweatshirt w/ MIKE,earl sweatshirt w mike,Earl Sweatshirt,Ogden Theatre,Denver,ZFr9jZedde,2026-10-05,1,onsale,Hip-Hop/Rap,Hip-Hop/Rap,0,0,0,23ea76a86ad0e6d3,3,46298,,
G5vzZbgcJKvfR,Club Level Seating: Rush,club level seating rush,RUSH,Ball Arena,Denver,KovZpZAFaJeA,2026-10-05,1,onsale,Rock,Pop,0,0,0,16c4899f5367b608,2,332,,
G5vzZbgelzpIK,RUSH: Fifty Something,rush fifty something,RUSH,Ball Arena,Denver,KovZpZAFaJeA,2026-10-05,1,onsale,Rock,Pop,0,1,0,16c4899f5367b608,1,339,,
G5vzZ_uxPTnpZ,Automatic,automatic,Automatic,Meow Wolf Denver,Denver,KovZ917AYbY,2026-10-05,1,onsale,Rock,Pop,0,0,0,6e83357611066cce,2,101,,
Z7r9jZ1A7PY-M,Automatic,automatic,Automatic,Meow Wolf Denver,Denver,KovZ917AYbY,2026-10-05,1,onsale,Other,Other,0,1,0,6e83357611066cce,2,101,,
G5vzZ_ahIYrEK,Loathe: A Stranger to You,loathe stranger to you,Loathe,Fillmore Auditorium (Denver),Denver,KovZpZAE6eJA,2026-10-06,2,onsale,Metal,Nu-Metal,0,0,0,9e6f102c5a5fa7a8,3,158,,
1718v0G6G5xPYEA,"Thousand Below, Acres, VCTMS, Lost In Separation",thousand below acres vctms lost in separation,Thousand Below,Black Sheep,Colorado Springs,KovZpZAJ77kA,2026-10-06,2,onsale,Rock,Pop,0,0,0,2c3b8b8efff91baa,3,119,,
G5vzZ_G2VU7xw,Boy Harsher,boy harsher,Boy Harsher,Summit Music Hall,Denver,KovZpZAFFt1A,2026-10-06,2,onsale,Rock,Alternative Rock,0,0,0,d540d2804b7a1f82,3,116,,
G5vzZ_GnEnB_r,ZOLITA - THE HELL'S BELLES TOUR,zolita hell s belles,Zolita,Marquis,Denver,KovZpZAJeFkA,2026-10-06,2,onsale,Pop,Electro Pop,0,0,0,aca0940977de7c86,2,110,,
Z7r9jZ1A704Cb,JPEGMAFIA (18 and Over),jpegmafia 18 over,JPEGMAFIA,Ogden Theatre,Denver,ZFr9jZedde,2026-10-06,2,onsale,Other,Other,0,0,0,45f86ac73e673008,2,46299,,
Z7r9jZ1A7P0bF,Militarie Gun w/ Softcult,militarie gun w softcult,Militarie Gun,Bluebird Theatre,Denver,Z6r9jZdvee,2026-10-06,2,onsale,Other,Other,0,0,0,ada4235982c29ada,2,46299,,
Z7r9jZ1A7Pd_v,Thousand Below w/ Acres,thousand below w acres,Thousand Below,Black Sheep,Colorado Springs,KovZpZAJ77kA,2026-10-06,2,onsale,Other,Other,0,1,0,2c3b8b8efff91baa,2,119,,
Z7r9jZ1A7-J4N,Big Thief,big thief,Big Thief,Red Rocks Amphitheatre,Morrison,ZFr9jZe71a,2026-10-06,2,onsale,Other,Other,0,0,0,7fd96e0f7d2bc5d4,1,46299,,
Z7r9jZ1A7J3aJ,Candlebox (16 and Over),candlebox 16 over,Candlebox,Gothic Theatre,Englewood,ZFr9jZdde7,2026-10-06,2,onsale,Alternative,Alternative Rock,0,0,0,c6ab6d36a8f1853e,2,46299,,
G5vzZ_uJyvrc2,FIGHTMASTER,fightmaster,FIGHTMASTER,Meow Wolf Denver,Denver,KovZ917AYbY,2026-10-06,2,onsale,Rock,Alternative Rock,0,0,0,5dc2d72bdb009782,1,101,,
Z7r9jZ1A7P87y,DON WEST (16 and Over),don west 16 over,Don West,Cervantes Masterpiece Ballroom,Denver,ZFr9jZkk1d,2026-10-06,2,onsale,Alternative,Alternative,0,0,0,efd78385a624a454,1,46299,,
Z7r9jZ1A7Pwoz,FIGHTMASTER,fightmaster,FIGHTMASTER,Meow Wolf Denver,Denver,KovZ917AYbY,2026-10-06,2,onsale,Alternative,Indie Rock,0,1,0,5dc2d72bdb009782,1,102,,
Z7r9jZ1AAZYfe,Bassvictim (18+ Event),bassvictim 18 event,Bassvictim,ReelWorks Denver,Denver,Z7r9jZa7cI,2026-10-06,2,onsale,Dance/Electronic,Dubstep,1,0,0,40310a007de7dff1,1,46299,,
G5vzZ_53DJina,Ryan Castro: Sende - The Last Dance Tour,ryan castro sende last dance,Ryan Castro,Paramount Theatre,Denver,KovZpZAFa1nA,2026-10-06,2,onsale,Hip-Hop/Rap,Trap,0,0,0,97e16989911f0f26,2,124,,
G5vzZ_GmORafl,Paramount Theatre Club Seating: Ryan Castro,paramount theatre club seating ryan castro,Ryan Castro,Paramount Theatre,Denver,KovZpZAFa1nA,2026-10-06,2,onsale,Other,Other,0,1,0,97e16989911f0f26,1,113,,
rZ7HnEZ1AfAKFV,Ladies Night 2026,ladies,,Stampede,Aurora,rZ7HnEZ173p1A,2026-10-07,3,onsale,Country,Country,0,0,0,cbb5cef4859f2e3b,0,239,16.56,16.56
G5vzZ_57LXLxv,Leap - Entropy World Tour,leap entropy world,LEAP,Marquis,Denver,KovZpZAJeFkA,2026-10-07,3,onsale,Rock,Pop,0,0,0,ea71f62440dac852,1,138,,
Z7r9jZ1A7PEfw,Ella Langley w/ Kameron Marlowe,ella langley w kameron marlowe,Ella Langley,Red Rocks Amphitheatre,Morrison,ZFr9jZe71a,2026-10-07,3,onsale,Other,Other,0,0,0,1087cd0e399ad48d,3,104,,
16e0Z_o8MG7Bv5g,"Mind's Eye, Nautiloid",mind s eye nautiloid,,What's Left Records,Colorado Springs,KovZpZAJdAvA,2026-10-07,3,onsale,Rock,Alternative Rock,0,0,0,d32605867d884a6a,0,42,,
G5vzZbgcthvQR,Club Level Seating: Rush,club level seating rush,RUSH,Ball Arena,Denver,KovZpZAFaJeA,2026-10-07,3,onsale,Rock,Pop,0,0,0,32f06abef448c292,2,99,,
G5vzZbgelyUI4,RUSH: Fifty Something,rush fifty something,RUSH,Ball Arena,Denver,KovZpZAFaJeA,2026-10-07,3,onsale,Rock,Pop,0,1,0,32f06abef448c292,1,341,,
1718v0G6C0kHoe2,"Weedeater, Zeke, Royal Thunder, Yes Ma'am",weedeater zeke royal thunder yes ma am,Weedeater,Black Sheep,Colorado Springs,KovZpZAJ77kA,2026-10-07,3,onsale,Rock,Alternative Rock,0,0,0,bd0e64c3842f1fc7,3,89,,
Z7r9jZ1A7POPJ,Scene Queen: METALICIOUS (16 and Over),scene queen metalicious 16 over,Scene Queen,Gothic Theatre,Englewood,ZFr9jZdde7,2026-10-07,3,onsale,Other,Other,0,0,0,032cf4d5d17ddc92,3,46300,,
Z7r9jZ1AAZY0t,Bassvictim,bassvictim,Bassvictim,Fox Theatre & Cafe,Boulder,Z6r9jZk1ee,2026-10-07,3,onsale,Dance/Electronic,Dubstep,1,0,0,7a54e0ebb0152a7c,1,46300,,
Z7r9jZ1AAZkA8,Porch Light w/ Superhero,porch light w superhero,Porch Light,Bluebird Theatre,Denver,Z6r9jZdvee,2026-10-07,3,onsale,Alternative,Indie Rock,0,0,0,576227becc6578f3,2,46300,,
rZ7HnEZ1AfxAkd,Goth Night hosted by Gotica Nouveau,goth hosted by gotica nouveau,,Vultures,Colorado Springs,rZ7HnEZ17fd1A,2026-10-07,3,onsale,Alternative,Goth,0,0,0,b048fb56a5885b5d,0,163,,
G5vzZ_6EL1qAN,Paramount Theatre Club Seating - Las Alucines,paramount theatre club seating las alucines,Las Alucines,Paramount Theatre,Denver,KovZpZAFa1nA,2026-10-07,3,rescheduled,Other,Other,0,0,0,88d95ff87e6ea24c,1,195,,
Z7r9jZ1A7-ZPS,Tape B,tape b,Tape B,Red Rocks Amphitheatre,Morrison,ZFr9jZe71a,2026-10-08,4,onsale,Dance/Electronic,Dance/Electronic,1,0,0,4807d843650b704a,1,46301,,
G5vzZ_1NhU2ZS,KTCL Presents: Edgehill,ktcl edgehill,Edgehill,Marquis,Denver,KovZpZAJeFkA,2026-10-08,4,onsale,Rock,Alternative Rock,0,0,0,4eb4a480b53a8acf,2,146,,
G5vzZ_abnv69d,EMEI - Night at the Opera Tour,emei at opera,Emei,Summit Music Hall,Denver,KovZpZAFFt1A,2026-10-08,4,onsale,Rock,Alternative Rock,0,0,0,56ac8483029c7521,2,160,,
Z7r9jZ1AAZeb3,Jon Pardi w/ Alexandra Kay,jon pardi w alexandra kay,Jon Pardi,Blue Arena at The Ranch Events Complex,Loveland,ZFr9jZ7v1A,2026-10-08,4,onsale,Country,Country Folk,0,0,0,595ad80af9bc09ba,2,76,,
G5vzZ_FBGVp_B,Paramount Theatre Club Seating: Laura Ramoso,paramount theatre club seating laura ramoso,Laura Ramoso,Paramount Theatre,Denver,KovZpZAFa1nA,2026-10-08,4,onsale,Other,Other,0,0,0,9c97df80591cb4f2,1,175,,
G5vzZbSEFO0An,Doja Cat - Tour Ma Vie World Tour,doja cat ma vie world,Doja Cat,Ball Arena,Denver,KovZpZAFaJeA,2026-10-08,4,onsale,Hip-Hop/Rap,Trap,0,0,0,0de6cd0307aa494a,2,363,,
G5vzZbgrLqdZZ,Club Level Seating: Doja Cat,club level seating doja cat,Doja Cat,Ball Arena,Denver,KovZpZAFaJeA,2026-10-08,4,onsale,Hip-Hop/Rap,Trap,0,1,0,0de6cd0307aa494a,2,349,,
1718v0G62YaYONx,Starcrawler,starcrawler,Starcrawler,Black Sheep,Colorado Springs,KovZpZAJ77kA,2026-10-08,4,onsale,Rock,Alternative Rock,0,0,0,27c439c2115d7985,1,69,,
Z7r9jZ1A7-777,Iron and Wine (16 and Over),iron wine 16 over,Iron and Wine,Ogden Theatre,Denver,ZFr9jZedde,2026-10-08,4,onsale,Alternative,Alternative Rock,0,0,0,92bc3d1eac2501b9,2,46301,,
Z7r9jZ1A70pQZ,Carbon Leaf (16 and Over),carbon leaf 16 over,Carbon Leaf,Bluebird Theatre,Denver,Z6r9jZdvee,2026-10-08,4,onsale,Alternative,Alternative Rock,0,0,0,dc490ed492b21327,1,46301,,
rZ7HnEZ1AfZUo0,$5 Thursdays!,5 thursdays,,La Rumba,Denver,rZ7HnEZ173pGP,2026-10-08,4,onsale,World,Latin,0,0,0,8aa1ac08cef7aa31,0,279,8.73,8.73
G5vzZ_1UAoA-a,Jesse Roper with O'Connor Brothers Band,jesse roper o connor brothers band,Jesse Roper,Ophelia's Electric Soapbox,Denver,KovZ917Aai0,2026-10-08,4,onsale,Blues,Blues,0,0,0,fc6b95cd62af63e5,1,128,,
Z7r9jZ1A70Uat,Madeon (16 and Over),madeon 16 over,Madeon,Mission Ballroom,Denver,Z7r9jZadVI,2026-10-08,4,onsale,Other,Other,0,0,0,09e5d8d9b79719a2,1,46301,,
G5vzZ_5R0AgZl,HUGEL PRESENTS MAKE THE GIRLS DANCE,hugel make girls dance,Hugel,JUNKYARD,Denver,KovZ917AI2V,2026-10-09,5,cancelled,Dance/Electronic,Amapiano,1,0,1,0cd607c3983949d1,1,126,,
G5vzZ_1TPDx3M,Arch Enemy & The Black Dahlia Murder: Wrath Across North America 2026,arch enemy black dahlia murder wrath across north america,Arch Enemy,Fillmore Auditorium (Denver),Denver,KovZpZAE6eJA,2026-10-09,5,onsale,Metal,Nu-Metal,0,0,0,c523eddbaa24aaad,5,140,,
Z7r9jZ1A7-Fp3,Tape B,tape b,Tape B,Red Rocks Amphitheatre,Morrison,ZFr9jZe71a,2026-10-09,5,onsale,Dance/Electronic,Dance/Electronic,1,0,0,54726b76f43b21cf,1,46302,,
G5vzZ_Gm-Ytqf,Judah & the Lion,judah lion,Judah & the Lion,Summit Music Hall,Denver,KovZpZAFFt1A,2026-10-09,5,onsale,Folk,Indie Folk,0,0,0,54dcc3374abdfe1c,3,112,,
G5vzZ_aRwZ6bz,Pertinence,pertinence,Pertinence,Marquis,Denver,KovZpZAJeFkA,2026-10-09,5,onsale,Hip-Hop/Rap,Trap,0,0,0,e22e4c00e7e1ffb5,2,154,,
Z7r9jZ1AAvd44,MACEO PLEX - Ages 21+,maceo plex ages 21,Maceo Plex,ReelWorks Denver,Denver,Z7r9jZa7cI,2026-10-09,5,onsale,Dance/Electronic,Dance/Electronic,1,0,0,3d99efff4517a938,2,46302,,
rZ7HnEZ1AfZUF0,Ladies Night & Noche Sonidera,ladies noche sonidera,,La Rumba,Denver,rZ7HnEZ173pGP,2026-10-09,5,onsale,World,Latin,0,0,0,499dd64d2bf1c963,0,280,14.13,14.13
Z7r9jZ1A70JGy,Colorado Symphony Orchestra presents Bernstein & Ravel with Vadim Gluzman & Andrew Litton,colorado symphony orchestra bernstein ravel vadim gluzman andrew litton,Colorado Symphony Orchestra,Boettcher Hall,Denver,Z6r9jZdv1e,2026-10-09,5,onsale,Other,Other,0,0,0,a0448748dbe30111,1,46302,,
G5vzZ_CBUMnhu,The Number Twelve Looks Like You,number twelve looks like you,The Number Twelve Looks Like You,HQ,Denver,KovZ917ARbC,2026-10-09,5,onsale,Rock,Alternative Rock,0,0,0,c08d2d2e787003b7,3,84,,
G5vzZ_GJxAa5w,The Holdup,holdup,The Holdup,Meow Wolf Denver,Denver,KovZ917AYbY,2026-10-09,5,onsale,Reggae,Reggae,0,0,0,10c34322cd5cab60,3,119,,
Z7r9jZ1A7-YjN,The Rock Orchestra By Candlelight,rock orchestra by candlelight,The Rock Orchestra By Candlelight,Pikes Peak Center,Colorado Springs,ZFr9jZe777,2026-10-09,5,onsale,Rock,Rock,0,0,0,b7737deaee74462c,1,46302,,
Z7r9jZ1A708bY,Start Making Sense (Talking Heads Tribute) 16 and Over,start making sense talking heads tribute 16 over,Start Making Sense,Cervantes Masterpiece Ballroom,Denver,ZFr9jZkk1d,2026-10-09,5,onsale,Rock,Punk,0,0,0,bd0a95729bfa508b,2,46302,,
Z7r9jZ1A7J3Cf,The Number Twelve Looks Like You,number twelve looks like you,The Number Twelve Looks Like You,HQ Denver,Denver,Z7r9jZa7h0,2026-10-09,5,onsale,Rock,Hard Rock,0,0,0,7657016ef368f80b,3,84,,
Z7r9jZ1A7J__6,Dwight Yoakam,dwight yoakam,Dwight Yoakam,Ford Amphitheater,Colorado Springs,Z7r9jZaA99,2026-10-09,5,onsale,Country,Country Folk,0,0,0,5f29c4c0bfda2cc7,1,46302,,
Z7r9jZ1A7PKu_,The Holdup,holdup,The Holdup,Meow Wolf Denver,Denver,KovZ917AYbY,2026-10-09,5,onsale,Other,Other,0,1,0,10c34322cd5cab60,3,119,,
Z7r9jZ1A7x63K,Paul Cauthen (16 and Over),paul cauthen 16 over,Paul Cauthen,Mission Ballroom,Denver,Z7r9jZadVI,2026-10-09,5,onsale,Other,Other,0,0,0,d3b31712809ca16d,1,46302,,
rZ7HnEZ1Af1oO7,WHITEHORSE--A Chris Stapleton Tribute,whitehorse chris stapleton tribute,,Grizzly Rose,Denver,rZ7HnEZ17uJbA,2026-10-09,5,onsale,Country,Alternative Country,0,0,0,491bf5b7dc1a2956,0,42,24.15,24.15
1ae0Z_37tGOZdG5A,Kawaii Rave,kawaii rave,,Black Sheep,Colorado Springs,KovZpZAJ77kA,2026-10-09,5,onsale,Dance/Electronic,Amapiano,1,0,0,486ab1bb5475722c,0,35,,
Z7r9jZ1A74pvg,Sex Pistols (16 & Over),sex pistols 16 over,Sex Pistols,Ogden Theatre,Denver,ZFr9jZedde,2026-10-09,5,rescheduled,Rock,Punk,0,0,0,aa3e62a75479f395,2,217,,
G5vzZ_1BuhJa-,The Deslondes w/ Gina Leslie,deslondes w gina leslie,The Deslondes,Ophelia's Electric Soapbox,Denver,KovZ917Aai0,2026-10-09,5,onsale,Country,Country,0,0,0,d4f916d77c76444b,1,129,,
rZ7HnEZ1Af1bAf,Reggaeton Rave,reggaeton rave,Reggaeton Rave,The Church Nightclub,Denver,rZ7HnEZ17qf4V,2026-10-09,5,onsale,Reggae,DJ,1,0,0,6899e57d68b21833,1,36,0.0,14.95
G5vzZ_1K5p2ms,Sara Landry,sara landry,Sara Landry,Red Rocks Amphitheatre,Morrison,ZFr9jZe71a,2026-10-10,6,onsale,Dance/Electronic,Amapiano,1,0,0,d5b3884ccf3c7e6a,4,155,,
G5vzZ_GnhOzzk,Sleeping With Sirens: An Ending In Itself Tour,sleeping sirens ending in itself,Sleeping With Sirens,Fillmore Auditorium (Denver),Denver,KovZpZAE6eJA,2026-10-10,6,onsale,Rock,Pop,0,0,0,de9eeb9c1bdcf0fe,3,114,,
G5vzZ_o3cAivj,Sunset Pulse 3,sunset pulse 3,,Avalon Theatre,Grand Junction,KovZpa4gke,2026-10-10,6,onsale,Other,Other,0,0,0,4341496fe6384e53,0,50,,
Z7r9jZ1A70o79,Sara Landry,sara landry,Sara Landry,Red Rocks Amphitheatre,Morrison,ZFr9jZe71a,2026-10-10,6,onsale,Dance/Electronic,Dance/Electronic,1,1,0,d5b3884ccf3c7e6a,4,155,,
G5vzZ_1mFtPxL,Paramount Theatre Club Seating: Matteo Lane & Bob The Drag Queen,paramount theatre club seating matteo lane bob drag queen,Matteo Lane,Paramount Theatre,Denver,KovZpZAFa1nA,2026-10-10,6,onsale,Other,Other,0,0,0,9257533e44e7cf88,2,152,,
G5vzZ_uawmS8G,"Amélie Farren, Lilith Max, Rabbitology - The Three Wishes Tour",am lie farren lilith max rabbitology three wishes,Amélie Farren,Ophelia's Electric Soapbox,Denver,KovZ917Aai0,2026-10-10,6,onsale,Rock,Alternative Rock,0,0,0,e00a0391680bf319,3,106,,
G5vzZ_A1UBhDH,gnash,gnash,gnash,Marquis,Denver,KovZpZAJeFkA,2026-10-10,6,onsale,R&B,R&B,0,0,0,5d74d64ad990d967,1,225,,
G5vzZ_uiwbd5z,Twiztid - Certified Psychos Tour,twiztid certified psychos,Twiztid,Summit Music Hall,Denver,KovZpZAFFt1A,2026-10-10,6,onsale,Hip-Hop/Rap,Trap,0,0,0,de2c7bdfee239c52,3,99,,
rZ7HnEZ1AfZg_0,Sabados Sabrosos!,sabados sabrosos,,La Rumba,Denver,rZ7HnEZ173pGP,2026-10-10,6,onsale,World,Latin,0,0,0,336920ee77c2abe7,0,281,25.18,25.18
Z7r9jZ1A70Juk,Colorado Symphony Orchestra presents Bernstein & Ravel with Vadim Gluzman & Andrew Litton,colorado symphony orchestra bernstein ravel vadim gluzman andrew litton,Colorado Symphony Orchestra,Boettcher Hall,Denver,Z6r9jZdv1e,2026-10-10,6,onsale,Other,Other,0,0,0,7899e29109cb2e21,1,46303,,
1718v0G6GH41spw,Elijah Scott,elijah scott,,Black Sheep,Colorado Springs,KovZpZAJ77kA,2026-10-10,6,onsale,Country,Country,0,0,0,7f829a49f6d3ff8d,0,114,,
G5vzZ_GIuN6lu,Hotel Allan: The 10th Anniversary Tour,hotel allan 10th anniversary,Allan Rayman,Meow Wolf Denver,Denver,KovZ917AYbY,2026-10-10,6,onsale,Rock,Pop,0,0,0,5ca466edeee30fe2,1,120,,
Z7r9jZ1A7-P_t,Snarky Puppy (16+ Event),snarky puppy 16 event,Snarky Puppy,Mission Ballroom,Denver,Z7r9jZadVI,2026-10-10,6,onsale,Blues,Jazz Blues,0,0,0,a1c20f133b105db8,1,46303,,
Z7r9jZ1A7P4bf,Hotel Allan: The 10th Anniversary Tour,hotel allan 10th anniversary,Allan Rayman,Meow Wolf Denver,Denver,KovZ917AYbY,2026-10-10,6,onsale,Other,Other,0,1,0,5ca466edeee30fe2,1,120,,
Z7r9jZ1A7PSGo,Paul Cauthen w/ Leon Majcen,paul cauthen w leon majcen,Paul Cauthen,Mesa Theatre & Club,Grand Junction,ZFr9jZ61Fa,2026-10-10,6,onsale,Other,Other,0,0,0,b8bc61ccbb792bd3,2,46303,,
Z7r9jZ1A7Pe_e,49 Winchester (16 and Over),49 winchester 16 over,49 Winchester,Gothic Theatre,Englewood,ZFr9jZdde7,2026-10-10,6,onsale,Other,Other,0,0,0,5092262ac470ccbf,2,46303,,
Z7r9jZ1A7Pojd,jigitz (16 and Over),jigitz 16 over,jigitz,Ogden Theatre,Denver,ZFr9jZedde,2026-10-10,6,onsale,Dance/Electronic,Dance/Electronic,1,0,0,715035df543ffb9a,2,46303,,
rZ7HnEZ1A4ZzrK,"Florissant, Get the Axe, Friend Operation, Shatterpoint",florissant get axe friend operation shatterpoint,,Vultures,Colorado Springs,rZ7HnEZ17fd1A,2026-10-10,6,onsale,Rock,Pop Punk,0,0,0,680a3d69477e0d7b,0,57,,
Z7r9jZ1A7JfoJ,Michelle Branch,michelle branch,Michelle Branch,Belly Up - Aspen,Aspen,ZFr9jZAFe7,2026-10-10,6,onsale,Alternative,Alternative Rock,0,0,0,8317341934f9fcd7,1,46303,,
Z7r9jZ1A70tuK,Hans Williams (16 and Over),hans williams 16 over,Hans Williams,Bluebird Theatre,Denver,Z6r9jZdvee,2026-10-10,6,onsale,Other,Other,0,0,0,4a8537b8ce42692f,1,46303,,
rZ7HnEZ1Af1Zff,Roberto Tapia,roberto tapia,Roberto Tapia,Stampede,Aurora,rZ7HnEZ173p1A,2026-10-10,6,onsale,World,Mexican Ranchera,0,0,0,5defca7d2e261757,1,50,,
G5vzZ_2szak4G,LOVE IN THE CLUB: 2000s Hip Hop/R&B Dance Party [Late Show],love in club 2000s hip hop r b dance party,,Ophelia's Electric Soapbox,Denver,KovZ917Aai0,2026-10-10,6,onsale,R&B,R&B,0,0,0,2d21d8ec103b4f8b,0,67,,
rZ7HnEZ1A4Z-AS,Peace Control,peace control,,The Church Nightclub,Denver,rZ7HnEZ17qf4V,2026-10-10,6,cancelled,Dance/Electronic,Dance/Electronic,1,0,1,ed185f77005742d4,0,57,24.95,24.95
rZ7HnEZ1A4ZsAK,Nifra,nifra,nifra,Club Vinyl,Denver,rZ7HnEZ17qf40,2026-10-10,6,onsale,Dance/Electronic,,1,0,0,30e6bb42e3259d2f,1,60,24.95,24.95
rZ7HnEZ1Af1Z-7,Big Florida,big florida,,The Basement at Club Vinyl,Denver,rZ7HnEZ17QA4S,2026-10-10,6,onsale,Dance/Electronic,Dance/Electronic,1,0,0,2cedc789165e8b3f,0,44,24.95,24.95
Z7r9jZ1A70JGb,Colorado Symphony Orchestra presents Bernstein & Ravel with Vadim Gluzman & Andrew Litton,colorado symphony orchestra bernstein ravel vadim gluzman andrew litton,Colorado Symphony Orchestra,Boettcher Hall,Denver,Z6r9jZdv1e,2026-10-11,0,onsale,Other,Other,0,0,0,5e52cc1140f17294,1,46304,,
G5vzZ_1RMFui5,Cement Gardens,cement gardens,Pouya,Red Rocks Amphitheatre,Morrison,ZFr9jZe71a,2026-10-11,0,onsale,Hip-Hop/Rap,Trap,0,0,0,0177bc5796cc3253,7,149,,
Z7r9jZ1A70bOb,Cement Gardens,cement gardens,Pouya,Red Rocks Amphitheatre,Morrison,ZFr9jZe71a,2026-10-11,0,onsale,World,World,0,1,0,0177bc5796cc3253,7,149,,
G5vzZ_68n5wsb,Cheekface w/ special guest waitress,cheekface w special guest waitress,Cheekface,Marquis,Denver,KovZpZAJeFkA,2026-10-11,0,onsale,Rock,Alternative Rock,0,0,0,914bbded64d51877,2,198,,
G5vzZ_CrYw9u2,The Beths,beths,The Beths,Black Sheep,Colorado Springs,KovZpZAJ77kA,2026-10-11,0,onsale,Rock,Pop,0,0,0,1caa2afcdf95395d,1,93,,
Z7r9jZ1A7Jdxb,The Beths,beths,The Beths,Washington's,Fort Collins,Z7r9jZad4Y,2026-10-11,0,onsale,Other,Other,0,0,0,4d47537d93520ffb,1,93,,
rZ7HnEZ1AfZVPV,SALSA & BACHATA SUNDAYS,salsa bachata sundays,,La Rumba,Denver,rZ7HnEZ173pGP,2026-10-11,0,onsale,World,Latin,0,0,0,032cb37931243311,0,282,14.13,14.13
rZ7HnEZ1AfF7aV,Nahko and Medicine for the People,nahko medicine for people,Nahko And Medicine For The People,Stampede,Aurora,rZ7HnEZ173p1A,2026-10-11,0,onsale,World,World,0,0,0,dcd97d3b7cc347ae,1,123,49.77,113.82
1718v0G61YF3YlL,"Hans Williams, Cece Coakley",hans williams cece coakley,Hans Williams,Black Sheep,Colorado Springs,KovZpZAJ77kA,2026-10-11,0,onsale,Rock,Pop,0,0,0,efc02fee79954949,2,151,,
Z7r9jZ1A70Ou8,Hans Williams w/ Cece Coakley,hans williams w cece coakley,Hans Williams,Black Sheep,Colorado Springs,KovZpZAJ77kA,2026-10-11,0,onsale,Other,Other,0,1,0,efc02fee79954949,2,151,,
Z7r9jZ1A7JffK,Michelle Branch,michelle branch,Michelle Branch,Boulder Theater,Boulder,ZFr9jZdAk6,2026-10-11,0,onsale,Alternative,Alternative Rock,0,0,0,e3532b90226a1300,1,46304,,
Z7r9jZ1A7OaqP,Osees (16 and Over),osees 16 over,Osees,Ogden Theatre,Denver,ZFr9jZedde,2026-10-11,0,onsale,Alternative,Alternative Rock,0,0,0,3f5e73833ddf4df3,2,46304,,
Z7r9jZ1A7PobE,Malcolm Todd (16 and Over),malcolm todd 16 over,Malcolm Todd,Mission Ballroom,Denver,Z7r9jZadVI,2026-10-11,0,onsale,Alternative,Indie Pop,0,0,0,c1855c5836ca8092,1,122,,
Z7r9jZ1A7PtuV,"Hey, Nothing",hey nothing,"Hey, Nothing",Gothic Theatre,Englewood,ZFr9jZdde7,2026-10-11,0,onsale,Alternative,Alternative Rock,0,0,0,afc06f73701bb30c,1,46304,,
G5vzZ_66l0lLD,Rise Against: Ricochet 2026,rise against ricochet,Rise Against,Red Rocks Amphitheatre,Morrison,ZFr9jZe71a,2026-10-12,1,onsale,Rock,Alternative Rock,0,0,0,dcb57063c9284f27,2,206,,
G5vzZ_o27er8C,Lil Pete: Real Is Back Tour,lil pete real is back,Lil Pete,Marquis,Denver,KovZpZAJeFkA,2026-10-12,1,onsale,Hip-Hop/Rap,Trap,0,0,0,cdb80d1523013ad6,1,49,,
Z7r9jZ1A7-YAV,Rise Against: Ricochet 2026,rise against ricochet,Rise Against,Red Rocks Amphitheatre,Morrison,ZFr9jZe71a,2026-10-12,1,onsale,Rock,Punk,0,1,0,dcb57063c9284f27,2,206,,
Z7r9jZ1A7Pd-0,Castle Rat (16 and Over),castle rat 16 over,Castle Rat,Ogden Theatre,Denver,ZFr9jZedde,2026-10-12,1,onsale,Rock,Rock,0,0,0,c88da4b994a45ece,2,46305,,
Z7r9jZ1A7PK4I,Malcolm Todd (16 and Over),malcolm todd 16 over,Malcolm Todd,Mission Ballroom,Denver,Z7r9jZadVI,2026-10-12,1,onsale,Alternative,Indie Pop,0,0,0,a78d3981f2b1f5e3,1,46305,,
Z7r9jZ1AAZp7F,Saliva and Drowning Pool (16 and Over),saliva drowning pool 16 over,Saliva,Gothic Theatre,Englewood,ZFr9jZdde7,2026-10-12,1,onsale,Rock,Hard Rock,0,0,0,6f04cbefcd90ea6f,2,46305,,
G5vzZ_5UJg2J7,Bear Ghost - Tiny Hitman Tour 2026,bear ghost tiny hitman,Bear Ghost,Marquis,Denver,KovZpZAJeFkA,2026-10-13,2,onsale,Rock,Alternative Rock,0,0,0,3b8b808e901b5ffe,3,130,,
Z7r9jZ1A7JK_0,Highly Suspect and Yelawolf (16 and Over),highly suspect yelawolf 16 over,Highly Suspect,Mission Ballroom,Denver,Z7r9jZadVI,2026-10-13,2,onsale,Rock,Rock & Roll,0,0,0,5bcf9eed899b1020,3,88,,
G5vzZ_1Lx2mgd,Our Lady Peace: 30th Anniversary Tour W/ Special Guest The Verve Pipe,our lady peace 30th anniversary w special guest verve pipe,Our Lady Peace,Summit Music Hall,Denver,KovZpZAFFt1A,2026-10-13,2,onsale,Rock,Alternative Rock,0,0,0,b5c8833be9478e62,2,151,,
G5vzZ_23ahg4g,YG: THE GENTLEMEN'S CLUB TOUR,yg gentlemen s club,YG,Fillmore Auditorium (Denver),Denver,KovZpZAE6eJA,2026-10-13,2,onsale,Hip-Hop/Rap,Trap,0,0,0,618ef7bb00bf2764,6,81,,
Z7r9jZ1A70A7o,Shaboozey w/ Noah Cyrus,shaboozey w noah cyrus,Shaboozey,Red Rocks Amphitheatre,Morrison,ZFr9jZe71a,2026-10-13,2,onsale,Country,Country,0,0,0,1cf3ccd7555729aa,3,165,,
G5vzZ_1KA-2Fh,Club Level Seating: Kacey Musgraves,club level seating kacey musgraves,Kacey Musgraves,Ball Arena,Denver,KovZpZAFaJeA,2026-10-13,2,onsale,Country,Country,0,0,0,2f62658f675c3205,2,151,,
G5vzZ_51W4ap1,In Her Own Words X Every Avenue - Perfectly Unfamiliar Tour,in her own words x every avenue perfectly unfamiliar,In Her Own Words,HQ,Denver,KovZ917ARbC,2026-10-13,2,onsale,Metal,Nu-Metal,0,0,0,f841a3e7c18d78f0,4,145,,
G5vzZ_aNxsyvN,Kacey Musgraves - Middle of Nowhere Tour ,kacey musgraves middle of nowhere,Kacey Musgraves,Ball Arena,Denver,KovZpZAFaJeA,2026-10-13,2,onsale,Country,Country,0,1,0,2f62658f675c3205,2,158,,
Z7r9jZ1A70IAZ,In Her Own Words X Every Avenue - Perfectly Unfamiliar Tour,in her own words x every avenue perfectly unfamiliar,In Her Own Words,HQ Denver,Denver,Z7r9jZa7h0,2026-10-13,2,onsale,Other,Other,0,0,0,92cd2f0ac7d6ec88,4,145,,
1718v0G6GHhv-_9,Joe Jordan,joe jordan,,Black Sheep,Colorado Springs,KovZpZAJ77kA,2026-10-13,2,onsale,Pop,Pop,0,0,0,15e1bb4825e7c7d3,0,112,,
G5vzZ_1B7dg8c,Justin Nozuka,justin nozuka,Justin Nozuka,Ophelia's Electric Soapbox,Denver,KovZ917Aai0,2026-10-13,2,onsale,Rock,Alternative Rock,0,0,0,67343be5981b13d4,1,120,,
G5vzZ_5SF0Tm_,Gary Clark Jr.,gary clark jr,Gary Clark Jr.,Paramount Theatre,Denver,KovZpZAFa1nA,2026-10-13,2,onsale,Rock,Pop,0,0,0,eff66b0522a8ab4c,3,130,,
G5vzZ_o1_Cakj,Paramount Theatre Club Seating: Gary Clark Jr.,paramount theatre club seating gary clark jr,Gary Clark Jr.,Paramount Theatre,Denver,KovZpZAFa1nA,2026-10-13,2,onsale,Other,Other,0,1,0,eff66b0522a8ab4c,1,53,,
Z7r9jZ1A70gq4,Death From Above 1979 (16 and Over),death from above 16 over,Death From Above 1979,Gothic Theatre,Englewood,ZFr9jZdde7,2026-10-13,2,onsale,Other,Other,0,0,0,7964bccc73610874,2,46306,,
Z7r9jZ1A7P_7M,Jeff Goldblum and the Mildred Snitzer Orchestra,jeff goldblum mildred snitzer orchestra,Jeff Goldblum,Boettcher Hall,Denver,Z6r9jZdv1e,2026-10-13,2,onsale,Other,Other,0,0,0,71e567b5b16c9ccd,1,46306,,
G5vzZ_5wI2lzG,Mastodon,mastodon,Mastodon,Fillmore Auditorium (Denver),Denver,KovZpZAE6eJA,2026-10-14,3,onsale,Rock,Pop,0,0,0,e436c3abb13e1302,3,131,,
rZ7HnEZ1AfA3O7,Ladies Night 2026,ladies,,Stampede,Aurora,rZ7HnEZ173p1A,2026-10-14,3,onsale,Country,Country,0,0,0,715ad591a02446e4,0,246,16.56,16.56
G5vzZ_2Nm7d8h,The Haunt,haunt,The Haunt,Marquis,Denver,KovZpZAJeFkA,2026-10-14,3,onsale,Rock,Alternative Rock,0,0,0,9756aabeb2d09991,3,77,,
G5vzZ_aRQ0Ogf,Taking Back Sunday,taking back sunday,Taking Back Sunday,Red Rocks Amphitheatre,Morrison,ZFr9jZe71a,2026-10-14,3,onsale,Rock,Alternative Rock,0,0,0,28dde77babeb6835,3,166,,
Z7r9jZ1A707f8,Taking Back Sunday,taking back sunday,Taking Back Sunday,Red Rocks Amphitheatre,Morrison,ZFr9jZe71a,2026-10-14,3,onsale,Alternative,Alternative Rock,0,1,0,28dde77babeb6835,3,166,,
Z7r9jZ1A70tee,Movements (16 and Over),movements 16 over,Movements,Mission Ballroom,Denver,Z7r9jZadVI,2026-10-14,3,onsale,Other,Other,0,0,0,16ca8e0d132ae7de,4,46307,,
1k18vPvsGACaout,"Exhorder, No/Mas, Phantom, Intoxicated",exhorder no mas phantom intoxicated,Exhorder,Black Sheep,Colorado Springs,KovZpZAJ77kA,2026-10-14,3,onsale,Rock,Pop,0,0,0,5583f1856c3a1d63,1,68,,
G5vzZ_8pfaF8s,Tempesst,tempesst,Tempesst,Ophelia's Electric Soapbox,Denver,KovZ917Aai0,2026-10-14,3,onsale,Rock,Alternative Rock,0,0,0,a9508ec9e91d112e,1,65,,
G5vzZ_aUNKGmh,Punch Brothers,punch brothers,Punch Brothers,Paramount Theatre,Denver,KovZpZAFa1nA,2026-10-14,3,onsale,Country,Bluegrass,0,0,0,55de20d11984b4a5,1,159,,
G5vzZ_uQBm5k3,Joe Jordan,joe jordan,Joe Jordan,Skylark Lounge,Denver,KovZ917Aig0,2026-10-14,3,onsale,Rock,Alternative Rock,0,0,0,d6d8fb2cf1692054,1,110,,
Z7r9jZ1A70gjK,The Green with Johnny Suite (16 and Over),green johnny suite 16 over,The Green,Cervantes Masterpiece Ballroom,Denver,ZFr9jZkk1d,2026-10-14,3,onsale,Other,Other,0,0,0,a63fcf1d53d7b4fa,2,46307,,
Z7r9jZ1A7xZ8M,Kishi Bashi (16 and Over),kishi bashi 16 over,Kishi Bashi,Gothic Theatre,Englewood,ZFr9jZdde7,2026-10-14,3,onsale,Other,Other,0,0,0,f7de591e4a9b3488,1,46307,,
rZ7HnEZ1AfxAvS,Goth Night hosted by Gotica Nouveau,goth hosted by gotica nouveau,,Vultures,Colorado Springs,rZ7HnEZ17fd1A,2026-10-14,3,onsale,Alternative,Goth,0,0,0,cf4bc0c083aa8e9e,0,170,,
G5vzZ_G2qoRVY,Jenna Davis,jenna davis,Jenna Davis,Marquis,Denver,KovZpZAJeFkA,2026-10-15,4,onsale,Country,Country,0,0,0,483fe322119495a8,2,125,,
G5vzZ_CUUYFBh,ARTMS,artms,ARTMS,Summit Music Hall,Denver,KovZpZAFFt1A,2026-10-15,4,onsale,Pop,K-Pop,0,0,0,eb7d826e0b21ac16,1,83,,
Z7r9jZ1A7Pa_Z,Charles Wesley Godwin w/ Michael Marcagi,charles wesley godwin w michael marcagi,Charles Wesley Godwin,Red Rocks Amphitheatre,Morrison,ZFr9jZe71a,2026-10-15,4,onsale,Other,Other,0,0,0,ce5658d2430d0980,3,119,,
G5vzZ_FJwkQO8,Club Level Seating: Disney Descendants Zombies & Camp Rock,club level seating disney descendants zombies camp rock,Disney Worlds Collide Concert Tour,Ball Arena,Denver,KovZpZAFaJeA,2026-10-15,4,onsale,Other,Other,0,0,0,a93f0c2f13f8911b,2,181,,
G5vzZ_FaeF77B,Disney Descendants Zombies & Camp Rock: Worlds Collide Concert Tour,disney descendants zombies camp rock worlds collide,Disney Worlds Collide Concert Tour,Ball Arena,Denver,KovZpZAFaJeA,2026-10-15,4,onsale,Other,Other,0,1,0,a93f0c2f13f8911b,1,188,,
G5vzZ_5XIIUNB,French Police,french police,French Police,Oriental Theater,Denver,KovZpaprpe,2026-10-15,4,onsale,Rock,Pop,0,0,0,f606ec8742903782,1,133,,
Z7r9jZ1A709oK,Switchfoot w/ Anberlin,switchfoot w anberlin,SWITCHFOOT,Ogden Theatre,Denver,ZFr9jZedde,2026-10-15,4,onsale,Alternative,Alternative Rock,0,0,0,2d0bd3c22c535d87,2,153,,
Z7r9jZ1A70KuN,Punch Brothers,punch brothers,Punch Brothers,Boulder Theater,Boulder,ZFr9jZdAk6,2026-10-15,4,onsale,Country,Country Folk,0,0,0,45695a817bec61d5,1,46308,,
Z7r9jZ1A70oe_,DJ Shadow - Ages 16+,dj shadow ages 16,DJ Shadow,Mission Ballroom,Denver,Z7r9jZadVI,2026-10-15,4,onsale,Dance/Electronic,Dance/Electronic,1,0,0,0a2e065c1009c019,1,46308,,
Z7r9jZ1A70yZa,Watsky x Infinity (16 and Over),watsky x infinity 16 over,Watsky,Gothic Theatre,Englewood,ZFr9jZdde7,2026-10-15,4,onsale,Other,Other,0,0,0,e607cd0c3ed273f3,2,46308,,
Z7r9jZ1A7P-G9,Kansas,kansas,Kansas,Pikes Peak Center,Colorado Springs,ZFr9jZe777,2026-10-15,4,onsale,Rock,Classic Rock,0,0,0,75bba7e48f6c5aba,1,46308,,
Z7r9jZ1A7PeGZ,French Police,french police,French Police,Oriental Theatre-CO,Denver,ZFr9jZe1Av,2026-10-15,4,onsale,Other,Other,0,0,0,8f32b2a919335696,1,133,,
rZ7HnEZ1AfZUO7,$5 Thursdays!,5 thursdays,,La Rumba,Denver,rZ7HnEZ173pGP,2026-10-15,4,onsale,World,Latin,0,0,0,f6c7bdbb04dd92ae,0,286,8.73,8.73
G5vzZ_CxZEN2g,Lyrics Born: The LB Baby Tour,lyrics born lb baby,Lyrics Born,Ophelia's Electric Soapbox,Denver,KovZ917Aai0,2026-10-15,4,onsale,Rock,Alternative Rock,0,0,0,efd4b8c78962552b,1,97,,
G5vzZ_FNp3rmK,Julia Wolf,julia wolf,Julia Wolf,Fillmore Auditorium (Denver),Denver,KovZpZAE6eJA,2026-10-16,5,onsale,Pop,Electro Pop,0,0,0,75d12e9e09b24647,2,189,,
G5vzZ_1Ry3cSR,Theo Katzman,theo katzman,Theo Katzman,Meow Wolf Denver,Denver,KovZ917AYbY,2026-10-16,5,onsale,R&B,Soul,0,0,0,f81c6fde12a2d28f,1,154,,
G5vzZ_ALJJrP0,Paramount Theatre Club Seating - Nikki Glaser,paramount theatre club seating nikki glaser,Nikki Glaser,Paramount Theatre,Denver,KovZpZAFa1nA,2026-10-16,5,onsale,Other,Other,0,0,0,9037ab69dbec8805,1,232,,
G5vzZ_GSE5-Op,"The Army, The Navy",army navy,"The Army, The Navy",Marquis,Denver,KovZpZAJeFkA,2026-10-16,5,onsale,Pop,Electro Pop,0,0,0,435affc901cc356b,2,120,,
Z7r9jZ1A70b-e,Theo Katzman,theo katzman,Theo Katzman,Meow Wolf Denver,Denver,KovZ917AYbY,2026-10-16,5,onsale,Other,Other,0,1,0,f81c6fde12a2d28f,1,154,,
Z7r9jZ1A7PtvS,Microwave w/ Free Throw,microwave w free throw,Microwave,Boulder Theater,Boulder,ZFr9jZdAk6,2026-10-16,5,onsale,Other,Other,0,0,0,393547d4abcaf13c,2,112,,
rZ7HnEZ1AfZU7f,Ladies Night & Noche Sonidera,ladies noche sonidera,,La Rumba,Denver,rZ7HnEZ173pGP,2026-10-16,5,onsale,World,Latin,0,0,0,4fe5ff55d406a254,0,287,14.13,14.13
Z7r9jZ1A70JG_,Joe Hisaishi with the Colorado Symphony,joe hisaishi colorado symphony,Joe Hisaishi,Boettcher Hall,Denver,Z6r9jZdv1e,2026-10-16,5,onsale,Other,Other,0,0,0,54aa59c6f438fd5a,2,46309,,
Z7r9jZ1A7JkOb,Alien Ant Farm w/ Scarhaven,alien ant farm w scarhaven,Alien Ant Farm,Sunshine Studios,Colorado Springs,Z7r9jZadCK,2026-10-16,5,onsale,Alternative,Alternative Rock,0,0,0,d7b54de1aaec0cfb,2,46309,,
G5vzZ_6tcu3Kj,Dermot Kennedy: The Weight of the Woods Tour,dermot kennedy weight of woods,Dermot Kennedy,Mishawaka Amphitheatre,Bellvue,ZFr9jZ6vkF,2026-10-16,5,onsale,Rock,Pop,0,0,0,849cba75c7f38cea,2,196,,
G5vzZ_oZTNzPt,Bassrush presents Midnight Tyrannosaurus - 18+,bassrush midnight tyrannosaurus 18,Midnight Tyrannosaurus,Summit Music Hall,Denver,KovZpZAFFt1A,2026-10-16,5,onsale,Dance/Electronic,Amapiano,1,0,0,21affd4d5f89a4ec,1,58,,
G5vzZ_unCmBCk,"Luke Vibert with RamonPang, rsrch chmcls, & rij",luke vibert ramonpang rsrch chmcls rij,Luke Vibert,Ophelia's Electric Soapbox,Denver,KovZ917Aai0,2026-10-16,5,onsale,Dance/Electronic,Amapiano,1,0,0,4f4a81b35a458c37,1,112,,
Z7r9jZ1A7-Mug,Dermot Kennedy: The Weight of the Woods Tour,dermot kennedy weight of woods,Dermot Kennedy,Mishawaka Amphitheatre,Bellvue,ZFr9jZ6vkF,2026-10-16,5,onsale,Other,Other,0,1,0,849cba75c7f38cea,2,196,,
Z7r9jZ1A7PSGs,Jessica Audiffred - EXTENDED 3 HOUR 360 EXPERIENCE - Ages 18+,jessica audiffred extended 3 hour 360 ages 18,Jessica Audiffred,ReelWorks Denver,Denver,Z7r9jZa7cI,2026-10-16,5,onsale,Other,Other,0,0,0,9ef7b76581b4b924,1,46309,,
Z7r9jZ1A7PtJF,Afrojack,afrojack,Afrojack,Mission Ballroom,Denver,Z7r9jZadVI,2026-10-16,5,onsale,Dance/Electronic,Dance/Electronic,1,0,0,4a9ad7e800da1370,1,113,,
Z7r9jZ1A7PtaE,Ott. (16 and Over),ott 16 over,Ott,Ogden Theatre,Denver,ZFr9jZedde,2026-10-16,5,onsale,Dance/Electronic,Dance/Electronic,1,0,0,b1cfe4dc0c41335e,1,46309,,
Z7r9jZ1AAZ9fe,Beat,beat,BEAT,Bellco Theatre,Denver,ZFr9jZ76Ak,2026-10-16,5,onsale,Rock,Pop,0,0,0,d09ec99b9b2ac8d6,1,70,,
rZ7HnEZ1Afk_Gf,Chris Cagle,chris cagle,Chris Cagle,Grizzly Rose,Denver,rZ7HnEZ17uJbA,2026-10-16,5,onsale,Country,Country,0,0,0,d58a88255f32323c,1,122,35.71,35.71
rZ7HnEZ1AfFpAV,Whales,whales,,The Church Nightclub,Denver,rZ7HnEZ17qf4V,2026-10-16,5,onsale,Dance/Electronic,Dance/Electronic,1,0,0,0f4bc388e1b5dbc6,0,108,24.95,24.95
rZ7HnEZ1AfaOef,Tritonal,tritonal,Tritonal,Club Vinyl,Denver,rZ7HnEZ17qf40,2026-10-16,5,onsale,Dance/Electronic,House,1,0,0,e82ec0f87c89b4fa,1,91,24.95,24.95
G5vzZ_Cn-_kE0,GALANTIS Presents MIDSOMMAR at The JUNKYARD,galantis midsommar at junkyard,Galantis,JUNKYARD,Denver,KovZ917AI2V,2026-10-17,6,onsale,Dance/Electronic,Amapiano,1,0,0,504d45d1997ce52d,1,92,,
G5vzZ_6Vx7m8y,Berried Alive - Live In The Flesh,berried alive in flesh,Berried Alive,Marquis,Denver,KovZpZAJeFkA,2026-10-17,6,onsale,Metal,Nu-Metal,0,0,0,8ad7000c64b9049b,1,197,,
G5vzZ_ukgLnBZ,The Wrecks - Finally : OUTSIDE Tour,wrecks finally outside,The Wrecks,Summit Music Hall,Denver,KovZpZAFFt1A,2026-10-17,6,onsale,Rock,Pop,0,0,0,30c0d4f5ea9a0ee9,3,113,,
Z7r9jZ1A7JkO_,Alien Ant Farm w/ Scarhaven,alien ant farm w scarhaven,Alien Ant Farm,The LaMar,Lamar,Z7r9jZaAzU,2026-10-17,6,onsale,Alternative,Alternative Rock,0,0,0,093df40844722bb3,2,46310,,
G5vzZ_C1Y-hJs,CHIEF KEEF,chief keef,Chief Keef,Fillmore Auditorium (Denver),Denver,KovZpZAE6eJA,2026-10-17,6,onsale,Hip-Hop/Rap,Trap,0,0,0,852700a1059be898,1,99,,
G5vzZ_eBjVEp6,Paramount Theatre Club Seating -Nikki Glaser,paramount theatre club seating nikki glaser,Nikki Glaser,Paramount Theatre,Denver,KovZpZAFa1nA,2026-10-17,6,onsale,Other,Other,0,0,0,ae754d06cf435c53,1,274,,
Z7r9jZ1A7qf4V,Celtic Thunder,celtic thunder,Celtic Thunder,Union Colony Civic Center,Greeley,ZFr9jZeF66,2026-10-17,6,onsale,World,World,0,0,0,b4ade79ff922fcff,1,46310,,
rZ7HnEZ1AfZg-0,Sabados Sabrosos!,sabados sabrosos,,La Rumba,Denver,rZ7HnEZ173pGP,2026-10-17,6,onsale,World,Latin,0,0,0,a4d26b8e3a9d74c9,0,288,25.18,25.18
Z7r9jZ1A70JuE,Joe Hisaishi with the Colorado Symphony,joe hisaishi colorado symphony,Joe Hisaishi,Boettcher Hall,Denver,Z6r9jZdv1e,2026-10-17,6,onsale,Other,Other,0,0,0,a8337392b12492d0,2,46310,,
16e0Z_K7pG7Toub,The Emo Night Tour,emo,,Black Sheep,Colorado Springs,KovZpZAJ77kA,2026-10-17,6,onsale,Other,Other,0,0,0,275d83aba7112494,0,30,,
G5vzZ_1RBKWUD,Theo Katzman,theo katzman,Theo Katzman,Washington's,Fort Collins,Z7r9jZad4Y,2026-10-17,6,onsale,R&B,Soul,0,0,0,38db90b6e5b5bbac,1,155,,
G5vzZ_2Xeg4qb,Sabotage & Guerilla Radio,sabotage guerilla radio,,Ophelia's Electric Soapbox,Denver,KovZ917Aai0,2026-10-17,6,onsale,Rock,Pop,0,0,0,8d41b3bc69e203f3,0,74,,
G5vzZ_6tcJe45,Dermot Kennedy: The Weight of the Woods Tour,dermot kennedy weight of woods,Dermot Kennedy,Red Rocks Amphitheatre,Morrison,ZFr9jZe71a,2026-10-17,6,onsale,Rock,Pop,0,0,0,da2cf2a389234f7d,2,197,,
G5vzZ_CBNtI2B,Sueco,sueco,Sueco,Meow Wolf Denver,Denver,KovZ917AYbY,2026-10-17,6,onsale,Hip-Hop/Rap,Trap,0,0,0,30c1ff1a85b8af6f,2,92,,
Z7r9jZ1A7-MuU,Dermot Kennedy: The Weight of the Woods Tour,dermot kennedy weight of woods,Dermot Kennedy,Red Rocks Amphitheatre,Morrison,ZFr9jZe71a,2026-10-17,6,onsale,Other,Other,0,1,0,da2cf2a389234f7d,2,197,,
Z7r9jZ1A7-z8p,Fruit Bats,fruit bats,Fruit Bats,Mission Ballroom,Denver,Z7r9jZadVI,2026-10-17,6,onsale,Alternative,Alternative Rock,0,0,0,dc4d85c7d119137b,1,204,,
Z7r9jZ1A70Zo7,The Milk Carton Kids (16 and Over) - Saturday,milk carton kids 16 over saturday,The Milk Carton Kids,Bluebird Theatre,Denver,Z6r9jZdvee,2026-10-17,6,onsale,Country,Country Folk,0,0,0,1228480de7368024,2,46310,,
Z7r9jZ1A70b-8,Theo Katzman,theo katzman,Theo Katzman,Washington's,Fort Collins,Z7r9jZad4Y,2026-10-17,6,onsale,Other,Other,0,1,0,38db90b6e5b5bbac,1,155,,
Z7r9jZ1A70tfo,TRUTH (18 and Over),truth 18 over,TRUTH,ReelWorks Denver,Denver,Z7r9jZa7cI,2026-10-17,6,onsale,Other,Other,0,0,0,18f6a3adb70430a9,3,46310,,
Z7r9jZ1A7J3kZ,Sueco,sueco,Sueco,Meow Wolf Denver,Denver,KovZ917AYbY,2026-10-17,6,onsale,Other,Other,0,1,0,30c1ff1a85b8af6f,2,92,,
Z7r9jZ1A7PtaI,Ott. w/ Ours Samplus,ott w ours samplus,Ott,Cervantes Masterpiece Ballroom,Denver,ZFr9jZkk1d,2026-10-17,6,onsale,Dance/Electronic,Dance/Electronic,1,0,0,759c779245c9f42c,2,46310,,
Z7r9jZ1A7xZ-_,Sammy Rae and The Friends (16 and Over),sammy rae friends 16 over,Sammy Rae,Ogden Theatre,Denver,ZFr9jZedde,2026-10-17,6,onsale,Other,Other,0,0,0,8932048f16bfc767,2,46310,,
rZ7HnEZ1Afk_1f,Chris Cagle,chris cagle,Chris Cagle,Whiskey Rose,Colorado Springs,rZ7HnEZ17q_Qf,2026-10-17,6,onsale,Country,Country,0,0,0,e5a86d9871e04c05,1,123,35.76,35.76
rZ7HnEZ1A4Zz0S,Covex,covex,,The Basement at Club Vinyl,Denver,rZ7HnEZ17QA4S,2026-10-17,6,onsale,Dance/Electronic,Dance/Electronic,1,0,0,6b011f30c0c4cf2b,0,60,14.95,14.95
rZ7HnEZ1Af0kqK,Whipped Cream,whipped cream,Whipped Cream,Club Vinyl,Denver,rZ7HnEZ17qf40,2026-10-17,6,onsale,Dance/Electronic,,1,0,0,591bd0b42bddc1c3,1,137,24.95,24.95
1718v0G6C7se8VT,Mia Asano,mia asano,,Black Sheep,Colorado Springs,KovZpZAJ77kA,2026-10-18,0,onsale,Pop,Electro Pop,0,0,0,2a129a5ea4621916,0,103,,
G5vzZ_A1rT_u5,An Evening With Celtic Thunder 2026: Celebrate Your Favorite Songs,evening celtic thunder celebrate your favorite songs,Celtic Thunder,Avalon Theatre,Grand Junction,KovZpa4gke,2026-10-18,0,onsale,World,World,0,0,0,fca100b7b9d85073,1,219,,
G5vzZ_Amqia8M,Gorillaz - The Mountain Tour,gorillaz mountain,Gorillaz,Ball Arena,Denver,KovZpZAFaJeA,2026-10-18,0,onsale,Rock,Alternative Rock,0,0,0,8b9d3fbcd93fc0e1,3,223,,
G5vzZ_Gb8hBSI,BLÜ EYES: Two People At Once Tour,bl eyes two people at once,BLÜ EYES,Marquis,Denver,KovZpZAJeFkA,2026-10-18,0,onsale,Pop,Electro Pop,0,0,0,958b60630592a3b8,2,128,,
G5vzZ_kC086ii,Club Level Seating: Gorillaz,club level seating gorillaz,Gorillaz,Ball Arena,Denver,KovZpZAFaJeA,2026-10-18,0,onsale,Rock,Alternative Rock,0,1,0,8b9d3fbcd93fc0e1,2,216,,
G5vzZ_kwcEtZT,RAWAYANA - ¿Dónde es el after? World Tour,rawayana d nde es el after world,Rawayana,Fillmore Auditorium (Denver),Denver,KovZpZAE6eJA,2026-10-18,0,onsale,Pop,Pop,0,0,0,fc24db9857e01ac7,1,213,,
rZ7HnEZ1AfZgGf,SALSA & BACHATA SUNDAYS,salsa bachata sundays,,La Rumba,Denver,rZ7HnEZ173pGP,2026-10-18,0,onsale,World,Latin,0,0,0,daaaef70c7546063,0,289,14.13,14.13
G5vzZ_8Mppg4O,Sueco,sueco,Sueco,Meow Wolf Denver,Denver,KovZ917AYbY,2026-10-18,0,onsale,Hip-Hop/Rap,Trap,0,0,0,0bfc5d28cdbb8006,2,65,,
Z7r9jZ1A70o8w,The Milk Carton Kids (16 and Over) - Sunday,milk carton kids 16 over sunday,The Milk Carton Kids,Bluebird Theatre,Denver,Z6r9jZdvee,2026-10-18,0,onsale,Country,Country Folk,0,0,0,484b57ac2c990f57,1,46311,,
Z7r9jZ1A7xZGt,Sammy Rae and The Friends - All Ages (under 16 with adult),sammy rae friends all ages under 16 adult,Sammy Rae,Boulder Theater,Boulder,ZFr9jZdAk6,2026-10-18,0,onsale,Other,Other,0,0,0,7a010bdcd683fdf9,2,46311,,
Z7r9jZ1AAZA1b,Mariachi El Bronx w/ Max Diaz,mariachi el bronx w max diaz,Mariachi El Bronx,Gothic Theatre,Englewood,ZFr9jZdde7,2026-10-18,0,onsale,Rock,Punk,0,0,0,a8a48f68010a7e70,2,46311,,
Z7r9jZ1AAZsox,Sueco,sueco,Sueco,Meow Wolf Denver,Denver,KovZ917AYbY,2026-10-18,0,onsale,Other,Other,0,1,0,0bfc5d28cdbb8006,2,65,,
rZ7HnEZ1AfGObf,Los Donny's De Guerrero,los donny s de guerrero,,Stampede,Aurora,rZ7HnEZ173p1A,2026-10-18,0,onsale,World,Mexican Cumbia,0,0,0,fd99f484f24da05b,0,34,,
G5vzZ_5wf6bVp,TASTE OF CHAOS,taste of chaos,In This Moment,Fillmore Auditorium (Denver),Denver,KovZpZAE6eJA,2026-10-19,1,onsale,Metal,Nu-Metal,0,0,0,6b63075806b90855,5,138,,
Z7r9jZ1A7Ow08,Zac Brown Band w/ Grace Potter,zac brown band w grace potter,Zac Brown Band,Red Rocks Amphitheatre,Morrison,ZFr9jZe71a,2026-10-19,1,onsale,Blues,Jazz Blues,0,0,0,baa7e0b2514ddbf9,2,262,,
G5vzZ_G5e32h3,Phoebe Bridgers: The Lost Tour,phoebe bridgers lost,Phoebe Bridgers,Ball Arena,Denver,KovZpZAFaJeA,2026-10-19,1,onsale,Rock,Alternative Rock,0,0,0,0afe1313fa685e0f,2,129,,
G5vzZ_GJKMMKe,Club Level Seating: Phoebe Bridgers,club level seating phoebe bridgers,Phoebe Bridgers,Ball Arena,Denver,KovZpZAFaJeA,2026-10-19,1,onsale,Rock,Alternative Rock,0,1,0,0afe1313fa685e0f,2,122,,
Z7r9jZ1A7PgOY,Patrick Droney,patrick droney,Patrick Droney,Bluebird Theatre,Denver,Z6r9jZdvee,2026-10-19,1,onsale,Other,Other,0,0,0,c661754d0cdcfe85,1,46312,,
G5vzZ_8l6zCom,Isabel LaRosa: Dollparts Tour,isabel larosa dollparts,Isabel LaRosa,Meow Wolf Denver,Denver,KovZ917AYbY,2026-10-19,1,onsale,Pop,Electro Pop,0,0,0,77313fefc234423a,1,60,,
Z7r9jZ1A70tup,Slow Pulp (16 and Over),slow pulp 16 over,Slow Pulp,Ogden Theatre,Denver,ZFr9jZedde,2026-10-19,1,onsale,Other,Other,0,0,0,ac7c9cd32b500f19,2,46312,,
Z7r9jZ1AAZPro,Isabel LaRosa: Dollparts Tour,isabel larosa dollparts,Isabel LaRosa,Meow Wolf Denver,Denver,KovZ917AYbY,2026-10-19,1,onsale,Pop,Pop,0,1,0,77313fefc234423a,1,60,,
G5vzZ_2kTaqf3,This Wild Life,this wild life,This Wild Life,Marquis,Denver,KovZpZAJeFkA,2026-10-20,2,cancelled,Rock,Alternative Rock,0,0,1,450cb838143eab0a,2,88,,
G5vzZ_6jfPm25,"Daði Freyr: Too Much, Not Enough",da i freyr too much not enough,Daði Freyr,Summit Music Hall,Denver,KovZpZAFFt1A,2026-10-20,2,onsale,Pop,Electro Pop,1,0,0,11f32a73bc984132,2,207,,
Z7r9jZ1A7Ow0o,Zac Brown Band w/ Grace Potter,zac brown band w grace potter,Zac Brown Band,Red Rocks Amphitheatre,Morrison,ZFr9jZe71a,2026-10-20,2,onsale,Blues,Jazz Blues,0,0,0,e81668ed09c242f1,2,263,,
G5vzZ_G21irC_,Shoshana Bean,shoshana bean,Shoshana Bean,Paramount Theatre,Denver,KovZpZAFa1nA,2026-10-20,2,onsale,R&B,R&B,0,0,0,502379cb929a510d,1,130,,
Z7r9jZ1A70Zf8,Palace (16 and Over),palace 16 over,Palace,Mission Ballroom,Denver,Z7r9jZadVI,2026-10-20,2,onsale,Other,Other,0,0,0,e4012e12a4869208,1,46313,,
G5vzZ_8MO4FjK,Derya Yildirim & Grup Simsek with Thee Marloes,derya yildirim grup simsek thee marloes,Derya Yildirim & Grup Şimşek,Ophelia's Electric Soapbox,Denver,KovZ917Aai0,2026-10-20,2,onsale,Folk,Indie Folk,0,0,0,60adc8ff753b6acd,2,53,,
rZ7HnEZ1AfA3-f,Ladies Night 2026,ladies,,Stampede,Aurora,rZ7HnEZ173p1A,2026-10-21,3,onsale,Country,Country,0,0,0,8a092d139e1494cf,0,253,16.56,16.56
G5vzZ_o5-q7ol,Cougar Club Presents: Cougar Coven,cougar club cougar coven,,Ophelia's Electric Soapbox,Denver,KovZ917Aai0,2026-10-21,3,onsale,Other,Other,0,0,0,7d80b976c54b8b7f,0,63,,
rZ7HnEZ1A4Za-d,Shimmy Shakin' Blues,shimmy shakin blues,,La Rumba,Denver,rZ7HnEZ173pGP,2026-10-21,3,onsale,Other,,0,0,0,9998e4e6b5edf64f,0,79,20.03,41.13
Z7r9jZ1A70bqs,Mom Jeans,mom jeans,Mom Jeans,Boulder Theater,Boulder,ZFr9jZdAk6,2026-10-21,3,onsale,Other,Other,0,0,0,6e634bc32dd6c77e,1,46314,,
Z7r9jZ1A70444,Muna w/ Hemlocke Springs,muna w hemlocke springs,MUNA,Red Rocks Amphitheatre,Morrison,ZFr9jZe71a,2026-10-21,3,onsale,Other,Other,0,0,0,9f66856210dabc57,2,46314,,
rZ7HnEZ1AfxAAN,Goth Night hosted by Gotica Nouveau,goth hosted by gotica nouveau,,Vultures,Colorado Springs,rZ7HnEZ17fd1A,2026-10-21,3,onsale,Alternative,Goth,0,0,0,a19fa8e2a4d46553,0,177,,
G5vzZ_ueW6Qo9,"Skillet: Comatose 20 Years, Still Screaming Tour",skillet comatose 20 years still screaming,Skillet,Fillmore Auditorium (Denver),Denver,KovZpZAE6eJA,2026-10-22,4,onsale,Rock,Alternative Rock,0,0,0,aee623e4124c4f87,3,118,,
G5vzZ_ANTyPQt,Paramount Theatre Club Seating: Daniel Sloss,paramount theatre club seating daniel sloss,Daniel Sloss,Paramount Theatre,Denver,KovZpZAFa1nA,2026-10-22,4,onsale,Other,Other,0,0,0,39091c0269376760,1,238,,
G5vzZ_GVIKec2,Ceremony,ceremony,Ceremony,Marquis,Denver,KovZpZAJeFkA,2026-10-22,4,onsale,Metal,Nu-Metal,0,0,0,abd69b4e0f342bae,3,126,,
G5vzZ_ulGxDZW,"Alejo x 3NA: NERVES AV with Mike Wallis, Snilk and Myk0ra",alejo x 3na nerves av mike wallis snilk myk0ra,,Ophelia's Electric Soapbox,Denver,KovZ917Aai0,2026-10-22,4,onsale,Pop,Electro Pop,0,0,0,1d9568d7e8d084c5,0,112,,
Z7r9jZ1A7-yqZ,Macklemore,macklemore,Macklemore,Red Rocks Amphitheatre,Morrison,ZFr9jZe71a,2026-10-22,4,onsale,Hip-Hop/Rap,Hip-Hop/Rap,0,0,0,57b96b92148ca34b,1,46315,,
Z7r9jZ1AAvK_b,Jackson Dean (18 and Over),jackson dean 18 over,Jackson Dean,Warehouse25sixty-five,Grand Junction,Z7r9jZadN3,2026-10-22,4,onsale,Other,Other,0,0,0,f80940f632ec7ee6,1,48,,
rZ7HnEZ1AfZUpf,$5 Thursdays!,5 thursdays,,La Rumba,Denver,rZ7HnEZ173pGP,2026-10-22,4,onsale,World,Latin,0,0,0,0bd29941dc5b43cc,0,293,8.73,8.73
rZ7HnEZ1AfGw8V,JHONNY RIVERA,jhonny rivera,,Stampede,Aurora,rZ7HnEZ173p1A,2026-10-22,4,onsale,World,Colombia,0,0,0,d730fe98e9985be1,0,33,71.18,103.21
G5vzZ_5ldYcXg,Catch Your Breath - Not Broken Enough Tour,catch your breath not broken enough,Catch Your Breath,Summit Music Hall,Denver,KovZpZAFFt1A,2026-10-23,5,onsale,Rock,Alternative Rock,0,0,0,8c633dfa5605e73e,4,147,,
Z7r9jZ1A7O744,Mersiv,mersiv,MERSIV,Red Rocks Amphitheatre,Morrison,ZFr9jZe71a,2026-10-23,5,onsale,Other,Other,1,0,0,37d631e76a936f01,1,46316,,
G5vzZ_6r0j9uc,Shpongle,shpongle,Shpongle,Fillmore Auditorium (Denver),Denver,KovZpZAE6eJA,2026-10-23,5,onsale,Dance/Electronic,Amapiano,1,1,0,a0f59a0c106cb24f,2,210,,
G5vzZ_oNqmXmS,AZ Chike,az chike,AZ Chike,Marquis,Denver,KovZpZAJeFkA,2026-10-23,5,onsale,Hip-Hop/Rap,Trap,0,0,0,a0724097325ecc31,1,56,,
rZ7HnEZ1AfZUAV,Ladies Night & Noche Sonidera,ladies noche sonidera,,La Rumba,Denver,rZ7HnEZ173pGP,2026-10-23,5,onsale,World,Latin,0,0,0,6c86688709409c31,0,294,14.13,14.13
1k18vPvOGACy8zE,"Ghetto Psycho Tour featuring King Iso, Taebo Tha Truth, Matt Phoenix,",ghetto psycho king iso taebo tha truth matt phoenix,,Black Sheep,Colorado Springs,KovZpZAJ77kA,2026-10-23,5,onsale,Hip-Hop/Rap,Trap,0,0,0,11b733c014cb9103,0,77,,
G5vzZ_55-B5ym,SiM - HOOMAN WORLD TOUR,sim hooman world,SiM,Oriental Theater,Denver,KovZpaprpe,2026-10-23,5,onsale,Metal,Nu-Metal,0,0,0,315cc83c599c5092,1,154,,
G5vzZ_8heurUX,Sara Evans: We Got The Beat,sara evans we got beat,Sara Evans,Avalon Theatre,Grand Junction,KovZpa4gke,2026-10-23,5,onsale,Country,Country,0,0,0,7c980583e150973f,1,70,,
Z7r9jZ1A70IjO,SiM,sim,SiM,Oriental Theatre-CO,Denver,ZFr9jZe1Av,2026-10-23,5,onsale,Metal,Metal,0,0,0,158bf822f9d93266,1,154,,
Z7r9jZ1A7JvGZ,Yheti b2b Toadface with Dank Frank,yheti toadface dank frank,Yheti,Aggie Theater,Fort Collins,ZFr9jZkve6,2026-10-23,5,onsale,Other,Other,1,0,0,38c7df868a3ae4da,2,46316,,
Z7r9jZ1AAvdrp,Jackson Dean (18 and Over),jackson dean 18 over,Jackson Dean,Grizzly Rose,Denver,rZ7HnEZ17uJbA,2026-10-23,5,onsale,Other,Other,0,1,0,2853d2f6ae839010,1,49,,
rZ7HnEZ1Afaykf,Jackson Dean,jackson dean,Jackson Dean,Grizzly Rose,Denver,rZ7HnEZ17uJbA,2026-10-23,5,onsale,Country,Alternative Country,0,0,0,2853d2f6ae839010,1,63,35.71,35.71
G5vzZ_CMhh5sv,Dead Floyd: TWO-DAY TICKETS,dead floyd two day tickets,Dead Floyd,Ophelia's Electric Soapbox,Denver,KovZ917Aai0,2026-10-23,5,onsale,Rock,Pop,0,0,0,d7f70667a364baa9,1,98,,
G5vzZ_Chk0baP,Dead Floyd,dead floyd,Dead Floyd,Ophelia's Electric Soapbox,Denver,KovZ917Aai0,2026-10-23,5,onsale,Rock,Pop,0,1,0,d7f70667a364baa9,1,98,,
Z7r9jZ1A7-Yas,Odd Mob (16 and Over),odd mob 16 over,Odd Mob,Mission Ballroom,Denver,Z7r9jZadVI,2026-10-23,5,onsale,Dance/Electronic,Dance/Electronic,1,0,0,2506f066edf1c218,1,46316,,
Z7r9jZ1A7PV4N,Medium Build w/ Bella White,medium build w bella white,Medium Build,Gothic Theatre,Englewood,ZFr9jZdde7,2026-10-23,5,onsale,Alternative,Indie Rock,0,0,0,62412dcef0dc4994,2,114,,
rZ7HnEZ1A4v6uS,Krewella,krewella,,The Church Nightclub,Denver,rZ7HnEZ17qf4V,2026-10-23,5,onsale,Dance/Electronic,,1,0,0,c6d5c10c033a0157,0,59,34.95,34.95
rZ7HnEZ1Af13-V,Broken Hill,broken hill,,Club Vinyl,Denver,rZ7HnEZ17qf40,2026-10-23,5,onsale,Dance/Electronic,Dance/Electronic,1,0,0,54e26e8d9ffdeef9,0,52,24.95,24.95
G5vzZ_6rPB64Q,Shpongle - 2-DAY PASS,shpongle 2 day pass,Shpongle,Fillmore Auditorium (Denver),Denver,KovZpZAE6eJA,2026-10-23,5,onsale,Dance/Electronic,Amapiano,1,0,0,a0f59a0c106cb24f,3,210,,
Z7r9jZ1AAZ8o3,Jade Cicada w/ Mickman,jade cicada w mickman,Jade Cicada,Red Rocks Amphitheatre,Morrison,ZFr9jZe71a,2026-10-24,6,onsale,Other,Other,1,0,0,43172c9b89aca7a1,4,46317,,
G5vzZ_8BV92ql,BurnDown Tour 2026,burndown,Febuary,Marquis,Denver,KovZpZAJeFkA,2026-10-24,6,onsale,Rock,Pop,0,0,0,4c0ce4612019c9ec,4,64,,
G5vzZ_aelIQpN,Paramount Theatre Club Seating: Tom Papa,paramount theatre club seating tom papa,Tom Papa,Paramount Theatre,Denver,KovZpZAFa1nA,2026-10-24,6,onsale,Other,Other,0,0,0,2f538d5f2ed35474,1,186,,
G5vzZ_1r9tFrJ,This Is Lorelei,this is lorelei,This Is Lorelei,Summit Music Hall,Denver,KovZpZAFFt1A,2026-10-24,6,onsale,Rock,Alternative Rock,0,0,0,6be6b4526bb7d80d,2,162,,
G5vzZ_6r0S92s,Shpongle,shpongle,Shpongle,Fillmore Auditorium (Denver),Denver,KovZpZAE6eJA,2026-10-24,6,onsale,Dance/Electronic,Amapiano,1,0,0,3786a7d2cbaed4b8,2,211,,
rZ7HnEZ1AfZgqf,Sabados Sabrosos!,sabados sabrosos,,La Rumba,Denver,rZ7HnEZ173pGP,2026-10-24,6,onsale,World,Latin,0,0,0,0b9aa8b8fbb190ca,0,295,25.18,25.18
Z7r9jZ1A7Jffk,Sunn 0]]],sunn 0,Sunn O ))),Aggie Theater,Fort Collins,ZFr9jZkve6,2026-10-24,6,onsale,Rock,Hard Rock,0,0,0,172923f3026a7915,1,46317,,
rZ7HnEZ1AfJ8PK,"Witch Hound Album Release Party, with Malkasian, Doctor Nez, Uncle Goober, and Panda Strike as MC",witch hound album release party malkasian doctor nez uncle goober panda strike as mc,,Vultures,Colorado Springs,rZ7HnEZ17fd1A,2026-10-24,6,onsale,Alternative,Alternative Metal,0,0,0,9293d8ea5c3eead1,0,93,,
rZ7HnEZ1Afayu7,Jackson Dean,jackson dean,Jackson Dean,Whiskey Rose,Colorado Springs,rZ7HnEZ17q_Qf,2026-10-24,6,onsale,Country,Country,0,0,0,ae66617abf8dc86c,1,64,35.76,35.76
1AtZkfbGkd-Goxn,2000's Rave,s rave,,Black Sheep,Colorado Springs,KovZpZAJ77kA,2026-10-24,6,onsale,Dance/Electronic,Amapiano,1,0,0,e06a673ad81ac586,0,60,,
G5vzZ_CQo507Q,Paramount Theatre Club Seating: Tom Papa,paramount theatre club seating tom papa,Tom Papa,Paramount Theatre,Denver,KovZpZAFa1nA,2026-10-24,6,onsale,Other,Other,0,1,0,2f538d5f2ed35474,1,108,,
G5vzZ_Chk0zaI,Dead Floyd,dead floyd,Dead Floyd,Ophelia's Electric Soapbox,Denver,KovZ917Aai0,2026-10-24,6,onsale,Rock,Pop,0,0,0,991f195d556a4c62,1,99,,
rZ7HnEZ1Af170f,Brondo,brondo,,Club Vinyl,Denver,rZ7HnEZ17qf40,2026-10-24,6,onsale,Dance/Electronic,Dance/Electronic,1,0,0,fc12433f62b798ff,0,58,14.95,14.95
rZ7HnEZ1AfGZCf,Desert Hearts,desert hearts,,The Basement at Club Vinyl,Denver,rZ7HnEZ17QA4S,2026-10-24,6,onsale,Dance/Electronic,Dance/Electronic,1,0,0,9910702ae12c9d73,0,50,24.95,24.95
rZ7HnEZ1Afa0Qf,"SABAI x HOANG ""SECOND CHANCE TOUR""",sabai x hoang second chance,SABAI,The Church Nightclub,Denver,rZ7HnEZ17qf4V,2026-10-24,6,onsale,Dance/Electronic,Dance/Electronic,1,0,0,1729c85a3860b985,2,93,19.95,19.95
G5vzZ_7YHqj28,Leonid & Friends,leonid friends,Leonid & Friends,Paramount Theatre,Denver,KovZpZAFa1nA,2026-10-25,0,onsale,Rock,Pop,0,0,0,f908fcb9f74d1c16,1,247,,
G5vzZ_GmTJuj8,Paramount Theatre Club Seating: Leonid & Friends,paramount theatre club seating leonid friends,Leonid & Friends,Paramount Theatre,Denver,KovZpZAFa1nA,2026-10-25,0,onsale,Other,Other,0,1,0,f908fcb9f74d1c16,1,130,,
G5vzZ_GxVGbS1,El David Aguilar,el david aguilar,El David Aguilar,Marquis,Denver,KovZpZAJeFkA,2026-10-25,0,onsale,Latin,Latin,0,0,0,a5db2f24ef579635,1,135,,
G5vzZ_uFuY_2f,Jose Madero - USA Tour 2026,jose madero usa,José Madero,Summit Music Hall,Denver,KovZpZAFFt1A,2026-10-25,0,onsale,Latin,Latin,0,0,0,71a703518835eaff,1,121,,
rZ7HnEZ1AfZgvf,SALSA & BACHATA SUNDAYS,salsa bachata sundays,,La Rumba,Denver,rZ7HnEZ173pGP,2026-10-25,0,onsale,World,Latin,0,0,0,37230f68f9016c72,0,296,14.13,14.13
Z7r9jZ1AAZ7aU,Demon Hunter,demon hunter,Demon Hunter,Oriental Theatre-CO,Denver,ZFr9jZe1Av,2026-10-25,0,onsale,Rock,Hard Rock,0,0,0,5f9b0b3978060c30,1,46318,,
1AtZkfKGkdsP8lU,Butcher Babies,butcher babies,Butcher Babies,Black Sheep,Colorado Springs,KovZpZAJ77kA,2026-10-25,0,onsale,Metal,Nu-Metal,0,0,0,2ec1914900fc2f0f,1,62,,
Z7r9jZ1A7PgGV,gavn!,gavn,gavn!,Bluebird Theatre,Denver,Z6r9jZdvee,2026-10-25,0,onsale,Other,Other,0,0,0,b31197bd99433d8c,1,46318,,
G5vzZ_2LxN6Z_,Pain Of Truth,pain of truth,Pain Of Truth,Marquis,Denver,KovZpZAJeFkA,2026-10-26,1,onsale,Metal,Nu-Metal,0,0,0,72481afd68382dd5,4,80,,
G5vzZbzAVheD4,Evanescence 2026 World Tour,evanescence world,Evanescence,Red Rocks Amphitheatre,Morrison,ZFr9jZe71a,2026-10-26,1,onsale,Rock,Alternative Rock,0,1,0,5d345b701a71e4e3,2,325,,
Z7r9jZ1A7r9fs,Evanescence 2026 World Tour with Spiritbox and Nova Twins,evanescence world spiritbox nova twins,Evanescence,Red Rocks Amphitheatre,Morrison,ZFr9jZe71a,2026-10-26,1,onsale,Alternative,Alternative Rock,0,0,0,5d345b701a71e4e3,3,325,,
G5vzZ_2Kf6C3r,Forbidden,forbidden,Forbidden,The Federal Theatre,Denver,Z7r9jZakK6,2026-10-26,1,onsale,Rock,Pop,0,0,0,7a67ccf091fc78e7,3,94,,
G5vzZ_5RYtE-2,"Dweezil Zappa DZ20: Like Father, Like Son",dweezil zappa dz20 like father like son,Dweezil Zappa,Paramount Theatre,Denver,KovZpZAFa1nA,2026-10-26,1,onsale,Rock,Pop,0,0,0,0aa8d8836fb9a701,1,143,,
G5vzZ_uBgCQu9,Paramount Theatre Club Seating: Dweezil Zappa,paramount theatre club seating dweezil zappa,Dweezil Zappa,Paramount Theatre,Denver,KovZpZAFa1nA,2026-10-26,1,onsale,Other,Other,0,1,0,0aa8d8836fb9a701,1,117,,
Z7r9jZ1A70k7f,Failure (16 and Over),failure 16 over,Failure,Bluebird Theatre,Denver,Z6r9jZdvee,2026-10-26,1,onsale,Rock,Hard Rock,0,0,0,b4f4759a7e17c253,2,46319,,
Z7r9jZ1AAZ8PF,Rebecca Black,rebecca black,Rebecca Black,Gothic Theatre,Englewood,ZFr9jZdde7,2026-10-26,1,onsale,Other,Other,0,0,0,f63ea80ed2a75f5b,1,46319,,
G5vzZ_GmRkhCV,The Paradox,paradox,The Paradox,Marquis,Denver,KovZpZAJeFkA,2026-10-27,2,onsale,Rock,Punk,0,0,0,e7c679040c09a669,2,123,,
Z7r9jZ1A7-b_w,Tucker Wetmore,tucker wetmore,Tucker Wetmore,Red Rocks Amphitheatre,Morrison,ZFr9jZe71a,2026-10-27,2,onsale,Country,Country,0,0,0,983d6d41bd48e8a7,1,235,,
1AtZkfbGkdgkoE8,LOCKED SHUT,locked shut,LOCKED SHUT,Black Sheep,Colorado Springs,KovZpZAJ77kA,2026-10-27,2,onsale,Rock,Alternative Rock,0,0,0,89f27edae2ab2b4a,1,60,,
G5vzZ_1XQVIWV,The Smashing Pumpkins: The Rats In A Cage Tour,smashing pumpkins rats in cage,The Smashing Pumpkins,Ball Arena,Denver,KovZpZAFaJeA,2026-10-27,2,onsale,Rock,Alternative Rock,0,1,0,eecadfdfa728b421,1,159,,
G5vzZ_55rZDix,Club Level Seating: The Smashing Pumpkins,club level seating smashing pumpkins,The Smashing Pumpkins,Ball Arena,Denver,KovZpZAFaJeA,2026-10-27,2,onsale,Rock,Alternative Rock,0,0,0,eecadfdfa728b421,2,152,,
G5vzZ_CrPJUKo,New Constellations: In Comes Waves Tour,new constellations in comes waves,New Constellations,Meow Wolf Denver,Denver,KovZ917AYbY,2026-10-27,2,onsale,Rock,Pop,0,0,0,52c4068cbd5bece1,2,109,,
G5vzZ_ueQ4Uc4,SIX60,six60,SIX60,Ophelia's Electric Soapbox,Denver,KovZ917Aai0,2026-10-27,2,onsale,Rock,Pop,0,0,0,1cbba124d3de8920,1,95,,
Z7r9jZ1A70ye8,Gilla Band,gilla band,Gilla Band,Bluebird Theatre,Denver,Z6r9jZdvee,2026-10-27,2,onsale,Rock,Pop,0,0,0,043952c8bfc7f9b9,1,46320,,
Z7r9jZ1A7Jdj3,New Constellations: In Comes Waves Tour,new constellations in comes waves,New Constellations,Meow Wolf Denver,Denver,KovZ917AYbY,2026-10-27,2,onsale,Rock,Pop,0,1,0,52c4068cbd5bece1,2,109,,
Z7r9jZ1AAZsbE,Dummy,dummy,Dummy,Hi-Dive - Denver,Denver,Z7r9jZadmE,2026-10-27,2,onsale,Other,Other,0,0,0,2bd7e60b4ae17ac1,3,74,,
rZ7HnEZ1AfA3x7,Ladies Night 2026,ladies,,Stampede,Aurora,rZ7HnEZ173p1A,2026-10-28,3,onsale,Country,Country,0,0,0,5f1e85272d0df27d,0,260,16.56,16.56
Z7r9jZ1A7-0GF,Koe Wetzel w/ Wade Bowen,koe wetzel w wade bowen,Koe Wetzel,Red Rocks Amphitheatre,Morrison,ZFr9jZe71a,2026-10-28,3,onsale,Other,Other,0,0,0,ce73e6d45dd65d9c,2,229,,
G5vzZ_5zZcE3z,Stop Light Observations,stop light observations,Stop Light Observations,Marquis,Denver,KovZpZAJeFkA,2026-10-28,3,onsale,Rock,Alternative Rock,0,0,0,9373dbb8ecabd9ba,1,146,,
rZ7HnEZ1Af1oof,Big Sandy Live in Denver!,big sandy in denver,,La Rumba,Denver,rZ7HnEZ173pGP,2026-10-28,3,onsale,Other,,0,0,0,7fdda3791727ed04,0,62,25.18,25.18
Z7r9jZ1A7J_a4,Cradle of Filth w/ Moonspell,cradle of filth w moonspell,Cradle of Filth,Sunshine Studios,Colorado Springs,Z7r9jZadCK,2026-10-28,3,onsale,Rock,Hard Rock,0,0,0,335c75c696bc1d09,2,46321,,
Z7r9jZ1A70bo_,Post Sex Nachos (16 and Over),post sex nachos 16 over,Post Sex Nachos,Bluebird Theatre,Denver,Z6r9jZdvee,2026-10-28,3,onsale,Other,Other,0,0,0,23de3313bf3d10ff,1,46321,,
Z7r9jZ1A70vqz,GEESE (21+ Event),geese 21 event,Geese,Mission Ballroom,Denver,Z7r9jZadVI,2026-10-28,3,onsale,Other,Other,0,0,0,b15c9ec54c9c4a14,1,180,,
rZ7HnEZ1AfxAeK,Goth Night hosted by Gotica Nouveau,goth hosted by gotica nouveau,,Vultures,Colorado Springs,rZ7HnEZ17fd1A,2026-10-28,3,onsale,Alternative,Goth,0,0,0,eec245462eb9d6df,0,184,,
Z7r9jZ1A7O0qF,"Cypress Hill and Method Man and Redman: Haunted Rocks with De La Soul, Digable Planets, Hieroglyphics, and The Pharcyde",cypress hill method man redman haunted rocks de la soul digable planets hieroglyphics pharcyde,Cypress Hill,Red Rocks Amphitheatre,Morrison,ZFr9jZe71a,2026-10-29,4,onsale,Hip-Hop/Rap,Hip-Hop/Rap,0,0,0,a8b50a848ddc0242,2,46322,,
16tZk3bkZZA2d7Gu,Icon for Hire: Scripted 15 Year Anniversary Tour,icon for hire scripted 15 year anniversary,Icon for Hire,Black Sheep,Colorado Springs,KovZpZAJ77kA,2026-10-29,4,onsale,Rock,Alternative Rock,0,0,0,5e7401600c2e7e0c,2,183,,
G5vzZ_1DeZHF3,Dan + Shay: The Young Tour,dan shay young,Dan + Shay,Ball Arena,Denver,KovZpZAFaJeA,2026-10-29,4,onsale,Country,Country,0,0,0,6c5c45709782afa0,3,160,,
G5vzZ_5wQAyl8,Club Level Seating: Dan + Shay,club level seating dan shay,Dan + Shay,Ball Arena,Denver,KovZpZAFaJeA,2026-10-29,4,onsale,Country,Country,0,1,0,6c5c45709782afa0,2,153,,
G5vzZ_urH4l3t,Sophie Hunter Presents: Stereoscope The Tour,sophie hunter stereoscope,Sophie Hunter,Marquis,Denver,KovZpZAJeFkA,2026-10-29,4,onsale,Pop,Electro Pop,0,0,0,c969e4a3aa2467a6,1,125,,
Z7r9jZ1A70vq-,Icon for Hire w/ Lauren Babic,icon for hire w lauren babic,Icon for Hire,Black Sheep,Colorado Springs,KovZpZAJ77kA,2026-10-29,4,onsale,Alternative,Alternative Rock,0,1,0,5e7401600c2e7e0c,2,183,,
Z7r9jZ1A7P3Q4,Plini (16 and Over),plini 16 over,Plini,Gothic Theatre,Englewood,ZFr9jZdde7,2026-10-29,4,onsale,Other,Other,0,0,0,eefd2f09b44d6145,2,46322,,
rZ7HnEZ1AfPooS,"Steven Curtis Chapman: SPEECHLESS 25th Anniversary Tour - Colorado Springs, CO",steven curtis chapman speechless 25th anniversary colorado springs co,Steven Curtis Chapman,New Life Church,Colorado Springs,rZ7HnEZ17q300,2026-10-29,4,onsale,Rock,Pop,0,0,0,0a149484ac7a43ee,1,153,30.0,121.6
Z7r9jZ1A70JGP,Colorado Symphony Orchestra presents Disney Tim Burton???s The Nightmare Before Christmas,colorado symphony orchestra disney tim burton s nightmare before christmas,Colorado Symphony Orchestra,Boettcher Hall,Denver,Z6r9jZdv1e,2026-10-29,4,onsale,Other,Other,0,0,0,5ac37a3cb287ecfc,2,46322,,
G5vzZ_89En4GP,Waterparks: The (Almost) No Barricade Tour,waterparks almost no barricade,Waterparks,Oriental Theater,Denver,KovZpaprpe,2026-10-29,4,onsale,Rock,Pop,0,0,0,d630a6c62b3d69b9,1,76,,
Z7r9jZ1A7J6oo,Melvin Seals w/ JGB,melvin seals w jgb,Melvin Seals and JGB,Aggie Theater,Fort Collins,ZFr9jZkve6,2026-10-29,4,onsale,Other,Other,0,0,0,30fb70370a716aca,2,46322,,
Z7r9jZ1A7PU0P,Dinosaur Jr (16 and Over),dinosaur jr 16 over,Dinosaur Jr.,Ogden Theatre,Denver,ZFr9jZedde,2026-10-29,4,onsale,Alternative,Alternative Rock,0,0,0,a2540230229c17b5,2,46322,,
Z7r9jZ1AAZOoU,Waterparks: The (Almost) No Barricade Tour,waterparks almost no barricade,Waterparks,Oriental Theatre-CO,Denver,ZFr9jZe1Av,2026-10-29,4,onsale,Other,Other,0,0,0,59d26209cc04568d,1,76,,
rZ7HnEZ1AfZUbf,$5 Thursdays!,5 thursdays,,La Rumba,Denver,rZ7HnEZ173pGP,2026-10-29,4,onsale,World,Latin,0,0,0,1f2262edb8fcba86,0,300,8.73,8.73
rZ7HnEZ1Afappf,KOLBY COOPER,kolby cooper,,Whiskey Rose,Colorado Springs,rZ7HnEZ17q_Qf,2026-10-29,4,onsale,Country,Alternative Country,0,0,0,8611b1fc2a9ac1a5,0,108,24.2,24.2
G5vzZ_8KJB71j,Itchy-o Hallowmass 2026,itchy o hallowmass,Itchy-O,Summit Music Hall,Denver,KovZpZAFFt1A,2026-10-30,5,onsale,Other,Other,0,0,0,84f68ca3ae15ff22,1,77,,
G5vzZ_CTf25xe,Greg Freeman,greg freeman,Greg Freeman,Marquis,Denver,KovZpZAJeFkA,2026-10-30,5,onsale,Rock,Pop,0,0,0,121d30b9383cfbca,2,98,,
G5vzZ_aRcoUmU,Icon for Hire,icon for hire,Icon for Hire,The Federal Theatre,Denver,Z7r9jZakK6,2026-10-30,5,onsale,Rock,Alternative Rock,0,0,0,50038d752f558947,1,182,,
G5vzZ_o3zNqsK,"Haunted Mansion feat. LOUD LUXURY, BRYCE ALAKAI, MC4D + more!",haunted mansion loud luxury bryce alakai mc4d more,Loud Luxury,Fillmore Auditorium (Denver),Denver,KovZpZAE6eJA,2026-10-30,5,onsale,Dance/Electronic,Amapiano,1,0,0,63ff4c77fd9c6e59,4,63,,
G5vzZ_ueOeM8A,Paramount Theatre Club Seating - Fred Armisen,paramount theatre club seating fred armisen,Fred Armisen,Paramount Theatre,Denver,KovZpZAFa1nA,2026-10-30,5,onsale,Other,Other,0,0,0,d782ed4437e1336e,1,134,,
Z7r9jZ1A707b3,Icon for Hire,icon for hire,Icon for Hire,The Federal Theatre,Denver,Z7r9jZakK6,2026-10-30,5,onsale,Alternative,Alternative Rock,0,1,0,50038d752f558947,1,182,,
rZ7HnEZ1AfZU87,Ladies Night & Noche Sonidera,ladies noche sonidera,,La Rumba,Denver,rZ7HnEZ173pGP,2026-10-30,5,onsale,World,Latin,0,0,0,f17a7face3a1434f,0,301,14.13,14.13
1Ae0Z_aGkSB_80C,"Wednesday 13, Dead On a Sunday, Above Snakes",wednesday 13 dead on sunday above snakes,Wednesday 13,Black Sheep,Colorado Springs,KovZpZAJ77kA,2026-10-30,5,onsale,Metal,Nu-Metal,0,0,0,b28748c17a933940,2,182,,
Z7r9jZ1A70AAk,Wednesday 13 w/ Dead on a Sunday,wednesday 13 w dead on sunday,Wednesday 13,Black Sheep,Colorado Springs,KovZpZAJ77kA,2026-10-30,5,onsale,Other,Other,0,1,0,b28748c17a933940,2,182,,
Z7r9jZ1A7x4Qp,Deadmau5,deadmau5,deadmau5,Red Rocks Amphitheatre,Morrison,ZFr9jZe71a,2026-10-30,5,onsale,Dance/Electronic,Dance/Electronic,1,0,0,c14bda3c0b6b78eb,1,46323,,
Z7r9jZ1AAZ0aA,Colorado Symphony Orchestra w/ The Nightmare Before Christmas in Concert,colorado symphony orchestra w nightmare before christmas in,Colorado Symphony Orchestra,Boettcher Hall,Denver,Z6r9jZdv1e,2026-10-30,5,onsale,Other,Other,0,0,0,43d8a439a3222382,2,46323,,
Z7r9jZ1AAZIGp,Colorado Springs Philharmonic presents Edward Scissorhands,colorado springs philharmonic edward scissorhands,Colorado Springs Philharmonic,Pikes Peak Center,Colorado Springs,ZFr9jZe777,2026-10-30,5,onsale,Other,Other,0,0,0,fe30baf63442ce31,1,46323,,
1718v0G62Toh-vh,Prince Daddy and the Hyena W/ Combat & Walter Etc @ What's Left Record,prince daddy hyena w combat walter etc what s left record,Prince Daddy & the Hyena,What's Left Records,Colorado Springs,KovZpZAJdAvA,2026-10-30,5,onsale,Rock,Alternative Rock,0,0,0,fee0cffd7418c904,2,85,,
G5vzZ_8K7-m0v,George Clanton,george clanton,George Clanton,HQ,Denver,KovZ917ARbC,2026-10-30,5,onsale,Rock,Pop,1,0,0,dde69a19c47bef3f,2,84,,
Z7r9jZ1A7-3bb,Matroda - Ages 16+,matroda ages 16,Matroda,Mission Ballroom,Denver,Z7r9jZadVI,2026-10-30,5,onsale,Other,Other,0,0,0,471459c38956908f,1,46323,,
Z7r9jZ1A70tPx,King Buffalo (16 and Over),king buffalo 16 over,King Buffalo,Bluebird Theatre,Denver,Z6r9jZdvee,2026-10-30,5,onsale,Other,Other,0,0,0,0c88b780d5357e8b,2,161,,
Z7r9jZ1A7P-jI,Sienna Spiro (16 and Over),sienna spiro 16 over,SIENNA SPIRO,Gothic Theatre,Englewood,ZFr9jZdde7,2026-10-30,5,onsale,Pop,Pop,0,0,0,74271161e8580e2b,1,46323,,
Z7r9jZ1A7Pg_s,The Motet w/ Diggin Dirt,motet w diggin dirt,The Motet,Cervantes Masterpiece Ballroom,Denver,ZFr9jZkk1d,2026-10-30,5,onsale,Other,Other,0,0,0,b82cfea34763d06b,2,46323,,
Z7r9jZ1AAZbjs,George Clanton,george clanton,George Clanton,HQ Denver,Denver,Z7r9jZa7h0,2026-10-30,5,onsale,Other,Other,1,0,0,5db6fe23c9deaaed,2,84,,
rZ7HnEZ1Afa_oV,Aaron Watson,aaron watson,Aaron Watson,Grizzly Rose,Denver,rZ7HnEZ17uJbA,2026-10-30,5,onsale,Country,Country,0,0,0,70c101efb3ae9fd0,1,64,24.15,24.15
G5vzZ_G5AW2id,AUSTERIA: Beyond The Veil,austeria beyond veil,AUSTERIA,Meow Wolf Denver,Denver,KovZ917AYbY,2026-10-30,5,onsale,Pop,Electro Pop,1,0,0,4d61a4a052af3c9e,1,177,,
Z7r9jZ1A7PAPa,AUSTERIA: Beyond The Veil,austeria beyond veil,AUSTERIA,Meow Wolf Denver,Denver,KovZ917AYbY,2026-10-30,5,onsale,Dance/Electronic,Dance/Electronic,1,1,0,4d61a4a052af3c9e,1,177,,
rZ7HnEZ1A4vk-S,DANI FLOW EN CONCIERTO,dani flow en concierto,,Stampede,Aurora,rZ7HnEZ173p1A,2026-10-30,5,onsale,World,World,0,0,0,27073c03058c3285,0,72,81.86,113.88
rZ7HnEZ1Af13xf,Andrew Rayel,andrew rayel,Andrew Rayel,The Church Nightclub,Denver,rZ7HnEZ17qf4V,2026-10-30,5,onsale,Dance/Electronic,Trance,1,0,0,932e133aaff39ef7,1,60,24.95,24.95
G5vzZ_8KJHf1l,Itchy-O Hallowmass 2026 - 2 Day Pass,itchy o hallowmass 2 day pass,Itchy-O,Summit Music Hall,Denver,KovZpZAFFt1A,2026-10-30,5,onsale,Other,Other,0,1,0,84f68ca3ae15ff22,1,77,,
Z7r9jZ1AAZ0ak,Colorado Symphony Orchestra w/ The Nightmare Before Christmas in Concert,colorado symphony orchestra w nightmare before christmas in,Colorado Symphony Orchestra,Boettcher Hall,Denver,Z6r9jZdv1e,2026-10-31,6,onsale,Other,Other,0,0,0,9d20201c7a0db15f,2,46324,,
1718v0G6CMbxo4z,"Spite, Stick To Your Guns, No Cure, Vomit Forth",spite stick to your guns no cure vomit forth,Spite,Black Sheep,Colorado Springs,KovZpZAJ77kA,2026-10-31,6,onsale,Metal,Nu-Metal,0,0,0,a4ba6fc858f9c38f,4,107,,
G5vzZ_8KJDf10,Itchy-o Hallowmass 2026,itchy o hallowmass,Itchy-O,Summit Music Hall,Denver,KovZpZAFFt1A,2026-10-31,6,onsale,Other,Other,0,0,0,d13956b4c97bf4ff,1,78,,
G5vzZ_CJKgAw1,she's green,she s green,she's green,Ophelia's Electric Soapbox,Denver,KovZ917Aai0,2026-10-31,6,onsale,Rock,Alternative Rock,0,0,0,c7a96edb441e893f,3,106,,
G5vzZ_FL1wi9j,Weatherday,weatherday,Weatherday,Marquis,Denver,KovZpZAJeFkA,2026-10-31,6,onsale,Rock,Alternative Rock,0,0,0,e33c49806bb4b75d,4,204,,
rZ7HnEZ1AfZgpf,Sabados Sabrosos!,sabados sabrosos,,La Rumba,Denver,rZ7HnEZ173pGP,2026-10-31,6,onsale,World,Latin,0,0,0,561f7c55f4bf7af9,0,302,25.18,25.18
Z7r9jZ1A7x4Q4,Deadmau5,deadmau5,deadmau5,Red Rocks Amphitheatre,Morrison,ZFr9jZe71a,2026-10-31,6,onsale,Dance/Electronic,Dance/Electronic,1,0,0,615e373d153ece12,1,46324,,
Z7r9jZ1AAZIGb,Colorado Springs Philharmonic presents Edward Scissorhands,colorado springs philharmonic edward scissorhands,Colorado Springs Philharmonic,Pikes Peak Center,Colorado Springs,ZFr9jZe777,2026-10-31,6,onsale,Other,Other,0,0,0,edb03a888c0bdc23,1,46324,,
G5vzZ_onQ9EoM,Young Nudy,young nudy,Young Nudy,Fillmore Auditorium (Denver),Denver,KovZpZAE6eJA,2026-10-31,6,onsale,Hip-Hop/Rap,Trap,0,0,0,58dd6874dedd1135,2,64,,
Z7r9jZ1A708-v,Jason Leech (16 and Over),jason leech 16 over,Jason Leech,Bluebird Theatre,Denver,Z6r9jZdvee,2026-10-31,6,onsale,Dance/Electronic,Dance/Electronic,1,0,0,969d4fedb0184af2,1,46324,,
Z7r9jZ1A7Pg_w,The Motet w/ The Jauntee,motet w jauntee,The Motet,Cervantes Masterpiece Ballroom,Denver,ZFr9jZkk1d,2026-10-31,6,onsale,Other,Other,0,0,0,9f5634cd434d98e4,2,46324,,
Z7r9jZ1A7Pvuo,Whethan (16 and Over),whethan 16 over,Whethan,Mission Ballroom,Denver,Z7r9jZadVI,2026-10-31,6,onsale,Other,Other,1,0,0,ea1bccd361a07e9b,1,46324,,
Z7r9jZ1A7Pw4s,Wednesday 13 w/ Dead on a Sunday,wednesday 13 w dead on sunday,Wednesday 13,The Federal Theatre,Denver,Z7r9jZakK6,2026-10-31,6,onsale,Other,Other,0,0,0,0ae9ff8840d454fd,2,46324,,
Z7r9jZ1A7x9Ad,ShadowGrass (16 and Over),shadowgrass 16 over,Shadowgrass,Ogden Theatre,Denver,ZFr9jZedde,2026-10-31,6,onsale,Country,Bluegrass,0,0,0,0add4d2652a82506,2,46324,,
Z7r9jZ1AAZN48,George Clanton w/ The Speeks,george clanton w speeks,George Clanton,Fox Theatre & Cafe,Boulder,Z6r9jZk1ee,2026-10-31,6,onsale,Other,Other,0,0,0,cedcb5fd034b3362,2,46324,,
Z7r9jZ1A7Pfqv,Julia Jacklin (16 and Over),julia jacklin 16 over,Julia Jacklin,Gothic Theatre,Englewood,ZFr9jZdde7,2026-10-31,6,onsale,Other,Other,0,0,0,1f05b5a36786443e,1,46324,,
rZ7HnEZ1AfG4PV,Frank Reyes En Concierto,frank reyes en concierto,Frank Reyes,Stampede,Aurora,rZ7HnEZ173p1A,2026-10-31,6,onsale,World,Latin,0,0,0,d48547f7c252348a,1,57,55.17,55.17
rZ7HnEZ1AfGakf,DJ Isaac,dj isaac,DJ Isaac,Club Vinyl,Denver,rZ7HnEZ17qf40,2026-10-31,6,onsale,Dance/Electronic,Dance/Electronic,1,0,0,eeb2325d1af99d5d,1,52,24.95,24.95
rZ7HnEZ1AfGauf,Mall Grab,mall grab,Mall Grab,The Church Nightclub,Denver,rZ7HnEZ17qf4V,2026-10-31,6,onsale,Dance/Electronic,House,1,0,0,c08efbad8ab6ee64,1,50,34.95,34.95
rZ7HnEZ1AfGvu7,sfam x KUMARION x M?STIC,sfam x kumarion x m stic,,The Basement at Club Vinyl,Denver,rZ7HnEZ17QA4S,2026-10-31,6,onsale,Dance/Electronic,Dance/Electronic,1,0,0,229ad70073414a68,0,58,24.95,24.95
G5vzZ_8omJSQx,Thriller Night with DJ Rockstar Aaron *RSVP FOR FREE ENTRY!*,thriller dj rockstar aaron rsvp for free entry,,Ophelia's Electric Soapbox,Denver,KovZ917Aai0,2026-10-31,6,onsale,Dance/Electronic,Amapiano,1,0,0,8b77c3f52df4f479,0,75,,
G5vzZ_31DCDb3,Mohammed Assaf,mohammed assaf,Mohammed Assaf,Fillmore Auditorium (Denver),Denver,KovZpZAE6eJA,2026-11-01,0,onsale,World,World,0,0,0,3df1dd2d39e9a1c9,1,55,,
G5vzZ_FUokkC4,Teddy Swims: The UGLY Tour,teddy swims ugly,Teddy Swims,Ball Arena,Denver,KovZpZAFaJeA,2026-11-01,0,onsale,Pop,Electro Pop,0,0,0,5eb8909b2815db30,3,191,,
G5vzZ_apQJU0S,Club Level Seating: Teddy Swims,club level seating teddy swims,Teddy Swims,Ball Arena,Denver,KovZpZAFaJeA,2026-11-01,0,onsale,Pop,Pop,0,1,0,5eb8909b2815db30,2,184,,
Z7r9jZ1A70b3v,Basement w/ High Vis,basement w high vis,Basement,Ogden Theatre,Denver,ZFr9jZedde,2026-11-01,0,onsale,Rock,Hard Rock,0,0,0,e21ad8bf5b600d76,2,171,,
Z7r9jZ1A7Jd7M,The Billy Joel Legacy,billy joel legacy,The Billy Joel Legacy,Pikes Peak Center,Colorado Springs,ZFr9jZe777,2026-11-01,0,onsale,Rock,Adult Contemporary,0,0,0,851ed8769857df02,1,46325,,
Z7r9jZ1AAZFok,Orville Peck (16 and Over),orville peck 16 over,Orville Peck,Mission Ballroom,Denver,Z7r9jZadVI,2026-11-01,0,onsale,Other,Other,0,0,0,3c6d1ce5524130fa,2,93,,
rZ7HnEZ1AfZge7,SALSA & BACHATA SUNDAYS,salsa bachata sundays,,La Rumba,Denver,rZ7HnEZ173pGP,2026-11-01,0,onsale,World,Latin,0,0,0,1c44e371a268db8e,0,303,14.13,14.13
1718v0G6CbGcsjK,Ho99o9 & N8NOFACE - Sincerely___ The Void,ho99o9 n8noface sincerely void,Ho99o9,Black Sheep,Colorado Springs,KovZpZAJ77kA,2026-11-01,0,onsale,Hip-Hop/Rap,Trap,0,0,0,bae8127908c3cf1a,1,115,,
G5vzZ_19Z_cVa,Yandel - SINFÓNICO,yandel sinf nico,Yandel,Red Rocks Amphitheatre,Morrison,ZFr9jZe71a,2026-11-01,0,onsale,Latin,Latin,0,0,0,f339724154ced416,1,177,,
G5vzZ_FBqSzYZ,Paramount Theatre Club Seating: Mon Laferte,paramount theatre club seating mon laferte,Mon Laferte,Paramount Theatre,Denver,KovZpZAFa1nA,2026-11-01,0,onsale,Other,Other,0,1,0,05fb7ef557b3aca0,1,199,,
G5vzZ_kS-YG8l,Mon Laferte - Femme Fatale Tour,mon laferte femme fatale,Mon Laferte,Paramount Theatre,Denver,KovZpZAFa1nA,2026-11-01,0,onsale,Pop,Electro Pop,0,0,0,05fb7ef557b3aca0,2,219,,
Z7r9jZ1A703Zy,Yandel - SINFONICO,yandel sinfonico,Yandel,Red Rocks Amphitheatre,Morrison,ZFr9jZe71a,2026-11-01,0,onsale,World,,0,1,0,f339724154ced416,1,177,,
Z7r9jZ1A70Iqv,Everclear (16 and Over),everclear 16 over,Everclear,Gothic Theatre,Englewood,ZFr9jZdde7,2026-11-01,0,onsale,Alternative,Alternative Rock,0,0,0,fb602fbca10e8ff4,1,46325,,
Z7r9jZ1A70z7b,The Tallest Man on Earth,tallest man on earth,The Tallest Man On Earth,Boulder Theater,Boulder,ZFr9jZdAk6,2026-11-01,0,onsale,Other,Other,0,0,0,26e3200f86cf3384,1,157,,
Z7r9jZ1A7Je_s,Ho99o9,ho99o9,Ho99o9,Black Sheep,Colorado Springs,KovZpZAJ77kA,2026-11-01,0,onsale,Other,Other,0,1,0,bae8127908c3cf1a,1,115,,
Z7r9jZ1A7Pw4S,Metalachi,metalachi,Metalachi,The Federal Theatre,Denver,Z7r9jZakK6,2026-11-01,0,onsale,Other,Other,0,0,0,d9fb3a46138ab583,1,46325,,
G5vzZ_52GYqPQ,Periphery - A Pale White Dot US Tour,periphery pale white dot us,Periphery,Fillmore Auditorium (Denver),Denver,KovZpZAE6eJA,2026-11-02,1,onsale,Rock,Alternative Rock,0,0,0,99eec9a49acffee5,4,157,,
G5vzZ_2KcPwzl,Quadeca,quadeca,Quadeca,Summit Music Hall,Denver,KovZpZAFFt1A,2026-11-02,1,onsale,Hip-Hop/Rap,Trap,0,0,0,8c1e2fef22d8959b,3,94,,
G5vzZ_uewza1S,The Billy Joel Legacy - A Tribute Experience,billy joel legacy tribute,The Billy Joel Legacy,Paramount Theatre,Denver,KovZpZAFa1nA,2026-11-02,1,onsale,Pop,Adult Contemporary,0,0,0,fcdbfd3cb3d0b875,1,115,,
Z7r9jZ1A70tCb,Thee Sinseers (16 and Over),thee sinseers 16 over,Thee Sinseers,Gothic Theatre,Englewood,ZFr9jZdde7,2026-11-02,1,onsale,Other,Other,0,0,0,dadf98d2947bd06e,2,46326,,
Z7r9jZ1A7PJ8A,Austin Giorgio,austin giorgio,Austin Giorgio,Bluebird Theatre,Denver,Z6r9jZdvee,2026-11-02,1,onsale,Other,Other,0,0,0,13b0eb6628044b95,1,46326,,
Z7r9jZ1A7PtJo,Brand New,brand new,Brand New,Mission Ballroom,Denver,Z7r9jZadVI,2026-11-02,1,onsale,Alternative,Alternative Rock,0,0,0,7584ef88bf43ca83,1,129,,
Z7r9jZ1AAZPuz,Fuerza Regida - This Is Our Dream Tour 2026,fuerza regida this is our dream,Fuerza Regida,Red Rocks Amphitheatre,Morrison,ZFr9jZe71a,2026-11-02,1,onsale,Other,Other,0,0,0,0d96c5bd4c69e3d7,1,80,,
G5vzZ_8noopQE,Fuerza Regida - This Is Our Dream Tour 2026,fuerza regida this is our dream,Fuerza Regida,Red Rocks Amphitheatre,Morrison,ZFr9jZe71a,2026-11-02,1,onsale,Latin,Latin,0,1,0,0d96c5bd4c69e3d7,1,80,,
G5vzZ_5nhWFMO,Knocked Loose & Denzel Curry,knocked loose denzel curry,Knocked Loose,Fillmore Auditorium (Denver),Denver,KovZpZAE6eJA,2026-11-03,2,onsale,Metal,Nu-Metal,0,0,0,47d55910bb6311c7,4,152,,
G5vzZ_Gg2XAu1,The Wldlfe,wldlfe,The Wldlfe,Marquis,Denver,KovZpZAJeFkA,2026-11-03,2,onsale,Rock,Alternative Rock,0,0,0,f0b62860b61e906a,1,130,,
G5vzZ_uQ-5bfe,Ax and the Hatchetmen: The Late Checkout Tour 2026,ax hatchetmen checkout,Ax and the Hatchetmen,Summit Music Hall,Denver,KovZpZAFFt1A,2026-11-03,2,onsale,Rock,Alternative Rock,0,0,0,95898caddc5a1e5f,2,109,,
G5vzZ_ud-3ckI,The Billy Joel Legacy - A Tribute Experience,billy joel legacy tribute,The Billy Joel Legacy,Avalon Theatre,Grand Junction,KovZpa4gke,2026-11-03,2,onsale,Pop,Adult Contemporary,0,0,0,e9df21572b286322,1,116,,
Z7r9jZ1A7PKPx,Pigeons Playing Ping Pong w/ Dizgo,pigeons playing ping pong w dizgo,Pigeons Playing Ping Pong,Washington's,Fort Collins,Z7r9jZad4Y,2026-11-03,2,onsale,Rock,Rock & Roll,0,0,0,51d5c6f3dab8bede,2,46327,,
1718v0G6u02WYTD,"Agriculture, Uniform, Pure Hex",agriculture uniform pure hex,Agriculture,What's Left Records,Colorado Springs,KovZpZAJdAvA,2026-11-03,2,onsale,Metal,Nu-Metal,0,0,0,264956badfd57a2b,1,126,,
G5vzZ_8gzWPfM,Fuerza Regida - This Is Our Dream Tour 2026,fuerza regida this is our dream,Fuerza Regida,Red Rocks Amphitheatre,Morrison,ZFr9jZe71a,2026-11-03,2,onsale,Latin,Latin,0,0,0,730375c7a5716fb8,1,81,,
G5vzZ_ad_wXhx,PJ Morton - Saturday Night Sunday Morning Tour,pj morton saturday sunday morning,PJ Morton,Paramount Theatre,Denver,KovZpZAFa1nA,2026-11-03,2,onsale,R&B,R&B,0,0,0,c6cfd8111f3cb144,1,193,,
Z7r9jZ1A70-Og,Thee Sinseers w/ The Charities,thee sinseers w charities,Thee Sinseers,Aggie Theater,Fort Collins,ZFr9jZkve6,2026-11-03,2,onsale,Other,Other,0,0,0,0582a812fde838ed,2,46327,,
Z7r9jZ1AAZt0f,Fuerza Regida - This Is Our Dream Tour 2026,fuerza regida this is our dream,Fuerza Regida,Red Rocks Amphitheatre,Morrison,ZFr9jZe71a,2026-11-03,2,onsale,Other,Other,0,1,0,730375c7a5716fb8,1,81,,
rZ7HnEZ1AfA307,Ladies Night 2026,ladies,,Stampede,Aurora,rZ7HnEZ173p1A,2026-11-04,3,onsale,Country,Country,0,0,0,69739a3f420b9866,0,267,16.56,16.56
G5vzZ_8DAfKQH,Sparta,sparta,Sparta,Marquis,Denver,KovZpZAJeFkA,2026-11-04,3,onsale,Rock,Alternative Rock,0,0,0,91938486e979a675,2,76,,
Z7r9jZ1A7xKAS,Joshua Slone w/ Jake Minch,joshua slone w jake minch,Joshua Slone,Red Rocks Amphitheatre,Morrison,ZFr9jZe71a,2026-11-04,3,onsale,Folk,Indie Folk,0,0,0,8234ab3158ca77e2,2,46328,,
G5vzZ_2LkqOX8,Indie 102.3 Presents Joy Oladokun: The Heavy Things Tour,indie 102 3 joy oladokun heavy things,Joy Oladokun,Paramount Theatre,Denver,KovZpZAFa1nA,2026-11-04,3,onsale,Rock,Pop,0,0,0,19b2188dd89ed345,2,96,,
Z7r9jZ1AAZor_,Band of Heathens w/ Donavon Frankenreiter,band of heathens w donavon frankenreiter,Band of Heathens,Bluebird Theatre,Denver,Z6r9jZdvee,2026-11-04,3,onsale,Other,Other,0,0,0,6b6c762e9059627d,2,46328,,
rZ7HnEZ1AfxAAS,Goth Night hosted by Gotica Nouveau,goth hosted by gotica nouveau,,Vultures,Colorado Springs,rZ7HnEZ17fd1A,2026-11-04,3,onsale,Alternative,Goth,0,0,0,6859c0672d7125f5,0,191,,
Z7r9jZ1A7Pp_v,ROZ,roz,Røz,Cervantes Masterpiece Ballroom,Denver,ZFr9jZkk1d,2026-11-04,3,onsale,Dance/Electronic,Dance/Electronic,1,0,0,b0093a3a3e6efddb,1,46328,,
G5vzZ_u2LpR8-,The Hails - Duckpond Tour,hails duckpond,The Hails,Marquis,Denver,KovZpZAJeFkA,2026-11-05,4,onsale,Rock,Pop,0,0,0,6795f9406f045185,2,132,,
Z7r9jZ1A70NZ_,MercyMe w/ Jeremy Camp,mercyme w jeremy camp,MercyMe,Broadmoor World Arena,Colorado Springs,ZFr9jZe1ve,2026-11-05,4,onsale,Pop,Adult Contemporary,0,0,0,4ddc72a561b1719d,2,46329,,
1Ae0Z_8GkVfY-Bn,Trish Toledo,trish toledo,,Black Sheep,Colorado Springs,KovZpZAJ77kA,2026-11-05,4,onsale,Pop,Electro Pop,0,0,0,8786cb57efbe757d,0,78,,
G5vzZ_2eUQnIT,Shaun Cassidy,shaun cassidy,Shaun Cassidy,Avalon Theatre,Grand Junction,KovZpa4gke,2026-11-05,4,cancelled,Rock,Pop,0,0,1,256e3cf3053336dc,1,104,,
G5vzZ_oAMhwse,105.5 The Colorado Sound Presents Lissie,105 5 colorado sound lissie,Lissie,Ophelia's Electric Soapbox,Denver,KovZ917Aai0,2026-11-05,4,onsale,Rock,Pop,0,0,0,d630c0abd91cb9f1,1,76,,
Z7r9jZ1A7PVqJ,The War and Treaty,war treaty,The War And Treaty,Bluebird Theatre,Denver,Z6r9jZdvee,2026-11-05,4,onsale,Other,Other,0,0,0,e9f21a23f7413bd4,1,46329,,
rZ7HnEZ1AfZUQf,$5 Thursdays!,5 thursdays,,La Rumba,Denver,rZ7HnEZ173pGP,2026-11-05,4,onsale,World,Latin,0,0,0,cf9933c6732a01a3,0,307,8.73,8.73
G5vzZ_GxolAJH,Dabin,dabin,Dabin,Red Rocks Amphitheatre,Morrison,ZFr9jZe71a,2026-11-06,5,onsale,Dance/Electronic,Amapiano,1,0,0,160018ee0dcb0269,1,148,,
Z7r9jZ1A7P8ud,Dabin,dabin,Dabin,Red Rocks Amphitheatre,Morrison,ZFr9jZe71a,2026-11-06,5,onsale,Other,Other,1,1,0,160018ee0dcb0269,1,148,,
G5vzZ_1QVNjHB,L7: The Last Hurrah Tour 2026,l7 last hurrah,L7,Summit Music Hall,Denver,KovZpZAFFt1A,2026-11-06,5,onsale,Rock,Alternative Rock,0,0,0,ebe2d16b77ad02ce,2,179,,
G5vzZ_o64OiTd,Trish Toledo,trish toledo,Trish Toledo,The Federal Theatre,Denver,Z7r9jZakK6,2026-11-06,5,onsale,R&B,Soul,0,0,0,d724e1d5c6f78ee9,1,77,,
G5vzZ_udAu1TO,Great Lake Swimmers - Caught Light Tour 2026,great lake swimmers caught light,Great Lake Swimmers,Marquis,Denver,KovZpZAJeFkA,2026-11-06,5,onsale,Rock,Alternative Rock,0,0,0,a2ed150120ea8000,1,140,,
rZ7HnEZ1AfZUu7,Ladies Night & Noche Sonidera,ladies noche sonidera,,La Rumba,Denver,rZ7HnEZ173pGP,2026-11-06,5,onsale,World,Latin,0,0,0,f5ee1367cf9d8885,0,308,14.13,14.13
G5vzZ_632CPOB,The Black Jacket Symphony Presents Bon Jovi's 'Slippery When Wet',black jacket symphony bon jovi s slippery when wet,Black Jacket Symphony,Avalon Theatre,Grand Junction,KovZpa4gke,2026-11-06,5,onsale,Rock,Pop,0,0,0,4d5bcd36cebe33e6,1,217,,
G5vzZ_36twrgx,Trish Toledo,trish toledo,Trish Toledo,The Federal Theatre,Denver,Z7r9jZakK6,2026-11-06,5,onsale,R&B,Soul,0,1,0,d724e1d5c6f78ee9,1,66,,
G5vzZ_ARt0CI4,Grupo Duelo - GRAVEDAD TOUR 2026,grupo duelo gravedad,Grupo Duelo,Paramount Theatre,Denver,KovZpZAFa1nA,2026-11-06,5,onsale,Latin,Latin,0,0,0,42e7db52abb1b17e,1,245,,
G5vzZ_GS52mdO,Mutate Presents: Restricted,mutate restricted,Restricted,Fillmore Auditorium (Denver),Denver,KovZpZAE6eJA,2026-11-06,5,onsale,Dance/Electronic,Amapiano,1,0,0,7ec8d5fe8249b2b6,1,140,,
Z7r9jZ1A7JZ_-,Shades - 18+,shades 18,Shades,ReelWorks Denver,Denver,Z7r9jZa7cI,2026-11-06,5,onsale,Other,Other,0,0,0,6052fff9f3fc70b8,1,46330,,
Z7r9jZ1AAZgfM,Trish Toledo,trish toledo,Trish Toledo,The Federal Theatre,Denver,Z7r9jZakK6,2026-11-06,5,onsale,Other,Other,0,1,0,d724e1d5c6f78ee9,1,66,,
Z7r9jZ1AAZvuO,Houndmouth (16 and Over),houndmouth 16 over,Houndmouth,Mission Ballroom,Denver,Z7r9jZadVI,2026-11-06,5,onsale,Country,Country Folk,0,0,0,08cb18230a9e0c89,2,46330,,
rZ7HnEZ1Af1ov7,Chayce Beckham,chayce beckham,Chayce Beckham,Grizzly Rose,Denver,rZ7HnEZ17uJbA,2026-11-06,5,onsale,Country,Alternative Country,0,0,0,5aa08a486335bb3c,1,70,24.15,24.15
G5vzZ_2xp-9Me,"Los Gaiteros de San Jacinto, and Carmelo Torres: Madre Cumbia",los gaiteros de san jacinto carmelo torres madre cumbia,Los Gaiteros de San Jacinto,Ophelia's Electric Soapbox,Denver,KovZ917Aai0,2026-11-06,5,onsale,Latin,Latin,0,0,0,7ca989b96f61c66d,3,100,,
rZ7HnEZ1AfG3k7,Benwal,benwal,,The Basement at Club Vinyl,Denver,rZ7HnEZ17QA4S,2026-11-06,5,onsale,Dance/Electronic,Dance/Electronic,1,0,0,f3c3b0fc12eb93bc,0,57,24.95,24.95
rZ7HnEZ1AfGJj0,Sam Divine,sam divine,Sam Divine,Club Vinyl,Denver,rZ7HnEZ17qf40,2026-11-06,5,onsale,Dance/Electronic,House,1,0,0,9b47882a6e879c79,1,50,24.95,24.95
rZ7HnEZ1AfGNJf,Darude,darude,Darude,The Church Nightclub,Denver,rZ7HnEZ17qf4V,2026-11-06,5,onsale,Dance/Electronic,Trance,1,0,0,e423c912123ed9ec,1,51,14.95,14.95
Z7r9jZ1A7Po4V,ATLiens,atliens,ATLiens,Red Rocks Amphitheatre,Morrison,ZFr9jZe71a,2026-11-07,6,onsale,Other,Other,1,0,0,49158d6dd7e0d937,1,148,,
G5vzZ_5_zrSr4,Margaret Glaspy,margaret glaspy,Margaret Glaspy,Ophelia's Electric Soapbox,Denver,KovZ917Aai0,2026-11-07,6,onsale,Rock,Alternative Rock,0,0,0,ad79848a7bb5819d,2,155,,
G5vzZ_3NdIbdl,"Cannibal ox ""the Cold Vein"" 25 Year Anniversary - 18+",cannibal ox cold vein 25 year anniversary 18,Cannibal Ox,Marquis,Denver,KovZpZAJeFkA,2026-11-07,6,onsale,Hip-Hop/Rap,Trap,0,0,0,90f977d383e76d08,1,57,,
G5vzZ_5QulPp0,10 Years of 6LACK Tour,10 years of 6lack,6LACK,Fillmore Auditorium (Denver),Denver,KovZpZAE6eJA,2026-11-07,6,cancelled,Hip-Hop/Rap,Trap,0,0,1,07f355c5bb134eee,2,162,,
Z7r9jZ1A7Pw4w,Tool Tribute: Schism 25th Anniversary Party,tool tribute schism 25th anniversary party,Schism,The Federal Theatre,Denver,Z7r9jZakK6,2026-11-07,6,onsale,Other,Other,0,0,0,b60861b967165bd2,1,46331,,
rZ7HnEZ1AfZgO0,Sabados Sabrosos!,sabados sabrosos,,La Rumba,Denver,rZ7HnEZ173pGP,2026-11-07,6,onsale,World,Latin,0,0,0,8cb24d69111b8f0d,0,309,25.18,25.18
1718v0G6u2nj-ep,Slothrust: The Dystopian Theatre Tour,slothrust dystopian theatre,Slothrust,Black Sheep,Colorado Springs,KovZpZAJ77kA,2026-11-07,6,onsale,Rock,Pop,0,0,0,e513b9f89fdf6a6d,1,136,,
G5vzZ_1wyV1lW,Straight No Chaser: Making Spirits Bright Tour,straight no chaser making spirits bright,Straight No Chaser,Paramount Theatre,Denver,KovZpZAFa1nA,2026-11-07,6,onsale,Rock,Pop,0,0,0,15f9b9e5d820ac7a,1,170,,
G5vzZ_oCgRibm,Cut Copy,cut copy,Cut Copy,Meow Wolf Denver,Denver,KovZ917AYbY,2026-11-07,6,onsale,Dance/Electronic,Amapiano,1,0,0,3c7ec809c06ff0c6,1,78,,
Z7r9jZ1A7PJFf,Slothrust,slothrust,Slothrust,Black Sheep,Colorado Springs,KovZpZAJ77kA,2026-11-07,6,onsale,Other,Other,0,1,0,e513b9f89fdf6a6d,1,136,,
Z7r9jZ1A7PK4P,Daniel Donato's Cosmic Country (16 and Over),daniel donato s cosmic country 16 over,Daniel Donato,Mission Ballroom,Denver,Z7r9jZadVI,2026-11-07,6,onsale,Other,Other,0,0,0,e802a6e775eb56f7,1,46331,,
Z7r9jZ1A7xvZ7,Tank and The Bangas (16 and Over),tank bangas 16 over,Tank and the Bangas,Gothic Theatre,Englewood,ZFr9jZdde7,2026-11-07,6,onsale,Other,Other,0,0,0,d00a492972ff2549,1,46331,,
Z7r9jZ1AAZM4x,Cut Copy,cut copy,Cut Copy,Meow Wolf Denver,Denver,KovZ917AYbY,2026-11-07,6,onsale,Dance/Electronic,Dance/Electronic,1,1,0,3c7ec809c06ff0c6,1,78,,
rZ7HnEZ1Af1ovV,Chayce Beckham,chayce beckham,Chayce Beckham,Whiskey Rose,Colorado Springs,rZ7HnEZ17q_Qf,2026-11-07,6,onsale,Country,Alternative Country,0,0,0,8904cd34064d6b55,1,71,24.2,24.2
rZ7HnEZ1AfkoF7,Bellamy Brothers,bellamy brothers,Bellamy Brothers,Grizzly Rose,Denver,rZ7HnEZ17uJbA,2026-11-07,6,onsale,Country,Country,0,0,0,e1752a7a3803d4b7,1,149,24.15,24.15
rZ7HnEZ1AfGJ_V,Omar+,omar,,The Church Nightclub,Denver,rZ7HnEZ17qf4V,2026-11-07,6,onsale,Dance/Electronic,Dance/Electronic,1,0,0,a2eccc3e287c39bf,0,52,34.95,34.95
rZ7HnEZ1AfG_q7,KLOUD,kloud,,The Basement at Club Vinyl,Denver,rZ7HnEZ17QA4S,2026-11-07,6,onsale,Dance/Electronic,Dance/Electronic,1,0,0,06d2b0cb10487b6e,0,53,24.95,24.95
Z7r9jZ1A7x3oS,Face Vocal Band,face vocal band,FACE Vocal Band,Red Rocks Amphitheatre,Morrison,ZFr9jZe71a,2026-11-08,0,onsale,Other,Other,0,0,0,00a8599f87726af9,1,46332,,
G5vzZ_o6vjnHf,Paramount Theatre Club Seating: Derrick Stroup,paramount theatre club seating derrick stroup,Derrick Stroup,Paramount Theatre,Denver,KovZpZAFa1nA,2026-11-08,0,onsale,Other,Other,0,0,0,5b3d25cbdc55c9b6,1,81,,
Z7r9jZ1A7Pw4V,Metal Church w/ Armored Saint,metal church w armored saint,Metal Church,The Federal Theatre,Denver,Z7r9jZakK6,2026-11-08,0,onsale,Rock,Hard Rock,0,0,0,b76264ce32df014d,2,46332,,
rZ7HnEZ1AfZgFf,SALSA & BACHATA SUNDAYS,salsa bachata sundays,,La Rumba,Denver,rZ7HnEZ173pGP,2026-11-08,0,onsale,World,Latin,0,0,0,afc8dc77ad12673b,0,310,14.13,14.13
Z7r9jZ1A707o6,The Damned (16 and Over),damned 16 over,The Damned,Ogden Theatre,Denver,ZFr9jZedde,2026-11-08,0,onsale,Other,Other,0,0,0,3ecd259a059e00ca,3,46332,,
Z7r9jZ1A70tGz,Straight No Chaser,straight no chaser,Straight No Chaser,Pikes Peak Center,Colorado Springs,ZFr9jZe777,2026-11-08,0,onsale,Pop,Adult Contemporary,0,0,0,6ce829162b130644,1,171,,
Z7r9jZ1A7Pg-6,Slothrust (16 and Over),slothrust 16 over,Slothrust,Gothic Theatre,Englewood,ZFr9jZdde7,2026-11-08,0,onsale,Other,Other,0,0,0,4986c40c0cb678a9,2,46332,,
Z7r9jZ1A7xZGY,"John Scofield's ???Electrospective??? ft. Oteil Burbridge, Adam Deitch, Larry Goldings - All Ages (under 16 with adult)",john scofield s electrospective oteil burbridge adam deitch larry goldings all ages under 16 adult,John Scofield,Boulder Theater,Boulder,ZFr9jZdAk6,2026-11-08,0,onsale,Blues,Jazz Blues,0,0,0,69d0cfdc0bd38e2d,4,46332,,
Z7r9jZ1AAZJqU,311 - Ages 16+,311 ages 16,311,Mission Ballroom,Denver,Z7r9jZadVI,2026-11-08,0,onsale,Alternative,Alternative Rock,0,0,0,49d417badcdac81f,3,46332,,
G5vzZ_8M-XzHk,Static Dress,static dress,Static Dress,Marquis,Denver,KovZpZAJeFkA,2026-11-09,1,onsale,Metal,Nu-Metal,0,0,0,54e2e804cbb21678,4,80,,
Z7r9jZ1A7JoqO,Todd Rundgren,todd rundgren,Todd Rundgren,Pikes Peak Center,Colorado Springs,ZFr9jZe777,2026-11-09,1,onsale,Rock,Classic Rock,0,0,0,71ba0889691cda81,1,46333,,
G5vzZ_83WWuD5,The Aces,aces,The Aces,Meow Wolf Denver,Denver,KovZ917AYbY,2026-11-09,1,onsale,Rock,Pop,0,0,0,788950e72e40bf4d,2,94,,
Z7r9jZ1AAZbjA,The Aces,aces,The Aces,Meow Wolf Denver,Denver,KovZ917AYbY,2026-11-09,1,onsale,Other,Other,0,1,0,788950e72e40bf4d,2,94,,
G5vzZ_GKGTltr,Puma Blue,puma blue,Puma Blue,Marquis,Denver,KovZpZAJeFkA,2026-11-10,2,onsale,Rock,Alternative Rock,0,0,0,a9389d0bb9b6805c,1,151,,
G5vzZ_C18wErg,Todd Rundgren,todd rundgren,Todd Rundgren,Paramount Theatre,Denver,KovZpZAFa1nA,2026-11-10,2,onsale,Rock,Pop,0,0,0,689e56f00799ede4,1,123,,
Z7r9jZ1A708ve,Eivor (16 and Over),eivor 16 over,Eivor,Gothic Theatre,Englewood,ZFr9jZdde7,2026-11-10,2,onsale,Other,Other,0,0,0,1cda70521b6faabe,1,46334,,
Z7r9jZ1A7P4-3,Helado Negro w/ Reyna Tropical,helado negro w reyna tropical,Helado Negro,Cervantes Masterpiece Ballroom,Denver,ZFr9jZkk1d,2026-11-10,2,onsale,Other,Other,0,0,0,08e37fd996e38a21,2,46334,,
rZ7HnEZ1AfAK70,Ladies Night 2026,ladies,,Stampede,Aurora,rZ7HnEZ173p1A,2026-11-11,3,onsale,Country,Country,0,0,0,af45013307d594b3,0,274,16.56,16.56
G5vzZ_8l-vdn4,Missio,missio,Missio,Marquis,Denver,KovZpZAJeFkA,2026-11-11,3,onsale,Rock,Alternative Rock,0,0,0,c3b4b37dfd14bd84,3,89,,
G5vzZ_GRvDuty,Vince Staples - Cry Baby Tour,vince staples cry baby,Vince Staples,Fillmore Auditorium (Denver),Denver,KovZpZAE6eJA,2026-11-11,3,onsale,Hip-Hop/Rap,Trap,0,0,0,532ff64f34edc38e,1,145,,
G5vzZbUIYXc--,Club Level Seating: Three Days Grace,club level seating three days grace,Three Days Grace,Ball Arena,Denver,KovZpZAFaJeA,2026-11-11,3,onsale,Rock,Pop,0,1,0,57b4f46f8ea19374,2,355,,
G5vzZbUpm3JUT,Three Days Grace - Alienation Tour ,three days grace alienation,Three Days Grace,Ball Arena,Denver,KovZpZAFaJeA,2026-11-11,3,onsale,Rock,Pop,0,0,0,57b4f46f8ea19374,3,362,,
G5vzZ_8cgYNzN,Steve Lacy - Oh Yeah? Tour,steve lacy oh yeah,Steve Lacy,Red Rocks Amphitheatre,Morrison,ZFr9jZe71a,2026-11-11,3,onsale,R&B,R&B,0,0,0,03395774c032ef51,1,89,,
Z7r9jZ1A70Aqb,Bayonne (16 and Over),bayonne 16 over,Bayonne,Bluebird Theatre,Denver,Z6r9jZdvee,2026-11-11,3,onsale,Other,Other,0,0,0,15355961365aca66,1,46335,,
Z7r9jZ1AAZJ84,Steve Lacy - Oh Yeah? Tour,steve lacy oh yeah,Steve Lacy,Red Rocks Amphitheatre,Morrison,ZFr9jZe71a,2026-11-11,3,onsale,Other,Other,0,1,0,03395774c032ef51,1,89,,
rZ7HnEZ1AfxAvN,Goth Night hosted by Gotica Nouveau,goth hosted by gotica nouveau,,Vultures,Colorado Springs,rZ7HnEZ17fd1A,2026-11-11,3,onsale,Alternative,Goth,0,0,0,72824a415633a9be,0,198,,
G5vzZ_2pSnB5V,Dear Jack Foundation's 10th Annual VIP Night,dear jack foundation s 10th annual,Andrew McMahon,Ophelia's Electric Soapbox,Denver,KovZ917Aai0,2026-11-12,4,onsale,Pop,Electro Pop,0,0,0,0d458330f4e77d65,1,112,,
Z7r9jZ1A70_PF,Clipse and J.I.D,clipse j i d,Clipse,Red Rocks Amphitheatre,Morrison,ZFr9jZe71a,2026-11-12,4,onsale,Other,Other,0,0,0,ed490bf5e9a1ac54,3,181,,
G5vzZ_oNEqZzb,Fox Stevenson & Mystery Skulls,fox stevenson mystery skulls,Fox Stevenson,Summit Music Hall,Denver,KovZpZAFFt1A,2026-11-12,4,onsale,Dance/Electronic,Amapiano,1,0,0,860f1feaa800e811,2,76,,
G5vzZ_uEjVVBz,Agriculture,agriculture,Agriculture,Marquis,Denver,KovZpZAJeFkA,2026-11-12,4,onsale,Metal,Nu-Metal,0,0,0,d7056bdca3a6164a,3,132,,
Z7r9jZ1A70Af7,GWAR (16 and Over),gwar 16 over,GWAR,Ogden Theatre,Denver,ZFr9jZedde,2026-11-12,4,onsale,Rock,Hard Rock,0,0,0,b280b2b587c83923,4,46336,,
G5vzZ_5wI1DMl,The Musical Box,musical box,The Musical Box,Paramount Theatre,Denver,KovZpZAFa1nA,2026-11-12,4,onsale,,,0,0,0,16f49e608bd759f2,1,146,,
G5vzZ_G56wTgG,Maddie Zahm: Everything All The Time Tour,maddie zahm everything all time,Maddie Zahm,Meow Wolf Denver,Denver,KovZ917AYbY,2026-11-12,4,onsale,Pop,Pop,0,0,0,55fc59630f1c12bc,1,153,,
Z7r9jZ1A7P7Ak,Maddie Zahm: Everything All The Time Tour,maddie zahm everything all time,Maddie Zahm,Meow Wolf Denver,Denver,KovZ917AYbY,2026-11-12,4,onsale,Pop,Pop,0,1,0,55fc59630f1c12bc,1,153,,
rZ7HnEZ1AfZUjf,$5 Thursdays!,5 thursdays,,La Rumba,Denver,rZ7HnEZ173pGP,2026-11-12,4,onsale,World,Latin,0,0,0,5ef562a8d9dd0268,0,314,8.73,8.73
Z7r9jZ1A70FFa,Gryffin w/ Oliver Heldens,gryffin w oliver heldens,GRYFFIN,Red Rocks Amphitheatre,Morrison,ZFr9jZe71a,2026-11-13,5,onsale,Other,Other,1,0,0,6f01a0a645f85a3b,2,189,,
G5vzZ_33WEx7j,Los Gemelos de Sinaloa: The Gemeliza Tour,los gemelos de sinaloa gemeliza,Los Gemelos De Sinaloa,Fillmore Auditorium (Denver),Denver,KovZpZAE6eJA,2026-11-13,5,onsale,Latin,Latin,0,0,0,035f161bd990f7b1,1,63,,
G5vzZ_8rlfm9U,Paramount Theatre Club Seating - Fortune Feimster,paramount theatre club seating fortune feimster,Fortune Feimster,Paramount Theatre,Denver,KovZpZAFa1nA,2026-11-13,5,onsale,Other,Other,0,0,0,563e7040812a1781,1,93,,
G5vzZby1EhpS2,KGNU Presents Armand Hammer,kgnu armand hammer,Armand Hammer,Marquis,Denver,KovZpZAJeFkA,2026-11-13,5,onsale,Hip-Hop/Rap,Trap,0,0,0,2c2c5b0244d4d47b,2,308,,
rZ7HnEZ1AfZUFV,Ladies Night & Noche Sonidera,ladies noche sonidera,,La Rumba,Denver,rZ7HnEZ173pGP,2026-11-13,5,onsale,World,Latin,0,0,0,6316cd86ab409e98,0,315,14.13,14.13
G5vzZ_uEZLLxE,INOHA - This Might Be Useful Tour,inoha this might be useful,INOHA,Meow Wolf Denver,Denver,KovZ917AYbY,2026-11-13,5,onsale,Rock,Alternative Rock,0,0,0,349a41b23fe80a03,3,140,,
Z7r9jZ1A7Pwfx,INOHA - This Might Be Useful Tour,inoha this might be useful,INOHA,Meow Wolf Denver,Denver,KovZ917AYbY,2026-11-13,5,onsale,Alternative,Indie Rock,0,1,0,349a41b23fe80a03,3,140,,
Z7r9jZ1A7x6ua,Andrew McMahon w/ Colorado Symphony Orchestra,andrew mcmahon w colorado symphony orchestra,Andrew McMahon,Boettcher Hall,Denver,Z6r9jZdv1e,2026-11-13,5,onsale,Pop,Pop,0,0,0,666cb0b2b569a389,2,46337,,
1718v0G62HYps1T,Cat Clyde & Dean Johnson,cat clyde dean johnson,Cat Clyde,Black Sheep,Colorado Springs,KovZpZAJ77kA,2026-11-13,5,onsale,Rock,Pop,0,0,0,898f563e0d6c6420,2,100,,
G5vzZ_8mpYE0h,Amtrac - 18+,amtrac 18,Amtrac,Summit Music Hall,Denver,KovZpZAFFt1A,2026-11-13,5,onsale,Dance/Electronic,Amapiano,1,0,0,a41c4209df4bdda0,1,84,,
Z7r9jZ1A7-YqO,Bahamas (16 and Over),bahamas 16 over,Bahamas,Bluebird Theatre,Denver,Z6r9jZdvee,2026-11-13,5,onsale,Country,Country Folk,0,0,0,dc2f8cf5bd4b4e9e,1,46337,,
Z7r9jZ1A7P9u-,The Brothers Comatose,brothers comatose,The Brothers Comatose,Aggie Theater,Fort Collins,ZFr9jZkve6,2026-11-13,5,onsale,Rock,Pop,0,0,0,7aba1d1b610f6b9b,1,46337,,
Z7r9jZ1AAZ4AN,Cat Clyde w/ Dean Johnson,cat clyde w dean johnson,Cat Clyde,Black Sheep,Colorado Springs,KovZpZAJ77kA,2026-11-13,5,onsale,Other,Other,0,1,0,898f563e0d6c6420,2,100,,
rZ7HnEZ1Afa0f7,Joe Nichols,joe nichols,Joe Nichols,Grizzly Rose,Denver,rZ7HnEZ17uJbA,2026-11-13,5,onsale,Country,Country,0,0,0,5e6bf639d84a1f31,1,119,41.63,41.63
G5vzZ_oNd3hTQ,Levi Bloom,levi bloom,,Ophelia's Electric Soapbox,Denver,KovZ917Aai0,2026-11-13,5,onsale,Country,Country,0,0,0,91a0fec034110920,0,77,,
Z7r9jZ1A7xaFa,D.O.D. (16 and Over),d o d 16 over,D.O.D,Mission Ballroom,Denver,Z7r9jZadVI,2026-11-13,5,onsale,Dance/Electronic,Club Dance,1,0,0,da0b066eed961cd2,1,46337,,
rZ7HnEZ1AfFkoV,"Flex, La Factoria y Makano en Denver",flex la factoria y makano en denver,Flex,Stampede,Aurora,rZ7HnEZ173p1A,2026-11-13,5,onsale,World,Latin,0,0,0,e4b485ddc7e36bda,1,156,81.86,103.21
rZ7HnEZ1AfG98V,TOKiMONSTA,tokimonsta,Tokimonsta,The Church Nightclub,Denver,rZ7HnEZ17qf4V,2026-11-13,5,onsale,Dance/Electronic,,1,0,0,d7b1bbc1fb93b22e,1,60,24.95,24.95
Z7r9jZ1A7Ovqv,mike.,mike,MIKE.,Red Rocks Amphitheatre,Morrison,ZFr9jZe71a,2026-11-14,6,onsale,Other,Other,0,0,0,76d3f372012ffd2a,1,46338,,
G5vzZ_uURfIzf,Paramount Theatre Club Seating - Fortune Feimster Live Special Taping,paramount theatre club seating fortune feimster special taping,Fortune Feimster,Paramount Theatre,Denver,KovZpZAFa1nA,2026-11-14,6,onsale,Other,Other,0,0,0,0d284f8d6cdf5d8a,1,135,,
G5vzZ_CTP-Hgb,Surely Tempo,surely tempo,Surely Tempo,Marquis,Denver,KovZpZAJeFkA,2026-11-14,6,onsale,Rock,Alternative Rock,0,0,0,17fcb63d8a2c3195,1,113,,
G5vzZ_F2U0Hie,Kurt Vile & the Violators,kurt vile violators,Kurt Vile & the Violators,Summit Music Hall,Denver,KovZpZAFFt1A,2026-11-14,6,onsale,Rock,Pop,0,0,0,deb857f3b3c2a5e3,2,218,,
rZ7HnEZ1AfZgrf,Sabados Sabrosos!,sabados sabrosos,,La Rumba,Denver,rZ7HnEZ173pGP,2026-11-14,6,onsale,World,Latin,0,0,0,e70edb8c72808d32,0,316,25.18,25.18
1718v0G6u2WGs1_,"Inoha, Budda Trixie, Fight By Nothing",inoha budda trixie fight by nothing,INOHA,Black Sheep,Colorado Springs,KovZpZAJ77kA,2026-11-14,6,onsale,Rock,Alternative Rock,0,0,0,1f48df7f78423375,1,141,,
G5vzZ_2X6FgW0,Cat Clyde & Dean Johnson,cat clyde dean johnson,Cat Clyde,Ophelia's Electric Soapbox,Denver,KovZ917Aai0,2026-11-14,6,onsale,Rock,Pop,0,0,0,bf4adcbb93eb3a4b,2,99,,
Z7r9jZ1A7JoPb,The Colorado Springs Philharmonic presents Tchaikovsky / Stravinsky,colorado springs philharmonic tchaikovsky stravinsky,Colorado Springs Philharmonic,Pikes Peak Center,Colorado Springs,ZFr9jZe777,2026-11-14,6,onsale,Other,Other,0,0,0,eef0011ddc4c24ca,1,46338,,
Z7r9jZ1A7PJa8,INOHA,inoha,INOHA,Black Sheep,Colorado Springs,KovZpZAJ77kA,2026-11-14,6,onsale,Alternative,Indie Rock,0,1,0,1f48df7f78423375,1,141,,
Z7r9jZ1A7xAZo,Andrew McMahon w/ Colorado Symphony Orchestra,andrew mcmahon w colorado symphony orchestra,Andrew McMahon,Boettcher Hall,Denver,Z6r9jZdv1e,2026-11-14,6,onsale,Pop,Pop,0,0,0,a926a88f88dfcd59,2,46338,,
G5vzZ_13TbrQr,Dave Hause & The Mermaid,dave hause mermaid,Dave Hause & The Mermaid,Skylark Lounge,Denver,KovZ917Aig0,2026-11-14,6,onsale,Rock,Punk,0,0,0,ef83526ab4c478c1,1,190,,
G5vzZ_CB-JIvf,Dev Lemons: Eat The Pavement Tour,dev lemons eat pavement,Dev Lemons,Meow Wolf Denver,Denver,KovZ917AYbY,2026-11-14,6,onsale,Pop,Electro Pop,0,0,0,3204b06d98819920,1,120,,
Z7r9jZ1A7-yP7,NieR: Orchestra Concert,nier orchestra,NieR: Orchestra Concert,Bellco Theatre,Denver,ZFr9jZ76Ak,2026-11-14,6,onsale,Other,Other,0,0,0,e7089bb14bbed821,1,225,,
Z7r9jZ1A7J3At,Dev Lemons: Eat The Pavement Tour,dev lemons eat pavement,Dev Lemons,Meow Wolf Denver,Denver,KovZ917AYbY,2026-11-14,6,onsale,Pop,Pop,0,1,0,3204b06d98819920,1,120,,
Z7r9jZ1AAvKqN,half alive,half alive,half alive,Bluebird Theatre,Denver,Z6r9jZdvee,2026-11-14,6,onsale,Other,Other,0,0,0,480a758e33ba944f,1,46338,,
G5vzZ_uURgFDv,Paramount Theatre Club Seating - Fortune Feimster Live Special Taping,paramount theatre club seating fortune feimster special taping,Fortune Feimster,Paramount Theatre,Denver,KovZpZAFa1nA,2026-11-14,6,onsale,Other,Other,0,1,0,0d284f8d6cdf5d8a,1,135,,
Z7r9jZ1A70kOE,Black Angels w/ GHOSTWOMAN,black angels w ghostwoman,The Black Angels,Belly Up - Aspen,Aspen,ZFr9jZAFe7,2026-11-14,6,onsale,Alternative,Alternative Rock,0,0,0,45d78db2bbf5440c,2,46338,,
rZ7HnEZ1AfGO_7,La Reunion Nortena - Morro y Su Reunión,la reunion nortena morro y su reuni n,,Stampede,Aurora,rZ7HnEZ173p1A,2026-11-14,6,onsale,Other,,0,0,0,07206c6bb4e61c68,0,61,39.16,42.36
rZ7HnEZ1A4Ze4d,TWOFACED,twofaced,,The Basement at Club Vinyl,Denver,rZ7HnEZ17QA4S,2026-11-14,6,onsale,Dance/Electronic,Dance/Electronic,1,0,0,644e5a7c64c1ea3d,0,100,24.95,24.95
rZ7HnEZ1A4ZeFS,HVDES,hvdes,,Club Vinyl,Denver,rZ7HnEZ17qf40,2026-11-14,6,onsale,Dance/Electronic,Dance/Electronic,1,0,0,a0baa3c718fa735b,0,100,24.95,24.95
Z7r9jZ1A7JoP9,The Colorado Springs Philharmonic presents Tchaikovsky / Stravinsky,colorado springs philharmonic tchaikovsky stravinsky,Colorado Springs Philharmonic,Pikes Peak Center,Colorado Springs,ZFr9jZe777,2026-11-15,0,onsale,Other,Other,0,0,0,5c1c8b6c12cd96f4,1,46339,,
Z7r9jZ1A7O6_O,mike.,mike,MIKE.,Red Rocks Amphitheatre,Morrison,ZFr9jZe71a,2026-11-15,0,onsale,Other,Other,0,0,0,01eed0285fa20041,1,333,,
G5vzZ_5MI64Cq,VOILÀ Presents: Moonbloom,voil moonbloom,VOILÀ,Summit Music Hall,Denver,KovZpZAFFt1A,2026-11-15,0,onsale,Rock,Alternative Rock,0,0,0,4cd83248ca1ba652,3,163,,
1Ae0Z_kGklnAOLU,"Fear Factory, Darkest Hour, Brotality, Suicide Cages",fear factory darkest hour brotality suicide cages,Fear Factory,Black Sheep,Colorado Springs,KovZpZAJ77kA,2026-11-15,0,onsale,Metal,Nu-Metal,0,0,0,3cd5738a2ecc64c8,2,247,,
G5vzZ_om1NPJT,Geordie Kieffer,geordie kieffer,Geordie Kieffer,Marquis,Denver,KovZpZAJeFkA,2026-11-15,0,onsale,Rock,Pop,0,0,0,460ade0cd4115376,1,74,,
Z7r9jZ1A7-0Ck,Fear Factory w/ Darkest Hour,fear factory w darkest hour,Fear Factory,Black Sheep,Colorado Springs,KovZpZAJ77kA,2026-11-15,0,onsale,Rock,Hard Rock,0,1,0,3cd5738a2ecc64c8,2,247,,
Z7r9jZ1A7-Ouv,The Living Tombstone - Ages 16+,living tombstone ages 16,The Living Tombstone,Mission Ballroom,Denver,Z7r9jZadVI,2026-11-15,0,onsale,Dance/Electronic,Dance/Electronic,1,0,0,90b197050e052e00,1,254,,
rZ7HnEZ1AfZgF7,SALSA & BACHATA SUNDAYS,salsa bachata sundays,,La Rumba,Denver,rZ7HnEZ173pGP,2026-11-15,0,onsale,World,Latin,0,0,0,6ee09be5fcc29356,0,317,14.13,14.13
G5vzZ_1BwrQu_,Arcángel - La 8va Maravilla World Tour,arc ngel la 8va maravilla world,Arcángel,Paramount Theatre,Denver,KovZpZAFa1nA,2026-11-15,0,onsale,Hip-Hop/Rap,Reggaeton,0,0,0,ed7ac41af6c96cc1,1,171,,
G5vzZ_8I5_G1r,Pedro Fernández - Ave Fénix Two'r,pedro fern ndez ave f nix two r,Pedro Fernández,Bellco Theatre,Denver,ZFr9jZ76Ak,2026-11-15,0,onsale,Latin,Latin,0,0,0,e61017f1f4df0c9f,1,93,,
G5vzZ_GRvyqtl,Paramount Theatre Club Seating:Arcángel,paramount theatre club seating arc ngel,Arcángel,Paramount Theatre,Denver,KovZpZAFa1nA,2026-11-15,0,onsale,Other,Other,0,1,0,ed7ac41af6c96cc1,1,151,,
Z7r9jZ1A7x9kv,The Black Angels (16 and Over),black angels 16 over,The Black Angels,Gothic Theatre,Englewood,ZFr9jZdde7,2026-11-15,0,onsale,Alternative,Alternative Rock,0,0,0,9f7276a121fe6917,2,46339,,
Z7r9jZ1AAZJF9,Pedro Fernandez - Ave Fenix Two'r,pedro fernandez ave fenix two r,Pedro Fernández,Bellco Theatre,Denver,ZFr9jZ76Ak,2026-11-15,0,onsale,Other,Other,0,1,0,e61017f1f4df0c9f,1,93,,
G5vzZ_8M20K4Z,Hurricane Wisdom,hurricane wisdom,Hurricane Wisdom,Marquis,Denver,KovZpZAJeFkA,2026-11-16,1,onsale,Hip-Hop/Rap,Trap,0,0,0,5771021d812689dd,1,89,,
Z7r9jZ1A7PfAb,Violet Grohl,violet grohl,Violet Grohl,Bluebird Theatre,Denver,Z6r9jZdvee,2026-11-17,2,onsale,Rock,Pop,0,0,0,f7f1e568454d9c1f,1,46341,,
1718v0G6CbwusjH,"Wolf & Bear, Coletta, Origami Button",wolf bear coletta origami button,,Black Sheep,Colorado Springs,KovZpZAJ77kA,2026-11-17,2,onsale,Rock,Pop,0,0,0,e1be76b6fc88e16c,0,130,,
G5vzZ_aUpxQSs,Scott Bradlee's Postmodern Jukebox,scott bradlee s postmodern jukebox,Scott Bradlee's Postmodern Jukebox,Avalon Theatre,Grand Junction,KovZpa4gke,2026-11-17,2,onsale,Jazz,Jazz,0,0,0,b6d77dccfc8140e6,1,193,,
rZ7HnEZ1AfAKAf,Ladies Night 2026,ladies,,Stampede,Aurora,rZ7HnEZ173p1A,2026-11-18,3,onsale,Country,Country,0,0,0,6940f9e63e6c38a9,0,281,16.56,16.56
G5vzZ_3lqEGIH,1 Umbrella,1 umbrella,1 Umbrella,Marquis,Denver,KovZpZAJeFkA,2026-11-18,3,onsale,Hip-Hop/Rap,Trap,0,0,0,4080b780f8375a06,1,61,,
G5vzZ_k4yJfD0,Sabaton: Legends on Tour,sabaton legends on,Sabaton,Blue Arena at The Ranch Events Complex,Loveland,ZFr9jZ7v1A,2026-11-18,3,onsale,Metal,Nu-Metal,0,0,0,f3edc0ab8443e0c9,3,258,,
Z7r9jZ1A7-Ojz,Sabaton: Legends on Tour,sabaton legends on,Sabaton,Blue Arena at The Ranch Events Complex,Loveland,ZFr9jZ7v1A,2026-11-18,3,onsale,Other,Other,0,1,0,f3edc0ab8443e0c9,3,258,,
rZ7HnEZ1A4Za-N,Shimmy Shakin' Blues,shimmy shakin blues,,La Rumba,Denver,rZ7HnEZ173pGP,2026-11-18,3,onsale,Other,,0,0,0,97f1856e6f147000,0,107,20.03,41.13
G5vzZ_aBwilEA,Scott Bradlee's Postmodern Jukebox - The Future Is Vintage World Tour,scott bradlee s postmodern jukebox future is vintage world,Scott Bradlee's Postmodern Jukebox,Paramount Theatre,Denver,KovZpZAFa1nA,2026-11-18,3,onsale,Jazz,Jazz,0,0,0,7e3ce1830d6ff164,1,194,,
Z7r9jZ1AAZfxb,Vansire,vansire,Vansire,Bluebird Theatre,Denver,Z6r9jZdvee,2026-11-18,3,onsale,Other,Other,0,0,0,c96dd1bddc4720b9,1,46342,,
rZ7HnEZ1AfxAed,Goth Night hosted by Gotica Nouveau,goth hosted by gotica nouveau,,Vultures,Colorado Springs,rZ7HnEZ17fd1A,2026-11-18,3,onsale,Alternative,Goth,0,0,0,3bc6e17a759a6379,0,205,,
G5vzZ_8mcSnfN,The Burial Plot - Final Show,burial plot final,The Burial Plot,Marquis,Denver,KovZpZAJeFkA,2026-11-19,4,onsale,Rock,Alternative Rock,0,0,0,cb410e14f0c80d95,5,97,,
G5vzZ_uCJAaPb,almost monday,almost monday,almost monday,Summit Music Hall,Denver,KovZpZAFFt1A,2026-11-19,4,onsale,Pop,Electro Pop,0,0,0,f32d8690bf50c8e1,2,146,,
Z7r9jZ1AAZ3uZ,Taste of Ireland Company presents A Celtic Christmas,taste of ireland company celtic christmas,A Taste of Ireland,Pikes Peak Center,Colorado Springs,ZFr9jZe777,2026-11-19,4,onsale,Other,Other,0,0,0,e977247c6b4a46a3,1,46343,,
G5vzZ_CNtkGGK,Krooked Kings: In Another Life Tour,krooked kings in another life,Krooked Kings,Meow Wolf Denver,Denver,KovZ917AYbY,2026-11-19,4,onsale,Rock,Alternative Rock,0,0,0,a5602935ea2feae7,1,134,,
G5vzZ_o5N-0JZ,Breakthrough Presents: Vertical Horizon,breakthrough vertical horizon,Vertical Horizon,Ophelia's Electric Soapbox,Denver,KovZ917Aai0,2026-11-19,4,onsale,Rock,Alternative Rock,0,0,0,e946b3af656f0be5,1,90,,
Z7r9jZ1A7P-1a,Bonobo (16+),bonobo 16,Bonobo,Mission Ballroom,Denver,Z7r9jZadVI,2026-11-19,4,onsale,Dance/Electronic,Dance/Electronic,1,0,0,ec7add340bc627c9,1,46343,,
Z7r9jZ1A7Psf0,Russian Circles (16 and Over),russian circles 16 over,Russian Circles,Gothic Theatre,Englewood,ZFr9jZdde7,2026-11-19,4,onsale,Other,Other,0,0,0,af3bb4b9b095658c,2,46343,,
rZ7HnEZ1AfZU00,$5 Thursdays!,5 thursdays,,La Rumba,Denver,rZ7HnEZ173pGP,2026-11-19,4,onsale,World,Latin,0,0,0,3700f83a356754df,0,321,8.73,8.73
rZ7HnEZ1AfGd40,Deante' Hitchcock,deante hitchcock,,The Roxy Theater,Denver,rZ7HnEZ17oUPP,2026-11-19,4,onsale,Hip-Hop/Rap,Hip-Hop/Rap,0,0,0,c3ffef6344b4d45a,0,70,,
G5vzZ_19koCIM,Saosin: 20 Years of Self-Titled,saosin 20 years of self titled,Saosin,Summit Music Hall,Denver,KovZpZAFFt1A,2026-11-20,5,onsale,Rock,Alternative Rock,0,0,0,913d7bfb5f782cc7,4,189,,
G5vzZ_2QDTig-,TYLA - THE A*POP WORLD TOUR,tyla pop world,Tyla,Fillmore Auditorium (Denver),Denver,KovZpZAE6eJA,2026-11-20,5,onsale,Pop,Electro Pop,0,0,0,a65efa1d4d20f9e5,1,112,,
Z7r9jZ1AAvA8F,Havok (16 and Over),havok 16 over,Havok,Gothic Theatre,Englewood,ZFr9jZdde7,2026-11-20,5,onsale,Other,Other,0,0,0,dc493926798ca22f,4,46344,,
rZ7HnEZ1AfZUG0,Ladies Night & Noche Sonidera,ladies noche sonidera,,La Rumba,Denver,rZ7HnEZ173pGP,2026-11-20,5,onsale,World,Latin,0,0,0,450682f67d1f80a2,0,322,14.13,14.13
Z7r9jZ1A70JG-,Colorado Symphony Orchestra presents Elgar Cello Concerto & Dvor??k Symphony No. 7 with Peter Oundjian,colorado symphony orchestra elgar cello concerto dvor k symphony no 7 peter oundjian,Colorado Symphony Orchestra,Boettcher Hall,Denver,Z6r9jZdv1e,2026-11-20,5,onsale,Other,Other,0,0,0,f757695de162790c,1,46344,,
G5vzZ_oSCGq1X,Dear Creedence: A Tribute to Creedence Clearwater Revival,dear creedence tribute to creedence clearwater revival,,Ophelia's Electric Soapbox,Denver,KovZ917Aai0,2026-11-20,5,onsale,Rock,Pop,0,0,0,5c950d1cbbc64384,0,70,,
Z7r9jZ1A7PVb7,"Goodnight, Texas",goodnight texas,"Goodnight, Texas",Bluebird Theatre,Denver,Z6r9jZdvee,2026-11-20,5,onsale,Other,Other,0,0,0,168040140399ed4e,1,46344,,
Z7r9jZ1AAv7AU,KOAN Sound - Ages 18+,koan sound ages 18,Koan Sound,ReelWorks Denver,Denver,Z7r9jZa7cI,2026-11-20,5,onsale,Dance/Electronic,Dance/Electronic,1,0,0,fd71d509fb603a31,4,46344,,
rZ7HnEZ1AfaYG7,"Tanner Usrey, Cam Allen",tanner usrey cam allen,,Grizzly Rose,Denver,rZ7HnEZ17uJbA,2026-11-20,5,onsale,Country,Alternative Country,0,0,0,01f39cb81be6df8a,0,121,24.15,24.15
G5vzZ_36tuCwv,Bag Raiders,bag raiders,Bag Raiders,Meow Wolf Denver,Denver,KovZ917AYbY,2026-11-20,5,onsale,Dance/Electronic,Amapiano,1,0,0,ceaee78f1541bfaa,1,80,,
Z7r9jZ1A7PE4I,LEVEL UP (16 and Over),level up 16 over,Level Up,Mission Ballroom,Denver,Z7r9jZadVI,2026-11-20,5,onsale,Other,Other,1,0,0,4b7e456f7f6afef9,3,46344,,
Z7r9jZ1A7PIoN,Bonobo,bonobo,Bonobo,Belly Up - Aspen,Aspen,ZFr9jZAFe7,2026-11-20,5,onsale,Dance/Electronic,Dance/Electronic,1,0,0,dc3b5610ff35d359,1,46344,,
Z7r9jZ1AAv47F,Bag Raiders,bag raiders,Bag Raiders,Meow Wolf Denver,Denver,KovZ917AYbY,2026-11-20,5,onsale,Other,Other,1,1,0,ceaee78f1541bfaa,1,80,,
G5vzZ_o66YlJp,Trans-Siberian Orchestra - The Ghosts Of Christmas Eve,trans siberian orchestra ghosts of christmas eve,Trans-Siberian Orchestra,Ball Arena,Denver,KovZpZAFaJeA,2026-11-21,6,onsale,Rock,Pop,0,0,0,007a913a8f82c613,1,64,,
G5vzZ_G3prJzF,Underoath - Define the Great Line 20th Anniversary Tour,underoath define great line 20th anniversary,Underoath,Fillmore Auditorium (Denver),Denver,KovZpZAE6eJA,2026-11-21,6,onsale,Rock,Pop,0,0,0,9044d0df3d11bf68,4,162,,
G5vzZ_GRvTun7,STATE CHAMPS - 10 YEARS OF 'AROUND THE WORLD AND BACK',state champs 10 years of around world back,State Champs,Summit Music Hall,Denver,KovZpZAFFt1A,2026-11-21,6,onsale,Rock,Pop,0,0,0,693a16289c2eb317,3,155,,
1718v0G62Hsxs5F,TRSH - Gone Fishin' Tour,trsh gone fishin,,Black Sheep,Colorado Springs,KovZpZAJ77kA,2026-11-21,6,onsale,Rock,Alternative Rock,0,0,0,eefd71dc66c44d98,0,107,,
G5vzZ_G2YXKwn,Stephen Day Presents: The Self Titled Tour,stephen day self titled,Stephen Day,Marquis,Denver,KovZpZAJeFkA,2026-11-21,6,onsale,Pop,Electro Pop,0,0,0,7c42137364669ddc,2,162,,
Z7r9jZ1A7--ke,Foy Vance (16 and Over),foy vance 16 over,Foy Vance,Gothic Theatre,Englewood,ZFr9jZdde7,2026-11-21,6,onsale,Other,Other,0,0,0,c00102ccae2212b2,1,46345,,
rZ7HnEZ1AfZg_7,Sabados Sabrosos!,sabados sabrosos,,La Rumba,Denver,rZ7HnEZ173pGP,2026-11-21,6,onsale,World,Latin,0,0,0,9b5815667c403884,0,323,25.18,25.18
G5vzZ_o66Jl0U,Trans-Siberian Orchestra - The Ghosts Of Christmas Eve,trans siberian orchestra ghosts of christmas eve,Trans-Siberian Orchestra,Ball Arena,Denver,KovZpZAFaJeA,2026-11-21,6,onsale,Rock,Pop,0,1,0,007a913a8f82c613,1,64,,
Z7r9jZ1A707P9,Colorado Symphony Orchestra presents Elgar Cello Concerto & Dvor??k Symphony No. 7 with Peter Oundjian,colorado symphony orchestra elgar cello concerto dvor k symphony no 7 peter oundjian,Colorado Symphony Orchestra,Boettcher Hall,Denver,Z6r9jZdv1e,2026-11-21,6,onsale,Other,Other,0,0,0,b3688292a698cffa,1,46345,,
Z7r9jZ1A7Pwb3,Karina Rykman,karina rykman,Karina Rykman,Bluebird Theatre,Denver,Z6r9jZdvee,2026-11-21,6,onsale,Other,Other,0,0,0,d4060d81056cbeb3,1,46345,,
Z7r9jZ1AAZkA-,TVBOO (16 and Over),tvboo 16 over,TVBOO,Mission Ballroom,Denver,Z7r9jZadVI,2026-11-21,6,onsale,Other,Other,1,0,0,eb70018b216ec2d5,4,46345,,
Z7r9jZ1A70JGs,Colorado Symphony Orchestra presents Elgar Cello Concerto & Dvor??k Symphony No. 7 with Peter Oundjian,colorado symphony orchestra elgar cello concerto dvor k symphony no 7 peter oundjian,Colorado Symphony Orchestra,Boettcher Hall,Denver,Z6r9jZdv1e,2026-11-22,0,onsale,Other,Other,0,0,0,0304027b78be56aa,1,46346,,
G5vzZ_3NuRbmP,Trans-Siberian Orchestra - The Ghosts Of Christmas Eve,trans siberian orchestra ghosts of christmas eve,Trans-Siberian Orchestra,Broadmoor World Arena,Colorado Springs,ZFr9jZe1ve,2026-11-22,0,onsale,Rock,Pop,0,0,0,2cbcf2aa1b948c09,1,65,,
rZ7HnEZ1AfZga7,SALSA & BACHATA SUNDAYS,salsa bachata sundays,,La Rumba,Denver,rZ7HnEZ173pGP,2026-11-22,0,onsale,World,Latin,0,0,0,7576d371ae1bb38f,0,324,14.13,14.13
G5vzZ_1Kxjfbe,JOURNEY - Final Frontier Tour (An Evening With),journey final frontier evening,Journey,Ball Arena,Denver,KovZpZAFaJeA,2026-11-22,0,onsale,Rock,Pop,0,1,0,7d2eec6857348cb5,1,191,,
G5vzZ_1he_r2t,Club Level Seating: Journey,club level seating journey,Journey,Ball Arena,Denver,KovZpZAFaJeA,2026-11-22,0,onsale,Rock,Pop,0,0,0,7d2eec6857348cb5,2,184,,
G5vzZ_3N2dzSm,Trans-Siberian Orchestra - The Ghosts Of Christmas Eve,trans siberian orchestra ghosts of christmas eve,Trans-Siberian Orchestra,Broadmoor World Arena,Colorado Springs,ZFr9jZe1ve,2026-11-22,0,onsale,Rock,Pop,0,1,0,2cbcf2aa1b948c09,1,65,,
Z7r9jZ1AAvNZ9,Trans-Siberian Orchestra - The Ghosts Of Christmas Eve,trans siberian orchestra ghosts of christmas eve,Trans-Siberian Orchestra,Broadmoor World Arena,Colorado Springs,ZFr9jZe1ve,2026-11-22,0,onsale,Classical,Classical/Vocal,0,1,0,2cbcf2aa1b948c09,1,65,,
Z7r9jZ1AAvNZE,Trans-Siberian Orchestra - The Ghosts Of Christmas Eve,trans siberian orchestra ghosts of christmas eve,Trans-Siberian Orchestra,Broadmoor World Arena,Colorado Springs,ZFr9jZe1ve,2026-11-22,0,onsale,Classical,Classical/Vocal,0,1,0,2cbcf2aa1b948c09,1,65,,
G5vzZ_890iVPs,Prayers,prayers,Prayers,Meow Wolf Denver,Denver,KovZ917AYbY,2026-11-24,2,onsale,Rock,Pop,0,0,0,77aefcf920dcd78f,3,110,,
Z7r9jZ1AAZO8t,Prayers,prayers,Prayers,Meow Wolf Denver,Denver,KovZ917AYbY,2026-11-24,2,onsale,Other,Other,0,1,0,77aefcf920dcd78f,3,110,,
Z7r9jZ1A7P8Oa,Jalen N'Gonda w/ Brooke Combe,jalen n gonda w brooke combe,Jalen Ngonda,Cervantes Masterpiece Ballroom,Denver,ZFr9jZkk1d,2026-11-24,2,onsale,R&B,Soul,0,0,0,cdbcca95b7b41f81,2,46348,,
rZ7HnEZ1AfA3Jf,Ladies Night 2026,ladies,,Stampede,Aurora,rZ7HnEZ173p1A,2026-11-25,3,onsale,Country,Country,0,0,0,f72947f31be2d054,0,288,16.56,16.56
G5vzZ_33Wiek4,22nd Annual Last Waltz Revisited - feat. Polytoxic,22nd annual last waltz revisited polytoxic,Last Waltz Revisited,Fillmore Auditorium (Denver),Denver,KovZpZAE6eJA,2026-11-25,3,onsale,,,0,0,0,daf9a384957e94d3,1,78,,
G5vzZ_oKOhAO4,Yung Gravy: The Joyrider Tour,yung gravy joyrider,Yung Gravy,Summit Music Hall,Denver,KovZpZAFFt1A,2026-11-25,3,onsale,Hip-Hop/Rap,Trap,0,0,0,7113a6aebc954bca,1,89,,
rZ7HnEZ1AfxA7K,Goth Night hosted by Gotica Nouveau,goth hosted by gotica nouveau,,Vultures,Colorado Springs,rZ7HnEZ17fd1A,2026-11-25,3,onsale,Alternative,Goth,0,0,0,52dce00b4a945353,0,212,,
rZ7HnEZ1AfZUq0,$5 Thursdays!,5 thursdays,,La Rumba,Denver,rZ7HnEZ173pGP,2026-11-26,4,onsale,World,Latin,0,0,0,48a1d1fe9d56c0aa,0,328,8.73,8.73
G5vzZ_oKk7Lnw,E.M.E.,e m e,E.M.E.,Marquis,Denver,KovZpZAJeFkA,2026-11-27,5,onsale,Hip-Hop/Rap,Trap,0,0,0,6fb7fe43bd7e8730,3,95,,
rZ7HnEZ1AfZUGV,Ladies Night & Noche Sonidera,ladies noche sonidera,,La Rumba,Denver,rZ7HnEZ173pGP,2026-11-27,5,onsale,World,Latin,0,0,0,60b758829ba87638,0,329,14.13,14.13
rZ7HnEZ1AfFo0V,Hayden Coffman,hayden coffman,,Grizzly Rose,Denver,rZ7HnEZ17uJbA,2026-11-27,5,onsale,Country,Alternative Country,0,0,0,eedc8b852d3e2bc3,0,158,24.15,24.15
G5vzZ_oXfsVYW,VIP Music Presents: Reggaetón Y2K - 18+,music reggaet n y2k 18,Y2k,Summit Music Hall,Denver,KovZpZAFFt1A,2026-11-27,5,onsale,Dance/Electronic,Amapiano,1,0,0,fbff5de63771f0c5,1,84,,
Z7r9jZ1A70IuS,Costa (16 and Over),costa 16 over,Costa,Bluebird Theatre,Denver,Z6r9jZdvee,2026-11-27,5,onsale,Other,Other,1,0,0,745031ace88b9e42,1,189,,
Z7r9jZ1AAZyOs,Eric Prydz (16+ Event),eric prydz 16 event,Eric Prydz,Mission Ballroom,Denver,Z7r9jZadVI,2026-11-27,5,onsale,Dance/Electronic,Dance/Electronic,1,0,0,0a5be753c216565a,1,46351,,
G5vzZ_8Uziu12,Distant,distant,Distant,Marquis,Denver,KovZpZAJeFkA,2026-11-28,6,onsale,Metal,Nu-Metal,0,0,0,d65e320f1eaa8354,5,99,,
G5vzZ_udVjCjg,Senses Fail Presents Still Searching,senses fail still searching,Senses Fail,Summit Music Hall,Denver,KovZpZAFFt1A,2026-11-28,6,onsale,Rock,Pop,0,0,0,646ca1803831b3f5,3,155,,
G5vzZ_3lGBlfR,Jim E. Brown,jim e brown,Jim E. Brown,Ophelia's Electric Soapbox,Denver,KovZ917Aai0,2026-11-28,6,onsale,Folk,Indie Folk,0,0,0,5241275eec0a015e,2,71,,
G5vzZ_uBb6M1Z,Big Head Todd & The Monsters ft. A Special Solo Set from Isaac Slade,big head todd monsters special solo from isaac slade,Big Head Todd & the Monsters,Fillmore Auditorium (Denver),Denver,KovZpZAE6eJA,2026-11-28,6,onsale,Rock,Pop,0,0,0,c417346b125fd15c,2,141,,
rZ7HnEZ1AfZgxf,Sabados Sabrosos!,sabados sabrosos,,La Rumba,Denver,rZ7HnEZ173pGP,2026-11-28,6,onsale,World,Latin,0,0,0,a085142741e29350,0,330,25.18,25.18
Z7r9jZ1A7Pw4g,Boston Manor w/ Ben Quad,boston manor w ben quad,Boston Manor,The Federal Theatre,Denver,Z7r9jZakK6,2026-11-28,6,onsale,Other,Other,0,0,0,5655b317cb7ed36d,2,46352,,
Z7r9jZ1A7Pe-g,Costa,costa,Costa,Bluebird Theatre,Denver,Z6r9jZdvee,2026-11-28,6,onsale,Other,Other,1,0,0,72415e5b5f34475b,1,46352,,
Z7r9jZ1A7x9pF,Eptic (16 and Over),eptic 16 over,Eptic,Mission Ballroom,Denver,Z7r9jZadVI,2026-11-28,6,onsale,Other,Other,1,0,0,067833cc6fcb5c89,3,46352,,
rZ7HnEZ1Af16aV,Feed Me,feed me,Feed Me,The Church Nightclub,Denver,rZ7HnEZ17qf4V,2026-11-28,6,onsale,Dance/Electronic,,1,0,0,ee4c58795c0ac557,1,94,24.95,24.95
Z7r9jZ1AAvI-d,The Colorado Springs Philharmonic presents The Nutcracker,colorado springs philharmonic nutcracker,Colorado Springs Philharmonic,Pikes Peak Center,Colorado Springs,ZFr9jZe777,2026-11-29,0,onsale,Other,Other,1,0,0,50ef853ed0cecde9,2,46353,,
Z7r9jZ1A7PvbV,Home Alone in Concert,home alone in,Colorado Symphony Orchestra,Boettcher Hall,Denver,Z6r9jZdv1e,2026-11-29,0,onsale,Other,Other,0,0,0,8a03d3c76276662f,1,46353,,
rZ7HnEZ1AfZgu0,SALSA & BACHATA SUNDAYS,salsa bachata sundays,,La Rumba,Denver,rZ7HnEZ173pGP,2026-11-29,0,onsale,World,Latin,0,0,0,6ee5bc3d22a54f11,0,331,14.13,14.13
G5vzZ_GmTsqqG, Alicia Villarreal - Bendita Locura Tour 2026,alicia villarreal bendita locura,Alicia Villarreal,Paramount Theatre,Denver,KovZpZAFa1nA,2026-11-29,0,onsale,Latin,Latin,0,0,0,cd9d7eafcf48e8e1,1,164,,
G5vzZ_oRQXwUL,Catie Turner + Special Guests Kiss Bang,catie turner special guests kiss bang,Catie Turner,Marquis,Denver,KovZpZAJeFkA,2026-11-30,1,onsale,Other,Other,0,0,0,c8f9561d02ca4f30,2,87,,
1718v0G62895owQ,"Chase Petra, Jer, Leisure Hour, Trophy Wife",chase petra jer leisure hour trophy wife,Chase Petra,Black Sheep,Colorado Springs,KovZpZAJ77kA,2026-11-30,1,onsale,Rock,Punk,0,0,0,da701143a0f9744d,2,118,,
Z7r9jZ1A7PeOJ,Alter Bridge (16 and Over),alter bridge 16 over,Alter Bridge,Mission Ballroom,Denver,Z7r9jZadVI,2026-11-30,1,onsale,Dance/Electronic,Dance/Electronic,1,0,0,1d8034cd094f25a0,3,46354,,
Z7r9jZ1AAZdF3,Chase Petra w/ Trophy Wife,chase petra w trophy wife,Chase Petra,Black Sheep,Colorado Springs,KovZpZAJ77kA,2026-11-30,1,onsale,Other,Other,0,1,0,da701143a0f9744d,2,118,,
G5vzZ_8ULAUXJ,Wishy - Nature's Pill Tour,wishy nature s pill,Wishy,Marquis,Denver,KovZpZAJeFkA,2026-12-01,2,onsale,Rock,Pop,0,0,0,1317e23b90137ab2,2,102,,
Z7r9jZ1A7P-of,Whitechapel (16 and Over),whitechapel 16 over,Whitechapel,Ogden Theatre,Denver,ZFr9jZedde,2026-12-01,2,onsale,Other,Other,0,0,0,238a1a76c20e517b,4,46355,,
Z7r9jZ1A7J3j8,The Bad Plus,bad plus,The Bad Plus,Bluebird Theatre,Denver,Z6r9jZdvee,2026-12-01,2,onsale,Other,Other,0,0,0,b1552e15d11b9289,1,46355,,
Z7r9jZ1A7Pw4U,As I Lay Dying w/ Kill The Lights,as i lay dying w kill lights,As I Lay Dying,The Federal Theatre,Denver,Z7r9jZakK6,2026-12-01,2,onsale,Rock,Hard Rock,0,0,0,831def03d2d9fdc7,2,46355,,
Z7r9jZ1AAZYG_,Frost Children w/ Kuru,frost children w kuru,Frost Children,ReelWorks Denver,Denver,Z7r9jZa7cI,2026-12-01,2,onsale,Pop,Pop Rock,0,0,0,123788307a913f9e,2,46355,,
rZ7HnEZ1AfAKv7,Ladies Night 2026,ladies,,Stampede,Aurora,rZ7HnEZ173p1A,2026-12-02,3,onsale,Country,Country,0,0,0,68686b78d2bc3f7e,0,295,16.56,16.56
Z7r9jZ1A7PVbS,AJ McLean (16 and Over),aj mclean 16 over,AJ McLean,Gothic Theatre,Englewood,ZFr9jZdde7,2026-12-02,3,onsale,Other,Other,0,0,0,0e555fe3757c1801,1,46356,,
Z7r9jZ1AAZO-7,Celtic Woman,celtic woman,Celtic Woman,Boettcher Hall,Denver,Z6r9jZdv1e,2026-12-02,3,onsale,World,World,0,0,0,427f06efb158df7d,1,46356,,
1718v0G61NkBsY3,An Evening with As I Lay Dying,evening as i lay dying,As I Lay Dying,Black Sheep,Colorado Springs,KovZpZAJ77kA,2026-12-02,3,onsale,Rock,Alternative Rock,0,0,0,b49bcbfc16bae486,2,203,,
G5vzZ_55Eui2W,Gracie Abrams: The Look at My Life Tour presented by Capital One,gracie abrams look at my life presented by capital one,Gracie Abrams,Ball Arena,Denver,KovZpZAFaJeA,2026-12-02,3,onsale,Pop,Pop,0,0,0,be931e1cfde0572e,2,180,,
G5vzZ_5w29b6K,Club Level Seating: Gracie Abrams,club level seating gracie abrams,Gracie Abrams,Ball Arena,Denver,KovZpZAFaJeA,2026-12-02,3,onsale,Pop,Electro Pop,0,1,0,be931e1cfde0572e,2,173,,
Z7r9jZ1A70489,As I Lay Dying,as i lay dying,As I Lay Dying,Black Sheep,Colorado Springs,KovZpZAJ77kA,2026-12-02,3,onsale,Rock,Hard Rock,0,1,0,b49bcbfc16bae486,1,203,,
rZ7HnEZ1AfxAZd,Goth Night hosted by Gotica Nouveau,goth hosted by gotica nouveau,,Vultures,Colorado Springs,rZ7HnEZ17fd1A,2026-12-02,3,onsale,Alternative,Goth,0,0,0,036732536e89429d,0,219,,
G5vzZ_Gmp_Mzu,Imminence - Axis Mundi Tour: North America 2026,imminence axis mundi north america,Imminence,Fillmore Auditorium (Denver),Denver,KovZpZAE6eJA,2026-12-03,4,onsale,Metal,Nu-Metal,0,0,0,92251a9a7bbf4d6c,3,167,,
G5vzZ_FlLyLOb,The Pineapple Thief,pineapple thief,The Pineapple Thief,Summit Music Hall,Denver,KovZpZAFFt1A,2026-12-03,4,onsale,Rock,Alternative Rock,0,0,0,6e1d302c1294078c,1,230,,
G5vzZ_5lHXEdG,Gracie Abrams: The Look at My Life Tour presented by Capital One,gracie abrams look at my life presented by capital one,Gracie Abrams,Ball Arena,Denver,KovZpZAFaJeA,2026-12-03,4,onsale,Pop,Pop,0,0,0,2920100acb423baf,2,181,,
G5vzZ_5woJzrM,Club Level Seating: Gracie Abrams,club level seating gracie abrams,Gracie Abrams,Ball Arena,Denver,KovZpZAFaJeA,2026-12-03,4,onsale,Pop,Electro Pop,0,1,0,2920100acb423baf,2,174,,
Z7r9jZ1AAZkAw,Willi Carlisle w/ Amelia Day,willi carlisle w amelia day,Willi Carlisle,Bluebird Theatre,Denver,Z6r9jZdvee,2026-12-03,4,onsale,Folk,Folk,0,0,0,e27dfcfc7941441d,2,46357,,
Z7r9jZ1AAvNP0,Kip Moore (16+ Event),kip moore 16 event,Kip Moore,Ogden Theatre,Denver,ZFr9jZedde,2026-12-03,4,onsale,Country,Country Folk,0,0,0,0673458039f69d4c,2,83,,
rZ7HnEZ1AfZU-7,$5 Thursdays!,5 thursdays,,La Rumba,Denver,rZ7HnEZ173pGP,2026-12-03,4,onsale,World,Latin,0,0,0,a6970d44d57d0f67,0,335,8.73,8.73
G5vzZ_aexByha,Decibel - Metal & Beer Festival: 3-DAY PASS (Pre-Fest at Ratio),decibel metal beer festival 3 day pass pre fest at ratio,Decibel Metal & Beer Fest,Fillmore Auditorium (Denver),Denver,KovZpZAE6eJA,2026-12-03,4,onsale,Metal,Nu-Metal,0,0,0,e9c13468b2ad3674,11,223,,
G5vzZ_Cz17Qno,Suicide Silence: REMINDERS OF HELL TOUR,suicide silence reminders of hell,Suicide Silence,Summit Music Hall,Denver,KovZpZAFFt1A,2026-12-04,5,onsale,Metal,Nu-Metal,0,0,0,2243784031bd69f6,4,133,,
G5vzZ_aeOqyaj,Decibel - Metal & Beer Festival: Day 1 Pass (12-04),decibel metal beer festival day 1 pass 12 04,Decibel Metal & Beer Fest,Fillmore Auditorium (Denver),Denver,KovZpZAE6eJA,2026-12-04,5,onsale,Metal,Nu-Metal,0,1,0,96037b44a3206bcf,6,126,,
G5vzZ_GK22DsH,Oliver Hazard,oliver hazard,Oliver Hazard,Marquis,Denver,KovZpZAJeFkA,2026-12-04,5,onsale,Folk,Indie Folk,0,0,0,e508eec291baacaa,1,175,,
rZ7HnEZ1AfZUuV,Ladies Night & Noche Sonidera,ladies noche sonidera,,La Rumba,Denver,rZ7HnEZ173pGP,2026-12-04,5,onsale,World,Latin,0,0,0,0b73f0cefde2552c,0,336,14.13,14.13
1Ae0Z_3GkzhQ-LJ,"Ladrones ""Arriba La L"" Usa 2026 Tour",ladrones arriba la l usa,,Black Sheep,Colorado Springs,KovZpZAJ77kA,2026-12-04,5,onsale,Rock,Alternative Rock,0,0,0,53b9f5d4774cc802,0,77,,
Z7r9jZ1A7PfJK,Boogie T (16 and Over),boogie t 16 over,Boogie T,Mission Ballroom,Denver,Z7r9jZadVI,2026-12-04,5,onsale,Other,Other,1,0,0,e60f0e1c68304950,2,46358,,
rZ7HnEZ1AfFNG7,BRYAN MARTIN,bryan martin,,Grizzly Rose,Denver,rZ7HnEZ17uJbA,2026-12-04,5,cancelled,Country,Alternative Country,0,0,1,e73d618dd6dac01d,0,161,0.0,0.0
Z7r9jZ1A7PVjk,Jai Wolf (16 and Over),jai wolf 16 over,Jai Wolf,Ogden Theatre,Denver,ZFr9jZedde,2026-12-04,5,onsale,Other,Other,1,0,0,eb2d0509e6bcaac3,1,46358,,
rZ7HnEZ1AfGFFf,Samplifire,samplifire,,Club Vinyl,Denver,rZ7HnEZ17qf40,2026-12-04,5,onsale,Dance/Electronic,Dubstep,1,0,0,d1ecdaa55cadbd96,0,87,24.95,24.95
G5vzZ_aexQt9c,Decibel - Metal & Beer Festival: 2-DAY PASS,decibel metal beer festival 2 day pass,Decibel Metal & Beer Fest,Fillmore Auditorium (Denver),Denver,KovZpZAE6eJA,2026-12-04,5,onsale,Metal,Nu-Metal,0,0,0,96037b44a3206bcf,11,224,,
G5vzZ_ae-L_oS,Decibel - Metal & Beer Festival: Day 2 Pass (12-05),decibel metal beer festival day 2 pass 12 05,Decibel Metal & Beer Fest,Fillmore Auditorium (Denver),Denver,KovZpZAE6eJA,2026-12-05,6,onsale,Metal,Nu-Metal,0,0,0,3366845469711878,6,127,,
rZ7HnEZ1AfZgQ7,Sabados Sabrosos!,sabados sabrosos,,La Rumba,Denver,rZ7HnEZ173pGP,2026-12-05,6,onsale,World,Latin,0,0,0,c3ea4873530553bd,0,337,25.18,25.18
Z7r9jZ1A70A8y,Colorado Symphony Orchestra presents A Classical Christmas,colorado symphony orchestra classical christmas,Colorado Symphony Orchestra,Boettcher Hall,Denver,Z6r9jZdv1e,2026-12-05,6,onsale,Other,Other,0,0,0,d479a6f6da86762c,1,46359,,
Z7r9jZ1A70tCF,Pokey LaFarge (16 and Over),pokey lafarge 16 over,Pokey LaFarge,Gothic Theatre,Englewood,ZFr9jZdde7,2026-12-05,6,onsale,Other,Other,0,0,0,679a10c1675758b9,2,46359,,
G5vzZ_Gsc7Kag,Paramount Theatre Club Seating: Chelsea Handler,paramount theatre club seating chelsea handler,Chelsea Handler,Paramount Theatre,Denver,KovZpZAFa1nA,2026-12-05,6,onsale,Other,Other,0,0,0,602e6db996c5aa7d,1,171,,
G5vzZ_1mBX_sF,Fetty Wap: Nostalgia Tour,fetty wap nostalgia,Fetty Wap,Fillmore Auditorium (Denver),Denver,KovZpZAE6eJA,2026-12-06,0,onsale,Hip-Hop/Rap,Trap,0,0,0,024c2cb6be084733,1,205,,
G5vzZ_2DlxfRU,GODHANDUSA: CALL TO WORSHIP,godhandusa call to worship,GODHANDUSA,Marquis,Denver,KovZpZAJeFkA,2026-12-06,0,onsale,Hip-Hop/Rap,Trap,0,0,0,c7ae3088606036b0,1,123,,
Z7r9jZ1A7PSaM,The Wooten Brothers,wooten brothers,The Wooten Brothers,Bluebird Theatre,Denver,Z6r9jZdvee,2026-12-06,0,onsale,Jazz,Jazz Funk,0,0,0,4e22a208bf5a7a6e,1,46360,,
rZ7HnEZ1AfZg1f,SALSA & BACHATA SUNDAYS,salsa bachata sundays,,La Rumba,Denver,rZ7HnEZ173pGP,2026-12-06,0,onsale,World,Latin,0,0,0,3f31958ddd7694ef,0,338,14.13,14.13
G5vzZ_325vm12,Home Free: Coming Home For The Holidays,home free coming home for holidays,Home Free,Paramount Theatre,Denver,KovZpZAFa1nA,2026-12-06,0,onsale,Country,Country,0,0,0,25bd10978ad919b4,1,86,,
Z7r9jZ1A7Pk3_,Matt Hansen,matt hansen,Matt Hansen,Gothic Theatre,Englewood,ZFr9jZdde7,2026-12-06,0,onsale,Pop,Pop,0,0,0,5fcd29a6057380f8,1,46360,,
G5vzZ_53YPlC7,DragonForce: Inhuman Rampage 20th Anniversary,dragonforce inhuman rampage 20th anniversary,DragonForce,Fillmore Auditorium (Denver),Denver,KovZpZAE6eJA,2026-12-08,2,onsale,Metal,Nu-Metal,0,0,0,71aa12b3e2294491,3,193,,
G5vzZ_8pBmuSp,THE KILANS - COULD YOU KEEP IT DARK? TOUR,kilans could you keep it dark,The Kilans,Marquis,Denver,KovZpZAJeFkA,2026-12-08,2,onsale,Rock,Pop,0,0,0,7914dd21eeb1a9b7,2,109,,
Z7r9jZ1A70d4f,Amy Grant w/ Michael W. Smith,amy grant w michael w smith,Amy Grant,Blue Arena at The Ranch Events Complex,Loveland,ZFr9jZ7v1A,2026-12-08,2,onsale,Pop,Adult Contemporary,0,0,0,8559018d84eecee0,3,221,,
rZ7HnEZ1AfAKAV,Ladies Night 2026,ladies,,Stampede,Aurora,rZ7HnEZ173p1A,2026-12-09,3,onsale,Country,Country,0,0,0,db594b1aea3f1011,0,302,16.56,16.56
G5vzZ_8U_UAYk,Jonas Brothers: The Burning Up Tour All Over Again,jonas brothers burning up all over again,Jonas Brothers,Ball Arena,Denver,KovZpZAFaJeA,2026-12-09,3,onsale,Pop,Electro Pop,0,0,0,2e92a2cd74728ae0,3,110,,
G5vzZ_o1n2HqL,Club Level Seating: Jonas Brothers,club level seating jonas brothers,Jonas Brothers,Ball Arena,Denver,KovZpZAFaJeA,2026-12-09,3,onsale,Pop,Electro Pop,0,1,0,2e92a2cd74728ae0,2,103,,
rZ7HnEZ1AfxAFd,Goth Night hosted by Gotica Nouveau,goth hosted by gotica nouveau,,Vultures,Colorado Springs,rZ7HnEZ17fd1A,2026-12-09,3,onsale,Alternative,Goth,0,0,0,4a155310f3a7ff27,0,226,,
G5vzZ_3xEW44i,Baby Jane's Winter Forever Tour,baby jane s winter forever,Baby Jane,Marquis,Denver,KovZpZAJeFkA,2026-12-10,4,onsale,Dance/Electronic,Amapiano,1,0,0,f16088cb2793ab2b,1,85,,
G5vzZ_C-Oss-f,A Clay Walker Family Christmas,clay walker family christmas,Clay Walker,Paramount Theatre,Denver,KovZpZAFa1nA,2026-12-10,4,onsale,Country,Country,0,0,0,294b7a248dfb5818,1,146,,
rZ7HnEZ1AfZUOV,$5 Thursdays!,5 thursdays,,La Rumba,Denver,rZ7HnEZ173pGP,2026-12-10,4,onsale,World,Latin,0,0,0,fc5f9983e95faa24,0,342,8.73,8.73
G5vzZ_2T2Jz29,Spafford,spafford,Spafford,Summit Music Hall,Denver,KovZpZAFFt1A,2026-12-11,5,onsale,Rock,Pop,0,0,0,aef96ab83cecb28c,1,126,,
rZ7HnEZ1AfZU8f,Ladies Night & Noche Sonidera,ladies noche sonidera,,La Rumba,Denver,rZ7HnEZ173pGP,2026-12-11,5,onsale,World,Latin,0,0,0,ceb6371cbec3ce59,0,343,14.13,14.13
Z7r9jZ1A70JGp,Colorado Symphony Orchestra presents A Colorado Christmas,colorado symphony orchestra colorado christmas,Colorado Symphony Orchestra,Boettcher Hall,Denver,Z6r9jZdv1e,2026-12-11,5,onsale,Other,Other,0,0,0,12897d9c826d8c8f,1,46365,,
Z7r9jZ1A7PK4E,Dennett (16 and Over),dennett 16 over,Dennett,Ogden Theatre,Denver,ZFr9jZedde,2026-12-11,5,onsale,Dance/Electronic,Dance/Electronic,1,0,0,dd5b0003ccc4ba16,1,46365,,
rZ7HnEZ1AfP0oN,Robert Earl Keen,robert earl keen,Robert Earl Keen,Grizzly Rose,Denver,rZ7HnEZ17uJbA,2026-12-11,5,onsale,Country,Classic Country,0,0,0,b2ef7f4a64d1176e,1,184,51.93,51.93
G5vzZ_oJ0Eye-,REPRISE: Recreating Iconic Phish Shows (TWO-DAY TICKETS),reprise recreating iconic phish shows two day tickets,Reprise,Ophelia's Electric Soapbox,Denver,KovZ917Aai0,2026-12-11,5,onsale,Other,Other,0,0,0,adcec32c206cb873,1,105,,
G5vzZ_oJ0Ntv_,Reprise: Recreating Iconic Phish Shows,reprise recreating iconic phish shows,Reprise,Ophelia's Electric Soapbox,Denver,KovZ917Aai0,2026-12-11,5,onsale,Other,Other,0,1,0,adcec32c206cb873,1,105,,
rZ7HnEZ1AfG3ZV,3BallMTY,3ballmty,,The Basement at Club Vinyl,Denver,rZ7HnEZ17QA4S,2026-12-11,5,onsale,Dance/Electronic,Dance/Electronic,1,0,0,4739d492fd5ac159,0,92,0.0,0.0
Z7r9jZ1A70JuK,Colorado Symphony Orchestra presents A Colorado Christmas,colorado symphony orchestra colorado christmas,Colorado Symphony Orchestra,Boettcher Hall,Denver,Z6r9jZdv1e,2026-12-12,6,onsale,Other,Other,0,0,0,f9d706288adbc23a,1,46366,,
G5vzZ_1SIgr2S,Beartooth: Pure Ecstasy World Tour,beartooth pure ecstasy world,Beartooth,Fillmore Auditorium (Denver),Denver,KovZpZAE6eJA,2026-12-12,6,onsale,Metal,Nu-Metal,0,0,0,c38a762f5558a32a,4,204,,
G5vzZ_196hmUm,Drop Dead Gorgeous,drop dead gorgeous,Drop Dead Gorgeous,Summit Music Hall,Denver,KovZpZAFFt1A,2026-12-12,6,onsale,Rock,Alternative Rock,0,0,0,b97d2332731bc457,3,218,,
Z7r9jZ1A70JGz,Colorado Symphony Orchestra presents A Colorado Christmas,colorado symphony orchestra colorado christmas,Colorado Symphony Orchestra,Boettcher Hall,Denver,Z6r9jZdv1e,2026-12-12,6,onsale,Other,Other,0,1,0,f9d706288adbc23a,1,46366,,
G5vzZ_3N2yIUP,Naethan Apollo: Make Things Better Charity Concert,naethan apollo make things better charity,Naethan Apollo,Marquis,Denver,KovZpZAJeFkA,2026-12-12,6,onsale,Hip-Hop/Rap,Trap,0,0,0,80fe71820e690b39,1,92,,
rZ7HnEZ1AfZgb0,Sabados Sabrosos!,sabados sabrosos,,La Rumba,Denver,rZ7HnEZ173pGP,2026-12-12,6,onsale,World,Latin,0,0,0,16bae0ffc944588a,0,344,25.18,25.18
Z7r9jZ1AAZPeZ,The Railbenders (16 and Over),railbenders 16 over,The Railbenders,Gothic Theatre,Englewood,ZFr9jZdde7,2026-12-12,6,onsale,Other,Other,0,0,0,d6e2e6630a9b4ee8,1,46366,,
rZ7HnEZ1Af1oAf,Dustin De La Garza,dustin de la garza,,Whiskey Rose,Colorado Springs,rZ7HnEZ17q_Qf,2026-12-12,6,onsale,Country,Alternative Country,0,0,0,815b336d60a5d733,0,107,24.2,24.2
G5vzZ_oJ0ladB,Reprise: Recreating Iconic Phish Shows,reprise recreating iconic phish shows,Reprise,Ophelia's Electric Soapbox,Denver,KovZ917Aai0,2026-12-12,6,onsale,Other,Other,0,0,0,30b28b5137961f20,1,106,,
rZ7HnEZ1AfG_b7, Tsu Nami,tsu nami,,The Basement at Club Vinyl,Denver,rZ7HnEZ17QA4S,2026-12-12,6,onsale,Dance/Electronic,Dance/Electronic,1,0,0,71fced42bfda34bb,0,86,14.95,14.95
Z7r9jZ1A70JbA,Colorado Symphony Orchestra presents A Colorado Christmas,colorado symphony orchestra colorado christmas,Colorado Symphony Orchestra,Boettcher Hall,Denver,Z6r9jZdv1e,2026-12-13,0,onsale,Other,Other,0,0,0,801855fab6ac42d8,1,46367,,
G5vzZ_8n0IbXV,Miss May I x Born Of Osiris,miss may i x born of osiris,Miss May I,Summit Music Hall,Denver,KovZpZAFFt1A,2026-12-13,0,onsale,Rock,Pop,0,0,0,d9653749953ddc23,4,121,,
Z7r9jZ1AAZdby,Trivium w/ In Flames,trivium w in flames,Trivium,Mission Ballroom,Denver,Z7r9jZadVI,2026-12-13,0,onsale,Rock,Hard Rock,0,0,0,5957c3909e364769,4,142,,
Z7r9jZ1AAv7jd,Lindsey Stirling - The Snow Waltz Tour 2026,lindsey stirling snow waltz,Lindsey Stirling,Blue Arena at The Ranch Events Complex,Loveland,ZFr9jZ7v1A,2026-12-13,0,onsale,Classical,Classical/Vocal,0,0,0,4a8d5e47d526c519,2,46367,,
rZ7HnEZ1AfZgFV,SALSA & BACHATA SUNDAYS,salsa bachata sundays,,La Rumba,Denver,rZ7HnEZ173pGP,2026-12-13,0,onsale,World,Latin,0,0,0,5c5baeb72dfdde0a,0,345,14.13,14.13
Z7r9jZ1AAvsQ4,Josiah & the Bonnevilles,josiah bonnevilles,Josiah and the Bonnevilles,Black Sheep,Colorado Springs,KovZpZAJ77kA,2026-12-14,1,onsale,Rock,Rock,0,0,0,2a9c5a28742f16ab,1,89,,
16e0Z_37JG7UYcM,Josiah and the Bonnevilles,josiah bonnevilles,,Black Sheep,Colorado Springs,KovZpZAJ77kA,2026-12-14,1,onsale,Rock,Pop,0,1,0,2a9c5a28742f16ab,0,89,,
rZ7HnEZ1AfAKef,Ladies Night 2026,ladies,,Stampede,Aurora,rZ7HnEZ173p1A,2026-12-16,3,onsale,Country,Country,0,0,0,5eef51913a8ce852,0,309,16.56,16.56
rZ7HnEZ1A4Za0S,Shimmy Shakin' Blues,shimmy shakin blues,,La Rumba,Denver,rZ7HnEZ173pGP,2026-12-16,3,onsale,Other,,0,0,0,af52cde24003d3bc,0,135,20.03,41.13
Z7r9jZ1A70JuN,Colorado Symphony Orchestra presents John Denver - A Rocky Mountain Christmas,colorado symphony orchestra john denver rocky mountain christmas,A John Waters Christmas,Boettcher Hall,Denver,Z6r9jZdv1e,2026-12-16,3,onsale,Other,Other,0,0,0,af3f384e7b8fd99b,2,46370,,
rZ7HnEZ1AfxAZN,Goth Night hosted by Gotica Nouveau,goth hosted by gotica nouveau,,Vultures,Colorado Springs,rZ7HnEZ17fd1A,2026-12-16,3,onsale,Alternative,Goth,0,0,0,9bf24692063b0e7d,0,233,,
Z7r9jZ1A70JGS,Colorado Symphony Orchestra presents Holiday Brass,colorado symphony orchestra holiday brass,Colorado Symphony Orchestra,Boettcher Hall,Denver,Z6r9jZdv1e,2026-12-17,4,onsale,Other,Other,0,0,0,9c230ac0e6cb0a0e,2,46371,,
Z7r9jZ1A7Pojw,Dexter and The Moonrocks (16 and Over),dexter moonrocks 16 over,Dexter and The Moonrocks,Mission Ballroom,Denver,Z7r9jZadVI,2026-12-17,4,onsale,Alternative,Alternative Rock,0,0,0,c3017b29fa798dd1,1,46371,,
rZ7HnEZ1AfZU_V,$5 Thursdays!,5 thursdays,,La Rumba,Denver,rZ7HnEZ173pGP,2026-12-17,4,onsale,World,Latin,0,0,0,3eeb2beb1adc9132,0,349,8.73,8.73
1k18vPGvGA5BoZB,Voodoo Glow Skulls,voodoo glow skulls,Voodoo Glow Skulls,Black Sheep,Colorado Springs,KovZpZAJ77kA,2026-12-17,4,onsale,Rock,Alternative Rock,0,0,0,34a8c12e741cf7ce,1,90,,
G5vzZ_o6vFBBC,Evil Island,evil island,Evil Island,Marquis,Denver,KovZpZAJeFkA,2026-12-18,5,onsale,Rock,Punk,0,0,0,340b8c5196bc0639,1,120,,
Z7r9jZ1AAZF8o,Mannheim Steamroller Christmas,mannheim steamroller christmas,Mannheim Steamroller Christmas,Buell Theatre,Denver,ZFr9jZe6Fe,2026-12-18,5,onsale,New Age,New Age,0,0,0,9613c4ecbf783c61,1,46372,,
rZ7HnEZ1AfZUaV,Ladies Night & Noche Sonidera,ladies noche sonidera,,La Rumba,Denver,rZ7HnEZ173pGP,2026-12-18,5,onsale,World,Latin,0,0,0,77c887e8636e0184,0,350,14.13,14.13
1Ae0Z_3GkzsioO0,TECH N9NE,tech n9ne,Tech N9ne,Black Sheep,Colorado Springs,KovZpZAJ77kA,2026-12-18,5,onsale,Hip-Hop/Rap,Trap,0,0,0,2c88aefd5bd7fa0d,1,91,,
G5vzZ_ArM9BiG,Electronic Orchestra,electronic orchestra,Electronic Orchestra,Fillmore Auditorium (Denver),Denver,KovZpZAE6eJA,2026-12-18,5,cancelled,Dance/Electronic,Amapiano,1,0,1,702f2c178920e29e,1,295,,
Z7r9jZ1A7P8Ob,Dexter and The Moonrocks,dexter moonrocks,Dexter and The Moonrocks,Phil Long Music Hall at Bourbon Brothers,Colorado Springs,Z7r9jZaATV,2026-12-18,5,onsale,Alternative,Alternative Rock,0,0,0,cfda1caec4226163,1,46372,,
Z7r9jZ1AAZZa0,Canabliss w/ HerShe,canabliss w hershe,Canabliss,Ogden Theatre,Denver,ZFr9jZedde,2026-12-18,5,onsale,Dance/Electronic,Dance/Electronic,1,0,0,8194b62cd7d48558,2,46372,,
Z7r9jZ1AAv_fe,ATOMGA,atomga,ATOMGA,Bluebird Theatre,Denver,Z6r9jZdvee,2026-12-18,5,onsale,World,World,0,0,0,69d154213e56c2b9,1,46372,,
Z7r9jZ1AAvtPU,Tech N9ne,tech n9ne,Tech N9ne,Black Sheep,Colorado Springs,KovZpZAJ77kA,2026-12-18,5,onsale,Hip-Hop/Rap,Hip-Hop/Rap,0,1,0,2c88aefd5bd7fa0d,1,91,,
rZ7HnEZ1AfJ38S,Easton Corbin,easton corbin,Easton Corbin,Grizzly Rose,Denver,rZ7HnEZ17uJbA,2026-12-18,5,onsale,Country,Country,0,0,0,7c115e06d5e5a0db,1,142,41.63,41.63
Z7r9jZ1A70tPF,Mannheim Steamroller Christmas,mannheim steamroller christmas,Mannheim Steamroller Christmas,Buell Theatre,Denver,ZFr9jZe6Fe,2026-12-19,6,onsale,New Age,New Age,0,0,0,0a6e6d521ec0de34,1,46373,,
Z7r9jZ1AAvdAE,The Colorado Springs Philharmonic presents Christmas Symphony,colorado springs philharmonic christmas symphony,Colorado Springs Philharmonic,Pikes Peak Center,Colorado Springs,ZFr9jZe777,2026-12-19,6,onsale,Other,Other,0,0,0,55f6c23561caffc3,1,46373,,
G5vzZ_3mStaLC,Tech N9ne,tech n9ne,Tech N9ne,Fillmore Auditorium (Denver),Denver,KovZpZAE6eJA,2026-12-19,6,onsale,Hip-Hop/Rap,Trap,0,0,0,607b3d72f7f04bb0,1,92,,
Z7r9jZ1AAZ8u-,Mannheim Steamroller Christmas,mannheim steamroller christmas,Mannheim Steamroller Christmas,Buell Theatre,Denver,ZFr9jZe6Fe,2026-12-19,6,onsale,New Age,New Age,0,1,0,0a6e6d521ec0de34,1,46373,,
G5vzZ_35A2jKt,Breathe Carolina,breathe carolina,Breathe Carolina,Summit Music Hall,Denver,KovZpZAFFt1A,2026-12-19,6,onsale,Rock,Pop,0,0,0,11a5bf9c58e6b886,2,92,,
G5vzZ_5zhOsLS,Drag the River,drag river,Drag the River,Marquis,Denver,KovZpZAJeFkA,2026-12-19,6,onsale,Rock,Pop,0,0,0,a63778256eb2eaf6,1,201,,
rZ7HnEZ1AfZgQf,Sabados Sabrosos!,sabados sabrosos,,La Rumba,Denver,rZ7HnEZ173pGP,2026-12-19,6,onsale,World,Latin,0,0,0,ea240a58dfb23dbd,0,351,25.18,25.18
Z7r9jZ1A70b3Z,Buffalo Traffic Jam,buffalo traffic jam,Buffalo Traffic Jam,Ogden Theatre,Denver,ZFr9jZedde,2026-12-19,6,onsale,Folk,Indie Folk,0,0,0,cc5b1907aa0ab61c,1,218,,
Z7r9jZ1A70w78,Ahee (16 and Over),ahee 16 over,Ahee,Mission Ballroom,Denver,Z7r9jZadVI,2026-12-19,6,onsale,Other,Other,0,0,0,49f60b029ff94499,2,46373,,
Z7r9jZ1AAZ8o0,Emma Ruth Rundle w/ Cinder Well,emma ruth rundle w cinder well,Emma Ruth Rundle,Bluebird Theatre,Denver,Z6r9jZdvee,2026-12-19,6,onsale,Other,Other,0,0,0,f26368dd3c38136a,2,46373,,
Z7r9jZ1A7P-4I,Twin Diplomacy - Ages 18+,twin diplomacy ages 18,Twin Diplomacy,ReelWorks Denver,Denver,Z7r9jZa7cI,2026-12-19,6,onsale,Dance/Electronic,Dance/Electronic,1,0,0,254f3eeabe28fafb,1,46373,,
rZ7HnEZ1AfZg77,SALSA & BACHATA SUNDAYS,salsa bachata sundays,,La Rumba,Denver,rZ7HnEZ173pGP,2026-12-20,0,onsale,World,Latin,0,0,0,a057f5ebd89c71b3,0,352,14.13,14.13
Z7r9jZ1A70-OF,Buffalo Traffic Jam (16 and Over),buffalo traffic jam 16 over,Buffalo Traffic Jam,Ogden Theatre,Denver,ZFr9jZedde,2026-12-20,0,onsale,Folk,Indie Folk,0,0,0,0bb495561ed1eef7,1,46374,,
rZ7HnEZ1AfAKkf,Ladies Night 2026,ladies,,Stampede,Aurora,rZ7HnEZ173p1A,2026-12-23,3,onsale,Country,Country,0,0,0,07cd15bf7dc06cae,0,316,16.56,16.56
rZ7HnEZ1AfxA7d,Goth Night hosted by Gotica Nouveau,goth hosted by gotica nouveau,,Vultures,Colorado Springs,rZ7HnEZ17fd1A,2026-12-23,3,onsale,Alternative,Goth,0,0,0,119e63329ec8c3bb,0,240,,
rZ7HnEZ1AfZUOf,$5 Thursdays!,5 thursdays,,La Rumba,Denver,rZ7HnEZ173pGP,2026-12-24,4,onsale,World,Latin,0,0,0,3a6a90319c4a8e68,0,356,8.73,8.73
rZ7HnEZ1AfZUkf,Ladies Night & Noche Sonidera,ladies noche sonidera,,La Rumba,Denver,rZ7HnEZ173pGP,2026-12-25,5,onsale,World,Latin,0,0,0,dc1e2a30c4ad858c,0,357,14.13,14.13
rZ7HnEZ1AfZgOf,Sabados Sabrosos!,sabados sabrosos,,La Rumba,Denver,rZ7HnEZ173pGP,2026-12-26,6,onsale,World,Latin,0,0,0,6591e0c0b4e05932,0,358,25.18,25.18
rZ7HnEZ1AfZgAf,SALSA & BACHATA SUNDAYS,salsa bachata sundays,,La Rumba,Denver,rZ7HnEZ173pGP,2026-12-27,0,onsale,World,Latin,0,0,0,76228d8d97e99efa,0,359,14.13,14.13
rZ7HnEZ1AfAKk7,Ladies Night 2026,ladies,,Stampede,Aurora,rZ7HnEZ173p1A,2026-12-30,3,onsale,Country,Country,0,0,0,1854f887da87fa4e,0,323,16.56,16.56
Z7r9jZ1AAZt7P,The Colorado Springs Philharmonic presents New Year's Eve: Rhapsody in Blue,colorado springs philharmonic new year s eve rhapsody in blue,Colorado Springs Philharmonic,Pikes Peak Center,Colorado Springs,ZFr9jZe777,2026-12-30,3,onsale,Other,Other,0,0,0,0587ca1998e98420,1,46384,,
G5vzZ_8mEraQD,The Polish Ambassador,polish ambassador,The Polish Ambassador,Fillmore Auditorium (Denver),Denver,KovZpZAE6eJA,2026-12-31,4,onsale,Rock,Alternative Rock,0,0,0,46e559a743341083,3,139,,
Z7r9jZ1A7Jo-y,The Colorado Springs Philharmonic presents New Year's Eve: Rhapsody in Blue,colorado springs philharmonic new year s eve rhapsody in blue,Colorado Springs Philharmonic,Pikes Peak Center,Colorado Springs,ZFr9jZe777,2026-12-31,4,onsale,Other,Other,0,0,0,1ee84b4c46cbf7fa,1,46385,,
rZ7HnEZ1AfZUq7,$5 Thursdays!,5 thursdays,,La Rumba,Denver,rZ7HnEZ173pGP,2026-12-31,4,onsale,World,Latin,0,0,0,2314bb7a6ae8e24e,0,363,8.73,8.73
Z7r9jZ1A70Ju3,Colorado Symphony Orchestra presents An Evening of Mozart,colorado symphony orchestra evening of mozart,Colorado Symphony Orchestra,Boettcher Hall,Denver,Z6r9jZdv1e,2027-01-03,0,onsale,Other,Other,0,0,0,957d1bcd1f1dcbc5,1,46388,,
rZ7HnEZ1AfAKZ7,Ladies Night 2026,ladies,,Stampede,Aurora,rZ7HnEZ173p1A,2027-01-06,3,onsale,Country,Country,0,0,0,abf542f02939bedb,0,330,16.56,16.56
Z7r9jZ1A70JuP,Colorado Symphony Orchestra presents Harry Potter and Order of the Phoenix in Concert,colorado symphony orchestra harry potter order of phoenix in,Harry Potter Concert Series,Boettcher Hall,Denver,Z6r9jZdv1e,2027-01-08,5,onsale,Other,Other,0,0,0,38e87f4b15e0da52,2,46393,,
Z7r9jZ1A70JuJ,Colorado Symphony Orchestra presents Harry Potter and Order of the Phoenix in Concert,colorado symphony orchestra harry potter order of phoenix in,Harry Potter Concert Series,Boettcher Hall,Denver,Z6r9jZdv1e,2027-01-09,6,onsale,Other,Other,0,0,0,8228d4b8ec9e856a,2,46394,,
Z7r9jZ1A70Ju0,Colorado Symphony Orchestra presents Harry Potter and Order of the Phoenix in Concert,colorado symphony orchestra harry potter order of phoenix in,Harry Potter Concert Series,Boettcher Hall,Denver,Z6r9jZdv1e,2027-01-10,0,onsale,Other,Other,0,0,0,564b933daeb18305,2,46395,,
rZ7HnEZ1AfAKvf,Ladies Night 2026,ladies,,Stampede,Aurora,rZ7HnEZ173p1A,2027-01-13,3,onsale,Country,Country,0,0,0,a432cac9da748e99,0,337,16.56,16.56
G5vzZ_3JfKPE7,The Temptations,temptations,The Temptations,Paramount Theatre,Denver,KovZpZAFa1nA,2027-01-13,3,onsale,R&B,R&B,0,0,0,765043f54c8e9822,1,117,,
Z7r9jZ1A70JG4,Colorado Symphony Orchestra presents Vivaldi The Four Seasons Recomposed & Mozart No. 25,colorado symphony orchestra vivaldi four seasons recomposed mozart no 25,Colorado Symphony Orchestra,Boettcher Hall,Denver,Z6r9jZdv1e,2027-01-15,5,onsale,Other,Other,0,0,0,5011b2293889500f,1,46400,,
Z7r9jZ1A70Ju7,Colorado Symphony Orchestra presents Vivaldi The Four Seasons Recomposed & Mozart No. 25,colorado symphony orchestra vivaldi four seasons recomposed mozart no 25,Colorado Symphony Orchestra,Boettcher Hall,Denver,Z6r9jZdv1e,2027-01-16,6,onsale,Other,Other,0,0,0,9cc0b57cf337fae4,1,46401,,
Z7r9jZ1A70Jud,Colorado Symphony Orchestra presents Vivaldi The Four Seasons Recomposed & Mozart No. 25,colorado symphony orchestra vivaldi four seasons recomposed mozart no 25,Colorado Symphony Orchestra,Boettcher Hall,Denver,Z6r9jZdv1e,2027-01-17,0,onsale,Other,Other,0,0,0,06a775534398f108,1,46402,,
rZ7HnEZ1AfAKe7,Ladies Night 2026,ladies,,Stampede,Aurora,rZ7HnEZ173p1A,2027-01-20,3,onsale,Country,Country,0,0,0,95872b97522917c7,0,344,16.56,16.56
1Ae0Z_3GkiHvsFG,Twin Fin - the California Sober Winter Tour,twin fin california sober winter,Twin Fin,Black Sheep,Colorado Springs,KovZpZAJ77kA,2027-01-20,3,onsale,Rock,Pop,0,0,0,1a3a2e2408acf9b9,1,126,,
Z7r9jZ1A7PdCp,Retrospective of Minimalism,retrospective of minimalism,Colorado Symphony Orchestra,Boettcher Hall,Denver,Z6r9jZdv1e,2027-01-21,4,onsale,Other,Other,0,0,0,19b8f967050260db,1,46406,,
G5vzZ_2KjCL7N,Madds Buckley 2026/2027 North American Tour,madds buckley north american,Madds Buckley,Marquis,Denver,KovZpZAJeFkA,2027-01-22,5,onsale,Rock,Alternative Rock,0,0,0,21d52cc49a2625fb,2,175,,
G5vzZ_3E0Fj9Q,DJ Meredith Marks - YOU. CAN. DANCE. Tour,dj meredith marks you can dance,DJ Meredith Marks,Summit Music Hall,Denver,KovZpZAFFt1A,2027-01-22,5,onsale,Dance/Electronic,Amapiano,1,0,0,1e0666c3e2278f53,1,126,,
Z7r9jZ1A7x714,WonkyWilla,wonkywilla,WonkyWilla,Mission Ballroom,Denver,Z7r9jZadVI,2027-01-22,5,onsale,Dance/Electronic,Dance/Electronic,1,0,0,b6646a52d11a7976,1,46407,,
Z7r9jZ1AAZtkv,The Colorado Springs Philharmonic presents Sibelius / Mahler,colorado springs philharmonic sibelius mahler,Colorado Springs Philharmonic,Pikes Peak Center,Colorado Springs,ZFr9jZe777,2027-01-23,6,onsale,Other,Other,0,0,0,50ffe2cd905c46fb,1,46408,,
G5vzZ_3niiz9S,Fairlane,fairlane,Fairlane,Meow Wolf Denver,Denver,KovZ917AYbY,2027-01-23,6,onsale,Rock,Pop,0,0,0,215a1a4707a89241,1,135,,
Z7r9jZ1AAvJeK,Fairlane,fairlane,Fairlane,Meow Wolf Denver,Denver,KovZ917AYbY,2027-01-23,6,onsale,Other,Other,0,1,0,215a1a4707a89241,1,135,,
Z7r9jZ1AAZtke,The Colorado Springs Philharmonic presents Sibelius / Mahler,colorado springs philharmonic sibelius mahler,Colorado Springs Philharmonic,Pikes Peak Center,Colorado Springs,ZFr9jZe777,2027-01-24,0,onsale,Other,Other,0,0,0,3a80877f3fd6e5f4,1,46409,,
rZ7HnEZ1AfAK77,Ladies Night 2026,ladies,,Stampede,Aurora,rZ7HnEZ173p1A,2027-01-27,3,onsale,Country,Country,0,0,0,e0f086e8ecd87f83,0,351,16.56,16.56
Z7r9jZ1AAZeJv,Kingston Trio,kingston trio,Kingston Trio,Pikes Peak Center,Colorado Springs,ZFr9jZe777,2027-01-28,4,onsale,Country,Country Folk,0,0,0,210ebf9799191195,1,46413,,
Z7r9jZ1A70JuF,Colorado Symphony Orchestra presents Prokofiev with Stewart Goodyear & Rachmaninoff???s 3rd Symphony,colorado symphony orchestra prokofiev stewart goodyear rachmaninoff s 3rd symphony,Colorado Symphony Orchestra,Boettcher Hall,Denver,Z6r9jZdv1e,2027-01-29,5,onsale,Other,Other,0,0,0,b7b990eac805844e,1,46414,,
Z7r9jZ1A7-boZ,Cristian Castro,cristian castro,Cristian Castro,Bellco Theatre,Denver,ZFr9jZ76Ak,2027-01-29,5,onsale,World,,0,0,0,d697bd24e27b9fca,1,46414,,
Z7r9jZ1AAv4Fa,Jason Ross (16+ Event),jason ross 16 event,Jason Ross,Ogden Theatre,Denver,ZFr9jZedde,2027-01-29,5,onsale,Other,Other,1,0,0,4699d7c11659b042,1,46414,,
Z7r9jZ1A7PFGy,Brad Williams,brad williams,Brad Williams,Pikes Peak Center,Colorado Springs,ZFr9jZe777,2027-01-30,6,onsale,Other,Other,0,0,0,b0cede7eeb8f0a64,1,232,,
G5vzZ_6e-A6fU,Paramount Theatre Club Seating: Professor Brian Cox,paramount theatre club seating professor brian cox,Professor Brian Cox,Paramount Theatre,Denver,KovZpZAFa1nA,2027-01-30,6,onsale,Other,Other,0,0,0,0c44032ea089cab9,1,318,,
Z7r9jZ1A70JGK,Colorado Symphony Orchestra presents Prokofiev with Stewart Goodyear & Rachmaninoff???s 3rd Symphony,colorado symphony orchestra prokofiev stewart goodyear rachmaninoff s 3rd symphony,Colorado Symphony Orchestra,Boettcher Hall,Denver,Z6r9jZdv1e,2027-01-30,6,onsale,Other,Other,0,0,0,c778199e2309ab10,1,46415,,
G5vzZ_3JMOzt2,Bad Suns - Disappear Here: A Ten Year Celebration,bad suns disappear here ten year celebration,Bad Suns,Summit Music Hall,Denver,KovZpZAFFt1A,2027-02-02,2,onsale,Rock,Pop,0,0,0,6b5a00a69af6712f,1,137,,
rZ7HnEZ1AfAKv0,Ladies Night 2026,ladies,,Stampede,Aurora,rZ7HnEZ173p1A,2027-02-03,3,onsale,Country,Country,0,0,0,64557d9e4e0b2c1a,0,358,16.56,16.56
G5vzZ_Cr8XVJQ,Jesse Cook: Forever Live Tour ,jesse cook forever,Jesse Cook,Paramount Theatre,Denver,KovZpZAFa1nA,2027-02-03,3,onsale,Pop,Adult Contemporary,0,0,0,e3d14f375a18f54b,1,201,,
G5vzZ_u2hqXBT,"Don Omar ""The Last King World Tour""",don omar last king world,Don Omar,Ball Arena,Denver,KovZpZAFaJeA,2027-02-03,3,onsale,Hip-Hop/Rap,Reggaeton,0,1,0,29ef5de2daadebad,1,222,,
G5vzZ_uJhDalj,Club Level Seating: Don Omar,club level seating don omar,Don Omar,Ball Arena,Denver,KovZpZAFaJeA,2027-02-03,3,onsale,Hip-Hop/Rap,Reggaeton,0,0,0,29ef5de2daadebad,2,215,,
Z7r9jZ1AAZIu0,The Colorado Springs Philharmonic presents Joshua Bell: A Centennial Celebration,colorado springs philharmonic joshua bell centennial celebration,Joshua Bell,Pikes Peak Center,Colorado Springs,ZFr9jZe777,2027-02-05,5,onsale,Classical,Classical/Vocal,0,0,0,0dd6e25a65e30495,2,46421,,
G5vzZ_KdPwjuE,Emo Night Karaoke,emo karaoke,Emo Night Karaoke,Summit Music Hall,Denver,KovZpZAFFt1A,2027-02-05,5,onsale,Rock,Pop,0,0,0,b231a5fe5d4ded7d,1,140,,
G5vzZ_uxsH5y5,MANIA: The ABBA Tribute,mania abba tribute,MANIA: The ABBA Tribute,Avalon Theatre,Grand Junction,KovZpa4gke,2027-02-06,6,onsale,,,0,0,0,7fd2b294698fbbb4,1,211,,
Z7r9jZ1A70tu4,The Hip Abduction (16 and Over),hip abduction 16 over,The Hip Abduction,Mission Ballroom,Denver,Z7r9jZadVI,2027-02-06,6,onsale,Other,Other,0,0,0,aa4a1aa7ff2203ce,4,46422,,
Z7r9jZ1AAZEPN,BLANKE - PRESENTS EDGE OF THE WORLD - Ages 18+,blanke edge of world ages 18,Blanke,ReelWorks Denver,Denver,Z7r9jZa7cI,2027-02-06,6,onsale,Other,Other,1,0,0,987a83fbdc91a3df,4,46422,,
G5vzZ_3CFJPyQ,"No Hope In Hell Tour featuring Heal The Hurt, Cultist, and Small Voice",no hope in hell heal hurt cultist small voice,Heal The Hurt,Marquis,Denver,KovZpZAJeFkA,2027-02-10,3,onsale,Metal,Nu-Metal,0,0,0,045e24060de0d30d,3,152,,
1k18vPFNGA2qOWy,"Heal the Hurt, Cultist, Small Voice",heal hurt cultist small voice,,Black Sheep,Colorado Springs,KovZpZAJ77kA,2027-02-11,4,onsale,Rock,Alternative Rock,0,0,0,00e1d188b8ecdd2c,0,154,,
Z7r9jZ1A70JGf,Colorado Symphony Orchestra presents Tchaikovsky Symphony No. 5 & Saint-Saens Violin Concerto No. 3,colorado symphony orchestra tchaikovsky symphony no 5 saint saens violin concerto no 3,Colorado Symphony Orchestra,Boettcher Hall,Denver,Z6r9jZdv1e,2027-02-12,5,onsale,Other,Other,0,0,0,3a13ed0d403dab5a,1,46428,,
Z7r9jZ1AAZtvS,The Colorado Springs Philharmonic presents Star Wars: Return of the Jedi,colorado springs philharmonic star wars return of jedi,Colorado Springs Philharmonic,Pikes Peak Center,Colorado Springs,ZFr9jZe777,2027-02-12,5,onsale,Other,Other,0,0,0,f971efb7c623f563,1,46428,,
G5vzZ_o3iVhXH,Stella Lefty: Long Way Home Tour,stella lefty long way home,Stella Lefty,Fillmore Auditorium (Denver),Denver,KovZpZAE6eJA,2027-02-13,6,onsale,Pop,Electro Pop,0,0,0,f10c1d7b1611eb99,1,169,,
Z7r9jZ1A70JGM,Colorado Symphony Orchestra presents Tchaikovsky Symphony No. 5 & Saint-Saens Violin Concerto No. 3,colorado symphony orchestra tchaikovsky symphony no 5 saint saens violin concerto no 3,Colorado Symphony Orchestra,Boettcher Hall,Denver,Z6r9jZdv1e,2027-02-13,6,onsale,Other,Other,0,0,0,a25e8c24aa10405b,1,46429,,
Z7r9jZ1AAZtvV,The Colorado Springs Philharmonic presents Star Wars: Return of the Jedi,colorado springs philharmonic star wars return of jedi,Colorado Springs Philharmonic,Pikes Peak Center,Colorado Springs,ZFr9jZe777,2027-02-13,6,onsale,Other,Other,0,0,0,c731b0db3587d5c9,1,46429,,
Z7r9jZ1AAZV0V,La Fiera de Ojinaga - Fiesta de Enamorados,la fiera de ojinaga fiesta de enamorados,La Fiera De Ojinaga,Bellco Theatre,Denver,ZFr9jZ76Ak,2027-02-13,6,onsale,Other,Other,0,0,0,8e2d559e0d496450,1,46429,,
Z7r9jZ1AAZyOw,SoDown (16+ Event),sodown 16 event,SoDown,Mission Ballroom,Denver,Z7r9jZadVI,2027-02-13,6,onsale,Other,Other,1,0,0,b0c7885290069dfa,1,46429,,
Z7r9jZ1A70Juv,Colorado Symphony Orchestra presents Tchaikovsky Symphony No. 5 & Saint-Saens Violin Concerto No. 3,colorado symphony orchestra tchaikovsky symphony no 5 saint saens violin concerto no 3,Colorado Symphony Orchestra,Boettcher Hall,Denver,Z6r9jZdv1e,2027-02-14,0,onsale,Other,Other,0,0,0,74c1d0ac0c89223d,1,46430,,
G5vzZ_oE6FCeI,Polyphia: BE NOT AFRAID World Tour ,polyphia be not afraid world,Polyphia,Fillmore Auditorium (Denver),Denver,KovZpZAE6eJA,2027-02-20,6,onsale,Rock,Alternative Rock,0,0,0,cc59068c300c90bc,3,176,,
Z7r9jZ1AAZtok,The Colorado Springs Philharmonic presents Verdi / Tchaikovsky,colorado springs philharmonic verdi tchaikovsky,Colorado Springs Philharmonic,Pikes Peak Center,Colorado Springs,ZFr9jZe777,2027-02-20,6,onsale,Other,Other,0,0,0,d66c118652c62dcd,1,46436,,
Z7r9jZ1A70Jue,Colorado Symphony Orchestra presents Peter and the Wolf,colorado symphony orchestra peter wolf,Colorado Symphony Orchestra,Boettcher Hall,Denver,Z6r9jZdv1e,2027-02-21,0,onsale,Other,Other,0,0,0,95988a3130a64bcc,2,46437,,
Z7r9jZ1AAZto6,The Colorado Springs Philharmonic presents Verdi / Tchaikovsky,colorado springs philharmonic verdi tchaikovsky,Colorado Springs Philharmonic,Pikes Peak Center,Colorado Springs,ZFr9jZe777,2027-02-21,0,onsale,Other,Other,0,0,0,278abed399d8f9c3,1,46437,,
G5vzZ_GCrLtbm,Wheeler Walker Jr. - Pullin' Out: The Farewell Tour,wheeler walker jr pullin out farewell,Wheeler Walker Jr.,Summit Music Hall,Denver,KovZpZAFFt1A,2027-02-27,6,onsale,Country,Country,0,0,0,588dc4c7eb4cfdce,1,260,,
Z7r9jZ1A70VfE,Wynton Marsalis,wynton marsalis,Wynton Marsalis,Gates Concert Hall,Denver,ZFr9jZ7eA1,2027-03-05,5,onsale,Blues,Jazz Blues,0,0,0,d69f2d48cc4bbe4a,1,46449,,
Z7r9jZ1AAZtZk,The Colorado Springs Philharmonic presents Pink Martini,colorado springs philharmonic pink martini,Pink Martini,Pikes Peak Center,Colorado Springs,ZFr9jZe777,2027-03-05,5,onsale,Blues,Jazz Blues,0,0,0,ebfba2d83bc08e62,2,46449,,
Z7r9jZ1A7Pf46,Sylvan Esso (16 and Over),sylvan esso 16 over,Sylvan Esso,Ogden Theatre,Denver,ZFr9jZedde,2027-03-05,5,onsale,Dance/Electronic,Dance/Electronic,1,0,0,d2a6e7a4c8099388,1,46449,,
Z7r9jZ1A70JGt,Colorado Symphony Orchestra presents Everything I Know - Mandy Gonzalez Sings Lin-Manuel Miranda,colorado symphony orchestra everything i know mandy gonzalez sings lin manuel miranda,Colorado Symphony Orchestra,Boettcher Hall,Denver,Z6r9jZdv1e,2027-03-06,6,onsale,Other,Other,0,0,0,760cfbe2b3598a5f,2,46450,,
Z7r9jZ1A7JoxZ,Pink Martini,pink martini,Pink Martini,Pikes Peak Center,Colorado Springs,ZFr9jZe777,2027-03-06,6,onsale,Blues,Jazz Blues,0,0,0,afd41eda97742f76,1,46450,,
Z7r9jZ1A70_-g,Blue October (16 and Over),blue october 16 over,Blue October,Mission Ballroom,Denver,Z7r9jZadVI,2027-03-06,6,onsale,Alternative,Alternative Rock,0,0,0,67dfd5e04970659b,1,46450,,
Z7r9jZ1A7PJ-S,Sylvan Esso (16 and Over),sylvan esso 16 over,Sylvan Esso,Ogden Theatre,Denver,ZFr9jZedde,2027-03-06,6,onsale,Dance/Electronic,Dance/Electronic,1,0,0,f7039500d521a55b,1,46450,,
Z7r9jZ1A70_P7,Blue October,blue october,Blue October,Pikes Peak Center,Colorado Springs,ZFr9jZe777,2027-03-07,0,onsale,Alternative,Alternative Rock,0,0,0,fe1115874e874349,1,296,,
Z7r9jZ1A70JGg,Colorado Symphony Orchestra presents Beethoven???s Fifth and Emperor Concerto with Kahane and Oundjian,colorado symphony orchestra beethoven s fifth emperor concerto kahane oundjian,Colorado Symphony Orchestra,Boettcher Hall,Denver,Z6r9jZdv1e,2027-03-12,5,onsale,Other,Other,0,0,0,eb7512c7bcf830ff,1,46456,,
Z7r9jZ1A70JuZ,Colorado Symphony Orchestra presents Beethoven???s Fifth and Emperor Concerto with Kahane and Oundjian,colorado symphony orchestra beethoven s fifth emperor concerto kahane oundjian,Colorado Symphony Orchestra,Boettcher Hall,Denver,Z6r9jZdv1e,2027-03-13,6,onsale,Other,Other,0,0,0,82e24ce1cbe74337,1,46457,,
Z7r9jZ1AAZto7,The Colorado Springs Philharmonic presents The Inextinguishable,colorado springs philharmonic inextinguishable,Colorado Springs Philharmonic,Pikes Peak Center,Colorado Springs,ZFr9jZe777,2027-03-13,6,onsale,Other,Other,0,0,0,0a0c6adfc0f40367,1,46457,,
Z7r9jZ1AAZzat,Heyz (16 and Over),heyz 16 over,Heyz,Mission Ballroom,Denver,Z7r9jZadVI,2027-03-13,6,onsale,Other,Other,1,0,0,d9cec897e7321328,1,46457,,
Z7r9jZ1A70JjM,Colorado Symphony Orchestra presents Beethoven???s Fifth and Emperor Concerto with Kahane and Oundjian,colorado symphony orchestra beethoven s fifth emperor concerto kahane oundjian,Colorado Symphony Orchestra,Boettcher Hall,Denver,Z6r9jZdv1e,2027-03-14,0,onsale,Other,Other,0,0,0,1e8440f7ae0bbd8d,1,46458,,
Z7r9jZ1AAZtoA,The Colorado Springs Philharmonic presents The Inextinguishable,colorado springs philharmonic inextinguishable,Colorado Springs Philharmonic,Pikes Peak Center,Colorado Springs,ZFr9jZe777,2027-03-14,0,onsale,Other,Other,0,0,0,f60b151950c8614f,1,46458,,
Z7r9jZ1AAvkbw,Michelle Branch: Everywhere And Back Again Tour - Ages 16+,michelle branch everywhere back again ages 16,Michelle Branch,Mission Ballroom,Denver,Z7r9jZadVI,2027-03-17,3,onsale,Alternative,Alternative Rock,0,0,0,f4e59dc5d7fd4208,1,46461,,
G5vzZ_8mbT6VK,The Black Jacket Symphony Presents Michael Jackson's 'Thriller',black jacket symphony michael jackson s thriller,Black Jacket Symphony,Avalon Theatre,Grand Junction,KovZpa4gke,2027-03-20,6,onsale,Rock,Pop,0,0,0,81c035b768aa8f9a,1,204,,
G5vzZ_3XNsPzV,Games We Play - I Wish I Never Quit Tour,games we play i wish i never quit,Games We Play,Meow Wolf Denver,Denver,KovZ917AYbY,2027-03-23,2,offsale,Rock,Alternative Rock,0,0,0,ee6f573374a25438,2,179,,
G5vzZ_KeilE5w,HANS ZIMMER LIVE - THE NEXT LEVEL,hans zimmer next level,Hans Zimmer,Ball Arena,Denver,KovZpZAFaJeA,2027-03-25,4,offsale,Classical,Classical/Vocal,0,0,0,a9f8ee2b3067ade2,1,181,,
Z7r9jZ1AAvx0-,Twilight in Concert,twilight in,Twilight In Concert,Pikes Peak Center,Colorado Springs,ZFr9jZe777,2027-03-30,2,onsale,Other,Other,0,0,0,85f7e26ff97db974,1,201,,
1Ae0Z_3GkIsHYXg,Chasing Abbey,chasing abbey,Chasing Abbey,Black Sheep,Colorado Springs,KovZpZAJ77kA,2027-04-01,4,onsale,Dance/Electronic,Amapiano,1,0,0,79e2e35194a84f40,1,198,,
G5vzZ_3XqU4b6,Chasing Abbey,chasing abbey,Chasing Abbey,Black Sheep,Colorado Springs,KovZpZAJ77kA,2027-04-01,4,onsale,Dance/Electronic,Amapiano,1,1,0,79e2e35194a84f40,1,195,,
Z7r9jZ1AAvJjZ,Chasing Abbey,chasing abbey,Chasing Abbey,Black Sheep,Colorado Springs,KovZpZAJ77kA,2027-04-01,4,onsale,Dance/Electronic,Dance Pop,1,1,0,79e2e35194a84f40,1,198,,
Z7r9jZ1A70Ju8,Colorado Symphony Orchestra presents Dragon Conducts Brahms' 4th and elijah with Yumi Hwang-Williams,colorado symphony orchestra dragon conducts brahms 4th elijah yumi hwang williams,Colorado Symphony Orchestra,Boettcher Hall,Denver,Z6r9jZdv1e,2027-04-02,5,onsale,Other,Other,0,0,0,7abe8b72a4ad4f79,2,46477,,
Z7r9jZ1A70Juf,Colorado Symphony Orchestra presents Dragon Conducts Brahms' 4th and elijah with Yumi Hwang-Williams,colorado symphony orchestra dragon conducts brahms 4th elijah yumi hwang williams,Colorado Symphony Orchestra,Boettcher Hall,Denver,Z6r9jZdv1e,2027-04-03,6,onsale,Other,Other,0,0,0,471df05c15783097,2,46478,,
Z7r9jZ1A70JGE,Colorado Symphony Orchestra presents Dragon Conducts Brahms' 4th and elijah with Yumi Hwang-Williams,colorado symphony orchestra dragon conducts brahms 4th elijah yumi hwang williams,Colorado Symphony Orchestra,Boettcher Hall,Denver,Z6r9jZdv1e,2027-04-04,0,onsale,Other,Other,0,0,0,8ffdd0306e1edb3c,2,46479,,
Z7r9jZ1A70g46,Nothing But Thieves (16 and Over),nothing but thieves 16 over,Nothing But Thieves,Mission Ballroom,Denver,Z7r9jZadVI,2027-04-09,5,onsale,Other,Other,0,0,0,1e2b3637d2685457,1,46484,,
G5vzZ_2S6pcvP,Elías Medina En Concierto,el as medina en concierto,Elías Medina,Paramount Theatre,Denver,KovZpZAFa1nA,2027-04-10,6,onsale,Pop,Electro Pop,0,0,0,64c587e81e36a3f0,1,253,,
Z7r9jZ1A70boP,Colorado Symphony Orchestra presents Drums of the World,colorado symphony orchestra drums of world,Drums of the World,Boettcher Hall,Denver,Z6r9jZdv1e,2027-04-11,0,onsale,Other,Other,0,0,0,bc4f4ac69f3d48ae,2,46486,,
Z7r9jZ1AAZ4xf,The Colorado Springs Philharmonic presents Beethoven 9,colorado springs philharmonic beethoven 9,Colorado Springs Philharmonic,Pikes Peak Center,Colorado Springs,ZFr9jZe777,2027-04-17,6,onsale,Other,Other,0,0,0,f1cb8df20fe14912,1,46492,,
Z7r9jZ1AAZ4xK,The Colorado Springs Philharmonic presents Beethoven 9,colorado springs philharmonic beethoven 9,Colorado Springs Philharmonic,Pikes Peak Center,Colorado Springs,ZFr9jZe777,2027-04-18,0,onsale,Other,Other,0,0,0,14933b9ab4b68855,1,46493,,
Z7r9jZ1AAZIvY,Third Day w/ Zach Williams,third day w zach williams,Third Day,Broadmoor World Arena,Colorado Springs,ZFr9jZe1ve,2027-04-24,6,onsale,Pop,Adult Contemporary,0,0,0,3de661d8cbe43319,2,253,,
G5vzZ_CL6UyOd,SAINT LEVANT - AFANDI WORLD TOUR,saint levant afandi world,Saint Levant,Summit Music Hall,Denver,KovZpZAFFt1A,2027-04-25,0,rescheduled,Hip-Hop/Rap,Trap,0,0,0,09e30e54517b2ca8,1,275,,
G5vzZ_3mnVFjD,The Warning - Everything's Falling World Tour,warning everything s falling world,The Warning,Fillmore Auditorium (Denver),Denver,KovZpZAE6eJA,2027-04-28,3,onsale,Rock,Alternative Rock,0,0,0,6de1ecf53128075c,2,222,,
G5vzZ_31CTAgx,Alaska Thunderf*ck: The Revolution Tour,alaska thunderf ck revolution,Alaska Thunderfuck,Marquis,Denver,KovZpZAJeFkA,2027-04-28,3,onsale,Pop,Electro Pop,1,0,0,8bd7a9e7d9914af3,2,222,,
Z7r9jZ1A70v48,French 79,french 79,French 79,Gothic Theatre,Englewood,ZFr9jZdde7,2027-04-28,3,onsale,Other,Other,1,0,0,8e6763d851943b1a,1,46503,,
Z7r9jZ1A7PK0S,FKJ (16 and Over),fkj 16 over,FKJ,Mission Ballroom,Denver,Z7r9jZadVI,2027-04-29,4,onsale,Other,Other,1,0,0,41f0e62ab4832eb6,1,46504,,
Z7r9jZ1A70JuA,"Colorado Symphony Orchestra presents Oundjian Conducts Mahler???s ""Titan"" and Gershwin with Helene Grimaud",colorado symphony orchestra oundjian conducts mahler s titan gershwin helene grimaud,Colorado Symphony Orchestra,Boettcher Hall,Denver,Z6r9jZdv1e,2027-04-30,5,onsale,Other,Other,0,0,0,d7207e23d04bb6c9,1,46505,,
Z7r9jZ1A70Jbk,"Colorado Symphony Orchestra presents Oundjian Conducts Mahler???s ""Titan"" and Gershwin with Helene Grimaud",colorado symphony orchestra oundjian conducts mahler s titan gershwin helene grimaud,Colorado Symphony Orchestra,Boettcher Hall,Denver,Z6r9jZdv1e,2027-05-01,6,onsale,Other,Other,0,0,0,e973ab43f56345d9,1,46506,,
Z7r9jZ1A70Juo,"Colorado Symphony Orchestra presents Oundjian Conducts Mahler???s ""Titan"" and Gershwin with Helene Grimaud",colorado symphony orchestra oundjian conducts mahler s titan gershwin helene grimaud,Colorado Symphony Orchestra,Boettcher Hall,Denver,Z6r9jZdv1e,2027-05-02,0,onsale,Other,Other,0,0,0,5f220bf112f091b4,1,46507,,
G5vzZ_8rNYuuu,Mass of the Fermenting Dregs,mass of fermenting dregs,Mass of the Fermenting Dregs,Summit Music Hall,Denver,KovZpZAFFt1A,2027-05-02,0,onsale,World,World,0,0,0,2b277d3af80005a9,1,262,,
Z7r9jZ1A70dvv,Colorado Symphony Orchestra presents ONE PIECE Music Symphony in Concert,colorado symphony orchestra one piece music symphony in,Colorado Symphony Orchestra,Boettcher Hall,Denver,Z6r9jZdv1e,2027-05-06,4,onsale,Other,Other,0,0,0,c43e61e6dcd0cc08,1,46511,,
Z7r9jZ1A70JG0,Colorado Symphony Orchestra presents The Great Outdoors: A Symphonic Adventure,colorado symphony orchestra great outdoors symphonic adventure,Colorado Symphony Orchestra,Boettcher Hall,Denver,Z6r9jZdv1e,2027-05-09,0,onsale,Other,Other,0,0,0,01648ecac06bac4c,1,46514,,
Z7r9jZ1A70Jua,Colorado Symphony Orchestra presents Brahms' A German Requiem with Anthony Parnther and the Colorado Symphony Chorus,colorado symphony orchestra brahms german requiem anthony parnther colorado symphony chorus,Colorado Symphony Orchestra,Boettcher Hall,Denver,Z6r9jZdv1e,2027-05-14,5,onsale,Other,Other,0,0,0,6f520fdb59a33b24,1,46519,,
Z7r9jZ1A7J3av,The Colorado Springs Philharmonic presents Harry Potter & the Sorcerer???s Stone,colorado springs philharmonic harry potter sorcerer s stone,Colorado Springs Philharmonic,Pikes Peak Center,Colorado Springs,ZFr9jZe777,2027-05-14,5,onsale,Other,Other,0,0,0,d4183171e9ff41af,1,46519,,
Z7r9jZ1A70JGx,Colorado Symphony Orchestra presents Brahms' A German Requiem with Anthony Parnther and the Colorado Symphony Chorus,colorado symphony orchestra brahms german requiem anthony parnther colorado symphony chorus,Colorado Symphony Orchestra,Boettcher Hall,Denver,Z6r9jZdv1e,2027-05-15,6,onsale,Other,Other,0,0,0,91bd55f0322e3ea2,1,46520,,
Z7r9jZ1A7J3ae,The Colorado Springs Philharmonic presents Harry Potter & the Sorcerer???s Stone,colorado springs philharmonic harry potter sorcerer s stone,Colorado Springs Philharmonic,Pikes Peak Center,Colorado Springs,ZFr9jZe777,2027-05-15,6,onsale,Other,Other,0,0,0,4259d46cab651e8e,1,46520,,
Z7r9jZ1A70JGU,Colorado Symphony Orchestra presents Brahms' A German Requiem with Anthony Parnther and the Colorado Symphony Chorus,colorado symphony orchestra brahms german requiem anthony parnther colorado symphony chorus,Colorado Symphony Orchestra,Boettcher Hall,Denver,Z6r9jZdv1e,2027-05-16,0,onsale,Other,Other,0,0,0,abe317583c78cfa0,1,46521,,
G5vzZ_1LSPOiU,Niall Horan: Dinner Party Live On Tour,niall horan dinner party on,Niall Horan,Ball Arena,Denver,KovZpZAFaJeA,2027-05-16,0,onsale,Rock,Pop,0,1,0,e75c60e0901b7249,1,366,,
G5vzZ_1myctnK,Club Level Seating: Niall Horan,club level seating niall horan,Niall Horan,Ball Arena,Denver,KovZpZAFaJeA,2027-05-16,0,onsale,Rock,Pop,0,0,0,e75c60e0901b7249,2,359,,
Z7r9jZ1A70JGY,Colorado Symphony Orchestra presents The Eclectic Concerto,colorado symphony orchestra eclectic concerto,Colorado Symphony Orchestra,Boettcher Hall,Denver,Z6r9jZdv1e,2027-05-20,4,onsale,Other,Other,0,0,0,635e3be10296f337,1,46525,,
Z7r9jZ1A70JuY,Colorado Symphony Orchestra presents Star Wars: A New Hope in Concert,colorado symphony orchestra star wars new hope in,Star Wars: A New Hope in Concert,Boettcher Hall,Denver,Z6r9jZdv1e,2027-05-22,6,onsale,Other,Other,0,0,0,94671cb8827b8af7,2,46527,,
Z7r9jZ1AAZtZf,The Colorado Springs Philharmonic presents Rachmaninoff / Copland,colorado springs philharmonic rachmaninoff copland,Colorado Springs Philharmonic,Pikes Peak Center,Colorado Springs,ZFr9jZe777,2027-05-22,6,onsale,Other,Other,0,0,0,3bc1e7c39ce609ff,1,46527,,
Z7r9jZ1A70Jus,Colorado Symphony Orchestra presents Star Wars: A New Hope in Concert,colorado symphony orchestra star wars new hope in,Star Wars: A New Hope in Concert,Boettcher Hall,Denver,Z6r9jZdv1e,2027-05-23,0,onsale,Other,Other,0,0,0,2b497a1deb8e003f,2,46528,,
Z7r9jZ1AAZtZp,The Colorado Springs Philharmonic presents Rachmaninoff / Copland,colorado springs philharmonic rachmaninoff copland,Colorado Springs Philharmonic,Pikes Peak Center,Colorado Springs,ZFr9jZe777,2027-05-23,0,onsale,Other,Other,0,0,0,c8abf9270b91a150,1,46528,,
Z7r9jZ1A70Ju6,Colorado Symphony Orchestra presents Strauss Also sprach Zarathustra with Peter Oundjian,colorado symphony orchestra strauss also sprach zarathustra peter oundjian,Colorado Symphony Orchestra,Boettcher Hall,Denver,Z6r9jZdv1e,2027-05-28,5,onsale,Other,Other,0,0,0,ee33745daf02511c,2,46533,,
Z7r9jZ1A70JG9,Colorado Symphony Orchestra presents Strauss Also sprach Zarathustra with Peter Oundjian,colorado symphony orchestra strauss also sprach zarathustra peter oundjian,Colorado Symphony Orchestra,Boettcher Hall,Denver,Z6r9jZdv1e,2027-05-29,6,onsale,Other,Other,0,0,0,5d7d1779d7fcbe2d,2,46534,,
Z7r9jZ1A70JGJ,Colorado Symphony Orchestra presents Strauss Also sprach Zarathustra with Peter Oundjian,colorado symphony orchestra strauss also sprach zarathustra peter oundjian,Colorado Symphony Orchestra,Boettcher Hall,Denver,Z6r9jZdv1e,2027-05-30,0,onsale,Other,Other,0,0,0,b0a460deffbe0d5b,2,46535,,
Z7r9jZ1A7PdZg,Stick Figure,stick figure,Stick Figure,Fiddlers Green Amphitheatre,Englewood,ZFr9jZ77ve,2027-06-05,6,onsale,World,World,0,0,0,28063defbaef21c0,1,46541,,
Z7r9jZ1AAZgov,(16 and Over),16 over,The Airborne Toxic Event,Gothic Theatre,Englewood,ZFr9jZdde7,2027-06-08,2,onsale,Alternative,Alternative Rock,0,0,0,e9103a9613ac2a5a,1,46544,,
G5vzZ_8l39sxz,Luke Combs - My Kinda Saturday Night Tour 2027,luke combs my kinda saturday,Luke Combs,Empower Field At Mile High,Denver,KovZpa3Wne,2027-06-19,6,onsale,Country,Country,0,0,0,948d6ecbbe5d513d,5,302,,
G5vzZ_3K6u08y,Kenny Chesney: The Original Vibe Room Tour with Eric Church,kenny chesney original vibe room eric church,Kenny Chesney,Empower Field At Mile High,Denver,KovZpa3Wne,2027-07-17,6,offsale,Country,Country,0,0,0,eb1cc01e3ef321e9,4,295,,
Z7r9jZ1A7qU14,Rod Stewart: ONE LAST TIME,rod stewart one last time,Rod Stewart,Red Rocks Amphitheatre,Morrison,ZFr9jZe71a,2027-09-02,4,rescheduled,Pop,Adult Contemporary,0,0,0,1355493aac48d740,1,657,,
Z7r9jZ1A7r6o4,Rod Stewart: ONE LAST TIME,rod stewart one last time,Rod Stewart,Red Rocks Amphitheatre,Morrison,ZFr9jZe71a,2027-09-03,5,rescheduled,Pop,Adult Contemporary,0,0,0,54cfa6479c16cb99,1,651,,
