event_id,name,url,venue_id,local_date,local_time,datetime_utc,timezone,status,onsale_start,onsale_end,price_min,price_max,price_currency,promoter_name,segment_id,segment_name,genre_id,genre_name,subgenre_id,subgenre_name,fetched_at
rZ7HnEZ1AfAKA0,Ladies Night 2026,https://www.ticketweb.com/event/ladies-night-2026-stampede-tickets/14153164,rZ7HnEZ173p1A,2026-09-16,18:00:00,2026-09-17T00:00:00Z,America/Denver,offsale,2026-02-10T18:35:00Z,2026-09-17T05:55:00Z,16.56,16.56,USD,,KZFzniwnSyZfZ7v7nJ,Music,KnvZfZ7vAv6,Country,KZazBEonSMnZfZ7vAFa,Country,2026-09-17T22:38:16.765581+00:00
rZ7HnEZ1A4Zajd,Shimmy Shakin' Blues,https://www.ticketweb.com/event/shimmy-shakin-blues-la-rumba-tickets/15009703,rZ7HnEZ173pGP,2026-09-16,19:00:00,2026-09-17T01:00:00Z,America/Denver,offsale,2026-08-03T20:10:00Z,2026-09-16T06:00:00Z,20.03,41.13,USD,,KZFzniwnSyZfZ7v7nJ,Music,KnvZfZ7vAvl,Other,,,2026-09-17T22:38:16.765581+00:00
G5vzZ_2XrhjsN,Lil Skies,https://www.ticketmaster.com/lil-skies-denver-colorado-09-17-2026/event/1E0064FF9E6DCC63,KovZpZAJeFkA,2026-09-17,19:00:00,2026-09-18T01:00:00Z,America/Denver,onsale,2026-08-07T14:00:00Z,2026-09-18T03:00:00Z,,,,LIVE NATION MUSIC,KZFzniwnSyZfZ7v7nJ,Music,KnvZfZ7vAv1,Hip-Hop/Rap,KZazBEonSMnZfZ7vaEI,Trap,2026-09-17T22:38:16.765581+00:00
Z7r9jZ1A7q3uJ,Get the Led Out,https://www.ticketmaster.com/event/Z7r9jZ1A7q3uJ,ZFr9jZe71a,2026-09-17,19:30:00,2026-09-18T01:30:00Z,,onsale,2025-11-21T17:00:00Z,2026-09-18T01:30:00Z,,,,,KZFzniwnSyZfZ7v7nJ,Music,KnvZfZ7vAeA,Rock,KZazBEonSMnZfZ7v6A7,Classic Rock,2026-09-17T22:38:16.765581+00:00
G5vzZ_ajd-Wwq,TajMo: The Taj Mahal & Keb' Mo' Band: Room on the Porch Tour 2026,https://www.ticketmaster.com/tajmo-the-taj-mahal-keb-mo-denver-colorado-09-17-2026/event/1E0064970387DC9D,KovZpZAFa1nA,2026-09-17,20:00:00,2026-09-18T02:00:00Z,America/Denver,onsale,2026-05-01T16:00:00Z,2026-09-18T04:00:00Z,,,,AEG LIVE,KZFzniwnSyZfZ7v7nJ,Music,KnvZfZ7vAvd,Blues,KZazBEonSMnZfZ7vAAd,Blues,2026-09-17T22:38:16.765581+00:00
G5vzZ_o1_qy5p,Paramount Theatre Club Seating: TajMo:The Taj Mahal & Keb' Mo' Band,https://www.ticketmaster.com/paramount-theatre-club-seating-tajmothe-taj-denver-colorado-09-17-2026/event/1E006512997792D6,KovZpZAFa1nA,2026-09-17,20:00:00,2026-09-18T02:00:00Z,America/Denver,onsale,2026-08-20T18:00:00Z,2026-09-18T03:00:00Z,,,,PROMOTED BY VENUE,KZFzniwnSyZfZ7v7nJ,Music,KnvZfZ7vAvl,Other,KZazBEonSMnZfZ7vk1I,Other,2026-09-17T22:38:16.765581+00:00
Z7r9jZ1A7-bGS,Tab Benoit (16 and Over),https://www.ticketmaster.com/event/Z7r9jZ1A7-bGS,ZFr9jZdde7,2026-09-17,20:00:00,2026-09-18T02:00:00Z,,onsale,1900-01-01T06:00:00Z,2026-09-18T02:00:00Z,,,,,KZFzniwnSyZfZ7v7nJ,Music,KnvZfZ7vAvd,Blues,KZazBEonSMnZfZ7vAk6,Jazz Blues,2026-09-17T22:38:16.765581+00:00
Z7r9jZ1A7J4uJ,Gym Class Heroes (16 and Over),https://www.ticketmaster.com/event/Z7r9jZ1A7J4uJ,Z7r9jZadVI,2026-09-17,20:00:00,2026-09-18T02:00:00Z,,onsale,1900-01-01T06:00:00Z,2026-09-18T02:00:00Z,,,,,KZFzniwnSyZfZ7v7nJ,Music,KnvZfZ7vAv1,Hip-Hop/Rap,KZazBEonSMnZfZ7vkvl,Hip-Hop/Rap,2026-09-17T22:38:16.765581+00:00
Z7r9jZ1A7Pw4P,The Black Queen,https://www.ticketmaster.com/event/Z7r9jZ1A7Pw4P,Z7r9jZakK6,2026-09-17,20:00:00,2026-09-18T02:00:00Z,,onsale,2026-06-26T16:00:00Z,2026-09-18T02:00:00Z,,,,,KZFzniwnSyZfZ7v7nJ,Music,KnvZfZ7vAvF,Dance/Electronic,KZazBEonSMnZfZ7vA1E,Dance/Electronic,2026-09-17T22:38:16.765581+00:00
Z7r9jZ1AAZw_0,Built To Spill (Guests Under 18 Require Accompanying Adult),https://www.ticketmaster.com/event/Z7r9jZ1AAZw_0,ZFr9jZkve6,2026-09-17,20:00:00,2026-09-18T02:00:00Z,,onsale,1900-01-01T06:00:00Z,2026-09-18T02:00:00Z,,,,,KZFzniwnSyZfZ7v7nJ,Music,KnvZfZ7vAvv,Alternative,KZazBEonSMnZfZ7vAvn,Alternative Rock,2026-09-17T22:38:16.765581+00:00
rZ7HnEZ1AfZU0V,$5 Thursdays!,https://www.ticketweb.com/event/5-thursdays-la-rumba-tickets/14036934,rZ7HnEZ173pGP,2026-09-17,20:00:00,2026-09-18T02:00:00Z,America/Denver,onsale,2026-01-02T05:20:00Z,2027-09-11T02:00:00Z,8.73,8.73,USD,,KZFzniwnSyZfZ7v7nJ,Music,KnvZfZ7vAeF,World,KZazBEonSMnZfZ7vFdJ,Latin,2026-09-17T22:38:16.765581+00:00
G5vzZ_eBF3P-E,Telluride Blues & Brews Festival,https://on.fgtix.com/trk/ef0J,KovZpZAAla1A,2026-09-18,11:30:00,2026-09-18T17:30:00Z,America/Denver,onsale,2026-01-14T16:41:00Z,2026-09-18T17:30:00Z,,,,PROMOTED BY VENUE,KZFzniwnSyZfZ7v7nJ,Music,KnvZfZ7vAe6,Undefined,KZazBEonSMnZfZ7v6JI,Undefined,2026-09-17T22:38:16.765581+00:00
G5vzZ_unyOJeF,Pallbearer,https://www.ticketmaster.com/pallbearer-denver-colorado-09-18-2026/event/1E0064DAB9826088,KovZpZAJeFkA,2026-09-18,19:00:00,2026-09-19T01:00:00Z,America/Denver,onsale,2026-07-01T16:00:00Z,2026-09-19T03:00:00Z,,,,LIVE NATION MUSIC,KZFzniwnSyZfZ7v7nJ,Music,KnvZfZ7vAvt,Metal,KZazBEonSMnZfZ7vaJ6,Nu-Metal,2026-09-17T22:38:16.765581+00:00
Z7r9jZ1A7PkFf,Elephant Revival w/ Desert Dwellers,https://www.ticketmaster.com/event/Z7r9jZ1A7PkFf,Z7r9jZadqh,2026-09-18,19:00:00,2026-09-19T01:00:00Z,,onsale,2026-06-05T17:00:00Z,2026-09-19T01:00:00Z,,,,,KZFzniwnSyZfZ7v7nJ,Music,KnvZfZ7vAvl,Other,KZazBEonSMnZfZ7vk1I,Other,2026-09-17T22:38:16.765581+00:00
rZ7HnEZ1AfZUv7,Ladies Night & Noche Sonidera,https://www.ticketweb.com/event/ladies-night-noche-sonidera-la-rumba-tickets/14036044,rZ7HnEZ173pGP,2026-09-18,19:00:00,2026-09-19T01:00:00Z,America/Denver,onsale,2026-01-02T05:15:00Z,2027-09-12T01:00:00Z,14.13,14.13,USD,,KZFzniwnSyZfZ7v7nJ,Music,KnvZfZ7vAeF,World,KZazBEonSMnZfZ7vFdJ,Latin,2026-09-17T22:38:16.765581+00:00
G5vzZ_6R2OX7y,Billy Strings,https://www.ticketmaster.com/billy-strings-denver-colorado-09-18-2026/event/1E00647BCF83E139,KovZpZAFaJeA,2026-09-18,19:30:00,2026-09-19T01:30:00Z,America/Denver,onsale,2026-04-03T16:00:00Z,2026-09-19T03:30:00Z,,,,MISCELLANEOUS PROMOTER,KZFzniwnSyZfZ7v7nJ,Music,KnvZfZ7vAv6,Country,KZazBEonSMnZfZ7vAFI,Bluegrass,2026-09-17T22:38:16.765581+00:00
G5vzZ_apbcp_b,Club Level Seating: Billy Strings,https://www.ticketmaster.com/club-level-seating-billy-strings-denver-colorado-09-18-2026/event/1E00649598B56658,KovZpZAFaJeA,2026-09-18,19:30:00,2026-09-19T01:30:00Z,America/Denver,onsale,2026-04-24T16:00:00Z,2026-09-19T02:30:00Z,,,,PROMOTED BY VENUE,KZFzniwnSyZfZ7v7nJ,Music,KnvZfZ7vAv6,Country,KZazBEonSMnZfZ7vAFI,Bluegrass,2026-09-17T22:38:16.765581+00:00
Z7r9jZ1A709O7,Lynyrd Skynyrd w/ 38 Special,https://www.ticketmaster.com/event/Z7r9jZ1A709O7,ZFr9jZ7v1A,2026-09-18,19:30:00,2026-09-19T01:30:00Z,,onsale,1900-01-01T18:00:00Z,2026-09-19T01:30:00Z,,,,,KZFzniwnSyZfZ7v7nJ,Music,KnvZfZ7vAeA,Rock,KZazBEonSMnZfZ7v6A7,Classic Rock,2026-09-17T22:38:16.765581+00:00
Z7r9jZ1A7JfOp,Get the Led Out,https://www.ticketmaster.com/event/Z7r9jZ1A7JfOp,Z7r9jZa7MS,2026-09-18,19:30:00,2026-09-19T01:30:00Z,,onsale,1900-01-01T06:00:00Z,2026-09-19T01:30:00Z,,,,,KZFzniwnSyZfZ7v7nJ,Music,KnvZfZ7vAeA,Rock,KZazBEonSMnZfZ7v6A7,Classic Rock,2026-09-17T22:38:16.765581+00:00
Z7r9jZ1AAZ0ae,Lawrence with the Colorado Symphony,https://www.ticketmaster.com/event/Z7r9jZ1AAZ0ae,Z6r9jZdv1e,2026-09-18,19:30:00,2026-09-19T01:30:00Z,,onsale,1900-01-01T06:00:00Z,2026-09-19T01:30:00Z,,,,,KZFzniwnSyZfZ7v7nJ,Music,KnvZfZ7vAvl,Other,KZazBEonSMnZfZ7vk1I,Other,2026-09-17T22:38:16.765581+00:00
G5vzZ_6JR8axI,Lily Allen Performs West End Girl,https://www.axs.com/events/1383332/lily-allen-performs-west-end-girl-tickets,KovZpZAaeIvA,2026-09-18,20:00:00,2026-09-19T02:00:00Z,America/Denver,onsale,2026-04-03T16:00:00Z,2026-09-19T02:00:00Z,,,,LIVE NATION MUSIC,KZFzniwnSyZfZ7v7nJ,Music,KnvZfZ7vAeA,Rock,KZazBEonSMnZfZ7v6F1,Pop,2026-09-17T22:38:16.765581+00:00
Z7r9jZ1A7-U7o,Lily Allen Performs West End Girl,https://www.ticketmaster.com/event/Z7r9jZ1A7-U7o,ZFr9jZe71a,2026-09-18,20:00:00,2026-09-19T02:00:00Z,,onsale,2026-04-03T16:00:00Z,2026-09-19T02:00:00Z,,,,LIVE NATION MUSIC,KZFzniwnSyZfZ7v7nJ,Music,KnvZfZ7vAev,Pop,KZazBEonSMnZfZ7vkEl,Pop Rock,2026-09-17T22:38:16.765581+00:00
rZ7HnEZ1AfFyA0,TROUBADOUR BLUE,https://www.ticketweb.com/event/troubadour-blue-grizzly-rose-tickets/14239164,rZ7HnEZ17uJbA,2026-09-18,20:00:00,2026-09-19T02:00:00Z,America/Denver,onsale,2026-07-04T17:00:00Z,2026-09-19T05:30:00Z,24.15,24.15,USD,,KZFzniwnSyZfZ7v7nJ,Music,KnvZfZ7vAvv,Alternative,,,2026-09-17T22:38:16.765581+00:00
rZ7HnEZ1AfG3rf,"illFRAME, SleepMag",https://www.ticketweb.com/event/illframe-sleepmag-vultures-tickets/14312794,rZ7HnEZ17fd1A,2026-09-18,20:00:00,2026-09-19T02:00:00Z,America/Denver,onsale,2026-09-09T16:00:00Z,2026-09-19T02:00:00Z,,,,,KZFzniwnSyZfZ7v7nJ,Music,KnvZfZ7vAeA,Rock,KZazBEonSMnZfZ7v6a6,Punk,2026-09-17T22:38:16.765581+00:00
1718v0G6C7pA8VL,"House of Heavy: Nu-Metal, Alt-Metal. Metal-Core Party",https://www.ticketweb.com/event/house-of-heavy-nu-metal-black-sheep-tickets/14234254?REFERRAL_ID=tmfeed,KovZpZAJ77kA,2026-09-18,20:30:00,2026-09-19T02:30:00Z,America/Denver,onsale,2026-07-07T16:00:00Z,2026-09-19T02:30:00Z,,,,,KZFzniwnSyZfZ7v7nJ,Music,KnvZfZ7vAvF,Dance/Electronic,KZazBEonSMnZfZ7vaEn,Amapiano,2026-09-17T22:38:16.765581+00:00
G5vzZ_26zrFBp,Emo Nite - 21+,https://www.ticketmaster.com/emo-nite-21-denver-colorado-09-18-2026/event/1E0064F1F8788E96,KovZpZAFFt1A,2026-09-18,21:00:00,2026-09-19T03:00:00Z,America/Denver,onsale,2026-07-24T17:00:00Z,2026-09-19T05:00:00Z,,,,LIVE NATION MUSIC,KZFzniwnSyZfZ7v7nJ,Music,KnvZfZ7vAeA,Rock,KZazBEonSMnZfZ7v6F1,Pop,2026-09-17T22:38:16.765581+00:00
G5vzZ_oC9PEHy,"LUSINE with headnod., Mr. Lang, and Temportal",https://www.ticketmaster.com/lusine-with-headnod-mr-lang-and-denver-colorado-09-18-2026/event/1E00651397967F39,KovZ917Aai0,2026-09-18,21:00:00,2026-09-19T03:00:00Z,America/Denver,onsale,2026-08-19T18:00:00Z,2026-09-19T05:00:00Z,,,,MISCELLANEOUS PROMOTER,KZFzniwnSyZfZ7v7nJ,Music,KnvZfZ7vAvF,Dance/Electronic,KZazBEonSMnZfZ7vaEn,Amapiano,2026-09-17T22:38:16.765581+00:00
rZ7HnEZ1AfagaV,JEANK CENTENO & RONAL URBINA EN CONCIERTO,https://www.ticketweb.com/event/jeank-centeno-ronal-urbina-stampede-tickets/14275274,rZ7HnEZ173p1A,2026-09-18,21:30:00,2026-09-19T03:30:00Z,America/Denver,onsale,2026-07-22T16:40:00Z,2026-09-19T01:00:00Z,76.52,76.52,USD,,KZFzniwnSyZfZ7v7nJ,Music,KnvZfZ7vAeF,World,KZazBEonSMnZfZ7vFaJ,Vallenato,2026-09-17T22:38:16.765581+00:00
rZ7HnEZ1A4Z-kd,Space Jam: DXNBY,https://www.ticketweb.com/event/space-jam-dxnby-the-basement-at-club-vinyl-tickets/15021183,rZ7HnEZ17QA4S,2026-09-18,22:00:00,2026-09-19T04:00:00Z,America/Denver,onsale,2026-08-10T17:00:00Z,2026-09-19T08:00:00Z,24.95,24.95,USD,INSOMNIAC PRESENTS,KZFzniwnSyZfZ7v7nJ,Music,KnvZfZ7vAvF,Dance/Electronic,KZazBEonSMnZfZ7vAI6,House,2026-09-17T22:38:16.765581+00:00
rZ7HnEZ1A4ZYfd,Electrik Seoul,https://www.ticketweb.com/event/electrik-seoul-club-vinyl-tickets/15030503,rZ7HnEZ17qf40,2026-09-18,22:00:00,2026-09-19T04:00:00Z,America/Denver,onsale,2026-08-12T18:00:00Z,2026-09-19T08:00:00Z,24.95,24.95,USD,INSOMNIAC PRESENTS,KZFzniwnSyZfZ7v7nJ,Music,KnvZfZ7vAvF,Dance/Electronic,KZazBEonSMnZfZ7vA1E,Dance/Electronic,2026-09-17T22:38:16.765581+00:00
rZ7HnEZ1A4vkxd,Two Shell,https://www.ticketweb.com/event/two-shell-club-vinyl-tickets/15046883,rZ7HnEZ17qf40,2026-09-18,22:00:00,2026-09-19T04:00:00Z,America/Denver,onsale,2026-08-21T16:00:00Z,2026-09-19T08:00:00Z,24.95,24.95,USD,INSOMNIAC PRESENTS,KZFzniwnSyZfZ7v7nJ,Music,KnvZfZ7vAvF,Dance/Electronic,KZazBEonSMnZfZ7vAt1,Techno,2026-09-17T22:38:16.765581+00:00
rZ7HnEZ1Afapf7,Ben Sterling,https://www.ticketweb.com/event/ben-sterling-the-church-nightclub-tickets/14256504,rZ7HnEZ17qf4V,2026-09-18,22:00:00,2026-09-19T04:00:00Z,America/Denver,onsale,2026-07-14T18:00:00Z,2026-09-19T08:00:00Z,29.95,29.95,USD,INSOMNIAC PRESENTS,KZFzniwnSyZfZ7v7nJ,Music,KnvZfZ7vAvF,Dance/Electronic,KZazBEonSMnZfZ7vA1E,Dance/Electronic,2026-09-17T22:38:16.765581+00:00
G5vzZ_6R2VrkQ,"Billy Strings 2-Day Ticket (9/18-9/19) Valid Both Days, Cannot Split.",https://www.ticketmaster.com/billy-strings-2day-ticket-918919-valid-denver-colorado-09-18-2026/event/1E00647BCFD1E19A,KovZpZAFaJeA,2026-09-18,,,America/Denver,onsale,2026-04-03T16:00:00Z,2026-09-20T03:30:00Z,,,,MISCELLANEOUS PROMOTER,KZFzniwnSyZfZ7v7nJ,Music,KnvZfZ7vAv6,Country,KZazBEonSMnZfZ7vAFI,Bluegrass,2026-09-17T22:38:16.765581+00:00
rZ7HnEZ1AfJd4d,"Day Out With Thomas (TM), Thomas & Friends",https://www.ticketweb.com/event/day-out-with-thomas-tm-colorado-railroad-museum-tickets/14983543,rZ7HnEZadSp,2026-09-19,08:30:00,2026-09-19T14:30:00Z,America/Denver,onsale,2026-07-21T15:00:00Z,2026-09-19T14:30:00Z,0.0,0.0,USD,,KZFzniwnSyZfZ7v7n1,Miscellaneous,KnvZfZ7vAeE,Fairs & Festivals,KZazBEonSMnZfZ7vF1F,Fairs & Festivals,2026-09-17T22:38:16.765581+00:00
rZ7HnEZ1AfJdbd,"Day Out With Thomas (TM), Thomas & Friends",https://www.ticketweb.com/event/day-out-with-thomas-tm-colorado-railroad-museum-tickets/14983603,rZ7HnEZadSp,2026-09-19,09:15:00,2026-09-19T15:15:00Z,America/Denver,onsale,2026-07-21T15:00:00Z,2026-09-19T15:15:00Z,0.0,0.0,USD,,KZFzniwnSyZfZ7v7n1,Miscellaneous,KnvZfZ7vAeE,Fairs & Festivals,KZazBEonSMnZfZ7vF1F,Fairs & Festivals,2026-09-17T22:38:16.765581+00:00
rZ7HnEZ1AfJd0K,"Day Out With Thomas (TM), Thomas & Friends",https://www.ticketweb.com/event/day-out-with-thomas-tm-colorado-railroad-museum-tickets/14983913,rZ7HnEZadSp,2026-09-19,10:00:00,2026-09-19T16:00:00Z,America/Denver,onsale,2026-07-21T15:00:00Z,2026-09-19T16:00:00Z,0.0,0.0,USD,,KZFzniwnSyZfZ7v7n1,Miscellaneous,KnvZfZ7vAeE,Fairs & Festivals,KZazBEonSMnZfZ7vF1F,Fairs & Festivals,2026-09-17T22:38:16.765581+00:00
rZ7HnEZ1AfJ7FN,"Day Out With Thomas (TM), Thomas & Friends",https://www.ticketweb.com/event/day-out-with-thomas-tm-colorado-railroad-museum-tickets/14984223,rZ7HnEZadSp,2026-09-19,10:45:00,2026-09-19T16:45:00Z,America/Denver,onsale,2026-07-21T15:00:00Z,2026-09-19T16:45:00Z,0.0,0.0,USD,,KZFzniwnSyZfZ7v7n1,Miscellaneous,KnvZfZ7vAeE,Fairs & Festivals,KZazBEonSMnZfZ7vF1F,Fairs & Festivals,2026-09-17T22:38:16.765581+00:00
G5vzZ_eBFhgxE,Telluride Blues & Brews Festival,https://on.fgtix.com/trk/ef0J,KovZpZAAla1A,2026-09-19,11:30:00,2026-09-19T17:30:00Z,America/Denver,onsale,2026-01-14T16:42:00Z,2026-09-19T17:30:00Z,,,,PROMOTED BY VENUE,KZFzniwnSyZfZ7v7nJ,Music,KnvZfZ7vAe6,Undefined,KZazBEonSMnZfZ7v6JI,Undefined,2026-09-17T22:38:16.765581+00:00
rZ7HnEZ1AfJdfN,"Day Out With Thomas (TM), Thomas & Friends",https://www.ticketweb.com/event/day-out-with-thomas-tm-colorado-railroad-museum-tickets/14983523,rZ7HnEZadSp,2026-09-19,11:30:00,2026-09-19T17:30:00Z,America/Denver,onsale,2026-07-21T15:00:00Z,2026-09-19T17:30:00Z,0.0,0.0,USD,,KZFzniwnSyZfZ7v7n1,Miscellaneous,KnvZfZ7vAeE,Fairs & Festivals,KZazBEonSMnZfZ7vF1F,Fairs & Festivals,2026-09-17T22:38:16.765581+00:00
rZ7HnEZ1AfJd_K,"Day Out With Thomas (TM), Thomas & Friends",https://www.ticketweb.com/event/day-out-with-thomas-tm-colorado-railroad-museum-tickets/14983653,rZ7HnEZadSp,2026-09-19,12:15:00,2026-09-19T18:15:00Z,America/Denver,onsale,2026-07-21T15:00:00Z,2026-09-19T18:15:00Z,0.0,0.0,USD,,KZFzniwnSyZfZ7v7n1,Miscellaneous,KnvZfZ7vAeE,Fairs & Festivals,KZazBEonSMnZfZ7vF1F,Fairs & Festivals,2026-09-17T22:38:16.765581+00:00
rZ7HnEZ1AfJdCd,"Day Out With Thomas (TM), Thomas & Friends",https://www.ticketweb.com/event/day-out-with-thomas-tm-colorado-railroad-museum-tickets/14983383,rZ7HnEZadSp,2026-09-19,13:00:00,2026-09-19T19:00:00Z,America/Denver,onsale,2026-07-21T15:00:00Z,2026-09-19T19:00:00Z,0.0,0.0,USD,,KZFzniwnSyZfZ7v7n1,Miscellaneous,KnvZfZ7vAeE,Fairs & Festivals,KZazBEonSMnZfZ7vF1F,Fairs & Festivals,2026-09-17T22:38:16.765581+00:00
rZ7HnEZ1AfJdjd,"Day Out With Thomas (TM), Thomas & Friends",https://www.ticketweb.com/event/day-out-with-thomas-tm-colorado-railroad-museum-tickets/14983703,rZ7HnEZadSp,2026-09-19,13:45:00,2026-09-19T19:45:00Z,America/Denver,onsale,2026-07-21T15:00:00Z,2026-09-19T19:45:00Z,0.0,0.0,USD,,KZFzniwnSyZfZ7v7n1,Miscellaneous,KnvZfZ7vAeE,Fairs & Festivals,KZazBEonSMnZfZ7vF1F,Fairs & Festivals,2026-09-17T22:38:16.765581+00:00
rZ7HnEZ1AfJdbN,"Day Out With Thomas (TM), Thomas & Friends",https://www.ticketweb.com/event/day-out-with-thomas-tm-colorado-railroad-museum-tickets/14983623,rZ7HnEZadSp,2026-09-19,14:30:00,2026-09-19T20:30:00Z,America/Denver,onsale,2026-07-21T15:00:00Z,2026-09-19T20:30:00Z,0.0,0.0,USD,,KZFzniwnSyZfZ7v7n1,Miscellaneous,KnvZfZ7vAeE,Fairs & Festivals,KZazBEonSMnZfZ7vF1F,Fairs & Festivals,2026-09-17T22:38:16.765581+00:00
rZ7HnEZ1AfJd4N,"Day Out With Thomas (TM), Thomas & Friends",https://www.ticketweb.com/event/day-out-with-thomas-tm-colorado-railroad-museum-tickets/14983563,rZ7HnEZadSp,2026-09-19,15:15:00,2026-09-19T21:15:00Z,America/Denver,onsale,2026-07-21T15:00:00Z,2026-09-19T21:15:00Z,0.0,0.0,USD,,KZFzniwnSyZfZ7v7n1,Miscellaneous,KnvZfZ7vAeE,Fairs & Festivals,KZazBEonSMnZfZ7vF1F,Fairs & Festivals,2026-09-17T22:38:16.765581+00:00
rZ7HnEZ1AfJ7FK,"Day Out With Thomas (TM), Thomas & Friends",https://www.ticketweb.com/event/day-out-with-thomas-tm-colorado-railroad-museum-tickets/14984213,rZ7HnEZadSp,2026-09-19,16:00:00,2026-09-19T22:00:00Z,America/Denver,onsale,2026-07-21T15:00:00Z,2026-09-19T22:00:00Z,0.0,0.0,USD,,KZFzniwnSyZfZ7v7n1,Miscellaneous,KnvZfZ7vAeE,Fairs & Festivals,KZazBEonSMnZfZ7vF1F,Fairs & Festivals,2026-09-17T22:38:16.765581+00:00
rZ7HnEZ1AfJKeK,Mild Minds,https://www.ticketweb.com/event/mild-minds-the-rooftop-at-vinyl-tickets/14993093,rZ7HnEZ17r_qV,2026-09-19,17:00:00,2026-09-19T23:00:00Z,America/Denver,onsale,2026-07-28T18:00:00Z,2026-09-20T04:00:00Z,24.95,24.95,USD,INSOMNIAC PRESENTS,KZFzniwnSyZfZ7v7nJ,Music,KnvZfZ7vAvv,Alternative,KZazBEonSMnZfZ7vAvJ,Alternative,2026-09-17T22:38:16.765581+00:00
G5vzZ_1Mp7mfl,wave to earth - the pieces tour,https://www.ticketmaster.com/wave-to-earth-the-pieces-tour-denver-colorado-09-19-2026/event/1E0064ADD612E52B,KovZpZAE6eJA,2026-09-19,19:00:00,2026-09-20T01:00:00Z,America/Denver,onsale,2026-05-21T16:00:00Z,2026-09-20T03:15:00Z,,,,LIVE NATION MUSIC,KZFzniwnSyZfZ7v7nJ,Music,KnvZfZ7vAev,Pop,KZazBEonSMnZfZ7vaEl,Electro Pop,2026-09-17T22:38:16.765581+00:00
G5vzZ_6mF-AVB,Paramount Theatre Club Seating: Bobby Lee,https://www.ticketmaster.com/paramount-theatre-club-seating-bobby-lee-denver-colorado-09-19-2026/event/1E00647B88845D3A,KovZpZAFa1nA,2026-09-19,19:00:00,2026-09-20T01:00:00Z,America/Denver,onsale,2026-03-30T16:00:00Z,2026-09-20T02:00:00Z,,,,PROMOTED BY VENUE,KZFzniwnSyZfZ7v7nJ,Music,KnvZfZ7vAvl,Other,KZazBEonSMnZfZ7vk1I,Other,2026-09-17T22:38:16.765581+00:00
G5vzZ_G2aMr1J,Towa Bird,https://www.ticketmaster.com/towa-bird-denver-colorado-09-19-2026/event/1E0064C3C9DDE2A6,KovZpZAJeFkA,2026-09-19,19:00:00,2026-09-20T01:00:00Z,America/Denver,onsale,2026-06-11T16:00:00Z,2026-09-20T03:00:00Z,,,,LIVE NATION MUSIC,KZFzniwnSyZfZ7v7nJ,Music,KnvZfZ7vAeA,Rock,KZazBEonSMnZfZ7v6F1,Pop,2026-09-17T22:38:16.765581+00:00
G5vzZ_GtovGEe,Ryan Beatty - Arms Over Armor North American Tour '26,https://www.ticketmaster.com/ryan-beatty-arms-over-armor-north-denver-colorado-09-19-2026/event/1E0064CA5104C9C2,KovZpZAFFt1A,2026-09-19,19:00:00,2026-09-20T01:00:00Z,America/Denver,onsale,2026-06-18T16:00:00Z,2026-09-20T03:00:00Z,,,,LIVE NATION MUSIC,KZFzniwnSyZfZ7v7nJ,Music,KnvZfZ7vAeA,Rock,KZazBEonSMnZfZ7v6F1,Pop,2026-09-17T22:38:16.765581+00:00
Z7r9jZ1A70EFZ,Atmosphere,https://www.ticketmaster.com/event/Z7r9jZ1A70EFZ,ZFr9jZe71a,2026-09-19,19:00:00,2026-09-20T01:00:00Z,,onsale,1900-01-01T06:00:00Z,2026-09-20T01:00:00Z,,,,,KZFzniwnSyZfZ7v7nJ,Music,KnvZfZ7vAv1,Hip-Hop/Rap,KZazBEonSMnZfZ7vkvl,Hip-Hop/Rap,2026-09-17T22:38:16.765581+00:00
rZ7HnEZ1AfZgfV,Sabados Sabrosos!,https://www.ticketweb.com/event/sabados-sabrosos-la-rumba-tickets/14035534,rZ7HnEZ173pGP,2026-09-19,19:00:00,2026-09-20T01:00:00Z,America/Denver,onsale,2026-01-02T05:00:00Z,2027-09-12T01:00:00Z,25.18,25.18,USD,,KZFzniwnSyZfZ7v7nJ,Music,KnvZfZ7vAeF,World,KZazBEonSMnZfZ7vFdJ,Latin,2026-09-20T22:44:00.359625+00:00
G5vzZ_6R2ICAj,Billy Strings,https://www.ticketmaster.com/billy-strings-denver-colorado-09-19-2026/event/1E00647BCFA0E15C,KovZpZAFaJeA,2026-09-19,19:30:00,2026-09-20T01:30:00Z,America/Denver,onsale,2026-04-03T16:00:00Z,2026-09-20T03:30:00Z,,,,MISCELLANEOUS PROMOTER,KZFzniwnSyZfZ7v7nJ,Music,KnvZfZ7vAv6,Country,KZazBEonSMnZfZ7vAFI,Bluegrass,2026-09-17T22:38:16.765581+00:00
G5vzZ_ap_xkrD,Club Level Seating: Billy Strings,https://www.ticketmaster.com/club-level-seating-billy-strings-denver-colorado-09-19-2026/event/1E006495998867BB,KovZpZAFaJeA,2026-09-19,19:30:00,2026-09-20T01:30:00Z,America/Denver,onsale,2026-04-24T16:00:00Z,2026-09-20T02:30:00Z,,,,PROMOTED BY VENUE,KZFzniwnSyZfZ7v7nJ,Music,KnvZfZ7vAv6,Country,KZazBEonSMnZfZ7vAFI,Bluegrass,2026-09-17T22:38:16.765581+00:00
Z7r9jZ1A709uE,Lynyrd Skynyrd w/ 38 Special,https://www.ticketmaster.com/event/Z7r9jZ1A709uE,Z7r9jZaA99,2026-09-19,19:30:00,2026-09-20T01:30:00Z,,onsale,1900-01-01T06:00:00Z,2026-09-20T01:30:00Z,,,,,KZFzniwnSyZfZ7v7nJ,Music,KnvZfZ7vAeA,Rock,KZazBEonSMnZfZ7v6A7,Classic Rock,2026-09-17T22:38:16.765581+00:00
1718v0G6CIoWv1H,Bravo the Bagchaser & Peysoh,https://www.ticketweb.com/event/bravo-the-bagchaser-peysoh-black-sheep-tickets/14252334?REFERRAL_ID=tmfeed,KovZpZAJ77kA,2026-09-19,20:00:00,2026-09-20T02:00:00Z,America/Denver,onsale,2026-07-14T17:00:00Z,2026-09-20T02:00:00Z,,,,,KZFzniwnSyZfZ7v7nJ,Music,KnvZfZ7vAv1,Hip-Hop/Rap,KZazBEonSMnZfZ7vaEI,Trap,2026-09-17T22:38:16.765581+00:00
G5vzZ_1RgFc0g,Son Little - CityFolk Tour 2026,https://tickets.meowwolf.com/events/denver/son-little/,KovZ917AYbY,2026-09-19,20:00:00,2026-09-20T02:00:00Z,America/Denver,onsale,2026-05-15T16:00:00Z,2026-09-20T02:00:00Z,,,,LIVE NATION MUSIC,KZFzniwnSyZfZ7v7nJ,Music,KnvZfZ7vAee,R&B,KZazBEonSMnZfZ7vknE,Soul,2026-09-17T22:38:16.765581+00:00
G5vzZ_2KpMXP3,Bravo the Bagchaser,https://www.ticketweb.com/event/bravo-the-bagchaser-peysoh-black-sheep-tickets/14252334?pl=blacksheep&REFID=clientsitewp,KovZpZAAlnvA,2026-09-19,20:00:00,2026-09-20T02:00:00Z,America/Denver,onsale,2026-07-20T21:16:00Z,2026-09-20T02:00:00Z,,,,LIVE NATION MUSIC,KZFzniwnSyZfZ7v7nJ,Music,KnvZfZ7vAv1,Hip-Hop/Rap,KZazBEonSMnZfZ7vaEI,Trap,2026-09-17T22:38:16.765581+00:00
G5vzZ_2RUvts1,Charlotte Sands - Satellite Tour,https://thefederaltheatre.holdmyticket.com/tickets/465484,KovZ917AVFY,2026-09-19,20:00:00,2026-09-20T02:00:00Z,America/Denver,onsale,2026-07-28T17:00:00Z,2026-09-20T02:00:00Z,,,,LIVE NATION MUSIC,KZFzniwnSyZfZ7v7nJ,Music,KnvZfZ7vAev,Pop,KZazBEonSMnZfZ7vaEl,Electro Pop,2026-09-17T22:38:16.765581+00:00
Z7r9jZ1A70bOp,Son Little - CityFolk Tour 2026,https://www.ticketmaster.com/event/Z7r9jZ1A70bOp,Z7r9jZa7j5,2026-09-19,20:00:00,2026-09-20T02:00:00Z,,onsale,2026-05-15T16:00:00Z,2026-09-20T02:00:00Z,,,,LIVE NATION MUSIC,KZFzniwnSyZfZ7v7nJ,Music,KnvZfZ7vAvl,Other,KZazBEonSMnZfZ7vk1I,Other,2026-09-17T22:38:16.765581+00:00
Z7r9jZ1AAZoZK,Charlotte Sands - Satellite Tour,https://www.ticketmaster.com/event/Z7r9jZ1AAZoZK,Z7r9jZakK6,2026-09-19,20:00:00,2026-09-20T02:00:00Z,,onsale,2026-07-28T17:00:00Z,2026-09-20T02:00:00Z,,,,LIVE NATION MUSIC,KZFzniwnSyZfZ7v7nJ,Music,KnvZfZ7vAvl,Other,KZazBEonSMnZfZ7vk1I,Other,2026-09-17T22:38:16.765581+00:00
rZ7HnEZ1AfG3Of,"My Life as a Bear, Electric Condor, The Lollygags, Soviet Mothers",https://www.ticketweb.com/event/my-life-as-a-bear-vultures-tickets/14312814,rZ7HnEZ17fd1A,2026-09-19,20:00:00,2026-09-20T02:00:00Z,America/Denver,onsale,2026-09-09T16:00:00Z,2026-09-20T02:00:00Z,,,,,KZFzniwnSyZfZ7v7nJ,Music,KnvZfZ7vAvv,Alternative,KZazBEonSMnZfZ7vAvn,Alternative Rock,2026-09-17T22:38:16.765581+00:00
rZ7HnEZ1AfakuV,Troubadour Blue,https://www.ticketweb.com/event/troubadour-blue-whiskey-rose-tickets/14246374,rZ7HnEZ17q_Qf,2026-09-19,20:00:00,2026-09-20T02:00:00Z,America/Denver,onsale,2026-07-08T17:00:00Z,2026-09-20T05:30:00Z,24.2,24.2,USD,,KZFzniwnSyZfZ7v7nJ,Music,KnvZfZ7vAv6,Country,KZazBEonSMnZfZ7vAFI,Bluegrass,2026-09-17T22:38:16.765581+00:00
G5vzZ_CE-Nq6Y,Hot In Herre: 2000s Dance Party,https://www.ticketmaster.com/hot-in-herre-2000s-dance-party-denver-colorado-09-19-2026/event/1E0064E9E18DD1F0,KovZ917Aai0,2026-09-19,21:00:00,2026-09-20T03:00:00Z,America/Denver,onsale,2026-07-14T14:00:00Z,2026-09-20T05:00:00Z,,,,MISCELLANEOUS PROMOTER,KZFzniwnSyZfZ7v7nJ,Music,KnvZfZ7vAvF,Dance/Electronic,KZazBEonSMnZfZ7vaEn,Amapiano,2026-09-17T22:38:16.765581+00:00
Z7r9jZ1A7074z,Amelie Lens (21 and Over),https://www.ticketmaster.com/event/Z7r9jZ1A7074z,Z7r9jZa7cI,2026-09-19,21:00:00,2026-09-20T03:00:00Z,,onsale,1900-01-01T06:00:00Z,2026-09-20T03:00:00Z,,,,,KZFzniwnSyZfZ7v7nJ,Music,KnvZfZ7vAvl,Other,KZazBEonSMnZfZ7vk1I,Other,2026-09-17T22:38:16.765581+00:00
Z7r9jZ1A7PK8V,Dana and Alden,https://www.ticketmaster.com/event/Z7r9jZ1A7PK8V,Z6r9jZdvee,2026-09-19,21:00:00,2026-09-20T03:00:00Z,,onsale,1900-01-01T06:00:00Z,2026-09-20T03:00:00Z,,,,,KZFzniwnSyZfZ7v7nJ,Music,KnvZfZ7vAvl,Other,KZazBEonSMnZfZ7vk1I,Other,2026-09-17T22:38:16.765581+00:00
rZ7HnEZ1Af1vP0,Chicos De Barrio,https://www.ticketweb.com/event/chicos-de-barrio-stampede-tickets/14281964,rZ7HnEZ173p1A,2026-09-19,21:00:00,2026-09-20T03:00:00Z,America/Denver,offsale,2026-08-21T19:45:00Z,2026-09-20T01:00:00Z,71.18,71.18,USD,,KZFzniwnSyZfZ7v7nJ,Music,KnvZfZ7vAeF,World,KZazBEonSMnZfZ7vFAa,Mexican Cumbia,2026-09-20T22:44:00.359625+00:00
rZ7HnEZ1A4ZZOd,"Time Machine 80s, 90s, 2000s",https://www.ticketweb.com/event/time-machine-80s-90s-2000s-club-vinyl-tickets/15000803,rZ7HnEZ17qf40,2026-09-19,22:00:00,2026-09-20T04:00:00Z,America/Denver,onsale,2026-07-30T18:00:00Z,2026-09-20T08:00:00Z,0.0,14.95,USD,INSOMNIAC PRESENTS,KZFzniwnSyZfZ7v7nJ,Music,KnvZfZ7vAvF,Dance/Electronic,KZazBEonSMnZfZ7vA1E,Dance/Electronic,2026-09-17T22:38:16.765581+00:00
rZ7HnEZ1AfkbPf,Silva Bumpa,https://www.ticketweb.com/event/silva-bumpa-the-church-nightclub-tickets/14198954,rZ7HnEZ17qf4V,2026-09-19,22:00:00,2026-09-20T04:00:00Z,America/Denver,onsale,2026-06-17T17:00:00Z,2026-09-20T08:00:00Z,34.95,34.95,USD,INSOMNIAC PRESENTS,KZFzniwnSyZfZ7v7nJ,Music,KnvZfZ7vAvl,Other,,,2026-09-17T22:38:16.765581+00:00
rZ7HnEZ1AfJd8K,"Day Out With Thomas (TM), Thomas & Friends",https://www.ticketweb.com/event/day-out-with-thomas-tm-colorado-railroad-museum-tickets/14983413,rZ7HnEZadSp,2026-09-20,08:30:00,2026-09-20T14:30:00Z,America/Denver,offsale,2026-07-21T15:00:00Z,2026-09-20T14:30:00Z,0.0,0.0,USD,,KZFzniwnSyZfZ7v7n1,Miscellaneous,KnvZfZ7vAeE,Fairs & Festivals,KZazBEonSMnZfZ7vF1F,Fairs & Festivals,2026-09-20T22:44:00.359625+00:00
rZ7HnEZ1AfJd_S,"Day Out With Thomas (TM), Thomas & Friends",https://www.ticketweb.com/event/day-out-with-thomas-tm-colorado-railroad-museum-tickets/14983673,rZ7HnEZadSp,2026-09-20,09:15:00,2026-09-20T15:15:00Z,America/Denver,offsale,2026-07-21T15:00:00Z,2026-09-20T15:15:00Z,0.0,0.0,USD,,KZFzniwnSyZfZ7v7n1,Miscellaneous,KnvZfZ7vAeE,Fairs & Festivals,KZazBEonSMnZfZ7vF1F,Fairs & Festivals,2026-09-20T22:44:00.359625+00:00
rZ7HnEZ1AfJd0d,"Day Out With Thomas (TM), Thomas & Friends",https://www.ticketweb.com/event/day-out-with-thomas-tm-colorado-railroad-museum-tickets/14983903,rZ7HnEZadSp,2026-09-20,10:00:00,2026-09-20T16:00:00Z,America/Denver,offsale,2026-07-21T15:00:00Z,2026-09-20T16:00:00Z,0.0,0.0,USD,,KZFzniwnSyZfZ7v7n1,Miscellaneous,KnvZfZ7vAeE,Fairs & Festivals,KZazBEonSMnZfZ7vF1F,Fairs & Festivals,2026-09-20T22:44:00.359625+00:00
rZ7HnEZ1AfJ7ad,"Day Out With Thomas (TM), Thomas & Friends",https://www.ticketweb.com/event/day-out-with-thomas-tm-colorado-railroad-museum-tickets/14984243,rZ7HnEZadSp,2026-09-20,10:45:00,2026-09-20T16:45:00Z,America/Denver,offsale,2026-07-21T15:00:00Z,2026-09-20T16:45:00Z,0.0,0.0,USD,,KZFzniwnSyZfZ7v7n1,Miscellaneous,KnvZfZ7vAeE,Fairs & Festivals,KZazBEonSMnZfZ7vF1F,Fairs & Festivals,2026-09-20T22:44:00.359625+00:00
G5vzZ_eBFPPNH,Telluride Blues & Brews Festival,https://on.fgtix.com/trk/ef0J,KovZpZAAla1A,2026-09-20,11:30:00,2026-09-20T17:30:00Z,America/Denver,offsale,2026-01-14T16:42:00Z,2026-09-20T17:30:00Z,,,,PROMOTED BY VENUE,KZFzniwnSyZfZ7v7nJ,Music,KnvZfZ7vAe6,Undefined,KZazBEonSMnZfZ7v6JI,Undefined,2026-09-20T22:44:00.359625+00:00
rZ7HnEZ1AfJdpd,"Day Out With Thomas (TM), Thomas & Friends",https://www.ticketweb.com/event/day-out-with-thomas-tm-colorado-railroad-museum-tickets/14983583,rZ7HnEZadSp,2026-09-20,11:30:00,2026-09-20T17:30:00Z,America/Denver,offsale,2026-07-21T15:00:00Z,2026-09-20T17:30:00Z,0.0,0.0,USD,,KZFzniwnSyZfZ7v7n1,Miscellaneous,KnvZfZ7vAeE,Fairs & Festivals,KZazBEonSMnZfZ7vF1F,Fairs & Festivals,2026-09-20T22:44:00.359625+00:00
rZ7HnEZ1AfJdpK,"Day Out With Thomas (TM), Thomas & Friends",https://www.ticketweb.com/event/day-out-with-thomas-tm-colorado-railroad-museum-tickets/14983593,rZ7HnEZadSp,2026-09-20,12:15:00,2026-09-20T18:15:00Z,America/Denver,offsale,2026-07-21T15:00:00Z,2026-09-20T18:15:00Z,0.0,0.0,USD,,KZFzniwnSyZfZ7v7n1,Miscellaneous,KnvZfZ7vAeE,Fairs & Festivals,KZazBEonSMnZfZ7vF1F,Fairs & Festivals,2026-09-20T22:44:00.359625+00:00
rZ7HnEZ1AfJdoN,"Day Out With Thomas (TM), Thomas & Friends",https://www.ticketweb.com/event/day-out-with-thomas-tm-colorado-railroad-museum-tickets/14983463,rZ7HnEZadSp,2026-09-20,13:00:00,2026-09-20T19:00:00Z,America/Denver,offsale,2026-07-21T15:00:00Z,2026-09-20T19:00:00Z,0.0,0.0,USD,,KZFzniwnSyZfZ7v7n1,Miscellaneous,KnvZfZ7vAeE,Fairs & Festivals,KZazBEonSMnZfZ7vF1F,Fairs & Festivals,2026-09-20T22:44:00.359625+00:00
G5vzZ_GNlcHg2,97.3 KBCO Presents: GRUNCH (Bluegrass Grunge Brunch),https://www.ticketmaster.com/973-kbco-presents-grunch-bluegrass-grunge-denver-colorado-09-20-2026/event/1E0064C8EBB7CD4F,KovZ917Aai0,2026-09-20,13:30:00,2026-09-20T19:30:00Z,America/Denver,offsale,2026-06-09T16:00:00Z,2026-09-20T21:30:00Z,,,,MISCELLANEOUS PROMOTER,KZFzniwnSyZfZ7v7nJ,Music,KnvZfZ7vAeA,Rock,KZazBEonSMnZfZ7v6dt,Alternative Rock,2026-09-20T22:44:00.359625+00:00
rZ7HnEZ1AfJdfK,"Day Out With Thomas (TM), Thomas & Friends",https://www.ticketweb.com/event/day-out-with-thomas-tm-colorado-railroad-museum-tickets/14983513,rZ7HnEZadSp,2026-09-20,13:45:00,2026-09-20T19:45:00Z,America/Denver,offsale,2026-07-21T15:00:00Z,2026-09-20T19:45:00Z,0.0,0.0,USD,,KZFzniwnSyZfZ7v7n1,Miscellaneous,KnvZfZ7vAeE,Fairs & Festivals,KZazBEonSMnZfZ7vF1F,Fairs & Festivals,2026-09-20T22:44:00.359625+00:00
rZ7HnEZ1AfJdfd,"Day Out With Thomas (TM), Thomas & Friends",https://www.ticketweb.com/event/day-out-with-thomas-tm-colorado-railroad-museum-tickets/14983503,rZ7HnEZadSp,2026-09-20,14:30:00,2026-09-20T20:30:00Z,America/Denver,offsale,2026-07-21T15:00:00Z,2026-09-20T20:30:00Z,0.0,0.0,USD,,KZFzniwnSyZfZ7v7n1,Miscellaneous,KnvZfZ7vAeE,Fairs & Festivals,KZazBEonSMnZfZ7vF1F,Fairs & Festivals,2026-09-20T22:44:00.359625+00:00
rZ7HnEZ1AfJdjN,"Day Out With Thomas (TM), Thomas & Friends",https://www.ticketweb.com/event/day-out-with-thomas-tm-colorado-railroad-museum-tickets/14983723,rZ7HnEZadSp,2026-09-20,15:15:00,2026-09-20T21:15:00Z,America/Denver,offsale,2026-07-21T15:00:00Z,2026-09-20T21:15:00Z,0.0,0.0,USD,,KZFzniwnSyZfZ7v7n1,Miscellaneous,KnvZfZ7vAeE,Fairs & Festivals,KZazBEonSMnZfZ7vF1F,Fairs & Festivals,2026-09-20T22:44:00.359625+00:00
rZ7HnEZ1AfJ7GK,"Day Out With Thomas (TM), Thomas & Friends",https://www.ticketweb.com/event/day-out-with-thomas-tm-colorado-railroad-museum-tickets/14984313,rZ7HnEZadSp,2026-09-20,16:00:00,2026-09-20T22:00:00Z,America/Denver,offsale,2026-07-21T15:00:00Z,2026-09-20T22:00:00Z,0.0,0.0,USD,,KZFzniwnSyZfZ7v7n1,Miscellaneous,KnvZfZ7vAeE,Fairs & Festivals,KZazBEonSMnZfZ7vF1F,Fairs & Festivals,2026-09-20T22:44:00.359625+00:00
rZ7HnEZ1AfZgAV,SALSA & BACHATA SUNDAYS,https://www.ticketweb.com/event/salsa-bachata-sundays-la-rumba-tickets/14035174,rZ7HnEZ173pGP,2026-09-20,19:00:00,2026-09-21T01:00:00Z,America/Denver,onsale,2026-01-02T05:00:00Z,2027-09-13T01:00:00Z,14.13,14.13,USD,,KZFzniwnSyZfZ7v7nJ,Music,KnvZfZ7vAeF,World,KZazBEonSMnZfZ7vFdJ,Latin,2026-09-20T22:44:00.359625+00:00
G5vzZ_F_W-f16,Billy Strings,https://www.ticketmaster.com/billy-strings-denver-colorado-09-20-2026/event/1E0064867D854287,KovZpZAFa1nA,2026-09-20,19:30:00,2026-09-21T01:30:00Z,America/Denver,onsale,,,,,,PROMOTED BY VENUE,KZFzniwnSyZfZ7v7nJ,Music,KnvZfZ7vAv6,Country,KZazBEonSMnZfZ7vAFI,Bluegrass,2026-09-20T22:44:00.359625+00:00
Z7r9jZ1A7PKPI,Chat Pile (16 and Over),https://www.ticketmaster.com/event/Z7r9jZ1A7PKPI,ZFr9jZdde7,2026-09-20,19:30:00,2026-09-21T01:30:00Z,,onsale,1900-01-01T06:00:00Z,2026-09-21T01:30:00Z,,,,,KZFzniwnSyZfZ7v7nJ,Music,KnvZfZ7vAvt,Metal,KZazBEonSMnZfZ7vkFE,Sludge Metal,2026-09-20T22:44:00.359625+00:00
Z7r9jZ1A7-ZQ4,Andrea Bocelli,https://www.ticketmaster.com/event/Z7r9jZ1A7-ZQ4,ZFr9jZe71a,2026-09-20,20:00:00,2026-09-21T02:00:00Z,,onsale,1900-01-01T18:00:00Z,2026-09-21T02:00:00Z,,,,,KZFzniwnSyZfZ7v7nJ,Music,KnvZfZ7vAeJ,Classical,KZazBEonSMnZfZ7vF1A,Classical/Vocal,2026-09-20T22:44:00.359625+00:00
Z7r9jZ1A70gOF,Sub Urban (16 and Over),https://www.ticketmaster.com/event/Z7r9jZ1A70gOF,Z7r9jZadXe,2026-09-20,20:00:00,2026-09-21T02:00:00Z,,onsale,1900-01-01T18:00:00Z,2026-09-21T02:00:00Z,,,,,KZFzniwnSyZfZ7v7nJ,Music,KnvZfZ7vAvl,Other,KZazBEonSMnZfZ7vk1I,Other,2026-09-20T22:44:00.359625+00:00
G5vzZ_59NncqS,Chanel Beads,https://www.ticketmaster.com/chanel-beads-denver-colorado-09-21-2026/event/1E0064B5E3AAD773,KovZpZAJeFkA,2026-09-21,19:00:00,2026-09-22T01:00:00Z,America/Denver,onsale,2026-05-29T16:00:00Z,2026-09-22T03:00:00Z,,,,LIVE NATION MUSIC,KZFzniwnSyZfZ7v7nJ,Music,KnvZfZ7vAvF,Dance/Electronic,KZazBEonSMnZfZ7vaEn,Amapiano,2026-09-20T22:44:00.359625+00:00
G5vzZ_CQuvdce,Paramount Theatre Club Seating: Dan And Phil,https://www.ticketmaster.com/paramount-theatre-club-seating-dan-and-denver-colorado-09-21-2026/event/1E0064E68D043B42,KovZpZAFa1nA,2026-09-21,19:30:00,2026-09-22T01:30:00Z,America/Denver,onsale,2026-07-08T16:00:00Z,2026-09-22T02:30:00Z,,,,PROMOTED BY VENUE,KZFzniwnSyZfZ7v7nJ,Music,KnvZfZ7vAvl,Other,KZazBEonSMnZfZ7vk1I,Other,2026-09-20T22:44:00.359625+00:00
1Ae0Z_8Gkc8Oozp,"Soul Glo, Gunk!, Dark Mind",https://www.ticketweb.com/event/soul-glo-gunk-dark-mind-black-sheep-tickets/15031053?REFERRAL_ID=tmfeed,KovZpZAJ77kA,2026-09-21,20:00:00,2026-09-22T02:00:00Z,America/Denver,onsale,2026-08-12T16:00:00Z,2026-09-22T02:00:00Z,,,,,KZFzniwnSyZfZ7v7nJ,Music,KnvZfZ7vAeA,Rock,KZazBEonSMnZfZ7v6a6,Punk,2026-09-20T22:44:00.359625+00:00
G5vzZ_1jnMED1,The Tear Garden (The Legendary Pink Dots & cEvin Key),https://www.ticketmaster.com/the-tear-garden-the-legendary-pink-denver-colorado-09-21-2026/event/1E0064A72ADE7ECA,KovZpZAFFt1A,2026-09-21,20:00:00,2026-09-22T02:00:00Z,America/Denver,onsale,2026-05-15T13:00:00Z,2026-09-22T04:00:00Z,,,,LIVE NATION MUSIC,KZFzniwnSyZfZ7v7nJ,Music,KnvZfZ7vAeA,Rock,KZazBEonSMnZfZ7v6dt,Alternative Rock,2026-09-20T22:44:00.359625+00:00
Z7r9jZ1A7OxCF,Aldous Harding,https://www.ticketmaster.com/event/Z7r9jZ1A7OxCF,Z6r9jZdvee,2026-09-21,20:00:00,2026-09-22T02:00:00Z,,onsale,1900-01-01T06:00:00Z,2026-09-22T02:00:00Z,,,,,KZFzniwnSyZfZ7v7nJ,Music,KnvZfZ7vAvl,Other,KZazBEonSMnZfZ7vk1I,Other,2026-09-20T22:44:00.359625+00:00
Z7r9jZ1A7Oy3p,Andrea Bocelli,https://www.ticketmaster.com/event/Z7r9jZ1A7Oy3p,ZFr9jZe71a,2026-09-21,20:00:00,2026-09-22T02:00:00Z,,onsale,1900-01-01T06:00:00Z,2026-09-22T02:00:00Z,,,,,KZFzniwnSyZfZ7v7nJ,Music,KnvZfZ7vAeJ,Classical,KZazBEonSMnZfZ7vF1A,Classical/Vocal,2026-09-20T22:44:00.359625+00:00
G5vzZ_GwxMtOl,ISAIAH RASHAD: Lil Sunny's Awful Road Trip,https://www.ticketmaster.com/isaiah-rashad-lil-sunnys-awful-road-denver-colorado-09-22-2026/event/1E0064CCA2DE982B,KovZpZAE6eJA,2026-09-22,19:00:00,2026-09-23T01:00:00Z,America/Denver,onsale,2026-06-22T16:00:00Z,2026-09-23T03:00:00Z,,,,LIVE NATION MUSIC,KZFzniwnSyZfZ7v7nJ,Music,KnvZfZ7vAv1,Hip-Hop/Rap,KZazBEonSMnZfZ7vaEI,Trap,2026-09-20T22:44:00.359625+00:00
Z7r9jZ1A7P47K,Robert Plant w/ Saving Grace,https://www.ticketmaster.com/event/Z7r9jZ1A7P47K,ZFr9jZe777,2026-09-22,19:30:00,2026-09-23T01:30:00Z,,onsale,2026-06-12T15:00:00Z,2026-09-23T01:30:00Z,,,,,KZFzniwnSyZfZ7v7nJ,Music,KnvZfZ7vAeA,Rock,KZazBEonSMnZfZ7v6A7,Classic Rock,2026-09-20T22:44:00.359625+00:00
G5vzZ_agWKJGt,Foster The People: Good Mourning Sunshine Tour,https://www.axs.com/events/1425598/foster-the-people-tickets,KovZpZAaeIvA,2026-09-22,20:00:00,2026-09-23T02:00:00Z,America/Denver,onsale,2026-05-08T16:00:00Z,2026-09-23T02:00:00Z,,,,LIVE NATION MUSIC,KZFzniwnSyZfZ7v7nJ,Music,KnvZfZ7vAeA,Rock,KZazBEonSMnZfZ7v6dt,Alternative Rock,2026-09-20T22:44:00.359625+00:00
Z7r9jZ1A7-O4Y,Social Distortion w/ Descendents,https://www.ticketmaster.com/event/Z7r9jZ1A7-O4Y,Z7r9jZadVI,2026-09-22,20:00:00,2026-09-23T02:00:00Z,,onsale,1900-01-01T06:00:00Z,2026-09-23T02:00:00Z,,,,,KZFzniwnSyZfZ7v7nJ,Music,KnvZfZ7vAeA,Rock,KZazBEonSMnZfZ7v6a6,Punk,2026-09-20T22:44:00.359625+00:00
Z7r9jZ1A70NJF,Channel Tres (16 and Over),https://www.ticketmaster.com/event/Z7r9jZ1A70NJF,ZFr9jZedde,2026-09-22,20:00:00,2026-09-23T02:00:00Z,,onsale,1900-01-01T06:00:00Z,2026-09-23T02:00:00Z,,,,,KZFzniwnSyZfZ7v7nJ,Music,KnvZfZ7vAvl,Other,KZazBEonSMnZfZ7vk1I,Other,2026-09-20T22:44:00.359625+00:00
Z7r9jZ1A70k7F,Foster The People: Good Mourning Sunshine Tour,https://www.ticketmaster.com/event/Z7r9jZ1A70k7F,ZFr9jZe71a,2026-09-22,20:00:00,2026-09-23T02:00:00Z,,onsale,2026-05-08T16:00:00Z,2026-09-23T02:00:00Z,,,,LIVE NATION MUSIC,KZFzniwnSyZfZ7v7nJ,Music,KnvZfZ7vAvv,Alternative,KZazBEonSMnZfZ7vAvn,Alternative Rock,2026-09-20T22:44:00.359625+00:00
Z7r9jZ1A7P-aS,Author & Punisher,https://www.ticketmaster.com/event/Z7r9jZ1A7P-aS,Z6r9jZdvee,2026-09-22,20:00:00,2026-09-23T02:00:00Z,,onsale,1900-01-01T06:00:00Z,2026-09-23T02:00:00Z,,,,,KZFzniwnSyZfZ7v7nJ,Music,KnvZfZ7vAvl,Other,KZazBEonSMnZfZ7vk1I,Other,2026-09-20T22:44:00.359625+00:00
G5vzZ_FnWOqZM,Killswitch Engage,https://www.ticketmaster.com/killswitch-engage-denver-colorado-09-23-2026/event/1E00648ABD81D037,KovZpZAE6eJA,2026-09-23,17:30:00,2026-09-23T23:30:00Z,America/Denver,onsale,2026-04-17T16:00:00Z,2026-09-24T01:30:00Z,,,,LIVE NATION MUSIC,KZFzniwnSyZfZ7v7nJ,Music,KnvZfZ7vAeA,Rock,KZazBEonSMnZfZ7v6dt,Alternative Rock,2026-09-20T22:44:00.359625+00:00
G5vzZ_5MBaWLX,Nevertel,https://www.ticketmaster.com/nevertel-denver-colorado-09-23-2026/event/1E0064BDFA27D7FE,KovZpZAJeFkA,2026-09-23,18:00:00,2026-09-24T00:00:00Z,America/Denver,onsale,2026-06-05T16:00:00Z,2026-09-24T02:00:00Z,,,,LIVE NATION MUSIC,KZFzniwnSyZfZ7v7nJ,Music,KnvZfZ7vAeA,Rock,KZazBEonSMnZfZ7v6dt,Alternative Rock,2026-09-20T22:44:00.359625+00:00
rZ7HnEZ1AfAKZf,Ladies Night 2026,https://www.ticketweb.com/event/ladies-night-2026-stampede-tickets/14153014,rZ7HnEZ173p1A,2026-09-23,18:00:00,2026-09-24T00:00:00Z,America/Denver,onsale,2026-02-10T18:35:00Z,2026-09-24T05:55:00Z,16.56,16.56,USD,,KZFzniwnSyZfZ7v7nJ,Music,KnvZfZ7vAv6,Country,KZazBEonSMnZfZ7vAFa,Country,2026-09-20T22:44:00.359625+00:00
G5vzZ_ClRWqLF,The Linda Lindas,https://www.ticketmaster.com/the-linda-lindas-denver-colorado-09-23-2026/event/1E0064EAEFF5D7C8,KovZpZAFFt1A,2026-09-23,19:00:00,2026-09-24T01:00:00Z,America/Denver,onsale,2026-07-17T16:00:00Z,2026-09-24T03:00:00Z,,,,LIVE NATION MUSIC,KZFzniwnSyZfZ7v7nJ,Music,KnvZfZ7vAeA,Rock,KZazBEonSMnZfZ7v6F1,Pop,2026-09-20T22:44:00.359625+00:00
G5vzZ_k3QJbl5,Ian Munsick,https://www.ticketmaster.com/ian-munsick-grand-junction-colorado-09-23-2026/event/1E0064649A998ACB,KovZ917AOJj,2026-09-23,19:00:00,2026-09-24T01:00:00Z,America/Denver,rescheduled,2026-03-20T16:00:00Z,2026-09-24T03:00:00Z,,,,PEPPER ENTERTAINMENT INC,KZFzniwnSyZfZ7v7nJ,Music,KnvZfZ7vAv6,Country,KZazBEonSMnZfZ7vAFa,Country,2026-09-20T22:44:00.359625+00:00
G5vzZ_F1xWcbS,The Phil Collins Story,https://www.ticketmaster.com/the-phil-collins-story-grand-junction-colorado-09-23-2026/event/1E006482A2F6D633,KovZpa4gke,2026-09-23,19:30:00,2026-09-24T01:30:00Z,America/Denver,onsale,2026-04-17T16:00:00Z,2026-09-24T03:30:00Z,,,,PEPPER ENTERTAINMENT INC,KZFzniwnSyZfZ7v7nJ,Music,KnvZfZ7vAvl,Other,KZazBEonSMnZfZ7vk1I,Other,2026-09-20T22:44:00.359625+00:00
Z7r9jZ1A7-SFP,Bleachers,https://www.ticketmaster.com/event/Z7r9jZ1A7-SFP,ZFr9jZe71a,2026-09-23,19:30:00,2026-09-24T01:30:00Z,,onsale,1900-01-01T06:00:00Z,2026-09-24T01:30:00Z,,,,,KZFzniwnSyZfZ7v7nJ,Music,KnvZfZ7vAvv,Alternative,KZazBEonSMnZfZ7vAvn,Alternative Rock,2026-09-20T22:44:00.359625+00:00
1718v0G6295t8L8,"Belmont, Super Sometimes, Public Works",https://www.ticketweb.com/event/belmont-super-sometimes-public-works-black-sheep-tickets/14272114?REFERRAL_ID=tmfeed,KovZpZAJ77kA,2026-09-23,20:00:00,2026-09-24T02:00:00Z,America/Denver,onsale,2026-07-28T16:00:00Z,2026-09-24T02:00:00Z,,,,,KZFzniwnSyZfZ7v7nJ,Music,KnvZfZ7vAeA,Rock,KZazBEonSMnZfZ7v6dt,Alternative Rock,2026-09-20T22:44:00.359625+00:00
G5vzZ_32jrYXh,Paramount Theatre Club Seating: Little Shop Of Horrors,https://www.ticketmaster.com/paramount-theatre-club-seating-little-shop-denver-colorado-09-23-2026/event/1E006523DC7B0F9B,KovZpZAFa1nA,2026-09-23,20:00:00,2026-09-24T02:00:00Z,America/Denver,onsale,2026-09-04T16:00:00Z,2026-09-24T03:00:00Z,,,,PROMOTED BY VENUE,KZFzniwnSyZfZ7v7nJ,Music,KnvZfZ7vAvl,Other,KZazBEonSMnZfZ7vk1I,Other,2026-09-20T22:44:00.359625+00:00
G5vzZ_6XJb_jY,Johnny Blue Skies & the Dark Clouds - Mutiny for the Masses 2026 Tour,https://www.ticketmaster.com/johnny-blue-skies-the-dark-clouds-denver-colorado-09-23-2026/event/1E00647FA6619730,KovZpZAFaJeA,2026-09-23,20:00:00,2026-09-24T02:00:00Z,America/Denver,onsale,2026-04-10T16:00:00Z,2026-09-24T04:00:00Z,,,,AEG LIVE,KZFzniwnSyZfZ7v7nJ,Music,KnvZfZ7vAeA,Rock,KZazBEonSMnZfZ7v6F1,Pop,2026-09-20T22:44:00.359625+00:00
G5vzZ_F1DRoV4,Club Level Seating: Johnny Blue Skies & The Dark Clouds,https://www.ticketmaster.com/club-level-seating-johnny-blue-skies-denver-colorado-09-23-2026/event/1E006482BBBD1D15,KovZpZAFaJeA,2026-09-23,20:00:00,2026-09-24T02:00:00Z,America/Denver,onsale,2026-04-17T16:00:00Z,2026-09-24T03:00:00Z,,,,PROMOTED BY VENUE,KZFzniwnSyZfZ7v7nJ,Music,KnvZfZ7vAeA,Rock,KZazBEonSMnZfZ7v6F1,Pop,2026-09-20T22:44:00.359625+00:00
Z7r9jZ1A70EZg,Alice Phoebe Lou (16 and Over),https://www.ticketmaster.com/event/Z7r9jZ1A70EZg,ZFr9jZedde,2026-09-23,20:00:00,2026-09-24T02:00:00Z,,onsale,1900-01-01T06:00:00Z,2026-09-24T02:00:00Z,,,,,KZFzniwnSyZfZ7v7nJ,Music,KnvZfZ7vAvl,Other,KZazBEonSMnZfZ7vk1I,Other,2026-09-20T22:44:00.359625+00:00
Z7r9jZ1A70p_O,Alana Springsteen (16 and Over),https://www.ticketmaster.com/event/Z7r9jZ1A70p_O,Z6r9jZdvee,2026-09-23,20:00:00,2026-09-24T02:00:00Z,,onsale,1900-01-01T06:00:00Z,2026-09-24T02:00:00Z,,,,,KZFzniwnSyZfZ7v7nJ,Music,KnvZfZ7vAvl,Other,KZazBEonSMnZfZ7vk1I,Other,2026-09-20T22:44:00.359625+00:00
Z7r9jZ1A7PoeK,Show Me The Body (16 and Over),https://www.ticketmaster.com/event/Z7r9jZ1A7PoeK,ZFr9jZdde7,2026-09-23,20:00:00,2026-09-24T02:00:00Z,,onsale,1900-01-01T06:00:00Z,2026-09-24T02:00:00Z,,,,,KZFzniwnSyZfZ7v7nJ,Music,KnvZfZ7vAvl,Other,KZazBEonSMnZfZ7vk1I,Other,2026-09-20T22:44:00.359625+00:00
Z7r9jZ1AAZdaV,Belmont,https://www.ticketmaster.com/event/Z7r9jZ1AAZdaV,ZFr9jZAFk1,2026-09-23,20:00:00,2026-09-24T02:00:00Z,,onsale,2026-07-28T16:00:00Z,2026-09-24T02:00:00Z,,,,,KZFzniwnSyZfZ7v7nJ,Music,KnvZfZ7vAvl,Other,KZazBEonSMnZfZ7vk1I,Other,2026-09-20T22:44:00.359625+00:00
rZ7HnEZ1AfxAAK,Goth Night hosted by Gotica Nouveau,https://www.ticketweb.com/event/goth-night-hosted-by-gotica-vultures-tickets/14885153,rZ7HnEZ17fd1A,2026-09-23,20:00:00,2026-09-24T02:00:00Z,America/Denver,onsale,2026-04-27T16:00:00Z,2026-09-24T02:00:00Z,,,,,KZFzniwnSyZfZ7v7nJ,Music,KnvZfZ7vAvv,Alternative,KZazBEonSMnZfZ7vAen,Goth,2026-09-20T22:44:00.359625+00:00
G5vzZ_557vtgC,ALI w/ In Plain Air and Crooked Rugs,https://www.ticketmaster.com/ali-w-in-plain-air-and-denver-colorado-09-23-2026/event/1E0064B2C4069D4E,KovZ917Aai0,2026-09-23,21:00:00,2026-09-24T03:00:00Z,America/Denver,onsale,2026-05-29T16:00:00Z,2026-09-24T05:00:00Z,,,,MISCELLANEOUS PROMOTER,KZFzniwnSyZfZ7v7nJ,Music,KnvZfZ7vAeF,World,KZazBEonSMnZfZ7v6Jt,World,2026-09-20T22:44:00.359625+00:00
G5vzZ_aNyxj7v,Bowling for Soup,https://www.ticketmaster.com/bowling-for-soup-denver-colorado-09-24-2026/event/1E006498F989C101,KovZpZAFFt1A,2026-09-24,18:30:00,2026-09-25T00:30:00Z,America/Denver,onsale,2026-05-01T16:00:00Z,2026-09-25T02:30:00Z,,,,LIVE NATION MUSIC,KZFzniwnSyZfZ7v7nJ,Music,KnvZfZ7vAeA,Rock,KZazBEonSMnZfZ7v6dt,Alternative Rock,2026-09-20T22:44:00.359625+00:00
G5vzZ_CB7f7g2,Dead Panic w/ Eric Martinez,https://www.ticketmaster.com/dead-panic-w-eric-martinez-denver-colorado-09-24-2026/event/1E0064EE84504D4F,KovZ917Aai0,2026-09-24,19:00:00,2026-09-25T01:00:00Z,America/Denver,onsale,2026-07-14T18:00:00Z,2026-09-25T03:00:00Z,,,,MISCELLANEOUS PROMOTER,KZFzniwnSyZfZ7v7nJ,Music,KnvZfZ7vAeA,Rock,KZazBEonSMnZfZ7v6F1,Pop,2026-09-20T22:44:00.359625+00:00
G5vzZ_agZhbVn,Rum Jungle,https://www.ticketmaster.com/rum-jungle-denver-colorado-09-24-2026/event/1E00649D406D8D2A,KovZpZAJeFkA,2026-09-24,19:00:00,2026-09-25T01:00:00Z,America/Denver,onsale,2026-05-08T16:00:00Z,2026-09-25T03:00:00Z,,,,LIVE NATION MUSIC,KZFzniwnSyZfZ7v7nJ,Music,KnvZfZ7vAeA,Rock,KZazBEonSMnZfZ7v6F1,Pop,2026-09-20T22:44:00.359625+00:00
G5vzZ_u1mS_gk,Erykah Badu,https://www.ticketmaster.com/erykah-badu-denver-colorado-09-24-2026/event/1E0064D2AECD9D46,KovZpZAE6eJA,2026-09-24,19:00:00,2026-09-25T01:00:00Z,America/Denver,onsale,2026-06-26T16:00:00Z,2026-09-25T03:00:00Z,,,,LIVE NATION MUSIC,KZFzniwnSyZfZ7v7nJ,Music,KnvZfZ7vAee,R&B,KZazBEonSMnZfZ7vkIt,R&B,2026-09-20T22:44:00.359625+00:00
Z7r9jZ1A7Pej4,TR/ST (18 and Over),https://www.ticketmaster.com/event/Z7r9jZ1A7Pej4,Z7r9jZa7cI,2026-09-24,19:00:00,2026-09-25T01:00:00Z,,onsale,1900-01-01T06:00:00Z,2026-09-25T01:00:00Z,,,,,KZFzniwnSyZfZ7v7nJ,Music,KnvZfZ7vAvl,Other,KZazBEonSMnZfZ7vk1I,Other,2026-09-20T22:44:00.359625+00:00
G5vzZbUIGBG4z,"The Fab Four: Tribute to the Beatles' ""Help!"" and the Hits",https://www.axs.com/events/1189429/the-fab-four-tickets?skin=pikespeakcenter,KovZpZA1el1A,2026-09-24,19:30:00,2026-09-25T01:30:00Z,America/Denver,onsale,2025-11-21T17:00:00Z,2026-09-25T01:30:00Z,,,,LIVE NATION MUSIC,KZFzniwnSyZfZ7v7nJ,Music,KnvZfZ7vAe6,Undefined,KZazBEonSMnZfZ7v6JI,Undefined,2026-09-20T22:44:00.359625+00:00
Z7r9jZ1A7rZoF,"The Fab Four: Tribute to the Beatles' ""Help!"" and the Hits",https://www.ticketmaster.com/event/Z7r9jZ1A7rZoF,ZFr9jZe777,2026-09-24,19:30:00,2026-09-25T01:30:00Z,,onsale,2025-11-21T17:00:00Z,2026-09-25T01:30:00Z,,,,LIVE NATION MUSIC,KZFzniwnSyZfZ7v7nJ,Music,KnvZfZ7vAeA,Rock,KZazBEonSMnZfZ7v6A7,Classic Rock,2026-09-20T22:44:00.359625+00:00
Z7r9jZ1A7x3o_,Bruce Hornsby & the Noisemakers,https://www.ticketmaster.com/event/Z7r9jZ1A7x3o_,ZFr9jZdke6,2026-09-24,19:30:00,2026-09-25T01:30:00Z,,onsale,1900-01-01T06:00:00Z,2026-09-25T01:30:00Z,,,,,KZFzniwnSyZfZ7v7nJ,Music,KnvZfZ7vAeA,Rock,KZazBEonSMnZfZ7v6F1,Pop,2026-09-20T22:44:00.359625+00:00
G5vzZ_CrNzJ1_,LAERZ,https://tickets.meowwolf.com/events/denver/laerz-2026/,KovZ917AYbY,2026-09-24,20:00:00,2026-09-25T02:00:00Z,America/Denver,onsale,2026-07-07T17:39:00Z,2026-09-25T02:00:00Z,,,,LIVE NATION MUSIC,KZFzniwnSyZfZ7v7nJ,Music,KnvZfZ7vAvF,Dance/Electronic,KZazBEonSMnZfZ7vaEn,Amapiano,2026-09-20T22:44:00.359625+00:00
G5vzZ_u61Wq19,Brian Fallon & The Painkillers,https://theorientaltheater.holdmyticket.com/tickets/464394,KovZpaprpe,2026-09-24,20:00:00,2026-09-25T02:00:00Z,America/Denver,onsale,2026-06-26T16:00:00Z,2026-09-25T02:00:00Z,,,,LIVE NATION MUSIC,KZFzniwnSyZfZ7v7nJ,Music,KnvZfZ7vAeA,Rock,KZazBEonSMnZfZ7v6F1,Pop,2026-09-20T22:44:00.359625+00:00
Z7r9jZ1A7-ff8,Hiss Golden Messenger - Ages 16+,https://www.ticketmaster.com/event/Z7r9jZ1A7-ff8,ZFr9jZedde,2026-09-24,20:00:00,2026-09-25T02:00:00Z,,onsale,1900-01-01T18:00:00Z,2026-09-25T02:00:00Z,,,,,KZFzniwnSyZfZ7v7nJ,Music,KnvZfZ7vAvl,Other,KZazBEonSMnZfZ7vk1I,Other,2026-09-20T22:44:00.359625+00:00
Z7r9jZ1A7-yuO,Four Tet (16 and Over),https://www.ticketmaster.com/event/Z7r9jZ1A7-yuO,Z7r9jZadVI,2026-09-24,20:00:00,2026-09-25T02:00:00Z,,onsale,1900-01-01T06:00:00Z,2026-09-25T02:00:00Z,,,,,KZFzniwnSyZfZ7v7nJ,Music,KnvZfZ7vAvF,Dance/Electronic,KZazBEonSMnZfZ7vAJ1,Club Dance,2026-09-20T22:44:00.359625+00:00
Z7r9jZ1A7JdjZ,LAERZ,https://www.ticketmaster.com/event/Z7r9jZ1A7JdjZ,Z7r9jZa7j5,2026-09-24,20:00:00,2026-09-25T02:00:00Z,,onsale,2026-07-07T17:39:00Z,2026-09-25T02:00:00Z,,,,LIVE NATION MUSIC,KZFzniwnSyZfZ7v7nJ,Music,KnvZfZ7vAvF,Dance/Electronic,KZazBEonSMnZfZ7vA1E,Dance/Electronic,2026-09-20T22:44:00.359625+00:00
Z7r9jZ1A7JeuV,Bella Kay,https://www.ticketmaster.com/event/Z7r9jZ1A7JeuV,ZFr9jZdde7,2026-09-24,20:00:00,2026-09-25T02:00:00Z,,onsale,2026-07-10T16:00:00Z,2026-09-25T02:00:00Z,,,,,KZFzniwnSyZfZ7v7nJ,Music,KnvZfZ7vAev,Pop,KZazBEonSMnZfZ7vk1t,Pop,2026-09-20T22:44:00.359625+00:00
Z7r9jZ1A7P0oM,Brian Fallon & The Painkillers,https://www.ticketmaster.com/event/Z7r9jZ1A7P0oM,ZFr9jZe1Av,2026-09-24,20:00:00,2026-09-25T02:00:00Z,,onsale,2026-06-26T16:00:00Z,2026-09-25T02:00:00Z,,,,LIVE NATION MUSIC,KZFzniwnSyZfZ7v7nJ,Music,KnvZfZ7vAeA,Rock,KZazBEonSMnZfZ7v6an,Rock & Roll,2026-09-20T22:44:00.359625+00:00
Z7r9jZ1A7x9Az,The Bends (16 and Over),https://www.ticketmaster.com/event/Z7r9jZ1A7x9Az,Z6r9jZdvee,2026-09-24,20:00:00,2026-09-25T02:00:00Z,,onsale,1900-01-01T06:00:00Z,2026-09-25T02:00:00Z,,,,,KZFzniwnSyZfZ7v7nJ,Music,KnvZfZ7vAeA,Rock,KZazBEonSMnZfZ7v6dt,Alternative Rock,2026-09-20T22:44:00.359625+00:00
rZ7HnEZ1A4Z-aN,Global Dance & Club Studio Time Present: YVM3,https://www.ticketweb.com/event/global-dance-club-studio-the-basement-at-club-vinyl-tickets/15021263,rZ7HnEZ17QA4S,2026-09-24,20:00:00,2026-09-25T02:00:00Z,America/Denver,onsale,2026-08-14T16:00:00Z,2026-09-25T06:00:00Z,24.95,24.95,USD,INSOMNIAC PRESENTS,KZFzniwnSyZfZ7v7nJ,Music,KnvZfZ7vAvF,Dance/Electronic,KZazBEonSMnZfZ7vA1E,Dance/Electronic,2026-09-20T22:44:00.359625+00:00
rZ7HnEZ1AfZUf7,$5 Thursdays!,https://www.ticketweb.com/event/5-thursdays-la-rumba-tickets/14036504,rZ7HnEZ173pGP,2026-09-24,20:00:00,2026-09-25T02:00:00Z,America/Denver,onsale,2026-01-02T05:20:00Z,2027-09-18T02:00:00Z,8.73,8.73,USD,,KZFzniwnSyZfZ7v7nJ,Music,KnvZfZ7vAeF,World,KZazBEonSMnZfZ7vFdJ,Latin,2026-09-20T22:44:00.359625+00:00
G5vzZ_uawlK8v,Chelsea Wolfe: THE DARK World Tour,https://www.ticketmaster.com/chelsea-wolfe-the-dark-world-tour-denver-colorado-09-24-2026/event/1E0064D272AD3401,KovZpZAFa1nA,2026-09-24,20:30:00,2026-09-25T02:30:00Z,America/Denver,onsale,2026-06-26T16:00:00Z,2026-09-25T04:30:00Z,,,,AEG LIVE,KZFzniwnSyZfZ7v7nJ,Music,KnvZfZ7vAeA,Rock,KZazBEonSMnZfZ7v6F1,Pop,2026-09-20T22:44:00.359625+00:00
Z7r9jZ1A70sAw,Shift (16 and Over),https://www.ticketmaster.com/event/Z7r9jZ1A70sAw,Z7r9jZadXe,2026-09-24,20:30:00,2026-09-25T02:30:00Z,,onsale,1900-01-01T06:00:00Z,2026-09-25T02:30:00Z,,,,,KZFzniwnSyZfZ7v7nJ,Music,KnvZfZ7vAvl,Other,KZazBEonSMnZfZ7vk1I,Other,2026-09-20T22:44:00.359625+00:00
G5vzZ_Fnd44hW,Community Concerts of the Grand Valley 26-27,https://www.ticketmaster.com/community-concerts-of-the-grand-valley-grand-junction-colorado-09-24-2026/event/1E00648A835556FD,KovZpa4gke,2026-09-24,,,America/Denver,onsale,2026-06-18T16:00:00Z,2027-04-11T22:00:00Z,,,,PROMOTED BY VENUE,KZFzniwnSyZfZ7v7nJ,Music,KnvZfZ7vAvl,Other,KZazBEonSMnZfZ7vk1I,Other,2026-09-20T22:44:00.359625+00:00
Z7r9jZ1A7xePp,$UICIDEBOY$ w/ Destroy Lonely,https://www.ticketmaster.com/event/Z7r9jZ1A7xePp,ZFr9jZ77ve,2026-09-25,18:00:00,2026-09-26T00:00:00Z,,onsale,1900-01-01T06:00:00Z,2026-09-26T00:00:00Z,,,,,KZFzniwnSyZfZ7v7nJ,Music,KnvZfZ7vAvl,Other,KZazBEonSMnZfZ7vk1I,Other,2026-09-20T22:44:00.359625+00:00
G5vzZ_2rWMCgb,Amor Prohibido -Tribute to Selena,https://www.ticketmaster.com/amor-prohibido-tribute-to-selena-denver-colorado-09-25-2026/event/1E0064F7BDDCED58,KovZpZAFFt1A,2026-09-25,19:00:00,2026-09-26T01:00:00Z,America/Denver,onsale,2026-07-31T16:00:00Z,2026-09-26T03:00:00Z,,,,LIVE NATION MUSIC,KZFzniwnSyZfZ7v7nJ,Music,KnvZfZ7vAe6,Undefined,KZazBEonSMnZfZ7v6JI,Undefined,2026-09-20T22:44:00.359625+00:00
G5vzZ_GSDT4G4,ivri,https://www.ticketmaster.com/ivri-denver-colorado-09-25-2026/event/1E0064CCFBFD5315,KovZpZAJeFkA,2026-09-25,19:00:00,2026-09-26T01:00:00Z,America/Denver,onsale,2026-06-19T16:00:00Z,2026-09-26T03:00:00Z,,,,LIVE NATION MUSIC,KZFzniwnSyZfZ7v7nJ,Music,KnvZfZ7vAev,Pop,KZazBEonSMnZfZ7vaEl,Electro Pop,2026-09-20T22:44:00.359625+00:00
G5vzZ_uJB7mUC,Hail the Sun,https://theorientaltheater.holdmyticket.com/tickets/464503,KovZpaprpe,2026-09-25,19:00:00,2026-09-26T01:00:00Z,America/Denver,onsale,2026-06-26T16:00:00Z,2026-09-26T01:00:00Z,,,,LIVE NATION MUSIC,KZFzniwnSyZfZ7v7nJ,Music,KnvZfZ7vAeA,Rock,KZazBEonSMnZfZ7v6F1,Pop,2026-09-20T22:44:00.359625+00:00
Z7r9jZ1A7Ppue,WILD ON THE WATER: BIG WILD w/MINDCHATTER,https://www.ticketmaster.com/event/Z7r9jZ1A7Ppue,Z7r9jZadqh,2026-09-25,19:00:00,2026-09-26T01:00:00Z,,onsale,2026-06-12T16:00:00Z,2026-09-26T01:00:00Z,,,,,KZFzniwnSyZfZ7v7nJ,Music,KnvZfZ7vAvl,Other,KZazBEonSMnZfZ7vk1I,Other,2026-09-20T22:44:00.359625+00:00
Z7r9jZ1A7Pwoy,Hail the Sun,https://www.ticketmaster.com/event/Z7r9jZ1A7Pwoy,ZFr9jZe1Av,2026-09-25,19:00:00,2026-09-26T01:00:00Z,,onsale,2026-06-26T16:00:00Z,2026-09-26T01:00:00Z,,,,LIVE NATION MUSIC,KZFzniwnSyZfZ7v7nJ,Music,KnvZfZ7vAvl,Other,KZazBEonSMnZfZ7vk1I,Other,2026-09-20T22:44:00.359625+00:00
rZ7HnEZ1AfZUuf,Ladies Night & Noche Sonidera,https://www.ticketweb.com/event/ladies-night-noche-sonidera-la-rumba-tickets/14036354,rZ7HnEZ173pGP,2026-09-25,19:00:00,2026-09-26T01:00:00Z,America/Denver,onsale,2026-01-02T05:15:00Z,2027-09-19T01:00:00Z,14.13,14.13,USD,,KZFzniwnSyZfZ7v7nJ,Music,KnvZfZ7vAeF,World,KZazBEonSMnZfZ7vFdJ,Latin,2026-09-20T22:44:00.359625+00:00
G5vzZbUrlFEoA,"The Fab Four: Tribute to the Beatles' ""Help!"" and the Hits",https://www.ticketmaster.com/the-fab-four-tribute-to-the-denver-colorado-09-25-2026/event/1E006367AB227445,KovZpZAFa1nA,2026-09-25,19:30:00,2026-09-26T01:30:00Z,America/Denver,onsale,2025-11-21T17:00:00Z,2026-09-26T03:30:00Z,,,,EMPORIUM PRESENTS,KZFzniwnSyZfZ7v7nJ,Music,KnvZfZ7vAe6,Undefined,KZazBEonSMnZfZ7v6JI,Undefined,2026-09-20T22:44:00.359625+00:00
Z7r9jZ1A70JGN,Colorado Symphony Orchestra presents Rachmaninoff???s 3rd Piano Concerto with Garrick Ohlsson & Rune Bergmann,https://www.ticketmaster.com/event/Z7r9jZ1A70JGN,Z6r9jZdv1e,2026-09-25,19:30:00,2026-09-26T01:30:00Z,,onsale,1900-01-01T06:00:00Z,2026-09-26T01:30:00Z,,,,,KZFzniwnSyZfZ7v7nJ,Music,KnvZfZ7vAvl,Other,KZazBEonSMnZfZ7vk1I,Other,2026-09-20T22:44:00.359625+00:00
Z7r9jZ1A70gjf,Igorrr (16 and Over),https://www.ticketmaster.com/event/Z7r9jZ1A70gjf,ZFr9jZdde7,2026-09-25,19:30:00,2026-09-26T01:30:00Z,,onsale,1900-01-01T06:00:00Z,2026-09-26T01:30:00Z,,,,,KZFzniwnSyZfZ7v7nJ,Music,KnvZfZ7vAvl,Other,KZazBEonSMnZfZ7vk1I,Other,2026-09-20T22:44:00.359625+00:00
Z7r9jZ1A7J__k,The Commodores w/ The Spinners,https://www.ticketmaster.com/event/Z7r9jZ1A7J__k,Z7r9jZaA99,2026-09-25,19:30:00,2026-09-26T01:30:00Z,,onsale,1900-01-01T18:00:00Z,2026-09-26T01:30:00Z,,,,,KZFzniwnSyZfZ7v7nJ,Music,KnvZfZ7vAee,R&B,KZazBEonSMnZfZ7vkIt,R&B,2026-09-20T22:44:00.359625+00:00
16e0Z_aGfG7c-R-,"Emarosa, Veaux, Dreamfone",https://www.ticketweb.com/event/emarosa-veaux-dreamfone-black-sheep-tickets/14865613?REFERRAL_ID=tmfeed,KovZpZAJ77kA,2026-09-25,20:00:00,2026-09-26T02:00:00Z,America/Denver,onsale,2026-04-21T16:00:00Z,2026-09-26T02:00:00Z,,,,,KZFzniwnSyZfZ7v7nJ,Music,KnvZfZ7vAeA,Rock,KZazBEonSMnZfZ7v6F1,Pop,2026-09-20T22:44:00.359625+00:00
G5vzZ_ALltR_P,The Revivalists,https://www.axs.com/events/1342115/the-revivalists-tickets,KovZpZAaeIvA,2026-09-25,20:00:00,2026-09-26T02:00:00Z,America/Denver,onsale,2026-02-27T17:00:00Z,2026-09-26T02:00:00Z,,,,LIVE NATION MUSIC,KZFzniwnSyZfZ7v7nJ,Music,KnvZfZ7vAeA,Rock,KZazBEonSMnZfZ7v6F1,Pop,2026-09-20T22:44:00.359625+00:00
G5vzZ_G1hWlbw,Umphrey's McGee,https://www.etix.com/ticket/p/77123472/umphreys-mcgee-bellvue-mishawaka-amphitheatre,KovZpZA1EakA,2026-09-25,20:00:00,2026-09-26T02:00:00Z,America/Denver,onsale,2026-06-05T16:00:00Z,2026-09-26T02:00:00Z,,,,LIVE NATION MUSIC,KZFzniwnSyZfZ7v7nJ,Music,KnvZfZ7vAeA,Rock,KZazBEonSMnZfZ7v6F1,Pop,2026-09-20T22:44:00.359625+00:00
Z7r9jZ1A7-3fF,The Revivalists,https://www.ticketmaster.com/event/Z7r9jZ1A7-3fF,ZFr9jZe71a,2026-09-25,20:00:00,2026-09-26T02:00:00Z,,onsale,2026-02-27T17:00:00Z,2026-09-26T02:00:00Z,,,,LIVE NATION MUSIC,KZFzniwnSyZfZ7v7nJ,Music,KnvZfZ7vAvv,Alternative,KZazBEonSMnZfZ7vAvn,Alternative Rock,2026-09-20T22:44:00.359625+00:00
Z7r9jZ1A70oQf,Prospa - Ages 16+,https://www.ticketmaster.com/event/Z7r9jZ1A70oQf,Z7r9jZadVI,2026-09-25,20:00:00,2026-09-26T02:00:00Z,,onsale,2026-05-05T19:00:00Z,2026-09-26T02:00:00Z,,,,,KZFzniwnSyZfZ7v7nJ,Music,KnvZfZ7vAvF,Dance/Electronic,KZazBEonSMnZfZ7vA1E,Dance/Electronic,2026-09-20T22:44:00.359625+00:00
Z7r9jZ1A7PdjN,Umphrey's McGee,https://www.ticketmaster.com/event/Z7r9jZ1A7PdjN,ZFr9jZ6vkF,2026-09-25,20:00:00,2026-09-26T02:00:00Z,,onsale,2026-06-05T16:00:00Z,2026-09-26T02:00:00Z,,,,LIVE NATION MUSIC,KZFzniwnSyZfZ7v7nJ,Music,KnvZfZ7vAvv,Alternative,KZazBEonSMnZfZ7vAvn,Alternative Rock,2026-09-20T22:44:00.359625+00:00
Z7r9jZ1A7xfCf,Emarosa,https://www.ticketmaster.com/event/Z7r9jZ1A7xfCf,ZFr9jZAFk1,2026-09-25,20:00:00,2026-09-26T02:00:00Z,,onsale,2026-04-21T16:00:00Z,2026-09-26T02:00:00Z,,,,,KZFzniwnSyZfZ7v7nJ,Music,KnvZfZ7vAvl,Other,KZazBEonSMnZfZ7vk1I,Other,2026-09-20T22:44:00.359625+00:00
rZ7HnEZ1AfG3O7,"Calico Moon, In The Teeth, Laura Anne Reitzel",https://www.ticketweb.com/event/calico-moon-in-the-teeth-vultures-tickets/14312804,rZ7HnEZ17fd1A,2026-09-25,20:00:00,2026-09-26T02:00:00Z,America/Denver,onsale,2026-09-09T16:00:00Z,2026-09-26T02:00:00Z,,,,,KZFzniwnSyZfZ7v7nJ,Music,KnvZfZ7vAeA,Rock,KZazBEonSMnZfZ7v6dt,Alternative Rock,2026-09-20T22:44:00.359625+00:00
Z7r9jZ1A7xZA8,Oskar med K,https://www.ticketmaster.com/event/Z7r9jZ1A7xZA8,ZFr9jZkk1d,2026-09-25,20:30:00,2026-09-26T02:30:00Z,,onsale,1900-01-01T18:00:00Z,2026-09-26T02:30:00Z,,,,,KZFzniwnSyZfZ7v7nJ,Music,KnvZfZ7vAvF,Dance/Electronic,KZazBEonSMnZfZ7vA1E,Dance/Electronic,2026-09-20T22:44:00.359625+00:00
G5vzZ_Gl-tRPp,American Aquarium,https://www.ticketmaster.com/american-aquarium-denver-colorado-09-25-2026/event/1E0064CAE1A6F956,KovZ917Aai0,2026-09-25,21:00:00,2026-09-26T03:00:00Z,America/Denver,onsale,2026-06-19T16:00:00Z,2026-09-26T05:00:00Z,,,,MISCELLANEOUS PROMOTER,KZFzniwnSyZfZ7v7nJ,Music,KnvZfZ7vAeA,Rock,KZazBEonSMnZfZ7v6F1,Pop,2026-09-20T22:44:00.359625+00:00
G5vzZ_u674Hrk,THE SCHIZOPHONICS - Burning Floor Tour,https://link.dice.fm/Q3cc3ab36245,KovZpZAE7I1A,2026-09-25,21:00:00,2026-09-26T03:00:00Z,America/Denver,onsale,2026-06-19T16:00:00Z,2026-09-26T03:00:00Z,,,,LIVE NATION MUSIC,KZFzniwnSyZfZ7v7nJ,Music,KnvZfZ7vAeA,Rock,KZazBEonSMnZfZ7v6F1,Pop,2026-09-20T22:44:00.359625+00:00
Z7r9jZ1A7-t0b,Ivy Lab (16 and Over),https://www.ticketmaster.com/event/Z7r9jZ1A7-t0b,ZFr9jZedde,2026-09-25,21:00:00,2026-09-26T03:00:00Z,,onsale,1900-01-01T06:00:00Z,2026-09-26T03:00:00Z,,,,,KZFzniwnSyZfZ7v7nJ,Music,KnvZfZ7vAvl,Other,KZazBEonSMnZfZ7vk1I,Other,2026-09-20T22:44:00.359625+00:00
Z7r9jZ1A7qV_4,Elefante (21+),https://www.ticketmaster.com/event/Z7r9jZ1A7qV_4,Z7r9jZad-c,2026-09-25,21:00:00,2026-09-26T03:00:00Z,,onsale,1900-01-01T18:00:00Z,2026-09-26T03:00:00Z,,,,,KZFzniwnSyZfZ7v7nJ,Music,KnvZfZ7vAvl,Other,KZazBEonSMnZfZ7vk1I,Other,2026-09-20T22:44:00.359625+00:00
rZ7HnEZ1Af7ao0,ELEFANTE EN CONCIERTO,https://www.ticketweb.com/event/elefante-en-concierto-stampede-tickets/14109464,rZ7HnEZ173p1A,2026-09-25,22:00:00,2026-09-26T04:00:00Z,America/Denver,onsale,2026-01-23T17:00:00Z,2026-09-26T02:00:00Z,71.18,92.53,USD,,KZFzniwnSyZfZ7v7nJ,Music,KnvZfZ7vAeF,World,KZazBEonSMnZfZ7vFdJ,Latin,2026-09-20T22:44:00.359625+00:00
rZ7HnEZ1AfJb0N,Bassjackers,https://www.ticketweb.com/event/bassjackers-club-vinyl-tickets/14998923,rZ7HnEZ17qf40,2026-09-25,22:00:00,2026-09-26T04:00:00Z,America/Denver,onsale,2026-07-29T18:00:00Z,2026-09-26T08:00:00Z,24.95,24.95,USD,INSOMNIAC PRESENTS,KZFzniwnSyZfZ7v7nJ,Music,KnvZfZ7vAvF,Dance/Electronic,KZazBEonSMnZfZ7vAI6,House,2026-09-20T22:44:00.359625+00:00
rZ7HnEZ1Afap3f,Carlita,https://www.ticketweb.com/event/carlita-the-church-nightclub-tickets/14256494,rZ7HnEZ17qf4V,2026-09-25,22:00:00,2026-09-26T04:00:00Z,America/Denver,onsale,2026-07-13T16:00:00Z,2026-09-26T08:00:00Z,24.95,24.95,USD,INSOMNIAC PRESENTS,KZFzniwnSyZfZ7v7nJ,Music,KnvZfZ7vAvF,Dance/Electronic,KZazBEonSMnZfZ7vAI6,House,2026-09-20T22:44:00.359625+00:00
G5vzZ_3T62IM_, Paramount Theatre Club Seating: The Fab Four,https://www.ticketmaster.com/paramount-theatre-club-seating-the-fab-denver-colorado-09-25-2026/event/1E00652FC73E8DD9,KovZpZAFa1nA,2026-09-25,19:30:00,2026-09-26T01:30:00Z,America/Denver,onsale,2026-09-18T16:00:00Z,2026-09-26T03:30:00Z,,,,PROMOTED BY VENUE,KZFzniwnSyZfZ7v7nJ,Music,KnvZfZ7vAvl,Other,KZazBEonSMnZfZ7vk1I,Other,2026-09-20T22:44:00.359625+00:00
rZ7HnEZ1AfJduN,"Day Out With Thomas (TM), Thomas & Friends",https://www.ticketweb.com/event/day-out-with-thomas-tm-colorado-railroad-museum-tickets/14983363,rZ7HnEZadSp,2026-09-26,08:30:00,2026-09-26T14:30:00Z,America/Denver,onsale,2026-07-21T15:00:00Z,2026-09-26T14:30:00Z,0.0,0.0,USD,,KZFzniwnSyZfZ7v7n1,Miscellaneous,KnvZfZ7vAeE,Fairs & Festivals,KZazBEonSMnZfZ7vF1F,Fairs & Festivals,2026-09-20T22:44:00.359625+00:00
rZ7HnEZ1AfJd_d,"Day Out With Thomas (TM), Thomas & Friends",https://www.ticketweb.com/event/day-out-with-thomas-tm-colorado-railroad-museum-tickets/14983643,rZ7HnEZadSp,2026-09-26,09:15:00,2026-09-26T15:15:00Z,America/Denver,onsale,2026-07-21T15:00:00Z,2026-09-26T15:15:00Z,0.0,0.0,USD,,KZFzniwnSyZfZ7v7n1,Miscellaneous,KnvZfZ7vAeE,Fairs & Festivals,KZazBEonSMnZfZ7vF1F,Fairs & Festivals,2026-09-20T22:44:00.359625+00:00
rZ7HnEZ1AfJdxd,"Day Out With Thomas (TM), Thomas & Friends",https://www.ticketweb.com/event/day-out-with-thomas-tm-colorado-railroad-museum-tickets/14983883,rZ7HnEZadSp,2026-09-26,10:00:00,2026-09-26T16:00:00Z,America/Denver,onsale,2026-07-21T15:00:00Z,2026-09-26T16:00:00Z,0.0,0.0,USD,,KZFzniwnSyZfZ7v7n1,Miscellaneous,KnvZfZ7vAeE,Fairs & Festivals,KZazBEonSMnZfZ7vF1F,Fairs & Festivals,2026-09-20T22:44:00.359625+00:00
rZ7HnEZ1AfJ7aS,"Day Out With Thomas (TM), Thomas & Friends",https://www.ticketweb.com/event/day-out-with-thomas-tm-colorado-railroad-museum-tickets/14984273,rZ7HnEZadSp,2026-09-26,10:45:00,2026-09-26T16:45:00Z,America/Denver,onsale,2026-07-21T15:00:00Z,2026-09-26T16:45:00Z,0.0,0.0,USD,,KZFzniwnSyZfZ7v7n1,Miscellaneous,KnvZfZ7vAeE,Fairs & Festivals,KZazBEonSMnZfZ7vF1F,Fairs & Festivals,2026-09-20T22:44:00.359625+00:00
Z7r9jZ1AAv8Fa,Rock and Roll Playhouse,https://www.ticketmaster.com/event/Z7r9jZ1AAv8Fa,Z6r9jZdvee,2026-09-26,11:00:00,2026-09-26T17:00:00Z,,onsale,1900-01-01T06:00:00Z,2026-09-26T17:00:00Z,,,,,KZFzniwnSyZfZ7v7nJ,Music,KnvZfZ7vAvl,Other,KZazBEonSMnZfZ7vk1I,Other,2026-09-20T22:44:00.359625+00:00
rZ7HnEZ1AfJd4K,"Day Out With Thomas (TM), Thomas & Friends",https://www.ticketweb.com/event/day-out-with-thomas-tm-colorado-railroad-museum-tickets/14983553,rZ7HnEZadSp,2026-09-26,11:30:00,2026-09-26T17:30:00Z,America/Denver,onsale,2026-07-21T15:00:00Z,2026-09-26T17:30:00Z,0.0,0.0,USD,,KZFzniwnSyZfZ7v7n1,Miscellaneous,KnvZfZ7vAeE,Fairs & Festivals,KZazBEonSMnZfZ7vF1F,Fairs & Festivals,2026-09-20T22:44:00.359625+00:00
rZ7HnEZ1AfJd1K,"Day Out With Thomas (TM), Thomas & Friends",https://www.ticketweb.com/event/day-out-with-thomas-tm-colorado-railroad-museum-tickets/14983293,rZ7HnEZadSp,2026-09-26,12:15:00,2026-09-26T18:15:00Z,America/Denver,onsale,2026-07-21T15:00:00Z,2026-09-26T18:15:00Z,0.0,0.0,USD,,KZFzniwnSyZfZ7v7n1,Miscellaneous,KnvZfZ7vAeE,Fairs & Festivals,KZazBEonSMnZfZ7vF1F,Fairs & Festivals,2026-09-20T22:44:00.359625+00:00
G5vzZ_5nMjjlm,Day Trip Block Party Denver,https://daytripdenver.frontgatetickets.com,KovZ917AI2V,2026-09-26,13:00:00,2026-09-26T19:00:00Z,America/Denver,onsale,2026-05-29T18:00:00Z,2026-09-26T19:00:00Z,,,,LIVE NATION MUSIC,KZFzniwnSyZfZ7v7nJ,Music,KnvZfZ7vAe6,Undefined,KZazBEonSMnZfZ7v6JI,Undefined,2026-09-20T22:44:00.359625+00:00
rZ7HnEZ1AfJdoK,"Day Out With Thomas (TM), Thomas & Friends",https://www.ticketweb.com/event/day-out-with-thomas-tm-colorado-railroad-museum-tickets/14983453,rZ7HnEZadSp,2026-09-26,13:00:00,2026-09-26T19:00:00Z,America/Denver,onsale,2026-07-21T15:00:00Z,2026-09-26T19:00:00Z,0.0,0.0,USD,,KZFzniwnSyZfZ7v7n1,Miscellaneous,KnvZfZ7vAeE,Fairs & Festivals,KZazBEonSMnZfZ7vF1F,Fairs & Festivals,2026-09-20T22:44:00.359625+00:00
rZ7HnEZ1AfJdQK,"Day Out With Thomas (TM), Thomas & Friends",https://www.ticketweb.com/event/day-out-with-thomas-tm-colorado-railroad-museum-tickets/14983693,rZ7HnEZadSp,2026-09-26,13:45:00,2026-09-26T19:45:00Z,America/Denver,onsale,2026-07-21T15:00:00Z,2026-09-26T19:45:00Z,0.0,0.0,USD,,KZFzniwnSyZfZ7v7n1,Miscellaneous,KnvZfZ7vAeE,Fairs & Festivals,KZazBEonSMnZfZ7vF1F,Fairs & Festivals,2026-09-20T22:44:00.359625+00:00
rZ7HnEZ1AfJd_N,"Day Out With Thomas (TM), Thomas & Friends",https://www.ticketweb.com/event/day-out-with-thomas-tm-colorado-railroad-museum-tickets/14983663,rZ7HnEZadSp,2026-09-26,14:30:00,2026-09-26T20:30:00Z,America/Denver,onsale,2026-07-21T15:00:00Z,2026-09-26T20:30:00Z,0.0,0.0,USD,,KZFzniwnSyZfZ7v7n1,Miscellaneous,KnvZfZ7vAeE,Fairs & Festivals,KZazBEonSMnZfZ7vF1F,Fairs & Festivals,2026-09-20T22:44:00.359625+00:00
rZ7HnEZ1AfJdCK,"Day Out With Thomas (TM), Thomas & Friends",https://www.ticketweb.com/event/day-out-with-thomas-tm-colorado-railroad-museum-tickets/14983393,rZ7HnEZadSp,2026-09-26,15:15:00,2026-09-26T21:15:00Z,America/Denver,onsale,2026-07-21T15:00:00Z,2026-09-26T21:15:00Z,0.0,0.0,USD,,KZFzniwnSyZfZ7v7n1,Miscellaneous,KnvZfZ7vAeE,Fairs & Festivals,KZazBEonSMnZfZ7vF1F,Fairs & Festivals,2026-09-20T22:44:00.359625+00:00
rZ7HnEZ1AfJ7aK,"Day Out With Thomas (TM), Thomas & Friends",https://www.ticketweb.com/event/day-out-with-thomas-tm-colorado-railroad-museum-tickets/14984253,rZ7HnEZadSp,2026-09-26,16:00:00,2026-09-26T22:00:00Z,America/Denver,onsale,2026-07-21T15:00:00Z,2026-09-26T22:00:00Z,30.85,30.85,USD,,KZFzniwnSyZfZ7v7n1,Miscellaneous,KnvZfZ7vAeE,Fairs & Festivals,KZazBEonSMnZfZ7vF1F,Fairs & Festivals,2026-09-20T22:44:00.359625+00:00
Z7r9jZ1A7-sxp,Big Gigantic w/ The Funk Hunters,https://www.ticketmaster.com/event/Z7r9jZ1A7-sxp,ZFr9jZe71a,2026-09-26,18:00:00,2026-09-27T00:00:00Z,,onsale,1900-01-01T06:00:00Z,2026-09-27T00:00:00Z,,,,,KZFzniwnSyZfZ7v7nJ,Music,KnvZfZ7vAvF,Dance/Electronic,KZazBEonSMnZfZ7vA1E,Dance/Electronic,2026-09-20T22:44:00.359625+00:00
G5vzZ_5MzhjYh,"Silly Goose - The ""Set It Off"" Tour",https://www.ticketmaster.com/silly-goose-the-set-it-off-denver-colorado-09-26-2026/event/1E0064BDF86DCC1B,KovZpZAJeFkA,2026-09-26,18:30:00,2026-09-27T00:30:00Z,America/Denver,onsale,2026-06-05T14:00:00Z,2026-09-27T02:30:00Z,,,,LIVE NATION MUSIC,KZFzniwnSyZfZ7v7nJ,Music,KnvZfZ7vAeA,Rock,KZazBEonSMnZfZ7v6F1,Pop,2026-09-20T22:44:00.359625+00:00
G5vzZ_6lC9HUo,PRESIDENT: North American Campaign 2026,https://www.ticketmaster.com/president-north-american-campaign-2026-denver-colorado-09-26-2026/event/1E00647ACE5FCD91,KovZpZAFFt1A,2026-09-26,18:30:00,2026-09-27T00:30:00Z,America/Denver,onsale,2026-04-03T16:00:00Z,2026-09-27T02:30:00Z,,,,LIVE NATION MUSIC,KZFzniwnSyZfZ7v7nJ,Music,KnvZfZ7vAeA,Rock,KZazBEonSMnZfZ7v6dt,Alternative Rock,2026-09-20T22:44:00.359625+00:00
G5vzZ_ejS7nIg,Bruno Mars - The Romantic Tour,https://goairforcefalcons.evenue.net/events/BM,KovZpZA1EalA,2026-09-26,19:00:00,2026-09-27T01:00:00Z,America/Denver,onsale,2026-01-15T19:00:00Z,2026-09-27T01:00:00Z,,,,LIVE NATION MUSIC,KZFzniwnSyZfZ7v7nJ,Music,KnvZfZ7vAev,Pop,KZazBEonSMnZfZ7vk1t,Pop,2026-09-20T22:44:00.359625+00:00
G5vzZ_uQXkhQK,Holding Absence & Arm's Length: North American Co-Headliner Tour 2026,https://www.etix.com/ticket/p/36653184/holding-absence-arms-lengthnorth-american-coheadliner-tour-2026-fort-collins-washingtons,KovZ917Am6Y,2026-09-26,19:00:00,2026-09-27T01:00:00Z,America/Denver,onsale,2026-06-26T16:00:00Z,2026-09-27T01:00:00Z,,,,LIVE NATION MUSIC,KZFzniwnSyZfZ7v7nJ,Music,KnvZfZ7vAeA,Rock,KZazBEonSMnZfZ7v6F1,Pop,2026-09-20T22:44:00.359625+00:00
Z7r9jZ1A70ovV,Citizen w/ Anxious,https://www.ticketmaster.com/event/Z7r9jZ1A70ovV,ZFr9jZedde,2026-09-26,19:00:00,2026-09-27T01:00:00Z,,onsale,1900-01-01T06:00:00Z,2026-09-27T01:00:00Z,,,,,KZFzniwnSyZfZ7v7nJ,Music,KnvZfZ7vAvl,Other,KZazBEonSMnZfZ7vk1I,Other,2026-09-20T22:44:00.359625+00:00
Z7r9jZ1A7O9_A,Bruno Mars - The Romantic Tour,https://www.ticketmaster.com/event/Z7r9jZ1A7O9_A,ZFr9jZde11,2026-09-26,19:00:00,2026-09-27T01:00:00Z,,onsale,2026-01-17T05:00:00Z,2026-09-27T01:00:00Z,,,,LIVE NATION MUSIC,KZFzniwnSyZfZ7v7nJ,Music,KnvZfZ7vAee,R&B,KZazBEonSMnZfZ7vkIt,R&B,2026-09-20T22:44:00.359625+00:00
Z7r9jZ1A7PIZk,Holding Absence & Arm's Length: North American Co-Headliner Tour 2026,https://www.ticketmaster.com/event/Z7r9jZ1A7PIZk,Z7r9jZad4Y,2026-09-26,19:00:00,2026-09-27T01:00:00Z,,onsale,2026-06-26T16:00:00Z,2026-09-27T01:00:00Z,,,,LIVE NATION MUSIC,KZFzniwnSyZfZ7v7nJ,Music,KnvZfZ7vAvl,Other,KZazBEonSMnZfZ7vk1I,Other,2026-09-20T22:44:00.359625+00:00
rZ7HnEZ1AfZg47,Sabados Sabrosos!,https://www.ticketweb.com/event/sabados-sabrosos-la-rumba-tickets/14035544,rZ7HnEZ173pGP,2026-09-26,19:00:00,2026-09-27T01:00:00Z,America/Denver,onsale,2026-01-02T05:00:00Z,2027-09-19T01:00:00Z,25.18,25.18,USD,,KZFzniwnSyZfZ7v7nJ,Music,KnvZfZ7vAeF,World,KZazBEonSMnZfZ7vFdJ,Latin,2026-09-20T22:44:00.359625+00:00
G5vzZbgrR4Vei,"The Fab Four: Tribute to the Beatles' ""Help"" and the Hits",https://www.ticketmaster.com/the-fab-four-tribute-to-the-grand-junction-colorado-09-26-2026/event/1E006357AF5740AC,KovZpa4gke,2026-09-26,19:30:00,2026-09-27T01:30:00Z,America/Denver,onsale,2025-11-21T17:00:00Z,2026-09-27T03:30:00Z,,,,LIVE NATION MUSIC,KZFzniwnSyZfZ7v7nJ,Music,KnvZfZ7vAe6,Undefined,KZazBEonSMnZfZ7v6JI,Undefined,2026-09-20T22:44:00.359625+00:00
Z7r9jZ1A70JGO,Colorado Symphony Orchestra presents Rachmaninoff???s 3rd Piano Concerto with Garrick Ohlsson & Rune Bergmann,https://www.ticketmaster.com/event/Z7r9jZ1A70JGO,Z6r9jZdv1e,2026-09-26,19:30:00,2026-09-27T01:30:00Z,,onsale,1900-01-01T06:00:00Z,2026-09-27T01:30:00Z,,,,,KZFzniwnSyZfZ7v7nJ,Music,KnvZfZ7vAvl,Other,KZazBEonSMnZfZ7vk1I,Other,2026-09-20T22:44:00.359625+00:00
Z7r9jZ1AAZt7J,The Colorado Springs Philharmonic presents Scheherazade,https://www.ticketmaster.com/event/Z7r9jZ1AAZt7J,ZFr9jZe777,2026-09-26,19:30:00,2026-09-27T01:30:00Z,,onsale,1900-01-01T06:00:00Z,2026-09-27T01:30:00Z,,,,,KZFzniwnSyZfZ7v7nJ,Music,KnvZfZ7vAvl,Other,KZazBEonSMnZfZ7vk1I,Other,2026-09-20T22:44:00.359625+00:00
G5vzZ_51yBtAi,Wicca Phase Springs Eternal - A Decade of Secret Boy,https://tickets.meowwolf.com/events/denver/wicca-phase-springs-eternal/,KovZ917AYbY,2026-09-26,20:00:00,2026-09-27T02:00:00Z,America/Denver,onsale,2026-05-20T16:00:00Z,2026-09-27T02:00:00Z,,,,LIVE NATION MUSIC,KZFzniwnSyZfZ7v7nJ,Music,KnvZfZ7vAeA,Rock,KZazBEonSMnZfZ7v6dt,Alternative Rock,2026-09-20T22:44:00.359625+00:00
G5vzZ_Arx3tGZ,Mariachazo,https://www.ticketmaster.com/mariachazo-denver-colorado-09-26-2026/event/1E006457A24A9300,KovZpZAFa1nA,2026-09-26,20:00:00,2026-09-27T02:00:00Z,America/Denver,onsale,2026-03-10T16:00:00Z,2026-09-27T04:00:00Z,,,,PROMOTED BY VENUE,KZFzniwnSyZfZ7v7nJ,Music,KnvZfZ7vAJ6,Latin,KZazBEonSMnZfZ7va1a,Latin,2026-09-20T22:44:00.359625+00:00
G5vzZ_G1j0lqx,Umphrey's McGee,https://www.etix.com/ticket/p/56190790/umphreys-mcgee-bellvue-mishawaka-amphitheatre,KovZpZA1EakA,2026-09-26,20:00:00,2026-09-27T02:00:00Z,America/Denver,onsale,2026-06-05T16:00:00Z,2026-09-27T02:00:00Z,,,,LIVE NATION MUSIC,KZFzniwnSyZfZ7v7nJ,Music,KnvZfZ7vAeA,Rock,KZazBEonSMnZfZ7v6F1,Pop,2026-09-20T22:44:00.359625+00:00
G5vzZ_aK8GlLt,Emarosa - High Horse Heaven Tour,https://hqdenver.holdmyticket.com/tickets/461881,KovZ917ARbC,2026-09-26,20:00:00,2026-09-27T02:00:00Z,America/Denver,onsale,2026-04-22T16:00:00Z,2026-09-27T02:00:00Z,,,,LIVE NATION MUSIC,KZFzniwnSyZfZ7v7nJ,Music,KnvZfZ7vAeA,Rock,KZazBEonSMnZfZ7v6F1,Pop,2026-09-20T22:44:00.359625+00:00
G5vzZ_ueD5n6H,"SHAWN JAMES ""FLEW TOO CLOSE TO THE SUN"" TOUR",https://www.ticketmaster.com/shawn-james-flew-too-close-to-denver-colorado-09-26-2026/event/1E0064D0BB2EA1FC,KovZ917Aai0,2026-09-26,20:00:00,2026-09-27T02:00:00Z,America/Denver,onsale,2026-06-26T16:00:00Z,2026-09-27T04:00:00Z,,,,MISCELLANEOUS PROMOTER,KZFzniwnSyZfZ7v7nJ,Music,KnvZfZ7vAvd,Blues,KZazBEonSMnZfZ7vAAd,Blues,2026-09-20T22:44:00.359625+00:00
Z7r9jZ1A7-73b,Yacht Rock Revue (16 and Over),https://www.ticketmaster.com/event/Z7r9jZ1A7-73b,Z7r9jZadVI,2026-09-26,20:00:00,2026-09-27T02:00:00Z,,onsale,1900-01-01T06:00:00Z,2026-09-27T02:00:00Z,,,,,KZFzniwnSyZfZ7v7nJ,Music,KnvZfZ7vAvl,Other,KZazBEonSMnZfZ7vk1I,Other,2026-09-20T22:44:00.359625+00:00
Z7r9jZ1A7-xPd,Arlo Parks,https://www.ticketmaster.com/event/Z7r9jZ1A7-xPd,ZFr9jZdde7,2026-09-26,20:00:00,2026-09-27T02:00:00Z,,onsale,2026-03-13T16:00:00Z,2026-09-27T02:00:00Z,,,,,KZFzniwnSyZfZ7v7nJ,Music,KnvZfZ7vAvl,Other,KZazBEonSMnZfZ7vk1I,Other,2026-09-20T22:44:00.359625+00:00
Z7r9jZ1A70E0V,Wicca Phase Springs Eternal - A Decade of Secret Boy,https://www.ticketmaster.com/event/Z7r9jZ1A70E0V,Z7r9jZa7j5,2026-09-26,20:00:00,2026-09-27T02:00:00Z,,onsale,2026-05-20T16:00:00Z,2026-09-27T02:00:00Z,,,,LIVE NATION MUSIC,KZFzniwnSyZfZ7v7nJ,Music,KnvZfZ7vAvl,Other,KZazBEonSMnZfZ7vk1I,Other,2026-09-20T22:44:00.359625+00:00
Z7r9jZ1A7PdjY,Umphrey's McGee,https://www.ticketmaster.com/event/Z7r9jZ1A7PdjY,ZFr9jZ6vkF,2026-09-26,20:00:00,2026-09-27T02:00:00Z,,onsale,2026-06-05T16:00:00Z,2026-09-27T02:00:00Z,,,,LIVE NATION MUSIC,KZFzniwnSyZfZ7v7nJ,Music,KnvZfZ7vAvv,Alternative,KZazBEonSMnZfZ7vAvn,Alternative Rock,2026-09-20T22:44:00.359625+00:00
Z7r9jZ1A7xf-y,Emarosa - High Horse Heaven Tour,https://www.ticketmaster.com/event/Z7r9jZ1A7xf-y,Z7r9jZa7h0,2026-09-26,20:00:00,2026-09-27T02:00:00Z,,onsale,2026-04-22T16:00:00Z,2026-09-27T02:00:00Z,,,,LIVE NATION MUSIC,KZFzniwnSyZfZ7v7nJ,Music,KnvZfZ7vAvl,Other,KZazBEonSMnZfZ7vk1I,Other,2026-09-20T22:44:00.359625+00:00
1AtZkfoGkdbXoHS,Broadway Rave,https://www.ticketweb.com/event/broadway-rave-black-sheep-tickets/15040743?REFERRAL_ID=tmfeed,KovZpZAJ77kA,2026-09-26,20:30:00,2026-09-27T02:30:00Z,America/Denver,onsale,2026-08-18T16:00:00Z,2026-09-27T04:00:00Z,,,,,KZFzniwnSyZfZ7v7nJ,Music,KnvZfZ7vAvF,Dance/Electronic,KZazBEonSMnZfZ7vaEn,Amapiano,2026-09-20T22:44:00.359625+00:00
Z7r9jZ1AAZV4U,Broadway Rave - The Musical Theatre Dance Party,https://www.ticketmaster.com/event/Z7r9jZ1AAZV4U,ZFr9jZAFk1,2026-09-26,20:30:00,2026-09-27T02:30:00Z,,onsale,2026-08-18T16:00:00Z,2026-09-27T02:30:00Z,,,,,KZFzniwnSyZfZ7v7nJ,Music,KnvZfZ7vAvF,Dance/Electronic,KZazBEonSMnZfZ7vAJJ,Dance Pop,2026-09-20T22:44:00.359625+00:00
Z7r9jZ1A7-YvY,Deer Tick (16 and Over),https://www.ticketmaster.com/event/Z7r9jZ1A7-YvY,Z6r9jZdvee,2026-09-26,21:00:00,2026-09-27T03:00:00Z,,onsale,1900-01-01T06:00:00Z,2026-09-27T03:00:00Z,,,,,KZFzniwnSyZfZ7v7nJ,Music,KnvZfZ7vAvl,Other,KZazBEonSMnZfZ7vk1I,Other,2026-09-20T22:44:00.359625+00:00
rZ7HnEZ1AfaxA7,KEITH NIETO - ARRASANDO NORTE - NUEVA PRADERA - MANUEL REZA,https://www.ticketweb.com/event/keith-nieto-arrasando-stampede-tickets/14262144,rZ7HnEZ173p1A,2026-09-26,21:00:00,2026-09-27T03:00:00Z,America/Denver,onsale,2026-07-15T17:25:00Z,2026-09-27T01:00:00Z,60.51,71.18,USD,,KZFzniwnSyZfZ7v7nJ,Music,KnvZfZ7vAeF,World,KZazBEonSMnZfZ7vFAI,Mexican Ranchera,2026-09-20T22:44:00.359625+00:00
rZ7HnEZ1AfJdjK,"Day Out With Thomas (TM), Thomas & Friends",https://www.ticketweb.com/event/day-out-with-thomas-tm-colorado-railroad-museum-tickets/14983713,rZ7HnEZadSp,2026-09-27,08:30:00,2026-09-27T14:30:00Z,America/Denver,onsale,2026-07-21T15:00:00Z,2026-09-27T14:30:00Z,0.0,0.0,USD,,KZFzniwnSyZfZ7v7n1,Miscellaneous,KnvZfZ7vAeE,Fairs & Festivals,KZazBEonSMnZfZ7vF1F,Fairs & Festivals,2026-09-20T22:44:00.359625+00:00
rZ7HnEZ1AfJdod,"Day Out With Thomas (TM), Thomas & Friends",https://www.ticketweb.com/event/day-out-with-thomas-tm-colorado-railroad-museum-tickets/14983443,rZ7HnEZadSp,2026-09-27,09:15:00,2026-09-27T15:15:00Z,America/Denver,onsale,2026-07-21T15:00:00Z,2026-09-27T15:15:00Z,0.0,0.0,USD,,KZFzniwnSyZfZ7v7n1,Miscellaneous,KnvZfZ7vAeE,Fairs & Festivals,KZazBEonSMnZfZ7vF1F,Fairs & Festivals,2026-09-20T22:44:00.359625+00:00
rZ7HnEZ1AfJdxK,"Day Out With Thomas (TM), Thomas & Friends",https://www.ticketweb.com/event/day-out-with-thomas-tm-colorado-railroad-museum-tickets/14983893,rZ7HnEZadSp,2026-09-27,10:00:00,2026-09-27T16:00:00Z,America/Denver,onsale,2026-07-21T15:00:00Z,2026-09-27T16:00:00Z,0.0,0.0,USD,,KZFzniwnSyZfZ7v7n1,Miscellaneous,KnvZfZ7vAeE,Fairs & Festivals,KZazBEonSMnZfZ7vF1F,Fairs & Festivals,2026-09-20T22:44:00.359625+00:00
rZ7HnEZ1AfJ7FS,"Day Out With Thomas (TM), Thomas & Friends",https://www.ticketweb.com/event/day-out-with-thomas-tm-colorado-railroad-museum-tickets/14984233,rZ7HnEZadSp,2026-09-27,10:45:00,2026-09-27T16:45:00Z,America/Denver,onsale,2026-07-21T15:00:00Z,2026-09-27T16:45:00Z,0.0,0.0,USD,,KZFzniwnSyZfZ7v7n1,Miscellaneous,KnvZfZ7vAeE,Fairs & Festivals,KZazBEonSMnZfZ7vF1F,Fairs & Festivals,2026-09-20T22:44:00.359625+00:00
rZ7HnEZ1AfJd4S,"Day Out With Thomas (TM), Thomas & Friends",https://www.ticketweb.com/event/day-out-with-thomas-tm-colorado-railroad-museum-tickets/14983573,rZ7HnEZadSp,2026-09-27,11:30:00,2026-09-27T17:30:00Z,America/Denver,onsale,2026-07-21T15:00:00Z,2026-09-27T17:30:00Z,0.0,0.0,USD,,KZFzniwnSyZfZ7v7n1,Miscellaneous,KnvZfZ7vAeE,Fairs & Festivals,KZazBEonSMnZfZ7vF1F,Fairs & Festivals,2026-09-20T22:44:00.359625+00:00
rZ7HnEZ1AfJdbK,"Day Out With Thomas (TM), Thomas & Friends",https://www.ticketweb.com/event/day-out-with-thomas-tm-colorado-railroad-museum-tickets/14983613,rZ7HnEZadSp,2026-09-27,12:15:00,2026-09-27T18:15:00Z,America/Denver,onsale,2026-07-21T15:00:00Z,2026-09-27T18:15:00Z,0.0,0.0,USD,,KZFzniwnSyZfZ7v7n1,Miscellaneous,KnvZfZ7vAeE,Fairs & Festivals,KZazBEonSMnZfZ7vF1F,Fairs & Festivals,2026-09-20T22:44:00.359625+00:00
G5vzZ_3BsZMNV,GRiZ - Free Shows for the People,https://www.ticketmaster.com/griz-free-shows-for-the-people-denver-colorado-09-27-2026/event/1E00652EB10378F4,KovZ917AI2V,2026-09-27,13:00:00,2026-09-27T19:00:00Z,America/Denver,onsale,2026-09-18T16:00:00Z,2026-09-27T21:00:00Z,,,,LIVE NATION MUSIC,KZFzniwnSyZfZ7v7nJ,Music,KnvZfZ7vAvF,Dance/Electronic,KZazBEonSMnZfZ7vaEn,Amapiano,2026-09-20T22:44:00.359625+00:00
Z7r9jZ1A70JGI,Colorado Symphony Orchestra presents Rachmaninoff???s 3rd Piano Concerto with Garrick Ohlsson & Rune Bergmann,https://www.ticketmaster.com/event/Z7r9jZ1A70JGI,Z6r9jZdv1e,2026-09-27,13:00:00,2026-09-27T19:00:00Z,,onsale,1900-01-01T06:00:00Z,2026-09-27T19:00:00Z,,,,,KZFzniwnSyZfZ7v7nJ,Music,KnvZfZ7vAvl,Other,KZazBEonSMnZfZ7vk1I,Other,2026-09-20T22:44:00.359625+00:00
Z7r9jZ1AAZt7E,The Colorado Springs Philharmonic presents Scheherazade,https://www.ticketmaster.com/event/Z7r9jZ1AAZt7E,ZFr9jZe777,2026-09-27,13:00:00,2026-09-27T19:00:00Z,,onsale,1900-01-01T06:00:00Z,2026-09-27T19:00:00Z,,,,,KZFzniwnSyZfZ7v7nJ,Music,KnvZfZ7vAvl,Other,KZazBEonSMnZfZ7vk1I,Other,2026-09-20T22:44:00.359625+00:00
rZ7HnEZ1AfJd3d,"Day Out With Thomas (TM), Thomas & Friends",https://www.ticketweb.com/event/day-out-with-thomas-tm-colorado-railroad-museum-tickets/14983483,rZ7HnEZadSp,2026-09-27,13:00:00,2026-09-27T19:00:00Z,America/Denver,onsale,2026-07-21T15:00:00Z,2026-09-27T19:00:00Z,0.0,0.0,USD,,KZFzniwnSyZfZ7v7n1,Miscellaneous,KnvZfZ7vAeE,Fairs & Festivals,KZazBEonSMnZfZ7vF1F,Fairs & Festivals,2026-09-20T22:44:00.359625+00:00
rZ7HnEZ1AfJd8N,"Day Out With Thomas (TM), Thomas & Friends",https://www.ticketweb.com/event/day-out-with-thomas-tm-colorado-railroad-museum-tickets/14983423,rZ7HnEZadSp,2026-09-27,13:45:00,2026-09-27T19:45:00Z,America/Denver,onsale,2026-07-21T15:00:00Z,2026-09-27T19:45:00Z,0.0,0.0,USD,,KZFzniwnSyZfZ7v7n1,Miscellaneous,KnvZfZ7vAeE,Fairs & Festivals,KZazBEonSMnZfZ7vF1F,Fairs & Festivals,2026-09-20T22:44:00.359625+00:00
rZ7HnEZ1AfJd8S,"Day Out With Thomas (TM), Thomas & Friends",https://www.ticketweb.com/event/day-out-with-thomas-tm-colorado-railroad-museum-tickets/14983433,rZ7HnEZadSp,2026-09-27,14:30:00,2026-09-27T20:30:00Z,America/Denver,onsale,2026-07-21T15:00:00Z,2026-09-27T20:30:00Z,0.0,0.0,USD,,KZFzniwnSyZfZ7v7n1,Miscellaneous,KnvZfZ7vAeE,Fairs & Festivals,KZazBEonSMnZfZ7vF1F,Fairs & Festivals,2026-09-20T22:44:00.359625+00:00
rZ7HnEZ1AfJdoS,"Day Out With Thomas (TM), Thomas & Friends",https://www.ticketweb.com/event/day-out-with-thomas-tm-colorado-railroad-museum-tickets/14983473,rZ7HnEZadSp,2026-09-27,15:15:00,2026-09-27T21:15:00Z,America/Denver,onsale,2026-07-21T15:00:00Z,2026-09-27T21:15:00Z,0.0,0.0,USD,,KZFzniwnSyZfZ7v7n1,Miscellaneous,KnvZfZ7vAeE,Fairs & Festivals,KZazBEonSMnZfZ7vF1F,Fairs & Festivals,2026-09-20T22:44:00.359625+00:00
rZ7HnEZ1AfJ7Gd,"Day Out With Thomas (TM), Thomas & Friends",https://www.ticketweb.com/event/day-out-with-thomas-tm-colorado-railroad-museum-tickets/14984303,rZ7HnEZadSp,2026-09-27,16:00:00,2026-09-27T22:00:00Z,America/Denver,onsale,2026-07-21T15:00:00Z,2026-09-27T22:00:00Z,30.85,30.85,USD,,KZFzniwnSyZfZ7v7n1,Miscellaneous,KnvZfZ7vAeE,Fairs & Festivals,KZazBEonSMnZfZ7vF1F,Fairs & Festivals,2026-09-20T22:44:00.359625+00:00
1718v0G6uZSIO07,ArmâS Length & Holding Absence: North American Co-Headliner Tour 202,https://www.ticketweb.com/event/arms-length-holding-absence-black-sheep-tickets/14202814?REFERRAL_ID=tmfeed,KovZpZAJ77kA,2026-09-27,19:00:00,2026-09-28T01:00:00Z,America/Denver,onsale,2026-06-23T16:00:00Z,2026-09-28T01:00:00Z,,,,,KZFzniwnSyZfZ7v7nJ,Music,KnvZfZ7vAeA,Rock,KZazBEonSMnZfZ7v6dt,Alternative Rock,2026-09-20T22:44:00.359625+00:00
G5vzZ_29MUSGF,Db.boutabag,https://www.ticketmaster.com/dbboutabag-denver-colorado-09-27-2026/event/1E0064F5F7DB3308,KovZpZAJeFkA,2026-09-27,19:00:00,2026-09-28T01:00:00Z,America/Denver,onsale,2026-07-24T16:00:00Z,2026-09-28T03:00:00Z,,,,LIVE NATION MUSIC,KZFzniwnSyZfZ7v7nJ,Music,KnvZfZ7vAv1,Hip-Hop/Rap,KZazBEonSMnZfZ7vaEI,Trap,2026-09-20T22:44:00.359625+00:00
G5vzZ_3Bse6NT,GRiZ - Free Shows for the People,https://www.ticketmaster.com/griz-free-shows-for-the-people-denver-colorado-09-27-2026/event/1E00652EB10878FF,KovZ917AI2V,2026-09-27,19:00:00,2026-09-28T01:00:00Z,America/Denver,onsale,2026-09-18T16:00:00Z,2026-09-28T03:00:00Z,,,,LIVE NATION MUSIC,KZFzniwnSyZfZ7v7nJ,Music,KnvZfZ7vAvF,Dance/Electronic,KZazBEonSMnZfZ7vaEn,Amapiano,2026-09-20T22:44:00.359625+00:00
G5vzZ_eDIy5UU,Bruno Mars - The Romantic Tour,https://goairforcefalcons.evenue.net/events/BM,KovZpZA1EalA,2026-09-27,19:00:00,2026-09-28T01:00:00Z,America/Denver,onsale,2026-01-15T19:00:00Z,2026-09-28T01:00:00Z,,,,LIVE NATION MUSIC,KZFzniwnSyZfZ7v7nJ,Music,KnvZfZ7vAev,Pop,KZazBEonSMnZfZ7vk1t,Pop,2026-09-20T22:44:00.359625+00:00
G5vzZ_o625GK9,Aren't We Amphibians: Rock And Roll Across The States Forever,https://hqdenver.holdmyticket.com/tickets/466374,KovZ917ARbC,2026-09-27,19:00:00,2026-09-28T01:00:00Z,America/Denver,onsale,2026-08-17T20:43:00Z,2026-09-28T01:00:00Z,,,,LIVE NATION MUSIC,KZFzniwnSyZfZ7v7nJ,Music,KnvZfZ7vAeA,Rock,KZazBEonSMnZfZ7v6dt,Alternative Rock,2026-09-20T22:44:00.359625+00:00
Z7r9jZ1A7Ox8I,Bruno Mars - The Romantic Tour,https://www.ticketmaster.com/event/Z7r9jZ1A7Ox8I,ZFr9jZde11,2026-09-27,19:00:00,2026-09-28T01:00:00Z,,onsale,2026-01-17T05:00:00Z,2026-09-28T01:00:00Z,,,,LIVE NATION MUSIC,KZFzniwnSyZfZ7v7nJ,Music,KnvZfZ7vAee,R&B,KZazBEonSMnZfZ7vkIt,R&B,2026-09-20T22:44:00.359625+00:00
Z7r9jZ1AAZgfK,Aren't We Amphibians: Rock And Roll Across The States Forever,https://www.ticketmaster.com/event/Z7r9jZ1AAZgfK,Z7r9jZa7h0,2026-09-27,19:00:00,2026-09-28T01:00:00Z,,onsale,2026-08-17T20:43:00Z,2026-09-28T01:00:00Z,,,,LIVE NATION MUSIC,KZFzniwnSyZfZ7v7nJ,Music,KnvZfZ7vAvv,Alternative,KZazBEonSMnZfZ7vAvn,Alternative Rock,2026-09-20T22:44:00.359625+00:00
rZ7HnEZ1AfZgaf,SALSA & BACHATA SUNDAYS,https://www.ticketweb.com/event/salsa-bachata-sundays-la-rumba-tickets/14035254,rZ7HnEZ173pGP,2026-09-27,19:00:00,2026-09-28T01:00:00Z,America/Denver,onsale,2026-01-02T05:00:00Z,2027-09-20T01:00:00Z,14.13,14.13,USD,,KZFzniwnSyZfZ7v7nJ,Music,KnvZfZ7vAeF,World,KZazBEonSMnZfZ7vFdJ,Latin,2026-09-20T22:44:00.359625+00:00
Z7r9jZ1A7-Mjs,Jungle,https://www.ticketmaster.com/event/Z7r9jZ1A7-Mjs,ZFr9jZe71a,2026-09-27,19:30:00,2026-09-28T01:30:00Z,,onsale,2026-03-27T16:00:00Z,2026-09-28T01:30:00Z,,,,,KZFzniwnSyZfZ7v7nJ,Music,KnvZfZ7vAee,R&B,KZazBEonSMnZfZ7vkIt,R&B,2026-09-20T22:44:00.359625+00:00
Z7r9jZ1A7Joq9,The Rasmus w/ Saint Agnes,https://www.ticketmaster.com/event/Z7r9jZ1A7Joq9,ZFr9jZdde7,2026-09-27,19:30:00,2026-09-28T01:30:00Z,,onsale,1900-01-01T06:00:00Z,2026-09-28T01:30:00Z,,,,,KZFzniwnSyZfZ7v7nJ,Music,KnvZfZ7vAvl,Other,KZazBEonSMnZfZ7vk1I,Other,2026-09-20T22:44:00.359625+00:00
G5vzZ_G1qYDID,Umphrey's McGee,https://www.etix.com/ticket/p/36245144/umphreys-mcgee-bellvue-mishawaka-amphitheatre,KovZpZA1EakA,2026-09-27,20:00:00,2026-09-28T02:00:00Z,America/Denver,onsale,2026-06-05T16:00:00Z,2026-09-28T02:00:00Z,,,,LIVE NATION MUSIC,KZFzniwnSyZfZ7v7nJ,Music,KnvZfZ7vAeA,Rock,KZazBEonSMnZfZ7v6F1,Pop,2026-09-20T22:44:00.359625+00:00
Z7r9jZ1A70P8z,Lolo,https://www.ticketmaster.com/event/Z7r9jZ1A70P8z,Z6r9jZdvee,2026-09-27,20:00:00,2026-09-28T02:00:00Z,,onsale,1900-01-01T06:00:00Z,2026-09-28T02:00:00Z,,,,,KZFzniwnSyZfZ7v7nJ,Music,KnvZfZ7vAvl,Other,KZazBEonSMnZfZ7vk1I,Other,2026-09-20T22:44:00.359625+00:00
Z7r9jZ1A7PI-Z,Shawn James,https://www.ticketmaster.com/event/Z7r9jZ1A7PI-Z,ZFr9jZkve6,2026-09-27,20:00:00,2026-09-28T02:00:00Z,,onsale,1900-01-01T06:00:00Z,2026-09-28T02:00:00Z,,,,,KZFzniwnSyZfZ7v7nJ,Music,KnvZfZ7vAvl,Other,KZazBEonSMnZfZ7vk1I,Other,2026-09-20T22:44:00.359625+00:00
Z7r9jZ1A7PdjV,Umphrey's McGee,https://www.ticketmaster.com/event/Z7r9jZ1A7PdjV,ZFr9jZ6vkF,2026-09-27,20:00:00,2026-09-28T02:00:00Z,,onsale,2026-06-05T16:00:00Z,2026-09-28T02:00:00Z,,,,LIVE NATION MUSIC,KZFzniwnSyZfZ7v7nJ,Music,KnvZfZ7vAvv,Alternative,KZazBEonSMnZfZ7vAvn,Alternative Rock,2026-09-20T22:44:00.359625+00:00
Z7r9jZ1A7Pw4E,Combichrist w/ Dead Animal Assembly Plant,https://www.ticketmaster.com/event/Z7r9jZ1A7Pw4E,Z7r9jZakK6,2026-09-27,20:00:00,2026-09-28T02:00:00Z,,onsale,1900-01-01T18:00:00Z,2026-09-28T02:00:00Z,,,,,KZFzniwnSyZfZ7v7nJ,Music,KnvZfZ7vAvF,Dance/Electronic,KZazBEonSMnZfZ7vA1E,Dance/Electronic,2026-09-20T22:44:00.359625+00:00
Z7r9jZ1A7x37J,The California Honeydrops (Under 16 w/ Adult),https://www.ticketmaster.com/event/Z7r9jZ1A7x37J,ZFr9jZdAk6,2026-09-27,20:00:00,2026-09-28T02:00:00Z,,onsale,1900-01-01T18:00:00Z,2026-09-28T02:00:00Z,,,,,KZFzniwnSyZfZ7v7nJ,Music,KnvZfZ7vAvl,Other,KZazBEonSMnZfZ7vk1I,Other,2026-09-20T22:44:00.359625+00:00
rZ7HnEZ1AfP3xK,San Luis / Aunque Sea Todo World Tour,https://www.ticketweb.com/event/san-luis-aunque-sea-stampede-tickets/14952893,rZ7HnEZ173p1A,2026-09-27,21:00:00,2026-09-28T03:00:00Z,America/Denver,onsale,2026-05-27T17:30:00Z,2026-09-28T01:00:00Z,33.82,33.82,USD,,KZFzniwnSyZfZ7v7nJ,Music,KnvZfZ7vAeF,World,KZazBEonSMnZfZ7vFaE,Venezuela,2026-09-20T22:44:00.359625+00:00
G5vzZ_7R2-ywq,Breaking Benjamin,https://www.ticketmaster.com/breaking-benjamin-denver-colorado-09-28-2026/event/1E00644BCF879C9D,KovZpZAFaJeA,2026-09-28,18:00:00,2026-09-29T00:00:00Z,America/Denver,onsale,2026-02-20T17:00:00Z,2026-09-29T02:00:00Z,,,,LIVE NATION MUSIC,KZFzniwnSyZfZ7v7nJ,Music,KnvZfZ7vAeA,Rock,KZazBEonSMnZfZ7v6dt,Alternative Rock,2026-09-20T22:44:00.359625+00:00
G5vzZ_A6FuGXx,Club Level Seating: Breaking Benjamin,https://www.ticketmaster.com/club-level-seating-breaking-benjamin-denver-colorado-09-28-2026/event/1E006451C834CFA2,KovZpZAFaJeA,2026-09-28,18:00:00,2026-09-29T00:00:00Z,America/Denver,onsale,2026-02-27T17:00:00Z,2026-09-29T01:00:00Z,,,,PROMOTED BY VENUE,KZFzniwnSyZfZ7v7nJ,Music,KnvZfZ7vAeA,Rock,KZazBEonSMnZfZ7v6dt,Alternative Rock,2026-09-20T22:44:00.359625+00:00
G5vzZ_5MM8Go3,Evening Elephants,https://www.ticketmaster.com/evening-elephants-denver-colorado-09-28-2026/event/1E0064BDF740C452,KovZpZAJeFkA,2026-09-28,19:00:00,2026-09-29T01:00:00Z,America/Denver,onsale,2026-06-05T16:00:00Z,2026-09-29T03:00:00Z,,,,LIVE NATION MUSIC,KZFzniwnSyZfZ7v7nJ,Music,KnvZfZ7vAeA,Rock,KZazBEonSMnZfZ7v6dt,Alternative Rock,2026-09-20T22:44:00.359625+00:00
1718v0G6CzaYoLZ,Anamanaguchi X Covet,https://www.ticketweb.com/event/anamanaguchi-x-covet-black-sheep-tickets/14260164?REFERRAL_ID=tmfeed,KovZpZAJ77kA,2026-09-28,19:30:00,2026-09-29T01:30:00Z,America/Denver,onsale,2026-07-21T14:00:00Z,2026-09-29T01:30:00Z,,,,,KZFzniwnSyZfZ7v7nJ,Music,KnvZfZ7vAeA,Rock,KZazBEonSMnZfZ7v6F1,Pop,2026-09-20T22:44:00.359625+00:00
Z7r9jZ1A7J3C7,Anamanaguchi w/ Covet,https://www.ticketmaster.com/event/Z7r9jZ1A7J3C7,ZFr9jZAFk1,2026-09-28,19:30:00,2026-09-29T01:30:00Z,,onsale,2026-07-21T16:00:00Z,2026-09-29T01:30:00Z,,,,,KZFzniwnSyZfZ7v7nJ,Music,KnvZfZ7vAvl,Other,KZazBEonSMnZfZ7vk1I,Other,2026-09-20T22:44:00.359625+00:00
Z7r9jZ1A7xZ8I,Jungle w/ RIO KOSTA,https://www.ticketmaster.com/event/Z7r9jZ1A7xZ8I,ZFr9jZe71a,2026-09-28,19:30:00,2026-09-29T01:30:00Z,,onsale,1900-01-01T06:00:00Z,2026-09-29T01:30:00Z,,,,,KZFzniwnSyZfZ7v7nJ,Music,KnvZfZ7vAee,R&B,KZazBEonSMnZfZ7vkIt,R&B,2026-09-20T22:44:00.359625+00:00
G5vzZ_1RSWcLq,Arrows in Action - I Think We've Toured Here Before,https://tickets.meowwolf.com/events/denver/arrows-in-action/,KovZ917AYbY,2026-09-28,20:00:00,2026-09-29T02:00:00Z,America/Denver,onsale,2026-05-15T16:00:00Z,2026-09-29T02:00:00Z,,,,LIVE NATION MUSIC,KZFzniwnSyZfZ7v7nJ,Music,KnvZfZ7vAeA,Rock,KZazBEonSMnZfZ7v6F1,Pop,2026-09-20T22:44:00.359625+00:00
Z7r9jZ1A70bO4,Arrows in Action - I Think We've Toured Here Before,https://www.ticketmaster.com/event/Z7r9jZ1A70bO4,Z7r9jZa7j5,2026-09-28,20:00:00,2026-09-29T02:00:00Z,,onsale,2026-05-15T16:00:00Z,2026-09-29T02:00:00Z,,,,LIVE NATION MUSIC,KZFzniwnSyZfZ7v7nJ,Music,KnvZfZ7vAvl,Other,KZazBEonSMnZfZ7vk1I,Other,2026-09-20T22:44:00.359625+00:00
G5vzZ_2Me3WTy,156/Silence - From A Distance Tour,https://www.ticketmaster.com/156silence-from-a-distance-tour-denver-colorado-09-29-2026/event/1E0064FDC24BDFF9,KovZpZAJeFkA,2026-09-29,18:00:00,2026-09-30T00:00:00Z,America/Denver,onsale,2026-07-31T16:00:00Z,2026-09-30T02:00:00Z,,,,LIVE NATION MUSIC,KZFzniwnSyZfZ7v7nJ,Music,KnvZfZ7vAvt,Metal,KZazBEonSMnZfZ7vaJ6,Nu-Metal,2026-09-20T22:44:00.359625+00:00
G5vzZ_2kHujy7,EsDeeKid - Council House Rat Tour,https://www.ticketmaster.com/esdeekid-council-house-rat-tour-denver-colorado-09-29-2026/event/1E0064F1BC35CE44,KovZpZAE6eJA,2026-09-29,18:30:00,2026-09-30T00:30:00Z,America/Denver,onsale,2026-07-31T16:00:00Z,2026-09-30T02:30:00Z,,,,LIVE NATION MUSIC,KZFzniwnSyZfZ7v7nJ,Music,KnvZfZ7vAv1,Hip-Hop/Rap,KZazBEonSMnZfZ7vaEI,Trap,2026-09-20T22:44:00.359625+00:00
G5vzZ_FMIhXUB,Coheed and Cambria: Neverender Rocks,https://www.axs.com/events/1408794/coheed-and-cambria-neverender-rocks-tickets,KovZpZAaeIvA,2026-09-29,19:00:00,2026-09-30T01:00:00Z,America/Denver,onsale,2026-04-17T16:00:00Z,2026-09-30T01:00:00Z,,,,LIVE NATION MUSIC,KZFzniwnSyZfZ7v7nJ,Music,KnvZfZ7vAeA,Rock,KZazBEonSMnZfZ7v6dt,Alternative Rock,2026-09-20T22:44:00.359625+00:00
Z7r9jZ1A703f-,The Menzingers (16 and Over),https://www.ticketmaster.com/event/Z7r9jZ1A703f-,ZFr9jZedde,2026-09-29,19:00:00,2026-09-30T01:00:00Z,,onsale,1900-01-01T06:00:00Z,2026-09-30T01:00:00Z,,,,,KZFzniwnSyZfZ7v7nJ,Music,KnvZfZ7vAeA,Rock,KZazBEonSMnZfZ7v6a6,Punk,2026-09-20T22:44:00.359625+00:00
Z7r9jZ1A7Pw4I,Hammerfall w/ Evergrey,https://www.ticketmaster.com/event/Z7r9jZ1A7Pw4I,Z7r9jZakK6,2026-09-29,19:00:00,2026-09-30T01:00:00Z,,onsale,1900-01-01T18:00:00Z,2026-09-30T01:00:00Z,,,,,KZFzniwnSyZfZ7v7nJ,Music,KnvZfZ7vAvt,Metal,KZazBEonSMnZfZ7vkFd,Heavy Metal,2026-09-20T22:44:00.359625+00:00
Z7r9jZ1A7xaOP,Coheed and Cambria: Neverender Rocks,https://www.ticketmaster.com/event/Z7r9jZ1A7xaOP,ZFr9jZe71a,2026-09-29,19:00:00,2026-09-30T01:00:00Z,,onsale,2026-04-17T16:00:00Z,2026-09-30T01:00:00Z,,,,LIVE NATION MUSIC,KZFzniwnSyZfZ7v7nJ,Music,KnvZfZ7vAvv,Alternative,KZazBEonSMnZfZ7vAvn,Alternative Rock,2026-09-20T22:44:00.359625+00:00
G5vzZ_5RwJ9Bi,LAUREN SANDERSON: COME SAY SUM TOUR,https://tickets.meowwolf.com/events/denver/lauren-sanderson/,KovZ917AYbY,2026-09-29,20:00:00,2026-09-30T02:00:00Z,America/Denver,onsale,2026-06-05T16:00:00Z,2026-09-30T02:00:00Z,,,,LIVE NATION MUSIC,KZFzniwnSyZfZ7v7nJ,Music,KnvZfZ7vAev,Pop,KZazBEonSMnZfZ7vk1t,Pop,2026-09-20T22:44:00.359625+00:00
G5vzZ_arnbGNs,Beth Hart,https://www.ticketmaster.com/beth-hart-denver-colorado-09-29-2026/event/1E006497AA60C8F1,KovZpZAFa1nA,2026-09-29,20:00:00,2026-09-30T02:00:00Z,America/Denver,onsale,2026-05-01T16:00:00Z,2026-09-30T04:00:00Z,,,,AEG LIVE,KZFzniwnSyZfZ7v7nJ,Music,KnvZfZ7vAeA,Rock,KZazBEonSMnZfZ7v6F1,Pop,2026-09-20T22:44:00.359625+00:00
Z7r9jZ1A708vY,Elder Island (16 and Over),https://www.ticketmaster.com/event/Z7r9jZ1A708vY,ZFr9jZdde7,2026-09-29,20:00:00,2026-09-30T02:00:00Z,,onsale,1900-01-01T06:00:00Z,2026-09-30T02:00:00Z,,,,,KZFzniwnSyZfZ7v7nJ,Music,KnvZfZ7vAvl,Other,KZazBEonSMnZfZ7vk1I,Other,2026-09-20T22:44:00.359625+00:00
Z7r9jZ1A70zqZ,LAUREN SANDERSON: COME SAY SUM TOUR,https://www.ticketmaster.com/event/Z7r9jZ1A70zqZ,Z7r9jZa7j5,2026-09-29,20:00:00,2026-09-30T02:00:00Z,,onsale,2026-06-05T16:00:00Z,2026-09-30T02:00:00Z,,,,LIVE NATION MUSIC,KZFzniwnSyZfZ7v7nJ,Music,KnvZfZ7vAvl,Other,KZazBEonSMnZfZ7vk1I,Other,2026-09-20T22:44:00.359625+00:00
rZ7HnEZ1AfAKA7,Ladies Night 2026,https://www.ticketweb.com/event/ladies-night-2026-stampede-tickets/14153144,rZ7HnEZ173p1A,2026-09-30,18:00:00,2026-10-01T00:00:00Z,America/Denver,onsale,2026-02-10T18:35:00Z,2026-10-01T05:55:00Z,16.56,16.56,USD,,KZFzniwnSyZfZ7v7nJ,Music,KnvZfZ7vAv6,Country,KZazBEonSMnZfZ7vAFa,Country,2026-09-20T22:44:01.382965+00:00
G5vzZ_89p7wF0,Cavetown - Running With Scissors Tour,https://www.ticketmaster.com/cavetown-running-with-scissors-tour-denver-colorado-09-30-2026/event/1E006505D6132224,KovZpZAFFt1A,2026-09-30,19:00:00,2026-10-01T01:00:00Z,America/Denver,onsale,2026-08-06T16:00:00Z,2026-10-01T03:00:00Z,,,,LIVE NATION MUSIC,KZFzniwnSyZfZ7v7nJ,Music,KnvZfZ7vAeA,Rock,KZazBEonSMnZfZ7v6F1,Pop,2026-09-20T22:44:01.382965+00:00
G5vzZby1J_pso,Solya,https://www.ticketmaster.com/solya-denver-colorado-09-30-2026/event/1E006392A6656C51,KovZpZAJeFkA,2026-09-30,19:00:00,2026-10-01T01:00:00Z,America/Denver,rescheduled,2026-01-09T15:00:00Z,2026-10-01T03:00:00Z,,,,LIVE NATION MUSIC,KZFzniwnSyZfZ7v7nJ,Music,KnvZfZ7vAeA,Rock,KZazBEonSMnZfZ7v6dt,Alternative Rock,2026-09-20T22:44:01.382965+00:00
Z7r9jZ1A7PIOb,The Backseat Lovers w/ Friko,https://www.ticketmaster.com/event/Z7r9jZ1A7PIOb,ZFr9jZe71a,2026-09-30,19:00:00,2026-10-01T01:00:00Z,,onsale,2026-06-26T16:00:00Z,2026-10-01T01:00:00Z,,,,,KZFzniwnSyZfZ7v7nJ,Music,KnvZfZ7vAvl,Other,KZazBEonSMnZfZ7vk1I,Other,2026-09-20T22:44:01.382965+00:00
G5vzZ_2NqO8tB,Jaiel Presents: The Blooming Hearts Club,https://www.ticketmaster.com/jaiel-presents-the-blooming-hearts-club-denver-colorado-09-30-2026/event/1E0064F8DD810A7A,KovZ917Aai0,2026-09-30,19:30:00,2026-10-01T01:30:00Z,America/Denver,cancelled,2026-07-31T16:00:00Z,2026-10-01T03:30:00Z,,,,MISCELLANEOUS PROMOTER,KZFzniwnSyZfZ7v7nJ,Music,KnvZfZ7vAev,Pop,KZazBEonSMnZfZ7vaEl,Electro Pop,2026-09-20T22:44:01.382965+00:00
Z7r9jZ1A7PwJo,Sons of Legion (16 and Over),https://www.ticketmaster.com/event/Z7r9jZ1A7PwJo,Z7r9jZadVI,2026-09-30,19:30:00,2026-10-01T01:30:00Z,,onsale,1900-01-01T06:00:00Z,2026-10-01T01:30:00Z,,,,,KZFzniwnSyZfZ7v7nJ,Music,KnvZfZ7vAeA,Rock,KZazBEonSMnZfZ7v676,Blues-Rock,2026-09-20T22:44:01.382965+00:00
Z7r9jZ1A7Pd-A,Uncle Acid and The Deadbeats (16 and Over),https://www.ticketmaster.com/event/Z7r9jZ1A7Pd-A,ZFr9jZdde7,2026-09-30,20:00:00,2026-10-01T02:00:00Z,,onsale,1900-01-01T06:00:00Z,2026-10-01T02:00:00Z,,,,,KZFzniwnSyZfZ7v7nJ,Music,KnvZfZ7vAeA,Rock,KZazBEonSMnZfZ7v6kl,Hard Rock,2026-09-20T22:44:01.382965+00:00
Z7r9jZ1A7xaF0,Culture Wars,https://www.ticketmaster.com/event/Z7r9jZ1A7xaF0,Z6r9jZdvee,2026-09-30,20:00:00,2026-10-01T02:00:00Z,,onsale,1900-01-01T06:00:00Z,2026-10-01T02:00:00Z,,,,,KZFzniwnSyZfZ7v7nJ,Music,KnvZfZ7vAvl,Other,KZazBEonSMnZfZ7vk1I,Other,2026-09-20T22:44:01.382965+00:00
rZ7HnEZ1AfxA7S,Goth Night hosted by Gotica Nouveau,https://www.ticketweb.com/event/goth-night-hosted-by-gotica-vultures-tickets/14885133,rZ7HnEZ17fd1A,2026-09-30,20:00:00,2026-10-01T02:00:00Z,America/Denver,onsale,2026-04-27T16:00:00Z,2026-10-01T02:00:00Z,,,,,KZFzniwnSyZfZ7v7nJ,Music,KnvZfZ7vAvv,Alternative,KZazBEonSMnZfZ7vAen,Goth,2026-09-20T22:44:01.382965+00:00
G5vzZ_aLgdiAh,Dying Fetus x Sanguisugabogg,https://www.ticketmaster.com/dying-fetus-x-sanguisugabogg-denver-colorado-10-01-2026/event/1E006497F50EC15B,KovZpZAFFt1A,2026-10-01,17:30:00,2026-10-01T23:30:00Z,America/Denver,onsale,2026-05-01T16:00:00Z,2026-10-02T01:30:00Z,,,,LIVE NATION MUSIC,KZFzniwnSyZfZ7v7nJ,Music,KnvZfZ7vAeA,Rock,KZazBEonSMnZfZ7v6dt,Alternative Rock,2026-09-20T22:44:01.382965+00:00
G5vzZ_1Yp7NXE,Chance The Rapper - Coloring Book 10 Year Anniversary Tour,https://www.ticketmaster.com/chance-the-rapper-coloring-book-10-denver-colorado-10-01-2026/event/1E0064AC16123FA7,KovZpZAE6eJA,2026-10-01,19:00:00,2026-10-02T01:00:00Z,America/Denver,onsale,2026-05-21T16:00:00Z,2026-10-02T03:00:00Z,,,,LIVE NATION MUSIC,KZFzniwnSyZfZ7v7nJ,Music,KnvZfZ7vAv1,Hip-Hop/Rap,KZazBEonSMnZfZ7vaEI,Trap,2026-09-20T22:44:01.382965+00:00
G5vzZ_2mOMn-u,The Lagoons,https://www.ticketmaster.com/the-lagoons-denver-colorado-10-01-2026/event/1E0064FBA0DEA84D,KovZpZAJeFkA,2026-10-01,19:00:00,2026-10-02T01:00:00Z,America/Denver,onsale,2026-07-31T16:00:00Z,2026-10-02T03:00:00Z,,,,LIVE NATION MUSIC,KZFzniwnSyZfZ7v7nJ,Music,KnvZfZ7vAeA,Rock,KZazBEonSMnZfZ7v6F1,Pop,2026-09-20T22:44:01.382965+00:00
Z7r9jZ1A707f6,Tribal Seeds and Fortunate Youth (16 and Over),https://www.ticketmaster.com/event/Z7r9jZ1A707f6,ZFr9jZedde,2026-10-01,19:00:00,2026-10-02T01:00:00Z,,onsale,1900-01-01T06:00:00Z,2026-10-02T01:00:00Z,,,,,KZFzniwnSyZfZ7v7nJ,Music,KnvZfZ7vAeF,World,KZazBEonSMnZfZ7v6Jt,World,2026-09-20T22:44:01.382965+00:00
Z7r9jZ1AAZPFU,Colorado Symphony Orchestra presents The Ring in Concert,https://www.ticketmaster.com/event/Z7r9jZ1AAZPFU,Z6r9jZdv1e,2026-10-01,19:30:00,2026-10-02T01:30:00Z,,onsale,1900-01-01T18:00:00Z,2026-10-02T01:30:00Z,,,,,KZFzniwnSyZfZ7v7nJ,Music,KnvZfZ7vAvl,Other,KZazBEonSMnZfZ7vk1I,Other,2026-09-20T22:44:01.382965+00:00
1718v0G61KGkxFp,Bumpin Uglies - Orange Crush Tour W/ Artikal Sound System,https://www.ticketweb.com/event/bumpin-uglies-orange-black-sheep-tickets/14898803?REFERRAL_ID=tmfeed,KovZpZAJ77kA,2026-10-01,20:00:00,2026-10-02T02:00:00Z,America/Denver,onsale,2026-05-05T18:00:00Z,2026-10-02T02:00:00Z,,,,,KZFzniwnSyZfZ7v7nJ,Music,KnvZfZ7vAeA,Rock,KZazBEonSMnZfZ7v6F1,Pop,2026-09-20T22:44:01.382965+00:00
G5vzZ_7EQzETC,Club Level Seating: Carín León,https://www.ticketmaster.com/club-level-seating-carin-leon-denver-colorado-10-01-2026/event/1E006449DAE27FCE,KovZpZAFaJeA,2026-10-01,20:00:00,2026-10-02T02:00:00Z,America/Denver,onsale,2026-02-20T17:00:00Z,2026-10-02T03:00:00Z,,,,PROMOTED BY VENUE,KZFzniwnSyZfZ7v7nJ,Music,KnvZfZ7vAJ6,Latin,KZazBEonSMnZfZ7va1a,Latin,2026-09-20T22:44:01.382965+00:00
G5vzZ_7KhKbth,Carin Leon - De Sonora Para El Mundo Tour 2026,https://www.ticketmaster.com/carin-leon-de-sonora-para-el-denver-colorado-10-01-2026/event/1E006444DB4D8A5B,KovZpZAFaJeA,2026-10-01,20:00:00,2026-10-02T02:00:00Z,America/Denver,onsale,2026-02-13T17:00:00Z,2026-10-02T04:00:00Z,,,,AEG LIVE,KZFzniwnSyZfZ7v7nJ,Music,KnvZfZ7vAJ6,Latin,KZazBEonSMnZfZ7va1a,Latin,2026-09-20T22:44:01.382965+00:00
G5vzZ_aafXsLP,BECK: RIDE LONESOME TOUR,https://www.axs.com/events/1407922/beck-ride-lonesome-tour-tickets,KovZpZAaeIvA,2026-10-01,20:00:00,2026-10-02T02:00:00Z,America/Denver,onsale,2026-04-24T16:00:00Z,2026-10-02T02:00:00Z,,,,LIVE NATION MUSIC,KZFzniwnSyZfZ7v7nJ,Music,KnvZfZ7vAeA,Rock,KZazBEonSMnZfZ7v6dt,Alternative Rock,2026-09-20T22:44:01.382965+00:00
Z7r9jZ1A70Kep,Michigander w/ lighthearted,https://www.ticketmaster.com/event/Z7r9jZ1A70Kep,ZFr9jZkve6,2026-10-01,20:00:00,2026-10-02T02:00:00Z,,onsale,1900-01-01T06:00:00Z,2026-10-02T02:00:00Z,,,,,KZFzniwnSyZfZ7v7nJ,Music,KnvZfZ7vAvl,Other,KZazBEonSMnZfZ7vk1I,Other,2026-09-20T22:44:01.382965+00:00
Z7r9jZ1A70to_,Devon Gilfillian (16 and Over),https://www.ticketmaster.com/event/Z7r9jZ1A70to_,Z6r9jZdvee,2026-10-01,20:00:00,2026-10-02T02:00:00Z,,onsale,1900-01-01T06:00:00Z,2026-10-02T02:00:00Z,,,,,KZFzniwnSyZfZ7v7nJ,Music,KnvZfZ7vAvl,Other,KZazBEonSMnZfZ7vk1I,Other,2026-09-20T22:44:01.382965+00:00
Z7r9jZ1A7xfF6,Beck,https://www.ticketmaster.com/event/Z7r9jZ1A7xfF6,ZFr9jZe71a,2026-10-01,20:00:00,2026-10-02T02:00:00Z,,onsale,2026-04-24T16:00:00Z,2026-10-02T02:00:00Z,,,,LIVE NATION MUSIC,KZFzniwnSyZfZ7v7nJ,Music,KnvZfZ7vAvv,Alternative,KZazBEonSMnZfZ7vAvn,Alternative Rock,2026-09-20T22:44:01.382965+00:00
Z7r9jZ1AAvkqS,Blood for Blood w/ Ingrown,https://www.ticketmaster.com/event/Z7r9jZ1AAvkqS,ZFr9jZdde7,2026-10-01,20:00:00,2026-10-02T02:00:00Z,,onsale,1900-01-01T06:00:00Z,2026-10-02T02:00:00Z,,,,,KZFzniwnSyZfZ7v7nJ,Music,KnvZfZ7vAvl,Other,KZazBEonSMnZfZ7vk1I,Other,2026-09-20T22:44:01.382965+00:00
rZ7HnEZ1AfZU3f,$5 Thursdays!,https://www.ticketweb.com/event/5-thursdays-la-rumba-tickets/14036494,rZ7HnEZ173pGP,2026-10-01,20:00:00,2026-10-02T02:00:00Z,America/Denver,onsale,2026-01-02T05:20:00Z,2027-09-25T02:00:00Z,8.73,8.73,USD,,KZFzniwnSyZfZ7v7nJ,Music,KnvZfZ7vAeF,World,KZazBEonSMnZfZ7vFdJ,Latin,2026-09-20T22:44:01.382965+00:00
Z7r9jZ1A7P4x8,Levity (16 and Over),https://www.ticketmaster.com/event/Z7r9jZ1A7P4x8,Z7r9jZadVI,2026-10-01,20:30:00,2026-10-02T02:30:00Z,,onsale,1900-01-01T06:00:00Z,2026-10-02T02:30:00Z,,,,,KZFzniwnSyZfZ7v7nJ,Music,KnvZfZ7vAvF,Dance/Electronic,KZazBEonSMnZfZ7vA1E,Dance/Electronic,2026-09-20T22:44:01.382965+00:00
G5vzZ_CbbFWQs,Holy Priest,https://www.ticketmaster.com/holy-priest-denver-colorado-10-02-2026/event/1E0064E61823D6B1,KovZ917AI2V,2026-10-02,17:00:00,2026-10-02T23:00:00Z,America/Denver,onsale,2026-07-10T17:00:00Z,2026-10-03T01:00:00Z,,,,LIVE NATION MUSIC,KZFzniwnSyZfZ7v7nJ,Music,KnvZfZ7vAvF,Dance/Electronic,KZazBEonSMnZfZ7vaEn,Amapiano,2026-09-20T22:44:01.382965+00:00
G5vzZ_2rEvl25,Club Level Seating: WWE Friday Night Smackdown,https://www.ticketmaster.com/club-level-seating-wwe-friday-night-denver-colorado-10-02-2026/event/1E0064F7A706B3CB,KovZpZAFaJeA,2026-10-02,17:30:00,2026-10-02T23:30:00Z,America/Denver,onsale,2026-07-31T16:00:00Z,2026-10-03T00:30:00Z,,,,PROMOTED BY VENUE,KZFzniwnSyZfZ7v7nJ,Music,KnvZfZ7vAvl,Other,KZazBEonSMnZfZ7vk1I,Other,2026-09-20T22:44:01.382965+00:00
G5vzZ_1rlQBjv,Cameron Whitcomb - Kingdom of Fear Tour,https://www.ticketmaster.com/cameron-whitcomb-kingdom-of-fear-tour-denver-colorado-10-02-2026/event/1E0064A7AB6BA701,KovZpZAE6eJA,2026-10-02,18:00:00,2026-10-03T00:00:00Z,America/Denver,onsale,2026-05-15T16:00:00Z,2026-10-03T02:00:00Z,,,,LIVE NATION MUSIC,KZFzniwnSyZfZ7v7nJ,Music,KnvZfZ7vAv6,Country,KZazBEonSMnZfZ7vAFa,Country,2026-09-20T22:44:01.382965+00:00
Z7r9jZ1A7-Ibk,Levity,https://www.ticketmaster.com/event/Z7r9jZ1A7-Ibk,ZFr9jZe71a,2026-10-02,18:00:00,2026-10-03T00:00:00Z,,onsale,1900-01-01T06:00:00Z,2026-10-03T00:00:00Z,,,,,KZFzniwnSyZfZ7v7nJ,Music,KnvZfZ7vAvF,Dance/Electronic,KZazBEonSMnZfZ7vA1E,Dance/Electronic,2026-09-20T22:44:01.382965+00:00
G5vzZ_59r6WFq,Hunter Hayes: The Evergreen Tour,https://www.ticketmaster.com/hunter-hayes-the-evergreen-tour-denver-colorado-10-02-2026/event/1E0064B5DE1FD21D,KovZpZAFFt1A,2026-10-02,19:00:00,2026-10-03T01:00:00Z,America/Denver,cancelled,2026-05-29T16:00:00Z,2026-10-03T03:00:00Z,,,,LIVE NATION MUSIC,KZFzniwnSyZfZ7v7nJ,Music,KnvZfZ7vAv6,Country,KZazBEonSMnZfZ7vAFa,Country,2026-09-20T22:44:01.382965+00:00
G5vzZ_G6Jflr4,[overtonight],https://www.ticketmaster.com/overtonight-denver-colorado-10-02-2026/event/1E0064C1E652B795,KovZpZAJeFkA,2026-10-02,19:00:00,2026-10-03T01:00:00Z,America/Denver,onsale,2026-06-05T16:00:00Z,2026-10-03T03:00:00Z,,,,LIVE NATION MUSIC,KZFzniwnSyZfZ7v7nJ,Music,KnvZfZ7vAeA,Rock,KZazBEonSMnZfZ7v6dt,Alternative Rock,2026-09-20T22:44:01.382965+00:00
rZ7HnEZ1AfZUCf,Ladies Night & Noche Sonidera,https://www.ticketweb.com/event/ladies-night-noche-sonidera-la-rumba-tickets/14036394,rZ7HnEZ173pGP,2026-10-02,19:00:00,2026-10-03T01:00:00Z,America/Denver,onsale,2026-01-02T05:15:00Z,2027-09-26T01:00:00Z,14.13,14.13,USD,,KZFzniwnSyZfZ7v7nJ,Music,KnvZfZ7vAeF,World,KZazBEonSMnZfZ7vFdJ,Latin,2026-09-20T22:44:01.382965+00:00
Z7r9jZ1AAZIJ8,The Colorado Springs Philharmonic presents Music of the Knights,https://www.ticketmaster.com/event/Z7r9jZ1AAZIJ8,ZFr9jZe777,2026-10-02,19:30:00,2026-10-03T01:30:00Z,,onsale,1900-01-01T06:00:00Z,2026-10-03T01:30:00Z,,,,,KZFzniwnSyZfZ7v7nJ,Music,KnvZfZ7vAvl,Other,KZazBEonSMnZfZ7vk1I,Other,2026-09-20T22:44:01.382965+00:00
1718v0G62Mn68YH,"Carrie Nation & the Speakeasy, Tejon Street Corner Thieves",https://www.ticketweb.com/event/carrie-nation-the-speakeasy-black-sheep-tickets/14999653?REFERRAL_ID=tmfeed,KovZpZAJ77kA,2026-10-02,20:00:00,2026-10-03T02:00:00Z,America/Denver,onsale,2026-07-31T16:00:00Z,2026-10-03T02:00:00Z,,,,,KZFzniwnSyZfZ7v7nJ,Music,KnvZfZ7vAv6,Country,KZazBEonSMnZfZ7vAFa,Country,2026-09-20T22:44:01.382965+00:00
G5vzZ_8DG6AAf,Rewind: 2000s Rave - 18+,https://www.ticketmaster.com/rewind-2000s-rave-18-denver-colorado-10-02-2026/event/1E00650ECC1C5154,KovZpZAFFt1A,2026-10-02,20:00:00,2026-10-03T02:00:00Z,America/Denver,onsale,2026-08-18T16:00:00Z,2026-10-03T04:00:00Z,,,,LIVE NATION MUSIC,KZFzniwnSyZfZ7v7nJ,Music,KnvZfZ7vAev,Pop,KZazBEonSMnZfZ7vaEl,Electro Pop,2026-09-20T22:44:01.382965+00:00
G5vzZ_o3RSGhw,El Chou de Chuy Lizarraga,https://www.axs.com/events/1575267/el-chou-de-chuy-lizarraga-tickets,KovZpaKBBe,2026-10-02,20:00:00,2026-10-03T02:00:00Z,America/Denver,onsale,2026-08-21T16:00:00Z,2026-10-03T02:00:00Z,,,,LIVE NATION MUSIC,KZFzniwnSyZfZ7v7nJ,Music,KnvZfZ7vAJ6,Latin,KZazBEonSMnZfZ7va1a,Latin,2026-09-20T22:44:01.382965+00:00
Z7r9jZ1A70K7o,Michigander (16 and Over),https://www.ticketmaster.com/event/Z7r9jZ1A70K7o,Z6r9jZdvee,2026-10-02,20:00:00,2026-10-03T02:00:00Z,,onsale,1900-01-01T06:00:00Z,2026-10-03T02:00:00Z,,,,,KZFzniwnSyZfZ7v7nJ,Music,KnvZfZ7vAvl,Other,KZazBEonSMnZfZ7vk1I,Other,2026-09-20T22:44:01.382965+00:00
Z7r9jZ1A70Uv_,MICO (16 and Over),https://www.ticketmaster.com/event/Z7r9jZ1A70Uv_,ZFr9jZedde,2026-10-02,20:00:00,2026-10-03T02:00:00Z,,onsale,1900-01-01T06:00:00Z,2026-10-03T02:00:00Z,,,,,KZFzniwnSyZfZ7v7nJ,Music,KnvZfZ7vAeA,Rock,KZazBEonSMnZfZ7v6F1,Pop,2026-09-20T22:44:01.382965+00:00
Z7r9jZ1AAZzjI,El Chou de Chuy Lizarraga,https://www.ticketmaster.com/event/Z7r9jZ1AAZzjI,ZFr9jZ76Ak,2026-10-02,20:00:00,2026-10-03T02:00:00Z,,onsale,2026-08-21T16:00:00Z,2026-10-03T02:00:00Z,,,,LIVE NATION MUSIC,KZFzniwnSyZfZ7v7nJ,Music,KnvZfZ7vAvl,Other,KZazBEonSMnZfZ7vk1I,Other,2026-09-20T22:44:01.382965+00:00
rZ7HnEZ1AfxfvN,Randy Rogers Band,https://www.ticketweb.com/event/randy-rogers-band-grizzly-rose-tickets/14894063,rZ7HnEZ17uJbA,2026-10-02,20:00:00,2026-10-03T02:00:00Z,America/Denver,onsale,2026-05-05T15:00:00Z,2026-10-03T05:30:00Z,35.71,35.71,USD,,KZFzniwnSyZfZ7v7nJ,Music,KnvZfZ7vAv6,Country,KZazBEonSMnZfZ7vAFa,Country,2026-09-20T22:44:01.382965+00:00
G5vzZ_2U0D1Ng,Boogie Lights & The Boogie Bunch: DISCO-VERSE,https://tickets.meowwolf.com/events/denver/boogie-lights/,KovZ917AYbY,2026-10-02,21:00:00,2026-10-03T03:00:00Z,America/Denver,onsale,2026-07-29T17:43:00Z,2026-10-03T03:00:00Z,,,,LIVE NATION MUSIC,KZFzniwnSyZfZ7v7nJ,Music,KnvZfZ7vAvF,Dance/Electronic,KZazBEonSMnZfZ7vAJ1,Club Dance,2026-09-20T22:44:01.382965+00:00
Z7r9jZ1A7-3b9,Roger Clyne and the Peacemakers (16 and Over),https://www.ticketmaster.com/event/Z7r9jZ1A7-3b9,ZFr9jZdde7,2026-10-02,21:00:00,2026-10-03T03:00:00Z,,onsale,1900-01-01T06:00:00Z,2026-10-03T03:00:00Z,,,,,KZFzniwnSyZfZ7v7nJ,Music,KnvZfZ7vAeA,Rock,KZazBEonSMnZfZ7v6F1,Pop,2026-09-20T22:44:01.382965+00:00
rZ7HnEZ1AfGO4f,Viernes de Ladies Night. Damas Gratis Toda La Noche,https://www.ticketweb.com/event/viernes-de-ladies-night-damas-stampede-tickets/14320554,rZ7HnEZ173p1A,2026-10-02,21:30:00,2026-10-03T03:30:00Z,America/Denver,onsale,2026-09-14T21:35:00Z,2026-10-03T03:00:00Z,2.0,27.98,USD,,KZFzniwnSyZfZ7v7nJ,Music,KnvZfZ7vAeF,World,KZazBEonSMnZfZ7vFAI,Mexican Ranchera,2026-09-20T22:44:01.382965+00:00
rZ7HnEZ1A4ZUFN,Baauer,https://www.ticketweb.com/event/baauer-club-vinyl-tickets/15036223,rZ7HnEZ17qf40,2026-10-02,22:00:00,2026-10-03T04:00:00Z,America/Denver,onsale,2026-08-14T16:00:00Z,2026-10-04T04:00:00Z,24.95,24.95,USD,INSOMNIAC PRESENTS,KZFzniwnSyZfZ7v7nJ,Music,KnvZfZ7vAvv,Alternative,KZazBEonSMnZfZ7vAvn,Alternative Rock,2026-09-20T22:44:01.382965+00:00
rZ7HnEZ1A4Ze_S,Claptone,https://www.ticketweb.com/event/claptone-the-church-nightclub-tickets/15002673,rZ7HnEZ17qf4V,2026-10-02,22:00:00,2026-10-03T04:00:00Z,America/Denver,onsale,2026-08-06T18:00:00Z,2026-10-04T04:00:00Z,34.95,34.95,USD,INSOMNIAC PRESENTS,KZFzniwnSyZfZ7v7nJ,Music,KnvZfZ7vAvF,Dance/Electronic,KZazBEonSMnZfZ7vAta,Tech-House,2026-09-20T22:44:01.382965+00:00
rZ7HnEZ1AfJ8aS,Ahadadream,https://www.ticketweb.com/event/ahadadream-the-rooftop-at-vinyl-tickets/14990273,rZ7HnEZ17r_qV,2026-10-02,22:00:00,2026-10-03T04:00:00Z,America/Denver,onsale,2026-08-03T16:00:00Z,2026-10-02T08:00:00Z,24.95,24.95,USD,INSOMNIAC PRESENTS,KZFzniwnSyZfZ7v7nJ,Music,KnvZfZ7vAvF,Dance/Electronic,KZazBEonSMnZfZ7vA1E,Dance/Electronic,2026-09-20T22:44:01.382965+00:00
rZ7HnEZ1AfGJGV,Lincoln Jesser,https://www.ticketweb.com/event/lincoln-jesser-the-basement-at-club-vinyl-tickets/14326334,rZ7HnEZ17QA4S,2026-10-02,22:00:00,2026-10-03T04:00:00Z,America/Denver,onsale,2026-09-17T18:00:00Z,2026-10-03T08:00:00Z,24.95,24.95,USD,INSOMNIAC PRESENTS,KZFzniwnSyZfZ7v7nJ,Music,KnvZfZ7vAvF,Dance/Electronic,KZazBEonSMnZfZ7vA1E,Dance/Electronic,2026-09-20T22:44:01.382965+00:00
G5vzZ_5hAiD6f,ADÉLA: The Red Bottoms Tour,https://www.ticketmaster.com/adela-the-red-bottoms-tour-denver-colorado-10-03-2026/event/1E0064B6C5B3B1D4,KovZpZAFFt1A,2026-10-03,19:00:00,2026-10-04T01:00:00Z,America/Denver,onsale,2026-05-29T16:00:00Z,2026-10-04T03:00:00Z,,,,LIVE NATION MUSIC,KZFzniwnSyZfZ7v7nJ,Music,KnvZfZ7vAev,Pop,KZazBEonSMnZfZ7vaEl,Electro Pop,2026-09-20T22:44:01.382965+00:00
G5vzZ_FhK6iyx,Tinlicker North America 2026,https://www.ticketmaster.com/tinlicker-north-america-2026-denver-colorado-10-03-2026/event/1E006486D31ECE62,KovZpZAE6eJA,2026-10-03,19:00:00,2026-10-04T01:00:00Z,America/Denver,onsale,2026-05-01T16:00:00Z,2026-10-04T03:00:00Z,,,,LIVE NATION MUSIC,KZFzniwnSyZfZ7v7nJ,Music,KnvZfZ7vAvF,Dance/Electronic,KZazBEonSMnZfZ7vaEn,Amapiano,2026-09-20T22:44:01.382965+00:00
Z7r9jZ1A70Yu6,For King & Country,https://www.ticketmaster.com/event/Z7r9jZ1A70Yu6,Z7r9jZaA99,2026-10-03,19:00:00,2026-10-04T01:00:00Z,,onsale,2026-05-22T16:00:00Z,2026-10-04T01:00:00Z,,,,,KZFzniwnSyZfZ7v7nJ,Music,KnvZfZ7vAvl,Other,KZazBEonSMnZfZ7vk1I,Other,2026-09-20T22:44:01.382965+00:00
Z7r9jZ1A70v8p,Jane Remover w/ Dazegxd,https://www.ticketmaster.com/event/Z7r9jZ1A70v8p,ZFr9jZdde7,2026-10-03,19:00:00,2026-10-04T01:00:00Z,,onsale,1900-01-01T06:00:00Z,2026-10-04T01:00:00Z,,,,,KZFzniwnSyZfZ7v7nJ,Music,KnvZfZ7vAvv,Alternative,KZazBEonSMnZfZ7vAvJ,Alternative,2026-09-20T22:44:01.382965+00:00
Z7r9jZ1A7P6Oz,Hermanos Gutierrez (16 and Over),https://www.ticketmaster.com/event/Z7r9jZ1A7P6Oz,Z7r9jZadVI,2026-10-03,19:00:00,2026-10-04T01:00:00Z,,onsale,1900-01-01T06:00:00Z,2026-10-04T01:00:00Z,,,,,KZFzniwnSyZfZ7v7nJ,Music,KnvZfZ7vAvl,Other,KZazBEonSMnZfZ7vk1I,Other,2026-09-20T22:44:01.382965+00:00
rZ7HnEZ1AfZgbf,Sabados Sabrosos!,https://www.ticketweb.com/event/sabados-sabrosos-la-rumba-tickets/14035614,rZ7HnEZ173pGP,2026-10-03,19:00:00,2026-10-04T01:00:00Z,America/Denver,onsale,2026-01-02T05:00:00Z,2027-09-26T01:00:00Z,25.18,25.18,USD,,KZFzniwnSyZfZ7v7nJ,Music,KnvZfZ7vAeF,World,KZazBEonSMnZfZ7vFdJ,Latin,2026-09-20T22:44:01.382965+00:00
G5vzZ_o1lTic2,Paramount Theatre Club Seating - Leslie Jones,https://www.ticketmaster.com/paramount-theatre-club-seating-leslie-jones-denver-colorado-10-03-2026/event/1E006512ABFECB4F,KovZpZAFa1nA,2026-10-03,19:30:00,2026-10-04T01:30:00Z,America/Denver,onsale,2026-08-21T18:00:00Z,2026-10-04T02:30:00Z,,,,PROMOTED BY VENUE,KZFzniwnSyZfZ7v7nJ,Music,KnvZfZ7vAvl,Other,KZazBEonSMnZfZ7vk1I,Other,2026-09-20T22:44:01.382965+00:00
Z7r9jZ1A70oGA,Rufus Wainwright - WANTED: Judy Garland,https://www.ticketmaster.com/event/Z7r9jZ1A70oGA,Z6r9jZdv1e,2026-10-03,19:30:00,2026-10-04T01:30:00Z,,onsale,1900-01-01T18:00:00Z,2026-10-04T01:30:00Z,,,,,KZFzniwnSyZfZ7v7nJ,Music,KnvZfZ7vAvl,Other,KZazBEonSMnZfZ7vk1I,Other,2026-09-20T22:44:01.382965+00:00
Z7r9jZ1AAZ8oo,Deorro,https://www.ticketmaster.com/event/Z7r9jZ1AAZ8oo,ZFr9jZe71a,2026-10-03,19:30:00,2026-10-04T01:30:00Z,,onsale,2026-07-31T16:00:00Z,2026-10-04T01:30:00Z,,,,,KZFzniwnSyZfZ7v7nJ,Music,KnvZfZ7vAvl,Other,KZazBEonSMnZfZ7vk1I,Other,2026-09-20T22:44:01.382965+00:00
Z7r9jZ1AAZIJp,The Colorado Springs Philharmonic presents Music of the Knights,https://www.ticketmaster.com/event/Z7r9jZ1AAZIJp,ZFr9jZe777,2026-10-03,19:30:00,2026-10-04T01:30:00Z,,onsale,1900-01-01T06:00:00Z,2026-10-04T01:30:00Z,,,,,KZFzniwnSyZfZ7v7nJ,Music,KnvZfZ7vAvl,Other,KZazBEonSMnZfZ7vk1I,Other,2026-09-20T22:44:01.382965+00:00
1Ae0Z_8GkRxp-MM,"Figure, Makeshft, Lowfayd",https://www.ticketweb.com/event/figure-makeshft-lowfayd-black-sheep-tickets/15029533?REFERRAL_ID=tmfeed,KovZpZAJ77kA,2026-10-03,20:00:00,2026-10-04T02:00:00Z,America/Denver,onsale,2026-08-11T16:00:00Z,2026-10-04T02:00:00Z,,,,,KZFzniwnSyZfZ7v7nJ,Music,KnvZfZ7vAvF,Dance/Electronic,KZazBEonSMnZfZ7vaEn,Amapiano,2026-09-20T22:44:01.382965+00:00
G5vzZ_kloeDdU,Chasing Abbey,https://www.ticketmaster.com/chasing-abbey-denver-colorado-10-03-2026/event/1E00646AD10BB0F6,KovZpZAJeFkA,2026-10-03,20:00:00,2026-10-04T02:00:00Z,America/Denver,onsale,2026-03-13T16:00:00Z,2026-10-04T04:00:00Z,,,,LIVE NATION MUSIC,KZFzniwnSyZfZ7v7nJ,Music,KnvZfZ7vAvF,Dance/Electronic,KZazBEonSMnZfZ7vaEn,Amapiano,2026-09-20T22:44:01.382965+00:00
Z7r9jZ1A7-Uab,Built to Spill with Paul Schalda - All Ages (under 16 with adult),https://www.ticketmaster.com/event/Z7r9jZ1A7-Uab,ZFr9jZdAk6,2026-10-03,20:00:00,2026-10-04T02:00:00Z,,onsale,1900-01-01T06:00:00Z,2026-10-04T02:00:00Z,,,,,KZFzniwnSyZfZ7v7nJ,Music,KnvZfZ7vAvv,Alternative,KZazBEonSMnZfZ7vAvn,Alternative Rock,2026-09-20T22:44:01.382965+00:00
Z7r9jZ1A7P8Gv,Mind Enterprises (16 and Over),https://www.ticketmaster.com/event/Z7r9jZ1A7P8Gv,ZFr9jZedde,2026-10-03,20:00:00,2026-10-04T02:00:00Z,,onsale,1900-01-01T06:00:00Z,2026-10-04T02:00:00Z,,,,,KZFzniwnSyZfZ7v7nJ,Music,KnvZfZ7vAvF,Dance/Electronic,KZazBEonSMnZfZ7vAJJ,Dance Pop,2026-09-20T22:44:01.382965+00:00
Z7r9jZ1A7PtAv,Dimond Saints,https://www.ticketmaster.com/event/Z7r9jZ1A7PtAv,ZFr9jZkk1d,2026-10-03,20:30:00,2026-10-04T02:30:00Z,,onsale,1900-01-01T06:00:00Z,2026-10-04T02:30:00Z,,,,,KZFzniwnSyZfZ7v7nJ,Music,KnvZfZ7vAvl,Other,KZazBEonSMnZfZ7vk1I,Other,2026-09-20T22:44:01.382965+00:00
rZ7HnEZ1AfaYP7,Cardenales de Nuevo Leon - Profugos de Nuevo Leon,https://www.ticketweb.com/event/cardenales-de-nuevo-leon-stampede-tickets/14270944,rZ7HnEZ173p1A,2026-10-03,20:30:00,2026-10-04T02:30:00Z,America/Denver,onsale,2026-07-20T20:15:00Z,2026-10-04T01:00:00Z,81.86,81.86,USD,,KZFzniwnSyZfZ7v7nJ,Music,KnvZfZ7vAeF,World,KZazBEonSMnZfZ7vFAI,Mexican Ranchera,2026-09-20T22:44:01.382965+00:00
G5vzZ_8pWTCut,Bearracuda,https://www.ticketmaster.com/bearracuda-denver-colorado-10-03-2026/event/1E006505BDFCE369,KovZ917Aai0,2026-10-03,21:00:00,2026-10-04T03:00:00Z,America/Denver,onsale,2026-08-06T16:00:00Z,2026-10-04T05:00:00Z,,,,MISCELLANEOUS PROMOTER,KZFzniwnSyZfZ7v7nJ,Music,KnvZfZ7vAvF,Dance/Electronic,KZazBEonSMnZfZ7vaEn,Amapiano,2026-09-20T22:44:01.382965+00:00
Z7r9jZ1A7008M,West 22nd,https://www.ticketmaster.com/event/Z7r9jZ1A7008M,Z6r9jZdvee,2026-10-03,21:00:00,2026-10-04T03:00:00Z,,onsale,1900-01-01T06:00:00Z,2026-10-04T03:00:00Z,,,,,KZFzniwnSyZfZ7v7nJ,Music,KnvZfZ7vAva,Folk,KZazBEonSMnZfZ7vAlk,Folk Rock,2026-09-20T22:44:01.382965+00:00
G5vzZ_36IbrcC,Sploinky Rave,https://tickets.meowwolf.com/events/denver/sploinky-rave-oct/,KovZ917AYbY,2026-10-03,22:00:00,2026-10-04T04:00:00Z,America/Denver,onsale,2026-09-01T22:31:00Z,2026-10-04T04:00:00Z,,,,LIVE NATION MUSIC,KZFzniwnSyZfZ7v7nJ,Music,KnvZfZ7vAvF,Dance/Electronic,KZazBEonSMnZfZ7vaEn,Amapiano,2026-09-20T22:44:01.382965+00:00
Z7r9jZ1AAv47A,Sploinky Rave,https://www.ticketmaster.com/event/Z7r9jZ1AAv47A,Z7r9jZa7j5,2026-10-03,22:00:00,2026-10-04T04:00:00Z,,onsale,2026-09-01T22:31:00Z,2026-10-04T04:00:00Z,,,,LIVE NATION MUSIC,KZFzniwnSyZfZ7v7nJ,Music,KnvZfZ7vAvF,Dance/Electronic,KZazBEonSMnZfZ7vA1E,Dance/Electronic,2026-09-20T22:44:01.382965+00:00
rZ7HnEZ1A4Z0PS,Serum,https://www.ticketweb.com/event/serum-club-vinyl-tickets/15024973,rZ7HnEZ17qf40,2026-10-03,22:00:00,2026-10-04T04:00:00Z,America/Denver,onsale,2026-08-11T18:00:00Z,2026-10-04T08:00:00Z,24.95,24.95,USD,INSOMNIAC PRESENTS,KZFzniwnSyZfZ7v7nJ,Music,KnvZfZ7vAvF,Dance/Electronic,KZazBEonSMnZfZ7vAEd,Drum 'n' Bass,2026-09-20T22:44:01.382965+00:00
rZ7HnEZ1A4v6QK,Jack Marlow,https://www.ticketweb.com/event/jack-marlow-the-rooftop-at-vinyl-tickets/15047693,rZ7HnEZ17r_qV,2026-10-03,22:00:00,2026-10-04T04:00:00Z,America/Denver,onsale,2026-08-20T18:00:00Z,2026-10-03T08:00:00Z,24.95,24.95,USD,INSOMNIAC PRESENTS,KZFzniwnSyZfZ7v7nJ,Music,KnvZfZ7vAvF,Dance/Electronic,KZazBEonSMnZfZ7vA1E,Dance/Electronic,2026-09-20T22:44:01.382965+00:00
rZ7HnEZ1AfJFqd,Dean Turnley,https://www.ticketweb.com/event/dean-turnley-the-basement-at-club-vinyl-tickets/14988743,rZ7HnEZ17QA4S,2026-10-03,22:00:00,2026-10-04T04:00:00Z,America/Denver,onsale,2026-06-11T02:00:00Z,2026-10-04T08:00:00Z,24.95,24.95,USD,INSOMNIAC PRESENTS,KZFzniwnSyZfZ7v7nJ,Music,KnvZfZ7vAvF,Dance/Electronic,KZazBEonSMnZfZ7vA1E,Dance/Electronic,2026-09-20T22:44:01.382965+00:00
rZ7HnEZ1A4ZY-S,REYNALDO ARMAS,https://www.ticketweb.com/event/reynaldo-armas-stampede-tickets/15030873,rZ7HnEZ173p1A,2026-10-04,16:00:00,2026-10-04T22:00:00Z,America/Denver,onsale,2026-08-11T22:10:00Z,2026-10-04T21:00:00Z,81.86,81.86,USD,,KZFzniwnSyZfZ7v7nJ,Music,KnvZfZ7vAeF,World,KZazBEonSMnZfZ7vFaE,Venezuela,2026-09-20T22:44:01.382965+00:00
G5vzZbVFcBJxK,MARO: SO MUCH HAS CHANGED,https://www.ticketmaster.com/maro-so-much-has-changed-denver-colorado-10-04-2026/event/1E0063422DEA6893,KovZpZAJeFkA,2026-10-04,19:00:00,2026-10-05T01:00:00Z,America/Denver,rescheduled,2025-10-17T16:00:00Z,2026-10-04T09:00:00Z,,,,LIVE NATION MUSIC,KZFzniwnSyZfZ7v7nJ,Music,KnvZfZ7vAev,Pop,KZazBEonSMnZfZ7vk1l,Adult Contemporary,2026-09-20T22:44:01.382965+00:00
Z7r9jZ1A70Yut,For King & Country,https://www.ticketmaster.com/event/Z7r9jZ1A70Yut,ZFr9jZe71a,2026-10-04,19:00:00,2026-10-05T01:00:00Z,,onsale,2026-05-22T14:00:00Z,2026-10-05T01:00:00Z,,,,,KZFzniwnSyZfZ7v7nJ,Music,KnvZfZ7vAvl,Other,KZazBEonSMnZfZ7vk1I,Other,2026-09-20T22:44:01.382965+00:00
rZ7HnEZ1AfZgaV,SALSA & BACHATA SUNDAYS,https://www.ticketweb.com/event/salsa-bachata-sundays-la-rumba-tickets/14035274,rZ7HnEZ173pGP,2026-10-04,19:00:00,2026-10-05T01:00:00Z,America/Denver,onsale,2026-01-02T05:00:00Z,2027-09-27T01:00:00Z,14.13,14.13,USD,,KZFzniwnSyZfZ7v7nJ,Music,KnvZfZ7vAeF,World,KZazBEonSMnZfZ7vFdJ,Latin,2026-09-20T22:44:01.382965+00:00
G5vzZ_7QYPzqT,Thee Phantom & The Illharmonic Orchestra,https://www.ticketmaster.com/thee-phantom-the-illharmonic-orchestra-denver-colorado-10-04-2026/event/1E006446B097877F,KovZpZAFa1nA,2026-10-04,20:00:00,2026-10-05T02:00:00Z,America/Denver,rescheduled,2026-02-20T17:00:00Z,2026-10-05T04:00:00Z,,,,PROMOTED BY VENUE,KZFzniwnSyZfZ7v7nJ,Music,KnvZfZ7vAvl,Other,KZazBEonSMnZfZ7vk1I,Other,2026-09-20T22:44:01.382965+00:00
G5vzZ_GF5Mbkm,Sara Bareilles: The Good Grief Tour,https://www.axs.com/events/1472824/sara-bareilles-tickets,KovZpaKBBe,2026-10-04,20:00:00,2026-10-05T02:00:00Z,America/Denver,onsale,2026-06-10T16:00:00Z,2026-10-05T02:00:00Z,,,,LIVE NATION MUSIC,KZFzniwnSyZfZ7v7nJ,Music,KnvZfZ7vAeA,Rock,KZazBEonSMnZfZ7v6F1,Pop,2026-09-20T22:44:01.382965+00:00
Z7r9jZ1A70EFe,Mon Rovia (16 and Over),https://www.ticketmaster.com/event/Z7r9jZ1A70EFe,ZFr9jZedde,2026-10-04,20:00:00,2026-10-05T02:00:00Z,,onsale,1900-01-01T06:00:00Z,2026-10-05T02:00:00Z,,,,,KZFzniwnSyZfZ7v7nJ,Music,KnvZfZ7vAeA,Rock,KZazBEonSMnZfZ7v6kv,Folk Rock,2026-09-20T22:44:01.382965+00:00
Z7r9jZ1A70bob,Tricky (16 and Over),https://www.ticketmaster.com/event/Z7r9jZ1A70bob,Z6r9jZdvee,2026-10-04,20:00:00,2026-10-05T02:00:00Z,,onsale,1900-01-01T06:00:00Z,2026-10-05T02:00:00Z,,,,,KZFzniwnSyZfZ7v7nJ,Music,KnvZfZ7vAvl,Other,KZazBEonSMnZfZ7vk1I,Other,2026-09-20T22:44:01.382965+00:00
Z7r9jZ1A7P7O-,Sara Bareilles: The Good Grief Tour,https://www.ticketmaster.com/event/Z7r9jZ1A7P7O-,ZFr9jZ76Ak,2026-10-04,20:00:00,2026-10-05T02:00:00Z,,onsale,2026-06-10T16:00:00Z,2026-10-05T02:00:00Z,,,,LIVE NATION MUSIC,KZFzniwnSyZfZ7v7nJ,Music,KnvZfZ7vAev,Pop,KZazBEonSMnZfZ7vk1l,Adult Contemporary,2026-09-20T22:44:01.382965+00:00
G5vzZ_GE8FcjX,Archers,https://www.ticketmaster.com/archers-denver-colorado-10-05-2026/event/1E0064C9D022D73E,KovZpZAJeFkA,2026-10-05,18:00:00,2026-10-06T00:00:00Z,America/Denver,onsale,2026-06-12T16:00:00Z,2026-10-06T02:00:00Z,,,,LIVE NATION MUSIC,KZFzniwnSyZfZ7v7nJ,Music,KnvZfZ7vAvt,Metal,KZazBEonSMnZfZ7vaJ6,Nu-Metal,2026-09-20T22:44:01.382965+00:00
G5vzZ_oErexoH,Paramount Theatre Club Seating: Ilana Glazer,https://www.ticketmaster.com/paramount-theatre-club-seating-ilana-glazer-denver-colorado-10-05-2026/event/1E006519DE0A247C,KovZpZAFa1nA,2026-10-05,19:00:00,2026-10-06T01:00:00Z,America/Denver,onsale,2026-08-27T16:00:00Z,2026-10-06T02:00:00Z,,,,PROMOTED BY VENUE,KZFzniwnSyZfZ7v7nJ,Music,KnvZfZ7vAvl,Other,KZazBEonSMnZfZ7vk1I,Other,2026-09-20T22:44:01.382965+00:00
Z7r9jZ1A7JAPo,Earl Sweatshirt w/ MIKE,https://www.ticketmaster.com/event/Z7r9jZ1A7JAPo,ZFr9jZedde,2026-10-05,19:00:00,2026-10-06T01:00:00Z,,onsale,1900-01-01T06:00:00Z,2026-10-06T01:00:00Z,,,,,KZFzniwnSyZfZ7v7nJ,Music,KnvZfZ7vAv1,Hip-Hop/Rap,KZazBEonSMnZfZ7vkvl,Hip-Hop/Rap,2026-09-20T22:44:01.382965+00:00
G5vzZbgcJKvfR,Club Level Seating: Rush,https://www.ticketmaster.com/club-level-seating-rush-denver-colorado-10-05-2026/event/1E00635B664C152F,KovZpZAFaJeA,2026-10-05,19:30:00,2026-10-06T01:30:00Z,America/Denver,onsale,2025-11-07T17:00:00Z,2026-10-06T02:30:00Z,,,,PROMOTED BY VENUE,KZFzniwnSyZfZ7v7nJ,Music,KnvZfZ7vAeA,Rock,KZazBEonSMnZfZ7v6F1,Pop,2026-09-20T22:44:01.382965+00:00
G5vzZbgelzpIK,RUSH: Fifty Something,https://www.ticketmaster.com/rush-fifty-something-denver-colorado-10-05-2026/event/1E006350ABE16A13,KovZpZAFaJeA,2026-10-05,19:30:00,2026-10-06T01:30:00Z,America/Denver,onsale,2025-10-31T18:00:00Z,2026-10-06T03:30:00Z,,,,LIVE NATION MUSIC,KZFzniwnSyZfZ7v7nJ,Music,KnvZfZ7vAeA,Rock,KZazBEonSMnZfZ7v6F1,Pop,2026-09-20T22:44:01.382965+00:00
G5vzZ_uxPTnpZ,Automatic,https://tickets.meowwolf.com/events/denver/automatic/,KovZ917AYbY,2026-10-05,20:00:00,2026-10-06T02:00:00Z,America/Denver,onsale,2026-06-26T16:00:00Z,2026-10-06T02:00:00Z,,,,LIVE NATION MUSIC,KZFzniwnSyZfZ7v7nJ,Music,KnvZfZ7vAeA,Rock,KZazBEonSMnZfZ7v6F1,Pop,2026-09-20T22:44:01.382965+00:00
Z7r9jZ1A7PY-M,Automatic,https://www.ticketmaster.com/event/Z7r9jZ1A7PY-M,Z7r9jZa7j5,2026-10-05,20:00:00,2026-10-06T02:00:00Z,,onsale,2026-06-26T16:00:00Z,2026-10-06T02:00:00Z,,,,LIVE NATION MUSIC,KZFzniwnSyZfZ7v7nJ,Music,KnvZfZ7vAvl,Other,KZazBEonSMnZfZ7vk1I,Other,2026-09-20T22:44:01.382965+00:00
G5vzZ_ahIYrEK,Loathe: A Stranger to You,https://www.ticketmaster.com/loathe-a-stranger-to-you-denver-colorado-10-06-2026/event/1E006496E8C1E9D3,KovZpZAE6eJA,2026-10-06,18:00:00,2026-10-07T00:00:00Z,America/Denver,onsale,2026-05-01T16:00:00Z,2026-10-07T02:00:00Z,,,,LIVE NATION MUSIC,KZFzniwnSyZfZ7v7nJ,Music,KnvZfZ7vAvt,Metal,KZazBEonSMnZfZ7vaJ6,Nu-Metal,2026-09-20T22:44:01.382965+00:00
1718v0G6G5xPYEA,"Thousand Below, Acres, VCTMS, Lost In Separation",https://www.ticketweb.com/event/thousand-below-acres-vctms-lost-black-sheep-tickets/14966193?REFERRAL_ID=tmfeed,KovZpZAJ77kA,2026-10-06,19:00:00,2026-10-07T01:00:00Z,America/Denver,onsale,2026-06-09T16:00:00Z,2026-10-07T01:00:00Z,,,,,KZFzniwnSyZfZ7v7nJ,Music,KnvZfZ7vAeA,Rock,KZazBEonSMnZfZ7v6F1,Pop,2026-09-20T22:44:01.382965+00:00
G5vzZ_G2VU7xw,Boy Harsher,https://www.ticketmaster.com/boy-harsher-denver-colorado-10-06-2026/event/1E0064C3F4D848B2,KovZpZAFFt1A,2026-10-06,19:00:00,2026-10-07T01:00:00Z,America/Denver,onsale,2026-06-12T16:00:00Z,2026-10-07T03:00:00Z,,,,LIVE NATION MUSIC,KZFzniwnSyZfZ7v7nJ,Music,KnvZfZ7vAeA,Rock,KZazBEonSMnZfZ7v6dt,Alternative Rock,2026-09-20T22:44:01.382965+00:00
G5vzZ_GnEnB_r,ZOLITA - THE HELL'S BELLES TOUR,https://www.ticketmaster.com/zolita-the-hells-belles-tour-denver-colorado-10-06-2026/event/1E0064CAA7ABA65E,KovZpZAJeFkA,2026-10-06,19:00:00,2026-10-07T01:00:00Z,America/Denver,onsale,2026-06-18T16:00:00Z,2026-10-07T03:00:00Z,,,,LIVE NATION MUSIC,KZFzniwnSyZfZ7v7nJ,Music,KnvZfZ7vAev,Pop,KZazBEonSMnZfZ7vaEl,Electro Pop,2026-09-20T22:44:01.382965+00:00
Z7r9jZ1A704Cb,JPEGMAFIA (18 and Over),https://www.ticketmaster.com/event/Z7r9jZ1A704Cb,ZFr9jZedde,2026-10-06,19:00:00,2026-10-07T01:00:00Z,,onsale,1900-01-01T06:00:00Z,2026-10-07T01:00:00Z,,,,,KZFzniwnSyZfZ7v7nJ,Music,KnvZfZ7vAvl,Other,KZazBEonSMnZfZ7vk1I,Other,2026-09-20T22:44:01.382965+00:00
Z7r9jZ1A7P0bF,Militarie Gun w/ Softcult,https://www.ticketmaster.com/event/Z7r9jZ1A7P0bF,Z6r9jZdvee,2026-10-06,19:00:00,2026-10-07T01:00:00Z,,onsale,1900-01-01T06:00:00Z,2026-10-07T01:00:00Z,,,,,KZFzniwnSyZfZ7v7nJ,Music,KnvZfZ7vAvl,Other,KZazBEonSMnZfZ7vk1I,Other,2026-09-20T22:44:01.382965+00:00
Z7r9jZ1A7Pd_v,Thousand Below w/ Acres,https://www.ticketmaster.com/event/Z7r9jZ1A7Pd_v,ZFr9jZAFk1,2026-10-06,19:00:00,2026-10-07T01:00:00Z,,onsale,2026-06-09T16:00:00Z,2026-10-07T01:00:00Z,,,,,KZFzniwnSyZfZ7v7nJ,Music,KnvZfZ7vAvl,Other,KZazBEonSMnZfZ7vk1I,Other,2026-09-20T22:44:01.382965+00:00
Z7r9jZ1A7-J4N,Big Thief,https://www.ticketmaster.com/event/Z7r9jZ1A7-J4N,ZFr9jZe71a,2026-10-06,19:30:00,2026-10-07T01:30:00Z,,onsale,1900-01-01T06:00:00Z,2026-10-07T01:30:00Z,,,,,KZFzniwnSyZfZ7v7nJ,Music,KnvZfZ7vAvl,Other,KZazBEonSMnZfZ7vk1I,Other,2026-09-20T22:44:01.382965+00:00
Z7r9jZ1A7J3aJ,Candlebox (16 and Over),https://www.ticketmaster.com/event/Z7r9jZ1A7J3aJ,ZFr9jZdde7,2026-10-06,19:30:00,2026-10-07T01:30:00Z,,onsale,1900-01-01T06:00:00Z,2026-10-07T01:30:00Z,,,,,KZFzniwnSyZfZ7v7nJ,Music,KnvZfZ7vAvv,Alternative,KZazBEonSMnZfZ7vAvn,Alternative Rock,2026-09-20T22:44:01.382965+00:00
G5vzZ_uJyvrc2,FIGHTMASTER,https://tickets.meowwolf.com/events/denver/fightmaster/,KovZ917AYbY,2026-10-06,20:00:00,2026-10-07T02:00:00Z,America/Denver,onsale,2026-06-27T04:00:00Z,2026-10-07T02:00:00Z,,,,LIVE NATION MUSIC,KZFzniwnSyZfZ7v7nJ,Music,KnvZfZ7vAeA,Rock,KZazBEonSMnZfZ7v6dt,Alternative Rock,2026-09-20T22:44:01.382965+00:00
Z7r9jZ1A7P87y,DON WEST (16 and Over),https://www.ticketmaster.com/event/Z7r9jZ1A7P87y,ZFr9jZkk1d,2026-10-06,20:00:00,2026-10-07T02:00:00Z,,onsale,1900-01-01T06:00:00Z,2026-10-07T02:00:00Z,,,,,KZFzniwnSyZfZ7v7nJ,Music,KnvZfZ7vAvv,Alternative,KZazBEonSMnZfZ7vAvJ,Alternative,2026-09-20T22:44:01.382965+00:00
Z7r9jZ1A7Pwoz,FIGHTMASTER,https://www.ticketmaster.com/event/Z7r9jZ1A7Pwoz,Z7r9jZa7j5,2026-10-06,20:00:00,2026-10-07T02:00:00Z,,onsale,2026-06-26T16:00:00Z,2026-10-07T02:00:00Z,,,,LIVE NATION MUSIC,KZFzniwnSyZfZ7v7nJ,Music,KnvZfZ7vAvv,Alternative,KZazBEonSMnZfZ7vAde,Indie Rock,2026-09-20T22:44:01.382965+00:00
Z7r9jZ1AAZYfe,Bassvictim (18+ Event),https://www.ticketmaster.com/event/Z7r9jZ1AAZYfe,Z7r9jZa7cI,2026-10-06,20:00:00,2026-10-07T02:00:00Z,,onsale,1900-01-01T06:00:00Z,2026-10-07T02:00:00Z,,,,,KZFzniwnSyZfZ7v7nJ,Music,KnvZfZ7vAvF,Dance/Electronic,KZazBEonSMnZfZ7vaal,Dubstep,2026-09-20T22:44:01.382965+00:00
G5vzZ_53DJina,Ryan Castro: Sende - The Last Dance Tour,https://www.ticketmaster.com/ryan-castro-sende-the-last-dance-denver-colorado-10-06-2026/event/1E0064B4BB9ACA89,KovZpZAFa1nA,2026-10-06,20:30:00,2026-10-07T02:30:00Z,America/Denver,onsale,2026-06-04T16:00:00Z,2026-10-07T04:30:00Z,,,,THE TOURING CO,KZFzniwnSyZfZ7v7nJ,Music,KnvZfZ7vAv1,Hip-Hop/Rap,KZazBEonSMnZfZ7vaEI,Trap,2026-09-20T22:44:01.382965+00:00
G5vzZ_GmORafl,Paramount Theatre Club Seating: Ryan Castro,https://www.ticketmaster.com/paramount-theatre-club-seating-ryan-castro-denver-colorado-10-06-2026/event/1E0064CBA0BC952B,KovZpZAFa1nA,2026-10-06,20:30:00,2026-10-07T02:30:00Z,America/Denver,onsale,2026-06-15T16:00:00Z,2026-10-07T03:30:00Z,,,,PROMOTED BY VENUE,KZFzniwnSyZfZ7v7nJ,Music,KnvZfZ7vAvl,Other,KZazBEonSMnZfZ7vk1I,Other,2026-09-20T22:44:01.382965+00:00
rZ7HnEZ1AfAKFV,Ladies Night 2026,https://www.ticketweb.com/event/ladies-night-2026-stampede-tickets/14153234,rZ7HnEZ173p1A,2026-10-07,18:00:00,2026-10-08T00:00:00Z,America/Denver,onsale,2026-02-10T18:35:00Z,2026-10-08T05:55:00Z,16.56,16.56,USD,,KZFzniwnSyZfZ7v7nJ,Music,KnvZfZ7vAv6,Country,KZazBEonSMnZfZ7vAFa,Country,2026-09-20T22:44:01.382965+00:00
G5vzZ_57LXLxv,Leap - Entropy World Tour,https://www.ticketmaster.com/leap-entropy-world-tour-denver-colorado-10-07-2026/event/1E0064B11FF9F881,KovZpZAJeFkA,2026-10-07,19:00:00,2026-10-08T01:00:00Z,America/Denver,onsale,2026-05-22T16:00:00Z,2026-10-08T03:00:00Z,,,,LIVE NATION MUSIC,KZFzniwnSyZfZ7v7nJ,Music,KnvZfZ7vAeA,Rock,KZazBEonSMnZfZ7v6F1,Pop,2026-09-20T22:44:01.382965+00:00
Z7r9jZ1A7PEfw,Ella Langley w/ Kameron Marlowe,https://www.ticketmaster.com/event/Z7r9jZ1A7PEfw,ZFr9jZe71a,2026-10-07,19:00:00,2026-10-08T01:00:00Z,,onsale,2026-06-25T16:00:00Z,2026-10-08T01:00:00Z,,,,,KZFzniwnSyZfZ7v7nJ,Music,KnvZfZ7vAvl,Other,KZazBEonSMnZfZ7vk1I,Other,2026-09-20T22:44:01.382965+00:00
16e0Z_o8MG7Bv5g,"Mind's Eye, Nautiloid",https://www.ticketweb.com/event/minds-eye-nautiloid-whats-left-records-tickets/14279114?REFERRAL_ID=tmfeed,KovZpZAJdAvA,2026-10-07,19:30:00,2026-10-08T01:30:00Z,America/Denver,onsale,2026-08-26T16:00:00Z,2026-10-08T01:30:00Z,,,,,KZFzniwnSyZfZ7v7nJ,Music,KnvZfZ7vAeA,Rock,KZazBEonSMnZfZ7v6dt,Alternative Rock,2026-09-20T22:44:01.382965+00:00
G5vzZbgcthvQR,Club Level Seating: Rush,https://www.ticketmaster.com/club-level-seating-rush-denver-colorado-10-07-2026/event/1E00635B696C16AF,KovZpZAFaJeA,2026-10-07,19:30:00,2026-10-08T01:30:00Z,America/Denver,onsale,2026-06-30T16:00:00Z,2026-10-08T02:30:00Z,,,,PROMOTED BY VENUE,KZFzniwnSyZfZ7v7nJ,Music,KnvZfZ7vAeA,Rock,KZazBEonSMnZfZ7v6F1,Pop,2026-09-20T22:44:01.382965+00:00
G5vzZbgelyUI4,RUSH: Fifty Something,https://www.ticketmaster.com/rush-fifty-something-denver-colorado-10-07-2026/event/1E006350ABE76A15,KovZpZAFaJeA,2026-10-07,19:30:00,2026-10-08T01:30:00Z,America/Denver,onsale,2025-10-31T18:00:00Z,2026-10-08T03:30:00Z,,,,LIVE NATION MUSIC,KZFzniwnSyZfZ7v7nJ,Music,KnvZfZ7vAeA,Rock,KZazBEonSMnZfZ7v6F1,Pop,2026-09-20T22:44:01.382965+00:00
1718v0G6C0kHoe2,"Weedeater, Zeke, Royal Thunder, Yes Ma'am",https://www.ticketweb.com/event/weedeater-zeke-royal-thunder-yes-black-sheep-tickets/14249804?REFERRAL_ID=tmfeed,KovZpZAJ77kA,2026-10-07,20:00:00,2026-10-08T02:00:00Z,America/Denver,onsale,2026-07-10T14:00:00Z,2026-10-08T02:00:00Z,,,,,KZFzniwnSyZfZ7v7nJ,Music,KnvZfZ7vAeA,Rock,KZazBEonSMnZfZ7v6dt,Alternative Rock,2026-09-20T22:44:01.382965+00:00
Z7r9jZ1A7POPJ,Scene Queen: METALICIOUS (16 and Over),https://www.ticketmaster.com/event/Z7r9jZ1A7POPJ,ZFr9jZdde7,2026-10-07,20:00:00,2026-10-08T02:00:00Z,,onsale,1900-01-01T06:00:00Z,2026-10-08T02:00:00Z,,,,,KZFzniwnSyZfZ7v7nJ,Music,KnvZfZ7vAvl,Other,KZazBEonSMnZfZ7vk1I,Other,2026-09-20T22:44:01.382965+00:00
Z7r9jZ1AAZY0t,Bassvictim,https://www.ticketmaster.com/event/Z7r9jZ1AAZY0t,Z6r9jZk1ee,2026-10-07,20:00:00,2026-10-08T02:00:00Z,,onsale,1900-01-01T06:00:00Z,2026-10-08T02:00:00Z,,,,,KZFzniwnSyZfZ7v7nJ,Music,KnvZfZ7vAvF,Dance/Electronic,KZazBEonSMnZfZ7vaal,Dubstep,2026-09-20T22:44:01.382965+00:00
Z7r9jZ1AAZkA8,Porch Light w/ Superhero,https://www.ticketmaster.com/event/Z7r9jZ1AAZkA8,Z6r9jZdvee,2026-10-07,20:00:00,2026-10-08T02:00:00Z,,onsale,1900-01-01T06:00:00Z,2026-10-08T02:00:00Z,,,,,KZFzniwnSyZfZ7v7nJ,Music,KnvZfZ7vAvv,Alternative,KZazBEonSMnZfZ7vAde,Indie Rock,2026-09-20T22:44:01.382965+00:00
rZ7HnEZ1AfxAkd,Goth Night hosted by Gotica Nouveau,https://www.ticketweb.com/event/goth-night-hosted-by-gotica-vultures-tickets/14885183,rZ7HnEZ17fd1A,2026-10-07,20:00:00,2026-10-08T02:00:00Z,America/Denver,onsale,2026-04-27T16:00:00Z,2026-10-08T02:00:00Z,,,,,KZFzniwnSyZfZ7v7nJ,Music,KnvZfZ7vAvv,Alternative,KZazBEonSMnZfZ7vAen,Goth,2026-09-20T22:44:01.382965+00:00
G5vzZ_6EL1qAN,Paramount Theatre Club Seating - Las Alucines,https://www.ticketmaster.com/paramount-theatre-club-seating-las-alucines-denver-colorado-10-07-2026/event/1E006479DF29D163,KovZpZAFa1nA,2026-10-07,20:30:00,2026-10-08T02:30:00Z,America/Denver,rescheduled,2026-03-26T18:00:00Z,2026-10-08T02:30:00Z,,,,PROMOTED BY VENUE,KZFzniwnSyZfZ7v7nJ,Music,KnvZfZ7vAvl,Other,KZazBEonSMnZfZ7vk1I,Other,2026-09-20T22:44:01.382965+00:00
Z7r9jZ1A7-ZPS,Tape B,https://www.ticketmaster.com/event/Z7r9jZ1A7-ZPS,ZFr9jZe71a,2026-10-08,18:00:00,2026-10-09T00:00:00Z,,onsale,1900-01-01T06:00:00Z,2026-10-09T00:00:00Z,,,,,KZFzniwnSyZfZ7v7nJ,Music,KnvZfZ7vAvF,Dance/Electronic,KZazBEonSMnZfZ7vA1E,Dance/Electronic,2026-09-20T22:44:01.382965+00:00
G5vzZ_1NhU2ZS,KTCL Presents: Edgehill,https://www.ticketmaster.com/ktcl-presents-edgehill-denver-colorado-10-08-2026/event/1E0064A8DBD8F033,KovZpZAJeFkA,2026-10-08,19:00:00,2026-10-09T01:00:00Z,America/Denver,onsale,2026-05-15T16:00:00Z,2026-10-09T03:00:00Z,,,,LIVE NATION MUSIC,KZFzniwnSyZfZ7v7nJ,Music,KnvZfZ7vAeA,Rock,KZazBEonSMnZfZ7v6dt,Alternative Rock,2026-09-20T22:44:01.382965+00:00
G5vzZ_abnv69d,EMEI - Night at the Opera Tour,https://www.ticketmaster.com/emei-night-at-the-opera-tour-denver-colorado-10-08-2026/event/1E0064962A0475C3,KovZpZAFFt1A,2026-10-08,19:00:00,2026-10-09T01:00:00Z,America/Denver,onsale,2026-05-01T16:00:00Z,2026-10-09T03:00:00Z,,,,LIVE NATION MUSIC,KZFzniwnSyZfZ7v7nJ,Music,KnvZfZ7vAeA,Rock,KZazBEonSMnZfZ7v6dt,Alternative Rock,2026-09-20T22:44:01.382965+00:00
Z7r9jZ1AAZeb3,Jon Pardi w/ Alexandra Kay,https://www.ticketmaster.com/event/Z7r9jZ1AAZeb3,ZFr9jZ7v1A,2026-10-08,19:00:00,2026-10-09T01:00:00Z,,onsale,2026-07-24T16:00:00Z,2026-10-09T01:00:00Z,,,,,KZFzniwnSyZfZ7v7nJ,Music,KnvZfZ7vAv6,Country,KZazBEonSMnZfZ7vAad,Country Folk,2026-09-20T22:44:01.382965+00:00
G5vzZ_FBGVp_B,Paramount Theatre Club Seating: Laura Ramoso,https://www.ticketmaster.com/paramount-theatre-club-seating-laura-ramoso-denver-colorado-10-08-2026/event/1E00648E8CD1667A,KovZpZAFa1nA,2026-10-08,19:30:00,2026-10-09T01:30:00Z,America/Denver,onsale,2026-04-16T18:00:00Z,2026-10-09T02:30:00Z,,,,PROMOTED BY VENUE,KZFzniwnSyZfZ7v7nJ,Music,KnvZfZ7vAvl,Other,KZazBEonSMnZfZ7vk1I,Other,2026-09-20T22:44:01.382965+00:00
G5vzZbSEFO0An,Doja Cat - Tour Ma Vie World Tour,https://www.ticketmaster.com/doja-cat-tour-ma-vie-world-denver-colorado-10-08-2026/event/1E006339C882416A,KovZpZAFaJeA,2026-10-08,19:30:00,2026-10-09T01:30:00Z,America/Denver,onsale,2025-10-10T16:00:00Z,2026-10-09T03:30:00Z,,,,LIVE NATION MUSIC,KZFzniwnSyZfZ7v7nJ,Music,KnvZfZ7vAv1,Hip-Hop/Rap,KZazBEonSMnZfZ7vaEI,Trap,2026-09-20T22:44:01.382965+00:00
G5vzZbgrLqdZZ,Club Level Seating: Doja Cat,https://www.ticketmaster.com/club-level-seating-doja-cat-denver-colorado-10-08-2026/event/1E0063579F743000,KovZpZAFaJeA,2026-10-08,19:30:00,2026-10-09T01:30:00Z,America/Denver,onsale,2025-10-24T16:00:00Z,2026-10-09T02:30:00Z,,,,PROMOTED BY VENUE,KZFzniwnSyZfZ7v7nJ,Music,KnvZfZ7vAv1,Hip-Hop/Rap,KZazBEonSMnZfZ7vaEI,Trap,2026-09-20T22:44:01.382965+00:00
1718v0G62YaYONx,Starcrawler,https://www.ticketweb.com/event/starcrawler-black-sheep-tickets/14997883?REFERRAL_ID=tmfeed,KovZpZAJ77kA,2026-10-08,20:00:00,2026-10-09T02:00:00Z,America/Denver,onsale,2026-07-31T16:00:00Z,2026-10-09T02:00:00Z,,,,,KZFzniwnSyZfZ7v7nJ,Music,KnvZfZ7vAeA,Rock,KZazBEonSMnZfZ7v6dt,Alternative Rock,2026-09-20T22:44:01.382965+00:00
Z7r9jZ1A7-777,Iron and Wine (16 and Over),https://www.ticketmaster.com/event/Z7r9jZ1A7-777,ZFr9jZedde,2026-10-08,20:00:00,2026-10-09T02:00:00Z,,onsale,1900-01-01T06:00:00Z,2026-10-09T02:00:00Z,,,,,KZFzniwnSyZfZ7v7nJ,Music,KnvZfZ7vAvv,Alternative,KZazBEonSMnZfZ7vAvn,Alternative Rock,2026-09-20T22:44:01.382965+00:00
Z7r9jZ1A70pQZ,Carbon Leaf (16 and Over),https://www.ticketmaster.com/event/Z7r9jZ1A70pQZ,Z6r9jZdvee,2026-10-08,20:00:00,2026-10-09T02:00:00Z,,onsale,1900-01-01T06:00:00Z,2026-10-09T02:00:00Z,,,,,KZFzniwnSyZfZ7v7nJ,Music,KnvZfZ7vAvv,Alternative,KZazBEonSMnZfZ7vAvn,Alternative Rock,2026-09-20T22:44:01.382965+00:00
rZ7HnEZ1AfZUo0,$5 Thursdays!,https://www.ticketweb.com/event/5-thursdays-la-rumba-tickets/14036464,rZ7HnEZ173pGP,2026-10-08,20:00:00,2026-10-09T02:00:00Z,America/Denver,onsale,2026-01-02T05:20:00Z,2027-10-02T02:00:00Z,8.73,8.73,USD,,KZFzniwnSyZfZ7v7nJ,Music,KnvZfZ7vAeF,World,KZazBEonSMnZfZ7vFdJ,Latin,2026-09-20T22:44:01.382965+00:00
G5vzZ_1UAoA-a,Jesse Roper with O'Connor Brothers Band,https://www.ticketmaster.com/jesse-roper-with-oconnor-brothers-band-denver-colorado-10-08-2026/event/1E0064AD85445849,KovZ917Aai0,2026-10-08,21:00:00,2026-10-09T03:00:00Z,America/Denver,onsale,2026-06-02T19:00:00Z,2026-10-09T05:00:00Z,,,,MISCELLANEOUS PROMOTER,KZFzniwnSyZfZ7v7nJ,Music,KnvZfZ7vAvd,Blues,KZazBEonSMnZfZ7vAAd,Blues,2026-09-20T22:44:01.382965+00:00
Z7r9jZ1A70Uat,Madeon (16 and Over),https://www.ticketmaster.com/event/Z7r9jZ1A70Uat,Z7r9jZadVI,2026-10-08,21:00:00,2026-10-09T03:00:00Z,,onsale,1900-01-01T18:00:00Z,2026-10-09T03:00:00Z,,,,,KZFzniwnSyZfZ7v7nJ,Music,KnvZfZ7vAvl,Other,KZazBEonSMnZfZ7vk1I,Other,2026-09-20T22:44:01.382965+00:00
G5vzZ_5R0AgZl,HUGEL PRESENTS MAKE THE GIRLS DANCE,https://www.ticketmaster.com/hugel-presents-make-the-girls-dance-denver-colorado-10-09-2026/event/1E0064BBE417502B,KovZ917AI2V,2026-10-09,14:00:00,2026-10-09T20:00:00Z,America/Denver,cancelled,2026-06-05T16:00:00Z,2026-10-09T22:00:00Z,,,,LIVE NATION MUSIC,KZFzniwnSyZfZ7v7nJ,Music,KnvZfZ7vAvF,Dance/Electronic,KZazBEonSMnZfZ7vaEn,Amapiano,2026-09-20T22:44:01.382965+00:00
G5vzZ_1TPDx3M,Arch Enemy & The Black Dahlia Murder: Wrath Across North America 2026,https://www.ticketmaster.com/arch-enemy-the-black-dahlia-murder-denver-colorado-10-09-2026/event/1E0064AFE5EE24B7,KovZpZAE6eJA,2026-10-09,17:00:00,2026-10-09T23:00:00Z,America/Denver,onsale,2026-05-22T16:00:00Z,2026-10-10T01:00:00Z,,,,LIVE NATION MUSIC,KZFzniwnSyZfZ7v7nJ,Music,KnvZfZ7vAvt,Metal,KZazBEonSMnZfZ7vaJ6,Nu-Metal,2026-09-20T22:44:01.382965+00:00
Z7r9jZ1A7-Fp3,Tape B,https://www.ticketmaster.com/event/Z7r9jZ1A7-Fp3,ZFr9jZe71a,2026-10-09,18:00:00,2026-10-10T00:00:00Z,,onsale,1900-01-01T06:00:00Z,2026-10-10T00:00:00Z,,,,,KZFzniwnSyZfZ7v7nJ,Music,KnvZfZ7vAvF,Dance/Electronic,KZazBEonSMnZfZ7vA1E,Dance/Electronic,2026-09-20T22:44:01.382965+00:00
G5vzZ_Gm-Ytqf,Judah & the Lion,https://www.ticketmaster.com/judah-the-lion-denver-colorado-10-09-2026/event/1E0064CBA1C29754,KovZpZAFFt1A,2026-10-09,18:30:00,2026-10-10T00:30:00Z,America/Denver,onsale,2026-06-19T16:00:00Z,2026-10-10T02:30:00Z,,,,LIVE NATION MUSIC,KZFzniwnSyZfZ7v7nJ,Music,KnvZfZ7vAva,Folk,KZazBEonSMnZfZ7va1F,Indie Folk,2026-09-20T22:44:01.382965+00:00
G5vzZ_aRwZ6bz,Pertinence,https://www.ticketmaster.com/pertinence-denver-colorado-10-09-2026/event/1E00649BF2007638,KovZpZAJeFkA,2026-10-09,19:00:00,2026-10-10T01:00:00Z,America/Denver,onsale,2026-05-08T17:00:00Z,2026-10-10T03:00:00Z,,,,LIVE NATION MUSIC,KZFzniwnSyZfZ7v7nJ,Music,KnvZfZ7vAv1,Hip-Hop/Rap,KZazBEonSMnZfZ7vaEI,Trap,2026-09-20T22:44:01.382965+00:00
Z7r9jZ1AAvd44,MACEO PLEX - Ages 21+,https://www.ticketmaster.com/event/Z7r9jZ1AAvd44,Z7r9jZa7cI,2026-10-09,19:00:00,2026-10-10T01:00:00Z,,onsale,1900-01-01T06:00:00Z,2026-10-10T01:00:00Z,,,,,KZFzniwnSyZfZ7v7nJ,Music,KnvZfZ7vAvF,Dance/Electronic,KZazBEonSMnZfZ7vA1E,Dance/Electronic,2026-09-20T22:44:01.382965+00:00
rZ7HnEZ1AfZUF0,Ladies Night & Noche Sonidera,https://www.ticketweb.com/event/ladies-night-noche-sonidera-la-rumba-tickets/14036224,rZ7HnEZ173pGP,2026-10-09,19:00:00,2026-10-10T01:00:00Z,America/Denver,onsale,2026-01-02T05:15:00Z,2027-10-03T01:00:00Z,14.13,14.13,USD,,KZFzniwnSyZfZ7v7nJ,Music,KnvZfZ7vAeF,World,KZazBEonSMnZfZ7vFdJ,Latin,2026-09-20T22:44:01.382965+00:00
Z7r9jZ1A70JGy,Colorado Symphony Orchestra presents Bernstein & Ravel with Vadim Gluzman & Andrew Litton,https://www.ticketmaster.com/event/Z7r9jZ1A70JGy,Z6r9jZdv1e,2026-10-09,19:30:00,2026-10-10T01:30:00Z,,onsale,1900-01-01T06:00:00Z,2026-10-10T01:30:00Z,,,,,KZFzniwnSyZfZ7v7nJ,Music,KnvZfZ7vAvl,Other,KZazBEonSMnZfZ7vk1I,Other,2026-09-20T22:44:01.382965+00:00
G5vzZ_CBUMnhu,The Number Twelve Looks Like You,https://hqdenver.holdmyticket.com/tickets-preview/b1781a1cf39085551a1f7807b552a684,KovZ917ARbC,2026-10-09,20:00:00,2026-10-10T02:00:00Z,America/Denver,onsale,2026-07-17T16:00:00Z,2026-10-10T02:00:00Z,,,,LIVE NATION MUSIC,KZFzniwnSyZfZ7v7nJ,Music,KnvZfZ7vAeA,Rock,KZazBEonSMnZfZ7v6dt,Alternative Rock,2026-09-20T22:44:01.382965+00:00
G5vzZ_GJxAa5w,The Holdup,https://tickets.meowwolf.com/events/denver/the-holdup/,KovZ917AYbY,2026-10-09,20:00:00,2026-10-10T02:00:00Z,America/Denver,onsale,2026-06-12T15:00:00Z,2026-10-10T02:00:00Z,,,,LIVE NATION MUSIC,KZFzniwnSyZfZ7v7nJ,Music,KnvZfZ7vAed,Reggae,KZazBEonSMnZfZ7vknl,Reggae,2026-09-20T22:44:01.382965+00:00
Z7r9jZ1A7-YjN,The Rock Orchestra By Candlelight,https://www.ticketmaster.com/event/Z7r9jZ1A7-YjN,ZFr9jZe777,2026-10-09,20:00:00,2026-10-10T02:00:00Z,,onsale,1900-01-01T06:00:00Z,2026-10-10T02:00:00Z,,,,,KZFzniwnSyZfZ7v7nJ,Music,KnvZfZ7vAeA,Rock,KZazBEonSMnZfZ7v6da,Rock,2026-09-20T22:44:01.382965+00:00
Z7r9jZ1A708bY,Start Making Sense (Talking Heads Tribute) 16 and Over,https://www.ticketmaster.com/event/Z7r9jZ1A708bY,ZFr9jZkk1d,2026-10-09,20:00:00,2026-10-10T02:00:00Z,,onsale,1900-01-01T06:00:00Z,2026-10-10T02:00:00Z,,,,,KZFzniwnSyZfZ7v7nJ,Music,KnvZfZ7vAeA,Rock,KZazBEonSMnZfZ7v6a6,Punk,2026-09-20T22:44:01.382965+00:00
Z7r9jZ1A7J3Cf,The Number Twelve Looks Like You,https://www.ticketmaster.com/event/Z7r9jZ1A7J3Cf,Z7r9jZa7h0,2026-10-09,20:00:00,2026-10-10T02:00:00Z,,onsale,2026-07-17T16:00:00Z,2026-10-10T02:00:00Z,,,,LIVE NATION MUSIC,KZFzniwnSyZfZ7v7nJ,Music,KnvZfZ7vAeA,Rock,KZazBEonSMnZfZ7v6kl,Hard Rock,2026-09-20T22:44:01.382965+00:00
Z7r9jZ1A7J__6,Dwight Yoakam,https://www.ticketmaster.com/event/Z7r9jZ1A7J__6,Z7r9jZaA99,2026-10-09,20:00:00,2026-10-10T02:00:00Z,,onsale,1900-01-01T18:00:00Z,2026-10-10T02:00:00Z,,,,,KZFzniwnSyZfZ7v7nJ,Music,KnvZfZ7vAv6,Country,KZazBEonSMnZfZ7vAad,Country Folk,2026-09-20T22:44:01.382965+00:00
Z7r9jZ1A7PKu_,The Holdup,https://www.ticketmaster.com/event/Z7r9jZ1A7PKu_,Z7r9jZa7j5,2026-10-09,20:00:00,2026-10-10T02:00:00Z,,onsale,2026-06-12T15:00:00Z,2026-10-10T02:00:00Z,,,,LIVE NATION MUSIC,KZFzniwnSyZfZ7v7nJ,Music,KnvZfZ7vAvl,Other,KZazBEonSMnZfZ7vk1I,Other,2026-09-20T22:44:01.382965+00:00
Z7r9jZ1A7x63K,Paul Cauthen (16 and Over),https://www.ticketmaster.com/event/Z7r9jZ1A7x63K,Z7r9jZadVI,2026-10-09,20:00:00,2026-10-10T02:00:00Z,,onsale,1900-01-01T06:00:00Z,2026-10-10T02:00:00Z,,,,,KZFzniwnSyZfZ7v7nJ,Music,KnvZfZ7vAvl,Other,KZazBEonSMnZfZ7vk1I,Other,2026-09-20T22:44:01.382965+00:00
rZ7HnEZ1Af1oO7,WHITEHORSE--A Chris Stapleton Tribute,https://www.ticketweb.com/event/whitehorse-a-chris-stapleton-grizzly-rose-tickets/14291804,rZ7HnEZ17uJbA,2026-10-09,20:00:00,2026-10-10T02:00:00Z,America/Denver,onsale,2026-08-28T18:00:00Z,2026-10-10T05:30:00Z,24.15,24.15,USD,,KZFzniwnSyZfZ7v7nJ,Music,KnvZfZ7vAv6,Country,KZazBEonSMnZfZ7vAF1,Alternative Country,2026-09-20T22:44:01.382965+00:00
1ae0Z_37tGOZdG5A,Kawaii Rave,https://www.ticketweb.com/event/kawaii-rave-black-sheep-tickets/14298584?REFERRAL_ID=tmfeed,KovZpZAJ77kA,2026-10-09,20:30:00,2026-10-10T02:30:00Z,America/Denver,onsale,2026-09-04T16:00:00Z,2026-10-10T02:30:00Z,,,,,KZFzniwnSyZfZ7v7nJ,Music,KnvZfZ7vAvF,Dance/Electronic,KZazBEonSMnZfZ7vaEn,Amapiano,2026-09-20T22:44:01.382965+00:00
Z7r9jZ1A74pvg,Sex Pistols (16 & Over),https://www.ticketmaster.com/event/Z7r9jZ1A74pvg,ZFr9jZedde,2026-10-09,20:30:00,2026-10-10T02:30:00Z,,rescheduled,2026-03-06T17:00:00Z,2026-10-10T02:30:00Z,,,,,KZFzniwnSyZfZ7v7nJ,Music,KnvZfZ7vAeA,Rock,KZazBEonSMnZfZ7v6a6,Punk,2026-09-20T22:44:01.382965+00:00
G5vzZ_1BuhJa-,The Deslondes w/ Gina Leslie,https://www.ticketmaster.com/the-deslondes-w-gina-leslie-denver-colorado-10-09-2026/event/1E0064AE8D6E6261,KovZ917Aai0,2026-10-09,21:00:00,2026-10-10T03:00:00Z,America/Denver,onsale,2026-06-02T16:00:00Z,2026-10-10T05:00:00Z,,,,MISCELLANEOUS PROMOTER,KZFzniwnSyZfZ7v7nJ,Music,KnvZfZ7vAv6,Country,KZazBEonSMnZfZ7vAFa,Country,2026-09-20T22:44:01.382965+00:00
rZ7HnEZ1Af1bAf,Reggaeton Rave,https://www.ticketweb.com/event/reggaeton-rave-the-church-nightclub-tickets/14298154,rZ7HnEZ17qf4V,2026-10-09,22:00:00,2026-10-10T04:00:00Z,America/Denver,onsale,2026-09-03T18:00:00Z,2026-10-10T08:00:00Z,0.0,14.95,USD,INSOMNIAC PRESENTS,KZFzniwnSyZfZ7v7nJ,Music,KnvZfZ7vAed,Reggae,KZazBEonSMnZfZ7vkla,DJ,2026-09-20T22:44:01.382965+00:00
G5vzZ_1K5p2ms,Sara Landry,https://www.axs.com/events/1430978/sara-landry-tickets,KovZpZAaeIvA,2026-10-10,18:00:00,2026-10-11T00:00:00Z,America/Denver,onsale,2026-05-08T16:00:00Z,2026-10-11T00:00:00Z,,,,LIVE NATION MUSIC,KZFzniwnSyZfZ7v7nJ,Music,KnvZfZ7vAvF,Dance/Electronic,KZazBEonSMnZfZ7vaEn,Amapiano,2026-09-20T22:44:01.382965+00:00
G5vzZ_GnhOzzk,Sleeping With Sirens: An Ending In Itself Tour,https://www.ticketmaster.com/sleeping-with-sirens-an-ending-in-denver-colorado-10-10-2026/event/1E0064CA9B838E06,KovZpZAE6eJA,2026-10-10,18:00:00,2026-10-11T00:00:00Z,America/Denver,onsale,2026-06-18T16:00:00Z,2026-10-11T02:00:00Z,,,,LIVE NATION MUSIC,KZFzniwnSyZfZ7v7nJ,Music,KnvZfZ7vAeA,Rock,KZazBEonSMnZfZ7v6F1,Pop,2026-09-20T22:44:01.382965+00:00
G5vzZ_o3cAivj,Sunset Pulse 3,https://www.ticketmaster.com/sunset-pulse-3-grand-junction-colorado-10-10-2026/event/1E006514AD16C05C,KovZpa4gke,2026-10-10,18:00:00,2026-10-11T00:00:00Z,America/Denver,onsale,2026-08-21T16:00:00Z,2026-10-11T02:00:00Z,,,,PROMOTED BY VENUE,KZFzniwnSyZfZ7v7nJ,Music,KnvZfZ7vAvl,Other,KZazBEonSMnZfZ7vk1I,Other,2026-09-20T22:44:01.382965+00:00
Z7r9jZ1A70o79,Sara Landry,https://www.ticketmaster.com/event/Z7r9jZ1A70o79,ZFr9jZe71a,2026-10-10,18:00:00,2026-10-11T00:00:00Z,,onsale,2026-05-08T16:00:00Z,2026-10-11T00:00:00Z,,,,LIVE NATION MUSIC,KZFzniwnSyZfZ7v7nJ,Music,KnvZfZ7vAvF,Dance/Electronic,KZazBEonSMnZfZ7vA1E,Dance/Electronic,2026-09-20T22:44:01.382965+00:00
G5vzZ_1mFtPxL,Paramount Theatre Club Seating: Matteo Lane & Bob The Drag Queen,https://www.ticketmaster.com/paramount-theatre-club-seating-matteo-lane-denver-colorado-10-10-2026/event/1E0064AB88A6589F,KovZpZAFa1nA,2026-10-10,18:30:00,2026-10-11T00:30:00Z,America/Denver,onsale,2026-05-11T18:00:00Z,2026-10-11T01:30:00Z,,,,PROMOTED BY VENUE,KZFzniwnSyZfZ7v7nJ,Music,KnvZfZ7vAvl,Other,KZazBEonSMnZfZ7vk1I,Other,2026-09-20T22:44:01.382965+00:00
G5vzZ_uawmS8G,"Amélie Farren, Lilith Max, Rabbitology - The Three Wishes Tour",https://www.ticketmaster.com/amelie-farren-lilith-max-rabbitology-the-denver-colorado-10-10-2026/event/1E0064D272BB340C,KovZ917Aai0,2026-10-10,18:30:00,2026-10-11T00:30:00Z,America/Denver,onsale,2026-06-26T16:00:00Z,2026-10-11T02:30:00Z,,,,MISCELLANEOUS PROMOTER,KZFzniwnSyZfZ7v7nJ,Music,KnvZfZ7vAeA,Rock,KZazBEonSMnZfZ7v6dt,Alternative Rock,2026-09-20T22:44:01.382965+00:00
G5vzZ_A1UBhDH,gnash,https://www.ticketmaster.com/gnash-denver-colorado-10-10-2026/event/1E006452B6E9BEFC,KovZpZAJeFkA,2026-10-10,19:00:00,2026-10-11T01:00:00Z,America/Denver,onsale,2026-02-27T17:00:00Z,2026-10-11T03:00:00Z,,,,LIVE NATION MUSIC,KZFzniwnSyZfZ7v7nJ,Music,KnvZfZ7vAee,R&B,KZazBEonSMnZfZ7vkIt,R&B,2026-09-20T22:44:01.382965+00:00
G5vzZ_uiwbd5z,Twiztid - Certified Psychos Tour,https://www.ticketmaster.com/twiztid-certified-psychos-tour-denver-colorado-10-10-2026/event/1E0064DB326032F8,KovZpZAFFt1A,2026-10-10,19:00:00,2026-10-11T01:00:00Z,America/Denver,onsale,2026-07-03T16:00:00Z,2026-10-11T03:00:00Z,,,,LIVE NATION MUSIC,KZFzniwnSyZfZ7v7nJ,Music,KnvZfZ7vAv1,Hip-Hop/Rap,KZazBEonSMnZfZ7vaEI,Trap,2026-09-20T22:44:01.382965+00:00
rZ7HnEZ1AfZg_0,Sabados Sabrosos!,https://www.ticketweb.com/event/sabados-sabrosos-la-rumba-tickets/14035664,rZ7HnEZ173pGP,2026-10-10,19:00:00,2026-10-11T01:00:00Z,America/Denver,onsale,2026-01-02T05:00:00Z,2027-10-03T01:00:00Z,25.18,25.18,USD,,KZFzniwnSyZfZ7v7nJ,Music,KnvZfZ7vAeF,World,KZazBEonSMnZfZ7vFdJ,Latin,2026-09-20T22:44:01.382965+00:00
Z7r9jZ1A70Juk,Colorado Symphony Orchestra presents Bernstein & Ravel with Vadim Gluzman & Andrew Litton,https://www.ticketmaster.com/event/Z7r9jZ1A70Juk,Z6r9jZdv1e,2026-10-10,19:30:00,2026-10-11T01:30:00Z,,onsale,1900-01-01T06:00:00Z,2026-10-11T01:30:00Z,,,,,KZFzniwnSyZfZ7v7nJ,Music,KnvZfZ7vAvl,Other,KZazBEonSMnZfZ7vk1I,Other,2026-09-20T22:44:01.382965+00:00
1718v0G6GH41spw,Elijah Scott,https://www.ticketweb.com/event/elijah-scott-black-sheep-tickets/14199594?REFERRAL_ID=tmfeed,KovZpZAJ77kA,2026-10-10,20:00:00,2026-10-11T02:00:00Z,America/Denver,onsale,2026-06-18T16:00:00Z,2026-10-11T02:00:00Z,,,,,KZFzniwnSyZfZ7v7nJ,Music,KnvZfZ7vAv6,Country,KZazBEonSMnZfZ7vAFa,Country,2026-09-20T22:44:01.382965+00:00
G5vzZ_GIuN6lu,Hotel Allan: The 10th Anniversary Tour,https://tickets.meowwolf.com/events/denver/allan-rayman/,KovZ917AYbY,2026-10-10,20:00:00,2026-10-11T02:00:00Z,America/Denver,onsale,2026-06-12T15:00:00Z,2026-10-11T02:00:00Z,,,,LIVE NATION MUSIC,KZFzniwnSyZfZ7v7nJ,Music,KnvZfZ7vAeA,Rock,KZazBEonSMnZfZ7v6F1,Pop,2026-09-20T22:44:01.382965+00:00
Z7r9jZ1A7-P_t,Snarky Puppy (16+ Event),https://www.ticketmaster.com/event/Z7r9jZ1A7-P_t,Z7r9jZadVI,2026-10-10,20:00:00,2026-10-11T02:00:00Z,,onsale,1900-01-01T18:00:00Z,2026-10-11T02:00:00Z,,,,,KZFzniwnSyZfZ7v7nJ,Music,KnvZfZ7vAvd,Blues,KZazBEonSMnZfZ7vAk6,Jazz Blues,2026-09-20T22:44:01.382965+00:00
Z7r9jZ1A7P4bf,Hotel Allan: The 10th Anniversary Tour,https://www.ticketmaster.com/event/Z7r9jZ1A7P4bf,Z7r9jZa7j5,2026-10-10,20:00:00,2026-10-11T02:00:00Z,,onsale,2026-06-12T15:00:00Z,2026-10-11T02:00:00Z,,,,LIVE NATION MUSIC,KZFzniwnSyZfZ7v7nJ,Music,KnvZfZ7vAvl,Other,KZazBEonSMnZfZ7vk1I,Other,2026-09-20T22:44:01.382965+00:00
Z7r9jZ1A7PSGo,Paul Cauthen w/ Leon Majcen,https://www.ticketmaster.com/event/Z7r9jZ1A7PSGo,ZFr9jZ61Fa,2026-10-10,20:00:00,2026-10-11T02:00:00Z,,onsale,1900-01-01T18:00:00Z,2026-10-11T02:00:00Z,,,,,KZFzniwnSyZfZ7v7nJ,Music,KnvZfZ7vAvl,Other,KZazBEonSMnZfZ7vk1I,Other,2026-09-20T22:44:01.382965+00:00
Z7r9jZ1A7Pe_e,49 Winchester (16 and Over),https://www.ticketmaster.com/event/Z7r9jZ1A7Pe_e,ZFr9jZdde7,2026-10-10,20:00:00,2026-10-11T02:00:00Z,,onsale,1900-01-01T06:00:00Z,2026-10-11T02:00:00Z,,,,,KZFzniwnSyZfZ7v7nJ,Music,KnvZfZ7vAvl,Other,KZazBEonSMnZfZ7vk1I,Other,2026-09-20T22:44:01.382965+00:00
Z7r9jZ1A7Pojd,jigitz (16 and Over),https://www.ticketmaster.com/event/Z7r9jZ1A7Pojd,ZFr9jZedde,2026-10-10,20:00:00,2026-10-11T02:00:00Z,,onsale,1900-01-01T06:00:00Z,2026-10-11T02:00:00Z,,,,,KZFzniwnSyZfZ7v7nJ,Music,KnvZfZ7vAvF,Dance/Electronic,KZazBEonSMnZfZ7vA1E,Dance/Electronic,2026-09-20T22:44:01.382965+00:00
rZ7HnEZ1A4ZzrK,"Florissant, Get the Axe, Friend Operation, Shatterpoint",https://www.ticketweb.com/event/florissant-get-the-axe-friend-vultures-tickets/15038793,rZ7HnEZ17fd1A,2026-10-10,20:00:00,2026-10-11T02:00:00Z,America/Denver,onsale,2026-08-14T16:00:00Z,2026-10-11T02:00:00Z,,,,,KZFzniwnSyZfZ7v7nJ,Music,KnvZfZ7vAeA,Rock,KZazBEonSMnZfZ7v6FE,Pop Punk,2026-09-20T22:44:01.382965+00:00
Z7r9jZ1A7JfoJ,Michelle Branch,https://www.ticketmaster.com/event/Z7r9jZ1A7JfoJ,ZFr9jZAFe7,2026-10-10,20:30:00,2026-10-11T02:30:00Z,,onsale,1900-01-01T06:00:00Z,2026-10-11T02:30:00Z,,,,,KZFzniwnSyZfZ7v7nJ,Music,KnvZfZ7vAvv,Alternative,KZazBEonSMnZfZ7vAvn,Alternative Rock,2026-09-20T22:44:01.382965+00:00
Z7r9jZ1A70tuK,Hans Williams (16 and Over),https://www.ticketmaster.com/event/Z7r9jZ1A70tuK,Z6r9jZdvee,2026-10-10,21:00:00,2026-10-11T03:00:00Z,,onsale,1900-01-01T06:00:00Z,2026-10-11T03:00:00Z,,,,,KZFzniwnSyZfZ7v7nJ,Music,KnvZfZ7vAvl,Other,KZazBEonSMnZfZ7vk1I,Other,2026-09-20T22:44:01.382965+00:00
rZ7HnEZ1Af1Zff,Roberto Tapia,https://www.ticketweb.com/event/roberto-tapia-stampede-tickets/14280514,rZ7HnEZ173p1A,2026-10-10,21:00:00,2026-10-11T03:00:00Z,America/Denver,onsale,2026-08-21T20:35:00Z,2026-10-11T01:00:00Z,,,,,KZFzniwnSyZfZ7v7nJ,Music,KnvZfZ7vAeF,World,KZazBEonSMnZfZ7vFAI,Mexican Ranchera,2026-09-20T22:44:01.382965+00:00
G5vzZ_2szak4G,LOVE IN THE CLUB: 2000s Hip Hop/R&B Dance Party [Late Show],https://www.ticketmaster.com/love-in-the-club-2000s-hip-denver-colorado-10-10-2026/event/1E0064FC7824654C,KovZ917Aai0,2026-10-10,22:00:00,2026-10-11T04:00:00Z,America/Denver,onsale,2026-08-04T16:00:00Z,2026-10-11T06:00:00Z,,,,MISCELLANEOUS PROMOTER,KZFzniwnSyZfZ7v7nJ,Music,KnvZfZ7vAee,R&B,KZazBEonSMnZfZ7vkIt,R&B,2026-09-20T22:44:01.382965+00:00
rZ7HnEZ1A4Z-AS,Peace Control,https://www.ticketweb.com/event/peace-control-the-church-nightclub-tickets/15021173,rZ7HnEZ17qf4V,2026-10-10,22:00:00,2026-10-11T04:00:00Z,America/Denver,cancelled,2026-08-14T19:00:00Z,2026-10-11T08:00:00Z,24.95,24.95,USD,INSOMNIAC PRESENTS,KZFzniwnSyZfZ7v7nJ,Music,KnvZfZ7vAvF,Dance/Electronic,KZazBEonSMnZfZ7vA1E,Dance/Electronic,2026-09-20T22:44:01.382965+00:00
rZ7HnEZ1A4ZsAK,Nifra,https://www.ticketweb.com/event/nifra-club-vinyl-tickets/15031153,rZ7HnEZ17qf40,2026-10-10,22:00:00,2026-10-11T04:00:00Z,America/Denver,onsale,2026-08-11T16:00:00Z,2026-10-11T08:00:00Z,24.95,24.95,USD,INSOMNIAC PRESENTS,KZFzniwnSyZfZ7v7nJ,Music,KnvZfZ7vAvF,Dance/Electronic,,,2026-09-20T22:44:01.382965+00:00
rZ7HnEZ1Af1Z-7,Big Florida,https://www.ticketweb.com/event/big-florida-the-basement-at-club-vinyl-tickets/14280844,rZ7HnEZ17QA4S,2026-10-10,22:00:00,2026-10-11T04:00:00Z,America/Denver,onsale,2026-08-27T18:00:00Z,2026-10-11T08:00:00Z,24.95,24.95,USD,INSOMNIAC PRESENTS,KZFzniwnSyZfZ7v7nJ,Music,KnvZfZ7vAvF,Dance/Electronic,KZazBEonSMnZfZ7vA1E,Dance/Electronic,2026-09-20T22:44:01.382965+00:00
Z7r9jZ1A70JGb,Colorado Symphony Orchestra presents Bernstein & Ravel with Vadim Gluzman & Andrew Litton,https://www.ticketmaster.com/event/Z7r9jZ1A70JGb,Z6r9jZdv1e,2026-10-11,13:00:00,2026-10-11T19:00:00Z,,onsale,1900-01-01T06:00:00Z,2026-10-11T19:00:00Z,,,,,KZFzniwnSyZfZ7v7nJ,Music,KnvZfZ7vAvl,Other,KZazBEonSMnZfZ7vk1I,Other,2026-09-20T22:44:01.382965+00:00
G5vzZ_1RMFui5,Cement Gardens,https://www.axs.com/events/1438515/pouya-tickets,KovZpZAaeIvA,2026-10-11,16:50:00,2026-10-11T22:50:00Z,America/Denver,onsale,2026-05-15T16:00:00Z,2026-10-11T22:50:00Z,,,,LIVE NATION MUSIC,KZFzniwnSyZfZ7v7nJ,Music,KnvZfZ7vAv1,Hip-Hop/Rap,KZazBEonSMnZfZ7vaEI,Trap,2026-09-20T22:44:01.382965+00:00
Z7r9jZ1A70bOb,Cement Gardens,https://www.ticketmaster.com/event/Z7r9jZ1A70bOb,ZFr9jZe71a,2026-10-11,16:50:00,2026-10-11T22:50:00Z,,onsale,2026-05-15T16:00:00Z,2026-10-11T22:50:00Z,,,,LIVE NATION MUSIC,KZFzniwnSyZfZ7v7nJ,Music,KnvZfZ7vAeF,World,KZazBEonSMnZfZ7v6Jt,World,2026-09-20T22:44:01.382965+00:00
G5vzZ_68n5wsb,Cheekface w/ special guest waitress,https://www.ticketmaster.com/cheekface-w-special-guest-waitress-denver-colorado-10-11-2026/event/1E0064742A2F2C58,KovZpZAJeFkA,2026-10-11,19:00:00,2026-10-12T01:00:00Z,America/Denver,onsale,2026-03-27T16:00:00Z,2026-10-12T03:00:00Z,,,,LIVE NATION MUSIC,KZFzniwnSyZfZ7v7nJ,Music,KnvZfZ7vAeA,Rock,KZazBEonSMnZfZ7v6dt,Alternative Rock,2026-09-20T22:44:01.382965+00:00
G5vzZ_CrYw9u2,The Beths,https://www.etix.com/ticket/p/30709379/the-beths-fort-collins-washingtons,KovZpZAAlnvA,2026-10-11,19:00:00,2026-10-12T01:00:00Z,America/Denver,onsale,2026-07-10T16:00:00Z,2026-10-12T01:00:00Z,,,,LIVE NATION MUSIC,KZFzniwnSyZfZ7v7nJ,Music,KnvZfZ7vAeA,Rock,KZazBEonSMnZfZ7v6F1,Pop,2026-09-20T22:44:01.382965+00:00
Z7r9jZ1A7Jdxb,The Beths,https://www.ticketmaster.com/event/Z7r9jZ1A7Jdxb,Z7r9jZad4Y,2026-10-11,19:00:00,2026-10-12T01:00:00Z,,onsale,2026-07-10T16:00:00Z,2026-10-12T01:00:00Z,,,,LIVE NATION MUSIC,KZFzniwnSyZfZ7v7nJ,Music,KnvZfZ7vAvl,Other,KZazBEonSMnZfZ7vk1I,Other,2026-09-20T22:44:01.382965+00:00
rZ7HnEZ1AfZVPV,SALSA & BACHATA SUNDAYS,https://www.ticketweb.com/event/salsa-bachata-sundays-la-rumba-tickets/14034974,rZ7HnEZ173pGP,2026-10-11,19:00:00,2026-10-12T01:00:00Z,America/Denver,onsale,2026-01-02T05:00:00Z,2027-10-04T01:00:00Z,14.13,14.13,USD,,KZFzniwnSyZfZ7v7nJ,Music,KnvZfZ7vAeF,World,KZazBEonSMnZfZ7vFdJ,Latin,2026-09-20T22:44:01.382965+00:00
rZ7HnEZ1AfF7aV,Nahko and Medicine for the People,https://www.ticketweb.com/event/nahko-and-medicine-for-the-stampede-tickets/14204274,rZ7HnEZ173p1A,2026-10-11,19:30:00,2026-10-12T01:30:00Z,America/Denver,onsale,2026-06-10T18:30:00Z,2026-10-12T00:00:00Z,49.77,113.82,USD,,KZFzniwnSyZfZ7v7nJ,Music,KnvZfZ7vAeF,World,KZazBEonSMnZfZ7v6Jt,World,2026-09-20T22:44:01.382965+00:00
1718v0G61YF3YlL,"Hans Williams, Cece Coakley",https://www.ticketweb.com/event/hans-williams-cece-coakley-black-sheep-tickets/14919383?REFERRAL_ID=tmfeed,KovZpZAJ77kA,2026-10-11,20:00:00,2026-10-12T02:00:00Z,America/Denver,onsale,2026-05-13T16:00:00Z,2026-10-12T02:00:00Z,,,,,KZFzniwnSyZfZ7v7nJ,Music,KnvZfZ7vAeA,Rock,KZazBEonSMnZfZ7v6F1,Pop,2026-09-20T22:44:01.382965+00:00
Z7r9jZ1A70Ou8,Hans Williams w/ Cece Coakley,https://www.ticketmaster.com/event/Z7r9jZ1A70Ou8,ZFr9jZAFk1,2026-10-11,20:00:00,2026-10-12T02:00:00Z,,onsale,2026-05-13T16:00:00Z,2026-10-12T02:00:00Z,,,,,KZFzniwnSyZfZ7v7nJ,Music,KnvZfZ7vAvl,Other,KZazBEonSMnZfZ7vk1I,Other,2026-09-20T22:44:01.382965+00:00
Z7r9jZ1A7JffK,Michelle Branch,https://www.ticketmaster.com/event/Z7r9jZ1A7JffK,ZFr9jZdAk6,2026-10-11,20:00:00,2026-10-12T02:00:00Z,,onsale,1900-01-01T06:00:00Z,2026-10-12T02:00:00Z,,,,,KZFzniwnSyZfZ7v7nJ,Music,KnvZfZ7vAvv,Alternative,KZazBEonSMnZfZ7vAvn,Alternative Rock,2026-09-20T22:44:01.382965+00:00
Z7r9jZ1A7OaqP,Osees (16 and Over),https://www.ticketmaster.com/event/Z7r9jZ1A7OaqP,ZFr9jZedde,2026-10-11,20:00:00,2026-10-12T02:00:00Z,,onsale,1900-01-01T06:00:00Z,2026-10-12T02:00:00Z,,,,,KZFzniwnSyZfZ7v7nJ,Music,KnvZfZ7vAvv,Alternative,KZazBEonSMnZfZ7vAvn,Alternative Rock,2026-09-20T22:44:01.382965+00:00
Z7r9jZ1A7PobE,Malcolm Todd (16 and Over),https://www.ticketmaster.com/event/Z7r9jZ1A7PobE,Z7r9jZadVI,2026-10-11,20:00:00,2026-10-12T02:00:00Z,,onsale,2026-06-11T16:00:00Z,2026-10-12T02:00:00Z,,,,,KZFzniwnSyZfZ7v7nJ,Music,KnvZfZ7vAvv,Alternative,KZazBEonSMnZfZ7vAdv,Indie Pop,2026-09-20T22:44:01.382965+00:00
Z7r9jZ1A7PtuV,"Hey, Nothing",https://www.ticketmaster.com/event/Z7r9jZ1A7PtuV,ZFr9jZdde7,2026-10-11,20:00:00,2026-10-12T02:00:00Z,,onsale,1900-01-01T06:00:00Z,2026-10-12T02:00:00Z,,,,,KZFzniwnSyZfZ7v7nJ,Music,KnvZfZ7vAvv,Alternative,KZazBEonSMnZfZ7vAvn,Alternative Rock,2026-09-20T22:44:01.382965+00:00
G5vzZ_66l0lLD,Rise Against: Ricochet 2026,https://www.axs.com/events/1366745/rise-against-ricochet-2026-tickets,KovZpZAaeIvA,2026-10-12,19:00:00,2026-10-13T01:00:00Z,America/Denver,onsale,2026-03-20T16:00:00Z,2026-10-13T01:00:00Z,,,,LIVE NATION MUSIC,KZFzniwnSyZfZ7v7nJ,Music,KnvZfZ7vAeA,Rock,KZazBEonSMnZfZ7v6dt,Alternative Rock,2026-09-20T22:44:01.382965+00:00
G5vzZ_o27er8C,Lil Pete: Real Is Back Tour,https://www.ticketmaster.com/lil-pete-real-is-back-tour-denver-colorado-10-12-2026/event/1E006513C409E40E,KovZpZAJeFkA,2026-10-12,19:00:00,2026-10-13T01:00:00Z,America/Denver,onsale,2026-08-24T16:00:00Z,2026-10-13T03:00:00Z,,,,LIVE NATION MUSIC,KZFzniwnSyZfZ7v7nJ,Music,KnvZfZ7vAv1,Hip-Hop/Rap,KZazBEonSMnZfZ7vaEI,Trap,2026-09-20T22:44:01.382965+00:00
Z7r9jZ1A7-YAV,Rise Against: Ricochet 2026,https://www.ticketmaster.com/event/Z7r9jZ1A7-YAV,ZFr9jZe71a,2026-10-12,19:00:00,2026-10-13T01:00:00Z,,onsale,2026-03-20T16:00:00Z,2026-10-13T01:00:00Z,,,,LIVE NATION MUSIC,KZFzniwnSyZfZ7v7nJ,Music,KnvZfZ7vAeA,Rock,KZazBEonSMnZfZ7v6a6,Punk,2026-09-20T22:44:01.382965+00:00
Z7r9jZ1A7Pd-0,Castle Rat (16 and Over),https://www.ticketmaster.com/event/Z7r9jZ1A7Pd-0,ZFr9jZedde,2026-10-12,19:30:00,2026-10-13T01:30:00Z,,onsale,1900-01-01T06:00:00Z,2026-10-13T01:30:00Z,,,,,KZFzniwnSyZfZ7v7nJ,Music,KnvZfZ7vAeA,Rock,KZazBEonSMnZfZ7v6da,Rock,2026-09-20T22:44:01.382965+00:00
Z7r9jZ1A7PK4I,Malcolm Todd (16 and Over),https://www.ticketmaster.com/event/Z7r9jZ1A7PK4I,Z7r9jZadVI,2026-10-12,20:00:00,2026-10-13T02:00:00Z,,onsale,1900-01-01T06:00:00Z,2026-10-13T02:00:00Z,,,,,KZFzniwnSyZfZ7v7nJ,Music,KnvZfZ7vAvv,Alternative,KZazBEonSMnZfZ7vAdv,Indie Pop,2026-09-20T22:44:01.382965+00:00
Z7r9jZ1AAZp7F,Saliva and Drowning Pool (16 and Over),https://www.ticketmaster.com/event/Z7r9jZ1AAZp7F,ZFr9jZdde7,2026-10-12,20:00:00,2026-10-13T02:00:00Z,,onsale,1900-01-01T06:00:00Z,2026-10-13T02:00:00Z,,,,,KZFzniwnSyZfZ7v7nJ,Music,KnvZfZ7vAeA,Rock,KZazBEonSMnZfZ7v6kl,Hard Rock,2026-09-20T22:44:01.382965+00:00
G5vzZ_5UJg2J7,Bear Ghost - Tiny Hitman Tour 2026,https://www.ticketmaster.com/bear-ghost-tiny-hitman-tour-2026-denver-colorado-10-13-2026/event/1E0064BDA6D4F984,KovZpZAJeFkA,2026-10-13,18:00:00,2026-10-14T00:00:00Z,America/Denver,onsale,2026-06-05T16:00:00Z,2026-10-14T02:00:00Z,,,,LIVE NATION MUSIC,KZFzniwnSyZfZ7v7nJ,Music,KnvZfZ7vAeA,Rock,KZazBEonSMnZfZ7v6dt,Alternative Rock,2026-09-20T22:44:01.382965+00:00
Z7r9jZ1A7JK_0,Highly Suspect and Yelawolf (16 and Over),https://www.ticketmaster.com/event/Z7r9jZ1A7JK_0,Z7r9jZadVI,2026-10-13,18:30:00,2026-10-14T00:30:00Z,,onsale,2026-07-17T16:00:00Z,2026-10-14T00:30:00Z,,,,,KZFzniwnSyZfZ7v7nJ,Music,KnvZfZ7vAeA,Rock,KZazBEonSMnZfZ7v6an,Rock & Roll,2026-09-20T22:44:01.382965+00:00
G5vzZ_1Lx2mgd,Our Lady Peace: 30th Anniversary Tour W/ Special Guest The Verve Pipe,https://www.ticketmaster.com/our-lady-peace-30th-anniversary-tour-denver-colorado-10-13-2026/event/1E0064A7E23EED43,KovZpZAFFt1A,2026-10-13,19:00:00,2026-10-14T01:00:00Z,America/Denver,onsale,2026-05-15T16:00:00Z,2026-10-14T03:00:00Z,,,,LIVE NATION MUSIC,KZFzniwnSyZfZ7v7nJ,Music,KnvZfZ7vAeA,Rock,KZazBEonSMnZfZ7v6dt,Alternative Rock,2026-09-20T22:44:01.382965+00:00
G5vzZ_23ahg4g,YG: THE GENTLEMEN'S CLUB TOUR,https://www.ticketmaster.com/yg-the-gentlemens-club-tour-denver-colorado-10-13-2026/event/1E0064F4896F5575,KovZpZAE6eJA,2026-10-13,19:00:00,2026-10-14T01:00:00Z,America/Denver,onsale,2026-07-24T16:00:00Z,2026-10-14T03:00:00Z,,,,LIVE NATION MUSIC,KZFzniwnSyZfZ7v7nJ,Music,KnvZfZ7vAv1,Hip-Hop/Rap,KZazBEonSMnZfZ7vaEI,Trap,2026-09-20T22:44:01.382965+00:00
Z7r9jZ1A70A7o,Shaboozey w/ Noah Cyrus,https://www.ticketmaster.com/event/Z7r9jZ1A70A7o,ZFr9jZe71a,2026-10-13,19:00:00,2026-10-14T01:00:00Z,,onsale,2026-05-01T16:00:00Z,2026-10-14T01:00:00Z,,,,,KZFzniwnSyZfZ7v7nJ,Music,KnvZfZ7vAv6,Country,KZazBEonSMnZfZ7vAFa,Country,2026-09-20T22:44:01.382965+00:00
G5vzZ_1KA-2Fh,Club Level Seating: Kacey Musgraves,https://www.ticketmaster.com/club-level-seating-kacey-musgraves-denver-colorado-10-13-2026/event/1E0064A4C584F21B,KovZpZAFaJeA,2026-10-13,19:30:00,2026-10-14T01:30:00Z,America/Denver,onsale,2026-05-15T16:00:00Z,2026-10-14T02:30:00Z,,,,PROMOTED BY VENUE,KZFzniwnSyZfZ7v7nJ,Music,KnvZfZ7vAv6,Country,KZazBEonSMnZfZ7vAFa,Country,2026-09-20T22:44:01.382965+00:00
G5vzZ_51W4ap1,In Her Own Words X Every Avenue - Perfectly Unfamiliar Tour,https://hqdenver.holdmyticket.com/tickets/463016,KovZ917ARbC,2026-10-13,19:30:00,2026-10-14T01:30:00Z,America/Denver,onsale,2026-05-21T16:00:00Z,2026-10-14T01:30:00Z,,,,LIVE NATION MUSIC,KZFzniwnSyZfZ7v7nJ,Music,KnvZfZ7vAvt,Metal,KZazBEonSMnZfZ7vaJ6,Nu-Metal,2026-09-20T22:44:01.382965+00:00
G5vzZ_aNxsyvN,Kacey Musgraves - Middle of Nowhere Tour ,https://www.ticketmaster.com/kacey-musgraves-middle-of-nowhere-tour-denver-colorado-10-13-2026/event/1E006498E2C79063,KovZpZAFaJeA,2026-10-13,19:30:00,2026-10-14T01:30:00Z,America/Denver,onsale,2026-05-08T16:00:00Z,2026-10-14T03:30:00Z,,,,AEG LIVE,KZFzniwnSyZfZ7v7nJ,Music,KnvZfZ7vAv6,Country,KZazBEonSMnZfZ7vAFa,Country,2026-09-20T22:44:01.382965+00:00
Z7r9jZ1A70IAZ,In Her Own Words X Every Avenue - Perfectly Unfamiliar Tour,https://www.ticketmaster.com/event/Z7r9jZ1A70IAZ,Z7r9jZa7h0,2026-10-13,19:30:00,2026-10-14T01:30:00Z,,onsale,2026-05-21T16:00:00Z,2026-10-14T01:30:00Z,,,,LIVE NATION MUSIC,KZFzniwnSyZfZ7v7nJ,Music,KnvZfZ7vAvl,Other,KZazBEonSMnZfZ7vk1I,Other,2026-09-20T22:44:01.382965+00:00
1718v0G6GHhv-_9,Joe Jordan,https://www.ticketweb.com/event/joe-jordan-black-sheep-tickets/14199614?REFERRAL_ID=tmfeed,KovZpZAJ77kA,2026-10-13,20:00:00,2026-10-14T02:00:00Z,America/Denver,onsale,2026-06-23T16:00:00Z,2026-10-14T02:00:00Z,,,,,KZFzniwnSyZfZ7v7nJ,Music,KnvZfZ7vAev,Pop,KZazBEonSMnZfZ7vk1t,Pop,2026-09-20T22:44:02.205267+00:00
G5vzZ_1B7dg8c,Justin Nozuka,https://www.ticketmaster.com/justin-nozuka-denver-colorado-10-13-2026/event/1E0064AE840F542D,KovZ917Aai0,2026-10-13,20:00:00,2026-10-14T02:00:00Z,America/Denver,onsale,2026-06-15T17:00:00Z,2026-10-14T04:00:00Z,,,,MISCELLANEOUS PROMOTER,KZFzniwnSyZfZ7v7nJ,Music,KnvZfZ7vAeA,Rock,KZazBEonSMnZfZ7v6dt,Alternative Rock,2026-09-20T22:44:02.205267+00:00
G5vzZ_5SF0Tm_,Gary Clark Jr.,https://www.ticketmaster.com/gary-clark-jr-denver-colorado-10-13-2026/event/1E0064BCC893FB99,KovZpZAFa1nA,2026-10-13,20:00:00,2026-10-14T02:00:00Z,America/Denver,onsale,2026-06-05T16:00:00Z,2026-10-14T04:00:00Z,,,,AEG LIVE,KZFzniwnSyZfZ7v7nJ,Music,KnvZfZ7vAeA,Rock,KZazBEonSMnZfZ7v6F1,Pop,2026-09-20T22:44:02.205267+00:00
G5vzZ_o1_Cakj,Paramount Theatre Club Seating: Gary Clark Jr.,https://www.ticketmaster.com/paramount-theatre-club-seating-gary-clark-denver-colorado-10-13-2026/event/1E0065129938919C,KovZpZAFa1nA,2026-10-13,20:00:00,2026-10-14T02:00:00Z,America/Denver,onsale,2026-08-21T18:00:00Z,2026-10-14T03:00:00Z,,,,PROMOTED BY VENUE,KZFzniwnSyZfZ7v7nJ,Music,KnvZfZ7vAvl,Other,KZazBEonSMnZfZ7vk1I,Other,2026-09-20T22:44:02.205267+00:00
Z7r9jZ1A70gq4,Death From Above 1979 (16 and Over),https://www.ticketmaster.com/event/Z7r9jZ1A70gq4,ZFr9jZdde7,2026-10-13,20:00:00,2026-10-14T02:00:00Z,,onsale,1900-01-01T06:00:00Z,2026-10-14T02:00:00Z,,,,,KZFzniwnSyZfZ7v7nJ,Music,KnvZfZ7vAvl,Other,KZazBEonSMnZfZ7vk1I,Other,2026-09-20T22:44:02.205267+00:00
Z7r9jZ1A7P_7M,Jeff Goldblum and the Mildred Snitzer Orchestra,https://www.ticketmaster.com/event/Z7r9jZ1A7P_7M,Z6r9jZdv1e,2026-10-13,20:00:00,2026-10-14T02:00:00Z,,onsale,1900-01-01T18:00:00Z,2026-10-14T02:00:00Z,,,,,KZFzniwnSyZfZ7v7nJ,Music,KnvZfZ7vAvl,Other,KZazBEonSMnZfZ7vk1I,Other,2026-09-20T22:44:02.205267+00:00
G5vzZ_5wI2lzG,Mastodon,https://www.ticketmaster.com/mastodon-denver-colorado-10-14-2026/event/1E0064BCA83EBE0C,KovZpZAE6eJA,2026-10-14,18:00:00,2026-10-15T00:00:00Z,America/Denver,onsale,2026-06-05T16:00:00Z,2026-10-15T02:00:00Z,,,,LIVE NATION MUSIC,KZFzniwnSyZfZ7v7nJ,Music,KnvZfZ7vAeA,Rock,KZazBEonSMnZfZ7v6F1,Pop,2026-09-20T22:44:02.205267+00:00
rZ7HnEZ1AfA3O7,Ladies Night 2026,https://www.ticketweb.com/event/ladies-night-2026-stampede-tickets/14152804,rZ7HnEZ173p1A,2026-10-14,18:00:00,2026-10-15T00:00:00Z,America/Denver,onsale,2026-02-10T18:35:00Z,2026-10-15T05:55:00Z,16.56,16.56,USD,,KZFzniwnSyZfZ7v7nJ,Music,KnvZfZ7vAv6,Country,KZazBEonSMnZfZ7vAFa,Country,2026-09-20T22:44:02.205267+00:00
G5vzZ_2Nm7d8h,The Haunt,https://www.ticketmaster.com/the-haunt-denver-colorado-10-14-2026/event/1E0064F8EE10341B,KovZpZAJeFkA,2026-10-14,18:30:00,2026-10-15T00:30:00Z,America/Denver,onsale,2026-07-29T15:00:00Z,2026-10-15T02:30:00Z,,,,LIVE NATION MUSIC,KZFzniwnSyZfZ7v7nJ,Music,KnvZfZ7vAeA,Rock,KZazBEonSMnZfZ7v6dt,Alternative Rock,2026-09-20T22:44:02.205267+00:00
G5vzZ_aRQ0Ogf,Taking Back Sunday,https://www.axs.com/events/1413579/taking-back-sunday-louder-now-live-tickets,KovZpZAaeIvA,2026-10-14,19:00:00,2026-10-15T01:00:00Z,America/Denver,onsale,2026-05-01T16:00:00Z,2026-10-15T01:00:00Z,,,,LIVE NATION MUSIC,KZFzniwnSyZfZ7v7nJ,Music,KnvZfZ7vAeA,Rock,KZazBEonSMnZfZ7v6dt,Alternative Rock,2026-09-20T22:44:02.205267+00:00
Z7r9jZ1A707f8,Taking Back Sunday,https://www.ticketmaster.com/event/Z7r9jZ1A707f8,ZFr9jZe71a,2026-10-14,19:00:00,2026-10-15T01:00:00Z,,onsale,2026-05-01T16:00:00Z,2026-10-15T01:00:00Z,,,,LIVE NATION MUSIC,KZFzniwnSyZfZ7v7nJ,Music,KnvZfZ7vAvv,Alternative,KZazBEonSMnZfZ7vAvn,Alternative Rock,2026-09-20T22:44:02.205267+00:00
Z7r9jZ1A70tee,Movements (16 and Over),https://www.ticketmaster.com/event/Z7r9jZ1A70tee,Z7r9jZadVI,2026-10-14,19:00:00,2026-10-15T01:00:00Z,,onsale,1900-01-01T06:00:00Z,2026-10-15T01:00:00Z,,,,,KZFzniwnSyZfZ7v7nJ,Music,KnvZfZ7vAvl,Other,KZazBEonSMnZfZ7vk1I,Other,2026-09-20T22:44:02.205267+00:00
1k18vPvsGACaout,"Exhorder, No/Mas, Phantom, Intoxicated",https://www.ticketweb.com/event/exhorder-nomas-phantom-intoxicated-black-sheep-tickets/15021663?REFERRAL_ID=tmfeed,KovZpZAJ77kA,2026-10-14,20:00:00,2026-10-15T02:00:00Z,America/Denver,onsale,2026-08-07T16:00:00Z,2026-10-14T02:00:00Z,,,,,KZFzniwnSyZfZ7v7nJ,Music,KnvZfZ7vAeA,Rock,KZazBEonSMnZfZ7v6F1,Pop,2026-09-20T22:44:02.205267+00:00
G5vzZ_8pfaF8s,Tempesst,https://www.ticketmaster.com/tempesst-denver-colorado-10-14-2026/event/1E00650594248431,KovZ917Aai0,2026-10-14,20:00:00,2026-10-15T02:00:00Z,America/Denver,onsale,2026-08-10T14:00:00Z,2026-10-15T04:00:00Z,,,,MISCELLANEOUS PROMOTER,KZFzniwnSyZfZ7v7nJ,Music,KnvZfZ7vAeA,Rock,KZazBEonSMnZfZ7v6dt,Alternative Rock,2026-09-20T22:44:02.205267+00:00
G5vzZ_aUNKGmh,Punch Brothers,https://www.ticketmaster.com/punch-brothers-denver-colorado-10-14-2026/event/1E00649DA34CCB9B,KovZpZAFa1nA,2026-10-14,20:00:00,2026-10-15T02:00:00Z,America/Denver,onsale,2026-05-08T16:00:00Z,2026-10-15T04:00:00Z,,,,AEG LIVE,KZFzniwnSyZfZ7v7nJ,Music,KnvZfZ7vAv6,Country,KZazBEonSMnZfZ7vAFI,Bluegrass,2026-09-20T22:44:02.205267+00:00
G5vzZ_uQBm5k3,Joe Jordan,https://link.dice.fm/y6205ef9209e,KovZ917Aig0,2026-10-14,20:00:00,2026-10-15T02:00:00Z,America/Denver,onsale,2026-06-26T16:00:00Z,2026-10-15T02:00:00Z,,,,LIVE NATION MUSIC,KZFzniwnSyZfZ7v7nJ,Music,KnvZfZ7vAeA,Rock,KZazBEonSMnZfZ7v6dt,Alternative Rock,2026-09-20T22:44:02.205267+00:00
Z7r9jZ1A70gjK,The Green with Johnny Suite (16 and Over),https://www.ticketmaster.com/event/Z7r9jZ1A70gjK,ZFr9jZkk1d,2026-10-14,20:00:00,2026-10-15T02:00:00Z,,onsale,1900-01-01T18:00:00Z,2026-10-15T02:00:00Z,,,,,KZFzniwnSyZfZ7v7nJ,Music,KnvZfZ7vAvl,Other,KZazBEonSMnZfZ7vk1I,Other,2026-09-20T22:44:02.205267+00:00
Z7r9jZ1A7xZ8M,Kishi Bashi (16 and Over),https://www.ticketmaster.com/event/Z7r9jZ1A7xZ8M,ZFr9jZdde7,2026-10-14,20:00:00,2026-10-15T02:00:00Z,,onsale,1900-01-01T06:00:00Z,2026-10-15T02:00:00Z,,,,,KZFzniwnSyZfZ7v7nJ,Music,KnvZfZ7vAvl,Other,KZazBEonSMnZfZ7vk1I,Other,2026-09-20T22:44:02.205267+00:00
rZ7HnEZ1AfxAvS,Goth Night hosted by Gotica Nouveau,https://www.ticketweb.com/event/goth-night-hosted-by-gotica-vultures-tickets/14885073,rZ7HnEZ17fd1A,2026-10-14,20:00:00,2026-10-15T02:00:00Z,America/Denver,onsale,2026-04-27T16:00:00Z,2026-10-15T02:00:00Z,,,,,KZFzniwnSyZfZ7v7nJ,Music,KnvZfZ7vAvv,Alternative,KZazBEonSMnZfZ7vAen,Goth,2026-09-20T22:44:02.205267+00:00
G5vzZ_G2qoRVY,Jenna Davis,https://www.ticketmaster.com/jenna-davis-denver-colorado-10-15-2026/event/1E0064C3DD46FD30,KovZpZAJeFkA,2026-10-15,17:30:00,2026-10-15T23:30:00Z,America/Denver,onsale,2026-06-12T16:00:00Z,2026-10-16T01:30:00Z,,,,LIVE NATION MUSIC,KZFzniwnSyZfZ7v7nJ,Music,KnvZfZ7vAv6,Country,KZazBEonSMnZfZ7vAFa,Country,2026-09-20T22:44:02.205267+00:00
G5vzZ_CUUYFBh,ARTMS,https://www.ticketmaster.com/artms-denver-colorado-10-15-2026/event/1E0064EDB6C08E9B,KovZpZAFFt1A,2026-10-15,18:00:00,2026-10-16T00:00:00Z,America/Denver,onsale,2026-07-24T16:00:00Z,2026-10-16T02:00:00Z,,,,LIVE NATION MUSIC,KZFzniwnSyZfZ7v7nJ,Music,KnvZfZ7vAev,Pop,KZazBEonSMnZfZ7vkE1,K-Pop,2026-09-20T22:44:02.205267+00:00
Z7r9jZ1A7Pa_Z,Charles Wesley Godwin w/ Michael Marcagi,https://www.ticketmaster.com/event/Z7r9jZ1A7Pa_Z,ZFr9jZe71a,2026-10-15,18:30:00,2026-10-16T00:30:00Z,,onsale,2026-06-18T16:00:00Z,2026-10-16T00:30:00Z,,,,,KZFzniwnSyZfZ7v7nJ,Music,KnvZfZ7vAvl,Other,KZazBEonSMnZfZ7vk1I,Other,2026-09-20T22:44:02.205267+00:00
G5vzZ_FJwkQO8,Club Level Seating: Disney Descendants Zombies & Camp Rock,https://www.ticketmaster.com/club-level-seating-disney-descendants-zombies-denver-colorado-10-15-2026/event/1E006489B219A810,KovZpZAFaJeA,2026-10-15,19:00:00,2026-10-16T01:00:00Z,America/Denver,onsale,2026-04-17T16:00:00Z,2026-10-16T02:00:00Z,,,,PROMOTED BY VENUE,KZFzniwnSyZfZ7v7nJ,Music,KnvZfZ7vAvl,Other,KZazBEonSMnZfZ7vk1I,Other,2026-09-20T22:44:02.205267+00:00
G5vzZ_FaeF77B,Disney Descendants Zombies & Camp Rock: Worlds Collide Concert Tour,https://www.ticketmaster.com/disney-descendants-zombies-camp-rock-worlds-denver-colorado-10-15-2026/event/1E0064824220413A,KovZpZAFaJeA,2026-10-15,19:00:00,2026-10-16T01:00:00Z,America/Denver,onsale,2026-04-10T16:00:00Z,2026-10-16T03:00:00Z,,,,AEG LIVE,KZFzniwnSyZfZ7v7nJ,Music,KnvZfZ7vAvl,Other,KZazBEonSMnZfZ7vk1I,Other,2026-09-20T22:44:02.205267+00:00
G5vzZ_5XIIUNB,French Police,https://theorientaltheater.holdmyticket.com/tickets/463512,KovZpaprpe,2026-10-15,20:00:00,2026-10-16T02:00:00Z,America/Denver,onsale,2026-06-04T16:00:00Z,2026-10-16T02:00:00Z,,,,LIVE NATION MUSIC,KZFzniwnSyZfZ7v7nJ,Music,KnvZfZ7vAeA,Rock,KZazBEonSMnZfZ7v6F1,Pop,2026-09-20T22:44:02.205267+00:00
Z7r9jZ1A709oK,Switchfoot w/ Anberlin,https://www.ticketmaster.com/event/Z7r9jZ1A709oK,ZFr9jZedde,2026-10-15,20:00:00,2026-10-16T02:00:00Z,,onsale,2026-05-15T16:00:00Z,2026-10-16T02:00:00Z,,,,,KZFzniwnSyZfZ7v7nJ,Music,KnvZfZ7vAvv,Alternative,KZazBEonSMnZfZ7vAvn,Alternative Rock,2026-09-20T22:44:02.205267+00:00
Z7r9jZ1A70KuN,Punch Brothers,https://www.ticketmaster.com/event/Z7r9jZ1A70KuN,ZFr9jZdAk6,2026-10-15,20:00:00,2026-10-16T02:00:00Z,,onsale,1900-01-01T06:00:00Z,2026-10-16T02:00:00Z,,,,,KZFzniwnSyZfZ7v7nJ,Music,KnvZfZ7vAv6,Country,KZazBEonSMnZfZ7vAad,Country Folk,2026-09-20T22:44:02.205267+00:00
Z7r9jZ1A70oe_,DJ Shadow - Ages 16+,https://www.ticketmaster.com/event/Z7r9jZ1A70oe_,Z7r9jZadVI,2026-10-15,20:00:00,2026-10-16T02:00:00Z,,onsale,1900-01-01T06:00:00Z,2026-10-16T02:00:00Z,,,,,KZFzniwnSyZfZ7v7nJ,Music,KnvZfZ7vAvF,Dance/Electronic,KZazBEonSMnZfZ7vA1E,Dance/Electronic,2026-09-20T22:44:02.205267+00:00
Z7r9jZ1A70yZa,Watsky x Infinity (16 and Over),https://www.ticketmaster.com/event/Z7r9jZ1A70yZa,ZFr9jZdde7,2026-10-15,20:00:00,2026-10-16T02:00:00Z,,onsale,1900-01-01T06:00:00Z,2026-10-16T02:00:00Z,,,,,KZFzniwnSyZfZ7v7nJ,Music,KnvZfZ7vAvl,Other,KZazBEonSMnZfZ7vk1I,Other,2026-09-20T22:44:02.205267+00:00
Z7r9jZ1A7P-G9,Kansas,https://www.ticketmaster.com/event/Z7r9jZ1A7P-G9,ZFr9jZe777,2026-10-15,20:00:00,2026-10-16T02:00:00Z,,onsale,1900-01-01T06:00:00Z,2026-10-16T02:00:00Z,,,,,KZFzniwnSyZfZ7v7nJ,Music,KnvZfZ7vAeA,Rock,KZazBEonSMnZfZ7v6A7,Classic Rock,2026-09-20T22:44:02.205267+00:00
Z7r9jZ1A7PeGZ,French Police,https://www.ticketmaster.com/event/Z7r9jZ1A7PeGZ,ZFr9jZe1Av,2026-10-15,20:00:00,2026-10-16T02:00:00Z,,onsale,2026-06-04T16:00:00Z,2026-10-16T02:00:00Z,,,,LIVE NATION MUSIC,KZFzniwnSyZfZ7v7nJ,Music,KnvZfZ7vAvl,Other,KZazBEonSMnZfZ7vk1I,Other,2026-09-20T22:44:02.205267+00:00
rZ7HnEZ1AfZUO7,$5 Thursdays!,https://www.ticketweb.com/event/5-thursdays-la-rumba-tickets/14036804,rZ7HnEZ173pGP,2026-10-15,20:00:00,2026-10-16T02:00:00Z,America/Denver,onsale,2026-01-02T05:20:00Z,2027-10-09T02:00:00Z,8.73,8.73,USD,,KZFzniwnSyZfZ7v7nJ,Music,KnvZfZ7vAeF,World,KZazBEonSMnZfZ7vFdJ,Latin,2026-09-20T22:44:02.205267+00:00
G5vzZ_CxZEN2g,Lyrics Born: The LB Baby Tour,https://www.ticketmaster.com/lyrics-born-the-lb-baby-tour-denver-colorado-10-15-2026/event/1E0064E8809E33F5,KovZ917Aai0,2026-10-15,21:00:00,2026-10-16T03:00:00Z,America/Denver,onsale,2026-07-10T16:00:00Z,2026-10-16T05:00:00Z,,,,MISCELLANEOUS PROMOTER,KZFzniwnSyZfZ7v7nJ,Music,KnvZfZ7vAeA,Rock,KZazBEonSMnZfZ7v6dt,Alternative Rock,2026-09-20T22:44:02.205267+00:00
G5vzZ_FNp3rmK,Julia Wolf,https://www.ticketmaster.com/julia-wolf-denver-colorado-10-16-2026/event/1E006488D649EB93,KovZpZAE6eJA,2026-10-16,18:30:00,2026-10-17T00:30:00Z,America/Denver,onsale,2026-04-10T16:00:00Z,2026-10-17T02:30:00Z,,,,LIVE NATION MUSIC,KZFzniwnSyZfZ7v7nJ,Music,KnvZfZ7vAev,Pop,KZazBEonSMnZfZ7vaEl,Electro Pop,2026-09-20T22:44:02.205267+00:00
G5vzZ_1Ry3cSR,Theo Katzman,https://tickets.meowwolf.com/events/denver/theo-katzman/,KovZ917AYbY,2026-10-16,19:00:00,2026-10-17T01:00:00Z,America/Denver,onsale,2026-05-15T16:00:00Z,2026-10-17T01:00:00Z,,,,LIVE NATION MUSIC,KZFzniwnSyZfZ7v7nJ,Music,KnvZfZ7vAee,R&B,KZazBEonSMnZfZ7vknE,Soul,2026-09-20T22:44:02.205267+00:00
G5vzZ_ALJJrP0,Paramount Theatre Club Seating - Nikki Glaser,https://www.ticketmaster.com/paramount-theatre-club-seating-nikki-glaser-denver-colorado-10-16-2026/event/1E006457E699E964,KovZpZAFa1nA,2026-10-16,19:00:00,2026-10-17T01:00:00Z,America/Denver,onsale,2026-02-26T18:00:00Z,2026-10-17T02:00:00Z,,,,PROMOTED BY VENUE,KZFzniwnSyZfZ7v7nJ,Music,KnvZfZ7vAvl,Other,KZazBEonSMnZfZ7vk1I,Other,2026-09-20T22:44:02.205267+00:00
G5vzZ_GSE5-Op,"The Army, The Navy",https://www.ticketmaster.com/the-army-the-navy-denver-colorado-10-16-2026/event/1E0064CCE72E1816,KovZpZAJeFkA,2026-10-16,19:00:00,2026-10-17T01:00:00Z,America/Denver,onsale,2026-06-18T16:00:00Z,2026-10-17T03:00:00Z,,,,LIVE NATION MUSIC,KZFzniwnSyZfZ7v7nJ,Music,KnvZfZ7vAev,Pop,KZazBEonSMnZfZ7vaEl,Electro Pop,2026-09-20T22:44:02.205267+00:00
Z7r9jZ1A70b-e,Theo Katzman,https://www.ticketmaster.com/event/Z7r9jZ1A70b-e,Z7r9jZa7j5,2026-10-16,19:00:00,2026-10-17T01:00:00Z,,onsale,2026-05-15T16:00:00Z,2026-10-17T01:00:00Z,,,,LIVE NATION MUSIC,KZFzniwnSyZfZ7v7nJ,Music,KnvZfZ7vAvl,Other,KZazBEonSMnZfZ7vk1I,Other,2026-09-20T22:44:02.205267+00:00
Z7r9jZ1A7PtvS,Microwave w/ Free Throw,https://www.ticketmaster.com/event/Z7r9jZ1A7PtvS,ZFr9jZdAk6,2026-10-16,19:00:00,2026-10-17T01:00:00Z,,onsale,2026-06-26T15:00:00Z,2026-10-17T01:00:00Z,,,,,KZFzniwnSyZfZ7v7nJ,Music,KnvZfZ7vAvl,Other,KZazBEonSMnZfZ7vk1I,Other,2026-09-20T22:44:02.205267+00:00
rZ7HnEZ1AfZU7f,Ladies Night & Noche Sonidera,https://www.ticketweb.com/event/ladies-night-noche-sonidera-la-rumba-tickets/14036114,rZ7HnEZ173pGP,2026-10-16,19:00:00,2026-10-17T01:00:00Z,America/Denver,onsale,2026-01-02T05:15:00Z,2027-10-10T01:00:00Z,14.13,14.13,USD,,KZFzniwnSyZfZ7v7nJ,Music,KnvZfZ7vAeF,World,KZazBEonSMnZfZ7vFdJ,Latin,2026-09-20T22:44:02.205267+00:00
Z7r9jZ1A70JG_,Joe Hisaishi with the Colorado Symphony,https://www.ticketmaster.com/event/Z7r9jZ1A70JG_,Z6r9jZdv1e,2026-10-16,19:30:00,2026-10-17T01:30:00Z,,onsale,1900-01-01T06:00:00Z,2026-10-17T01:30:00Z,,,,,KZFzniwnSyZfZ7v7nJ,Music,KnvZfZ7vAvl,Other,KZazBEonSMnZfZ7vk1I,Other,2026-09-20T22:44:02.205267+00:00
Z7r9jZ1A7JkOb,Alien Ant Farm w/ Scarhaven,https://www.ticketmaster.com/event/Z7r9jZ1A7JkOb,Z7r9jZadCK,2026-10-16,19:30:00,2026-10-17T01:30:00Z,,onsale,1900-01-01T18:00:00Z,2026-10-17T01:30:00Z,,,,,KZFzniwnSyZfZ7v7nJ,Music,KnvZfZ7vAvv,Alternative,KZazBEonSMnZfZ7vAvn,Alternative Rock,2026-09-20T22:44:02.205267+00:00
G5vzZ_6tcu3Kj,Dermot Kennedy: The Weight of the Woods Tour,https://www.etix.com/ticket/p/49489388/dermot-kennedythe-weight-of-the-woods-tour-bellvue-mishawaka-amphitheatre,KovZpZA1EakA,2026-10-16,20:00:00,2026-10-17T02:00:00Z,America/Denver,onsale,2026-04-03T18:00:00Z,2026-10-17T02:00:00Z,,,,LIVE NATION MUSIC,KZFzniwnSyZfZ7v7nJ,Music,KnvZfZ7vAeA,Rock,KZazBEonSMnZfZ7v6F1,Pop,2026-09-20T22:44:02.205267+00:00
G5vzZ_oZTNzPt,Bassrush presents Midnight Tyrannosaurus - 18+,https://www.ticketmaster.com/bassrush-presents-midnight-tyrannosaurus-18-denver-colorado-10-16-2026/event/1E0065103F8F8969,KovZpZAFFt1A,2026-10-16,20:00:00,2026-10-17T02:00:00Z,America/Denver,onsale,2026-08-19T16:00:00Z,2026-10-17T04:00:00Z,,,,LIVE NATION MUSIC,KZFzniwnSyZfZ7v7nJ,Music,KnvZfZ7vAvF,Dance/Electronic,KZazBEonSMnZfZ7vaEn,Amapiano,2026-09-20T22:44:02.205267+00:00
G5vzZ_unCmBCk,"Luke Vibert with RamonPang, rsrch chmcls, & rij",https://www.ticketmaster.com/luke-vibert-with-ramonpang-rsrch-chmcls-denver-colorado-10-16-2026/event/1E0064DA8EBBA386,KovZ917Aai0,2026-10-16,20:00:00,2026-10-17T02:00:00Z,America/Denver,onsale,2026-06-26T18:00:00Z,2026-10-17T04:00:00Z,,,,MISCELLANEOUS PROMOTER,KZFzniwnSyZfZ7v7nJ,Music,KnvZfZ7vAvF,Dance/Electronic,KZazBEonSMnZfZ7vaEn,Amapiano,2026-09-20T22:44:02.205267+00:00
Z7r9jZ1A7-Mug,Dermot Kennedy: The Weight of the Woods Tour,https://www.ticketmaster.com/event/Z7r9jZ1A7-Mug,ZFr9jZ6vkF,2026-10-16,20:00:00,2026-10-17T02:00:00Z,,onsale,2026-04-03T18:00:00Z,2026-10-17T02:00:00Z,,,,LIVE NATION MUSIC,KZFzniwnSyZfZ7v7nJ,Music,KnvZfZ7vAvl,Other,KZazBEonSMnZfZ7vk1I,Other,2026-09-20T22:44:02.205267+00:00
Z7r9jZ1A7PSGs,Jessica Audiffred - EXTENDED 3 HOUR 360 EXPERIENCE - Ages 18+,https://www.ticketmaster.com/event/Z7r9jZ1A7PSGs,Z7r9jZa7cI,2026-10-16,20:00:00,2026-10-17T02:00:00Z,,onsale,1900-01-01T06:00:00Z,2026-10-17T02:00:00Z,,,,,KZFzniwnSyZfZ7v7nJ,Music,KnvZfZ7vAvl,Other,KZazBEonSMnZfZ7vk1I,Other,2026-09-20T22:44:02.205267+00:00
Z7r9jZ1A7PtJF,Afrojack,https://www.ticketmaster.com/event/Z7r9jZ1A7PtJF,Z7r9jZadVI,2026-10-16,20:00:00,2026-10-17T02:00:00Z,,onsale,2026-06-25T16:00:00Z,2026-10-17T02:00:00Z,,,,,KZFzniwnSyZfZ7v7nJ,Music,KnvZfZ7vAvF,Dance/Electronic,KZazBEonSMnZfZ7vA1E,Dance/Electronic,2026-09-20T22:44:02.205267+00:00
Z7r9jZ1A7PtaE,Ott. (16 and Over),https://www.ticketmaster.com/event/Z7r9jZ1A7PtaE,ZFr9jZedde,2026-10-16,20:00:00,2026-10-17T02:00:00Z,,onsale,1900-01-01T06:00:00Z,2026-10-17T02:00:00Z,,,,,KZFzniwnSyZfZ7v7nJ,Music,KnvZfZ7vAvF,Dance/Electronic,KZazBEonSMnZfZ7vA1E,Dance/Electronic,2026-09-20T22:44:02.205267+00:00
Z7r9jZ1AAZ9fe,Beat,https://www.ticketmaster.com/event/Z7r9jZ1AAZ9fe,ZFr9jZ76Ak,2026-10-16,20:00:00,2026-10-17T02:00:00Z,,onsale,2026-08-07T16:00:00Z,2026-10-17T02:00:00Z,,,,,KZFzniwnSyZfZ7v7nJ,Music,KnvZfZ7vAeA,Rock,KZazBEonSMnZfZ7v6F1,Pop,2026-09-20T22:44:02.205267+00:00
rZ7HnEZ1Afk_Gf,Chris Cagle,https://www.ticketweb.com/event/chris-cagle-grizzly-rose-tickets/14199314,rZ7HnEZ17uJbA,2026-10-16,20:00:00,2026-10-17T02:00:00Z,America/Denver,onsale,2026-06-16T17:00:00Z,2026-10-17T05:30:00Z,35.71,35.71,USD,,KZFzniwnSyZfZ7v7nJ,Music,KnvZfZ7vAv6,Country,KZazBEonSMnZfZ7vAFa,Country,2026-09-20T22:44:02.205267+00:00
rZ7HnEZ1AfFpAV,Whales,https://www.ticketweb.com/event/whales-the-church-nightclub-tickets/14216174,rZ7HnEZ17qf4V,2026-10-16,22:00:00,2026-10-17T04:00:00Z,America/Denver,onsale,2026-06-30T16:00:00Z,2026-10-17T08:00:00Z,24.95,24.95,USD,INSOMNIAC PRESENTS,KZFzniwnSyZfZ7v7nJ,Music,KnvZfZ7vAvF,Dance/Electronic,KZazBEonSMnZfZ7vA1E,Dance/Electronic,2026-09-20T22:44:02.205267+00:00
rZ7HnEZ1AfaOef,Tritonal,https://www.ticketweb.com/event/tritonal-club-vinyl-tickets/14260094,rZ7HnEZ17qf40,2026-10-16,22:00:00,2026-10-17T04:00:00Z,America/Denver,onsale,2026-07-17T15:00:00Z,2026-10-17T08:00:00Z,24.95,24.95,USD,INSOMNIAC PRESENTS,KZFzniwnSyZfZ7v7nJ,Music,KnvZfZ7vAvF,Dance/Electronic,KZazBEonSMnZfZ7vAI6,House,2026-09-20T22:44:02.205267+00:00
G5vzZ_Cn-_kE0,GALANTIS Presents MIDSOMMAR at The JUNKYARD,https://www.ticketmaster.com/galantis-presents-midsommar-at-the-junkyard-denver-colorado-10-17-2026/event/1E0064EAA16469E4,KovZ917AI2V,2026-10-17,17:00:00,2026-10-17T23:00:00Z,America/Denver,onsale,2026-07-17T16:00:00Z,2026-10-18T01:00:00Z,,,,LIVE NATION MUSIC,KZFzniwnSyZfZ7v7nJ,Music,KnvZfZ7vAvF,Dance/Electronic,KZazBEonSMnZfZ7vaEn,Amapiano,2026-09-20T22:44:02.205267+00:00
G5vzZ_6Vx7m8y,Berried Alive - Live In The Flesh,https://www.ticketmaster.com/berried-alive-live-in-the-flesh-denver-colorado-10-17-2026/event/1E00647D2212E439,KovZpZAJeFkA,2026-10-17,18:00:00,2026-10-18T00:00:00Z,America/Denver,onsale,2026-04-03T16:00:00Z,2026-10-18T02:00:00Z,,,,LIVE NATION MUSIC,KZFzniwnSyZfZ7v7nJ,Music,KnvZfZ7vAvt,Metal,KZazBEonSMnZfZ7vaJ6,Nu-Metal,2026-09-20T22:44:02.205267+00:00
G5vzZ_ukgLnBZ,The Wrecks - Finally : OUTSIDE Tour,https://www.ticketmaster.com/the-wrecks-finally-outside-tour-denver-colorado-10-17-2026/event/1E0064D1B57EAE80,KovZpZAFFt1A,2026-10-17,18:00:00,2026-10-18T00:00:00Z,America/Denver,onsale,2026-06-26T16:00:00Z,2026-10-18T02:00:00Z,,,,LIVE NATION MUSIC,KZFzniwnSyZfZ7v7nJ,Music,KnvZfZ7vAeA,Rock,KZazBEonSMnZfZ7v6F1,Pop,2026-09-20T22:44:02.205267+00:00
Z7r9jZ1A7JkO_,Alien Ant Farm w/ Scarhaven,https://www.ticketmaster.com/event/Z7r9jZ1A7JkO_,Z7r9jZaAzU,2026-10-17,18:00:00,2026-10-18T00:00:00Z,,onsale,1900-01-01T18:00:00Z,2026-10-18T00:00:00Z,,,,,KZFzniwnSyZfZ7v7nJ,Music,KnvZfZ7vAvv,Alternative,KZazBEonSMnZfZ7vAvn,Alternative Rock,2026-09-20T22:44:02.205267+00:00
G5vzZ_C1Y-hJs,CHIEF KEEF,https://www.ticketmaster.com/chief-keef-denver-colorado-10-17-2026/event/1E0064E2B085B9B1,KovZpZAE6eJA,2026-10-17,18:30:00,2026-10-18T00:30:00Z,America/Denver,onsale,2026-07-10T16:00:00Z,2026-10-18T02:30:00Z,,,,LIVE NATION MUSIC,KZFzniwnSyZfZ7v7nJ,Music,KnvZfZ7vAv1,Hip-Hop/Rap,KZazBEonSMnZfZ7vaEI,Trap,2026-09-20T22:44:02.205267+00:00
G5vzZ_eBjVEp6,Paramount Theatre Club Seating -Nikki Glaser,https://www.ticketmaster.com/paramount-theatre-club-seating-nikki-glaser-denver-colorado-10-17-2026/event/1E00642E9CD27587,KovZpZAFa1nA,2026-10-17,19:00:00,2026-10-18T01:00:00Z,America/Denver,onsale,2026-01-16T18:00:00Z,2026-10-18T02:00:00Z,,,,PROMOTED BY VENUE,KZFzniwnSyZfZ7v7nJ,Music,KnvZfZ7vAvl,Other,KZazBEonSMnZfZ7vk1I,Other,2026-09-20T22:44:02.205267+00:00
Z7r9jZ1A7qf4V,Celtic Thunder,https://www.ticketmaster.com/event/Z7r9jZ1A7qf4V,ZFr9jZeF66,2026-10-17,19:00:00,2026-10-18T01:00:00Z,,onsale,1900-01-01T06:00:00Z,2026-10-18T01:00:00Z,,,,,KZFzniwnSyZfZ7v7nJ,Music,KnvZfZ7vAeF,World,KZazBEonSMnZfZ7v6Jt,World,2026-09-20T22:44:02.205267+00:00
rZ7HnEZ1AfZg-0,Sabados Sabrosos!,https://www.ticketweb.com/event/sabados-sabrosos-la-rumba-tickets/14035864,rZ7HnEZ173pGP,2026-10-17,19:00:00,2026-10-18T01:00:00Z,America/Denver,onsale,2026-01-02T05:00:00Z,2027-10-10T01:00:00Z,25.18,25.18,USD,,KZFzniwnSyZfZ7v7nJ,Music,KnvZfZ7vAeF,World,KZazBEonSMnZfZ7vFdJ,Latin,2026-09-20T22:44:02.205267+00:00
Z7r9jZ1A70JuE,Joe Hisaishi with the Colorado Symphony,https://www.ticketmaster.com/event/Z7r9jZ1A70JuE,Z6r9jZdv1e,2026-10-17,19:30:00,2026-10-18T01:30:00Z,,onsale,1900-01-01T06:00:00Z,2026-10-18T01:30:00Z,,,,,KZFzniwnSyZfZ7v7nJ,Music,KnvZfZ7vAvl,Other,KZazBEonSMnZfZ7vk1I,Other,2026-09-20T22:44:02.205267+00:00
16e0Z_K7pG7Toub,The Emo Night Tour,https://www.ticketweb.com/event/the-emo-night-tour-black-sheep-tickets/14328914?REFERRAL_ID=tmfeed,KovZpZAJ77kA,2026-10-17,20:00:00,2026-10-18T02:00:00Z,America/Denver,onsale,2026-09-17T19:00:00Z,2026-10-18T00:00:00Z,,,,,KZFzniwnSyZfZ7v7nJ,Music,KnvZfZ7vAvl,Other,KZazBEonSMnZfZ7vk1I,Other,2026-09-20T22:44:02.205267+00:00
G5vzZ_1RBKWUD,Theo Katzman,https://www.etix.com/ticket/p/92294988/an-evening-with-theo-katzman-fort-collins-washingtons,KovZ917Am6Y,2026-10-17,20:00:00,2026-10-18T02:00:00Z,America/Denver,onsale,2026-05-15T16:00:00Z,2026-10-18T02:00:00Z,,,,LIVE NATION MUSIC,KZFzniwnSyZfZ7v7nJ,Music,KnvZfZ7vAee,R&B,KZazBEonSMnZfZ7vknE,Soul,2026-09-20T22:44:02.205267+00:00
G5vzZ_2Xeg4qb,Sabotage & Guerilla Radio,https://www.ticketmaster.com/sabotage-guerilla-radio-denver-colorado-10-17-2026/event/1E0064FF82D55758,KovZ917Aai0,2026-10-17,20:00:00,2026-10-18T02:00:00Z,America/Denver,onsale,2026-08-04T17:30:00Z,2026-10-18T04:00:00Z,,,,MISCELLANEOUS PROMOTER,KZFzniwnSyZfZ7v7nJ,Music,KnvZfZ7vAeA,Rock,KZazBEonSMnZfZ7v6F1,Pop,2026-09-20T22:44:02.205267+00:00
G5vzZ_6tcJe45,Dermot Kennedy: The Weight of the Woods Tour,https://www.axs.com/events/1386297/dermot-kennedy-tickets,KovZpZAaeIvA,2026-10-17,20:00:00,2026-10-18T02:00:00Z,America/Denver,onsale,2026-04-03T18:00:00Z,2026-10-18T02:00:00Z,,,,LIVE NATION MUSIC,KZFzniwnSyZfZ7v7nJ,Music,KnvZfZ7vAeA,Rock,KZazBEonSMnZfZ7v6F1,Pop,2026-09-20T22:44:02.205267+00:00
G5vzZ_CBNtI2B,Sueco,https://tickets.meowwolf.com/events/denver/sueco/,KovZ917AYbY,2026-10-17,20:00:00,2026-10-18T02:00:00Z,America/Denver,onsale,2026-07-17T16:00:00Z,2026-10-18T02:00:00Z,,,,LIVE NATION MUSIC,KZFzniwnSyZfZ7v7nJ,Music,KnvZfZ7vAv1,Hip-Hop/Rap,KZazBEonSMnZfZ7vaEI,Trap,2026-09-20T22:44:02.205267+00:00
Z7r9jZ1A7-MuU,Dermot Kennedy: The Weight of the Woods Tour,https://www.ticketmaster.com/event/Z7r9jZ1A7-MuU,ZFr9jZe71a,2026-10-17,20:00:00,2026-10-18T02:00:00Z,,onsale,2026-04-03T18:00:00Z,2026-10-18T02:00:00Z,,,,LIVE NATION MUSIC,KZFzniwnSyZfZ7v7nJ,Music,KnvZfZ7vAvl,Other,KZazBEonSMnZfZ7vk1I,Other,2026-09-20T22:44:02.205267+00:00
Z7r9jZ1A7-z8p,Fruit Bats,https://www.ticketmaster.com/event/Z7r9jZ1A7-z8p,Z7r9jZadVI,2026-10-17,20:00:00,2026-10-18T02:00:00Z,,onsale,2026-03-27T15:00:00Z,2026-10-18T02:00:00Z,,,,,KZFzniwnSyZfZ7v7nJ,Music,KnvZfZ7vAvv,Alternative,KZazBEonSMnZfZ7vAvn,Alternative Rock,2026-09-20T22:44:02.205267+00:00
Z7r9jZ1A70Zo7,The Milk Carton Kids (16 and Over) - Saturday,https://www.ticketmaster.com/event/Z7r9jZ1A70Zo7,Z6r9jZdvee,2026-10-17,20:00:00,2026-10-18T02:00:00Z,,onsale,1900-01-01T06:00:00Z,2026-10-18T02:00:00Z,,,,,KZFzniwnSyZfZ7v7nJ,Music,KnvZfZ7vAv6,Country,KZazBEonSMnZfZ7vAad,Country Folk,2026-09-20T22:44:02.205267+00:00
Z7r9jZ1A70b-8,Theo Katzman,https://www.ticketmaster.com/event/Z7r9jZ1A70b-8,Z7r9jZad4Y,2026-10-17,20:00:00,2026-10-18T02:00:00Z,,onsale,2026-05-15T16:00:00Z,2026-10-18T02:00:00Z,,,,LIVE NATION MUSIC,KZFzniwnSyZfZ7v7nJ,Music,KnvZfZ7vAvl,Other,KZazBEonSMnZfZ7vk1I,Other,2026-09-20T22:44:02.205267+00:00
Z7r9jZ1A70tfo,TRUTH (18 and Over),https://www.ticketmaster.com/event/Z7r9jZ1A70tfo,Z7r9jZa7cI,2026-10-17,20:00:00,2026-10-18T02:00:00Z,,onsale,1900-01-01T06:00:00Z,2026-10-18T02:00:00Z,,,,,KZFzniwnSyZfZ7v7nJ,Music,KnvZfZ7vAvl,Other,KZazBEonSMnZfZ7vk1I,Other,2026-09-20T22:44:02.205267+00:00
Z7r9jZ1A7J3kZ,Sueco,https://www.ticketmaster.com/event/Z7r9jZ1A7J3kZ,Z7r9jZa7j5,2026-10-17,20:00:00,2026-10-18T02:00:00Z,,onsale,2026-07-17T16:00:00Z,2026-10-18T02:00:00Z,,,,LIVE NATION MUSIC,KZFzniwnSyZfZ7v7nJ,Music,KnvZfZ7vAvl,Other,KZazBEonSMnZfZ7vk1I,Other,2026-09-20T22:44:02.205267+00:00
Z7r9jZ1A7PtaI,Ott. w/ Ours Samplus,https://www.ticketmaster.com/event/Z7r9jZ1A7PtaI,ZFr9jZkk1d,2026-10-17,20:00:00,2026-10-18T02:00:00Z,,onsale,1900-01-01T06:00:00Z,2026-10-18T02:00:00Z,,,,,KZFzniwnSyZfZ7v7nJ,Music,KnvZfZ7vAvF,Dance/Electronic,KZazBEonSMnZfZ7vA1E,Dance/Electronic,2026-09-20T22:44:02.205267+00:00
Z7r9jZ1A7xZ-_,Sammy Rae and The Friends (16 and Over),https://www.ticketmaster.com/event/Z7r9jZ1A7xZ-_,ZFr9jZedde,2026-10-17,20:00:00,2026-10-18T02:00:00Z,,onsale,1900-01-01T06:00:00Z,2026-10-18T02:00:00Z,,,,,KZFzniwnSyZfZ7v7nJ,Music,KnvZfZ7vAvl,Other,KZazBEonSMnZfZ7vk1I,Other,2026-09-20T22:44:02.205267+00:00
rZ7HnEZ1Afk_1f,Chris Cagle,https://www.ticketweb.com/event/chris-cagle-whiskey-rose-tickets/14199294,rZ7HnEZ17q_Qf,2026-10-17,20:00:00,2026-10-18T02:00:00Z,America/Denver,onsale,2026-06-16T17:00:00Z,2026-10-18T05:30:00Z,35.76,35.76,USD,,KZFzniwnSyZfZ7v7nJ,Music,KnvZfZ7vAv6,Country,KZazBEonSMnZfZ7vAFa,Country,2026-09-20T22:44:02.205267+00:00
rZ7HnEZ1A4Zz0S,Covex,https://www.ticketweb.com/event/covex-the-basement-at-club-vinyl-tickets/15038933,rZ7HnEZ17QA4S,2026-10-17,22:00:00,2026-10-18T04:00:00Z,America/Denver,onsale,2026-08-18T18:00:00Z,2026-10-18T08:00:00Z,14.95,14.95,USD,INSOMNIAC PRESENTS,KZFzniwnSyZfZ7v7nJ,Music,KnvZfZ7vAvF,Dance/Electronic,KZazBEonSMnZfZ7vA1E,Dance/Electronic,2026-09-20T22:44:02.205267+00:00
rZ7HnEZ1Af0kqK,Whipped Cream,https://www.ticketweb.com/event/whipped-cream-club-vinyl-tickets/14906753,rZ7HnEZ17qf40,2026-10-17,22:00:00,2026-10-18T04:00:00Z,America/Denver,onsale,2026-06-02T16:00:00Z,2026-10-18T08:00:00Z,24.95,24.95,USD,INSOMNIAC PRESENTS,KZFzniwnSyZfZ7v7nJ,Music,KnvZfZ7vAvF,Dance/Electronic,,,2026-09-20T22:44:02.205267+00:00
1718v0G6C7se8VT,Mia Asano,https://www.ticketweb.com/event/mia-asano-black-sheep-tickets/14234484?REFERRAL_ID=tmfeed,KovZpZAJ77kA,2026-10-18,19:00:00,2026-10-19T01:00:00Z,America/Denver,onsale,2026-07-07T18:00:00Z,2026-10-19T01:00:00Z,,,,,KZFzniwnSyZfZ7v7nJ,Music,KnvZfZ7vAev,Pop,KZazBEonSMnZfZ7vaEl,Electro Pop,2026-09-20T22:44:02.205267+00:00
G5vzZ_A1rT_u5,An Evening With Celtic Thunder 2026: Celebrate Your Favorite Songs,https://www.ticketmaster.com/an-evening-with-celtic-thunder-2026-grand-junction-colorado-10-18-2026/event/1E0064529EFD934B,KovZpa4gke,2026-10-18,19:00:00,2026-10-19T01:00:00Z,America/Denver,onsale,2026-03-13T16:00:00Z,2026-10-19T03:00:00Z,,,,AEG LIVE,KZFzniwnSyZfZ7v7nJ,Music,KnvZfZ7vAeF,World,KZazBEonSMnZfZ7v6Jt,World,2026-09-20T22:44:02.205267+00:00
G5vzZ_Amqia8M,Gorillaz - The Mountain Tour,https://www.ticketmaster.com/gorillaz-the-mountain-tour-denver-colorado-10-18-2026/event/1E00645B9DB09437,KovZpZAFaJeA,2026-10-18,19:00:00,2026-10-19T01:00:00Z,America/Denver,onsale,2026-03-09T16:00:00Z,2026-10-19T03:00:00Z,,,,LIVE NATION MUSIC,KZFzniwnSyZfZ7v7nJ,Music,KnvZfZ7vAeA,Rock,KZazBEonSMnZfZ7v6dt,Alternative Rock,2026-09-20T22:44:02.205267+00:00
G5vzZ_Gb8hBSI,BLÜ EYES: Two People At Once Tour,https://www.ticketmaster.com/blu-eyes-two-people-at-once-denver-colorado-10-18-2026/event/1E0064C6106FACE8,KovZpZAJeFkA,2026-10-18,19:00:00,2026-10-19T01:00:00Z,America/Denver,onsale,2026-06-12T16:00:00Z,2026-10-19T03:00:00Z,,,,LIVE NATION MUSIC,KZFzniwnSyZfZ7v7nJ,Music,KnvZfZ7vAev,Pop,KZazBEonSMnZfZ7vaEl,Electro Pop,2026-09-20T22:44:02.205267+00:00
G5vzZ_kC086ii,Club Level Seating: Gorillaz,https://www.ticketmaster.com/club-level-seating-gorillaz-denver-colorado-10-18-2026/event/1E006463A4407B2C,KovZpZAFaJeA,2026-10-18,19:00:00,2026-10-19T01:00:00Z,America/Denver,onsale,2026-03-16T16:00:00Z,2026-10-19T02:00:00Z,,,,PROMOTED BY VENUE,KZFzniwnSyZfZ7v7nJ,Music,KnvZfZ7vAeA,Rock,KZazBEonSMnZfZ7v6dt,Alternative Rock,2026-09-20T22:44:02.205267+00:00
G5vzZ_kwcEtZT,RAWAYANA - ¿Dónde es el after? World Tour,https://www.ticketmaster.com/rawayana-donde-es-el-after-world-denver-colorado-10-18-2026/event/1E00646CAD9E903F,KovZpZAE6eJA,2026-10-18,19:00:00,2026-10-19T01:00:00Z,America/Denver,onsale,2026-03-19T16:00:00Z,2026-10-19T03:00:00Z,,,,LIVE NATION MUSIC,KZFzniwnSyZfZ7v7nJ,Music,KnvZfZ7vAev,Pop,KZazBEonSMnZfZ7vk1t,Pop,2026-09-20T22:44:02.205267+00:00
rZ7HnEZ1AfZgGf,SALSA & BACHATA SUNDAYS,https://www.ticketweb.com/event/salsa-bachata-sundays-la-rumba-tickets/14035314,rZ7HnEZ173pGP,2026-10-18,19:00:00,2026-10-19T01:00:00Z,America/Denver,onsale,2026-01-02T05:00:00Z,2027-10-11T01:00:00Z,14.13,14.13,USD,,KZFzniwnSyZfZ7v7nJ,Music,KnvZfZ7vAeF,World,KZazBEonSMnZfZ7vFdJ,Latin,2026-09-20T22:44:02.205267+00:00
G5vzZ_8Mppg4O,Sueco,https://tickets.meowwolf.com/events/denver/sueco-night2/,KovZ917AYbY,2026-10-18,20:00:00,2026-10-19T02:00:00Z,America/Denver,onsale,2026-08-14T16:00:00Z,2026-10-19T02:00:00Z,,,,LIVE NATION MUSIC,KZFzniwnSyZfZ7v7nJ,Music,KnvZfZ7vAv1,Hip-Hop/Rap,KZazBEonSMnZfZ7vaEI,Trap,2026-09-20T22:44:02.205267+00:00
Z7r9jZ1A70o8w,The Milk Carton Kids (16 and Over) - Sunday,https://www.ticketmaster.com/event/Z7r9jZ1A70o8w,Z6r9jZdvee,2026-10-18,20:00:00,2026-10-19T02:00:00Z,,onsale,1900-01-01T06:00:00Z,2026-10-19T02:00:00Z,,,,,KZFzniwnSyZfZ7v7nJ,Music,KnvZfZ7vAv6,Country,KZazBEonSMnZfZ7vAad,Country Folk,2026-09-20T22:44:02.205267+00:00
Z7r9jZ1A7xZGt,Sammy Rae and The Friends - All Ages (under 16 with adult),https://www.ticketmaster.com/event/Z7r9jZ1A7xZGt,ZFr9jZdAk6,2026-10-18,20:00:00,2026-10-19T02:00:00Z,,onsale,1900-01-01T18:00:00Z,2026-10-19T02:00:00Z,,,,,KZFzniwnSyZfZ7v7nJ,Music,KnvZfZ7vAvl,Other,KZazBEonSMnZfZ7vk1I,Other,2026-09-20T22:44:02.205267+00:00
Z7r9jZ1AAZA1b,Mariachi El Bronx w/ Max Diaz,https://www.ticketmaster.com/event/Z7r9jZ1AAZA1b,ZFr9jZdde7,2026-10-18,20:00:00,2026-10-19T02:00:00Z,,onsale,1900-01-01T06:00:00Z,2026-10-19T02:00:00Z,,,,,KZFzniwnSyZfZ7v7nJ,Music,KnvZfZ7vAeA,Rock,KZazBEonSMnZfZ7v6a6,Punk,2026-09-20T22:44:02.205267+00:00
Z7r9jZ1AAZsox,Sueco,https://www.ticketmaster.com/event/Z7r9jZ1AAZsox,Z7r9jZa7j5,2026-10-18,20:00:00,2026-10-19T02:00:00Z,,onsale,2026-08-14T16:00:00Z,2026-10-19T02:00:00Z,,,,LIVE NATION MUSIC,KZFzniwnSyZfZ7v7nJ,Music,KnvZfZ7vAvl,Other,KZazBEonSMnZfZ7vk1I,Other,2026-09-20T22:44:02.205267+00:00
rZ7HnEZ1AfGObf,Los Donny's De Guerrero,https://www.ticketweb.com/event/los-donnys-de-guerrero-stampede-tickets/14320614,rZ7HnEZ173p1A,2026-10-18,21:30:00,2026-10-19T03:30:00Z,America/Denver,onsale,2026-09-14T21:35:00Z,2026-10-19T03:30:00Z,,,,,KZFzniwnSyZfZ7v7nJ,Music,KnvZfZ7vAeF,World,KZazBEonSMnZfZ7vFAa,Mexican Cumbia,2026-09-20T22:44:02.205267+00:00
G5vzZ_5wf6bVp,TASTE OF CHAOS,https://www.ticketmaster.com/taste-of-chaos-denver-colorado-10-19-2026/event/1E0064BC941D8D16,KovZpZAE6eJA,2026-10-19,16:30:00,2026-10-19T22:30:00Z,America/Denver,onsale,2026-06-03T16:00:00Z,2026-10-20T00:30:00Z,,,,LIVE NATION MUSIC,KZFzniwnSyZfZ7v7nJ,Music,KnvZfZ7vAvt,Metal,KZazBEonSMnZfZ7vaJ6,Nu-Metal,2026-09-20T22:44:02.205267+00:00
Z7r9jZ1A7Ow08,Zac Brown Band w/ Grace Potter,https://www.ticketmaster.com/event/Z7r9jZ1A7Ow08,ZFr9jZe71a,2026-10-19,19:00:00,2026-10-20T01:00:00Z,,onsale,2026-01-30T17:00:00Z,2026-10-20T01:00:00Z,,,,,KZFzniwnSyZfZ7v7nJ,Music,KnvZfZ7vAvd,Blues,KZazBEonSMnZfZ7vAk6,Jazz Blues,2026-09-20T22:44:02.205267+00:00
G5vzZ_G5e32h3,Phoebe Bridgers: The Lost Tour,https://www.ticketmaster.com/phoebe-bridgers-the-lost-tour-denver-colorado-10-19-2026/event/1E0064C2C248F6D2,KovZpZAFaJeA,2026-10-19,19:30:00,2026-10-20T01:30:00Z,America/Denver,onsale,2026-06-12T16:00:00Z,2026-10-20T03:30:00Z,,,,AEG LIVE,KZFzniwnSyZfZ7v7nJ,Music,KnvZfZ7vAeA,Rock,KZazBEonSMnZfZ7v6dt,Alternative Rock,2026-09-20T22:44:02.205267+00:00
G5vzZ_GJKMMKe,Club Level Seating: Phoebe Bridgers,https://www.ticketmaster.com/club-level-seating-phoebe-bridgers-denver-colorado-10-19-2026/event/1E0064C993DF74C2,KovZpZAFaJeA,2026-10-19,19:30:00,2026-10-20T01:30:00Z,America/Denver,onsale,2026-06-19T16:00:00Z,2026-10-20T02:30:00Z,,,,PROMOTED BY VENUE,KZFzniwnSyZfZ7v7nJ,Music,KnvZfZ7vAeA,Rock,KZazBEonSMnZfZ7v6dt,Alternative Rock,2026-09-20T22:44:02.205267+00:00
Z7r9jZ1A7PgOY,Patrick Droney,https://www.ticketmaster.com/event/Z7r9jZ1A7PgOY,Z6r9jZdvee,2026-10-19,19:30:00,2026-10-20T01:30:00Z,,onsale,1900-01-01T06:00:00Z,2026-10-20T01:30:00Z,,,,,KZFzniwnSyZfZ7v7nJ,Music,KnvZfZ7vAvl,Other,KZazBEonSMnZfZ7vk1I,Other,2026-09-20T22:44:02.205267+00:00
G5vzZ_8l6zCom,Isabel LaRosa: Dollparts Tour,https://tickets.meowwolf.com/events/denver/isabel-larosa/,KovZ917AYbY,2026-10-19,20:00:00,2026-10-20T02:00:00Z,America/Denver,onsale,2026-08-20T16:00:00Z,2026-10-20T02:00:00Z,,,,LIVE NATION MUSIC,KZFzniwnSyZfZ7v7nJ,Music,KnvZfZ7vAev,Pop,KZazBEonSMnZfZ7vaEl,Electro Pop,2026-09-20T22:44:02.205267+00:00
Z7r9jZ1A70tup,Slow Pulp (16 and Over),https://www.ticketmaster.com/event/Z7r9jZ1A70tup,ZFr9jZedde,2026-10-19,20:00:00,2026-10-20T02:00:00Z,,onsale,1900-01-01T06:00:00Z,2026-10-20T02:00:00Z,,,,,KZFzniwnSyZfZ7v7nJ,Music,KnvZfZ7vAvl,Other,KZazBEonSMnZfZ7vk1I,Other,2026-09-20T22:44:02.205267+00:00
Z7r9jZ1AAZPro,Isabel LaRosa: Dollparts Tour,https://www.ticketmaster.com/event/Z7r9jZ1AAZPro,Z7r9jZa7j5,2026-10-19,20:00:00,2026-10-20T02:00:00Z,,onsale,2026-08-20T16:00:00Z,2026-10-20T02:00:00Z,,,,LIVE NATION MUSIC,KZFzniwnSyZfZ7v7nJ,Music,KnvZfZ7vAev,Pop,KZazBEonSMnZfZ7vk1t,Pop,2026-09-20T22:44:02.205267+00:00
G5vzZ_2kTaqf3,This Wild Life,https://www.ticketmaster.com/this-wild-life-denver-colorado-10-20-2026/event/1E0064F1BF25D512,KovZpZAJeFkA,2026-10-20,19:00:00,2026-10-21T01:00:00Z,America/Denver,cancelled,2026-07-24T16:00:00Z,2026-10-21T03:00:00Z,,,,LIVE NATION MUSIC,KZFzniwnSyZfZ7v7nJ,Music,KnvZfZ7vAeA,Rock,KZazBEonSMnZfZ7v6dt,Alternative Rock,2026-09-20T22:44:02.205267+00:00
G5vzZ_6jfPm25,"Daði Freyr: Too Much, Not Enough",https://www.ticketmaster.com/dai-freyr-too-much-not-enough-denver-colorado-10-20-2026/event/1E0064771496E3CB,KovZpZAFFt1A,2026-10-20,19:00:00,2026-10-21T01:00:00Z,America/Denver,onsale,2026-03-27T16:00:00Z,2026-10-21T03:00:00Z,,,,LIVE NATION MUSIC,KZFzniwnSyZfZ7v7nJ,Music,KnvZfZ7vAev,Pop,KZazBEonSMnZfZ7vaEl,Electro Pop,2026-09-20T22:44:02.205267+00:00
Z7r9jZ1A7Ow0o,Zac Brown Band w/ Grace Potter,https://www.ticketmaster.com/event/Z7r9jZ1A7Ow0o,ZFr9jZe71a,2026-10-20,19:00:00,2026-10-21T01:00:00Z,,onsale,2026-01-30T16:00:00Z,2026-10-21T01:00:00Z,,,,,KZFzniwnSyZfZ7v7nJ,Music,KnvZfZ7vAvd,Blues,KZazBEonSMnZfZ7vAk6,Jazz Blues,2026-09-20T22:44:02.205267+00:00
G5vzZ_G21irC_,Shoshana Bean,https://www.ticketmaster.com/shoshana-bean-denver-colorado-10-20-2026/event/1E0064C3CAB1E399,KovZpZAFa1nA,2026-10-20,19:30:00,2026-10-21T01:30:00Z,America/Denver,onsale,2026-06-12T16:00:00Z,2026-10-21T03:30:00Z,,,,AEG LIVE,KZFzniwnSyZfZ7v7nJ,Music,KnvZfZ7vAee,R&B,KZazBEonSMnZfZ7vkIt,R&B,2026-09-20T22:44:02.205267+00:00
Z7r9jZ1A70Zf8,Palace (16 and Over),https://www.ticketmaster.com/event/Z7r9jZ1A70Zf8,Z7r9jZadVI,2026-10-20,20:00:00,2026-10-21T02:00:00Z,,onsale,1900-01-01T06:00:00Z,2026-10-21T02:00:00Z,,,,,KZFzniwnSyZfZ7v7nJ,Music,KnvZfZ7vAvl,Other,KZazBEonSMnZfZ7vk1I,Other,2026-09-20T22:44:02.205267+00:00
G5vzZ_8MO4FjK,Derya Yildirim & Grup Simsek with Thee Marloes,https://www.ticketmaster.com/derya-yildirim-grup-simsek-with-thee-denver-colorado-10-20-2026/event/1E00650DE0548713,KovZ917Aai0,2026-10-20,21:00:00,2026-10-21T03:00:00Z,America/Denver,onsale,2026-08-28T16:00:00Z,2026-10-21T05:00:00Z,,,,MISCELLANEOUS PROMOTER,KZFzniwnSyZfZ7v7nJ,Music,KnvZfZ7vAva,Folk,KZazBEonSMnZfZ7va1F,Indie Folk,2026-09-20T22:44:02.205267+00:00
rZ7HnEZ1AfA3-f,Ladies Night 2026,https://www.ticketweb.com/event/ladies-night-2026-stampede-tickets/14152854,rZ7HnEZ173p1A,2026-10-21,18:00:00,2026-10-22T00:00:00Z,America/Denver,onsale,2026-02-10T18:35:00Z,2026-10-22T05:55:00Z,16.56,16.56,USD,,KZFzniwnSyZfZ7v7nJ,Music,KnvZfZ7vAv6,Country,KZazBEonSMnZfZ7vAFa,Country,2026-09-20T22:44:02.205267+00:00
G5vzZ_o5-q7ol,Cougar Club Presents: Cougar Coven,https://www.ticketmaster.com/cougar-club-presents-cougar-coven-denver-colorado-10-21-2026/event/1E006512E174446B,KovZ917Aai0,2026-10-21,18:30:00,2026-10-22T00:30:00Z,America/Denver,onsale,2026-08-19T16:00:00Z,2026-10-22T02:30:00Z,,,,MISCELLANEOUS PROMOTER,KZFzniwnSyZfZ7v7nJ,Music,KnvZfZ7vAvl,Other,KZazBEonSMnZfZ7vk1I,Other,2026-09-20T22:44:02.205267+00:00
rZ7HnEZ1A4Za-d,Shimmy Shakin' Blues,https://www.ticketweb.com/event/shimmy-shakin-blues-la-rumba-tickets/15009843,rZ7HnEZ173pGP,2026-10-21,19:00:00,2026-10-22T01:00:00Z,America/Denver,onsale,2026-08-03T20:10:00Z,2026-10-21T06:00:00Z,20.03,41.13,USD,,KZFzniwnSyZfZ7v7nJ,Music,KnvZfZ7vAvl,Other,,,2026-09-20T22:44:02.205267+00:00
Z7r9jZ1A70bqs,Mom Jeans,https://www.ticketmaster.com/event/Z7r9jZ1A70bqs,ZFr9jZdAk6,2026-10-21,19:30:00,2026-10-22T01:30:00Z,,onsale,1900-01-01T06:00:00Z,2026-10-22T01:30:00Z,,,,,KZFzniwnSyZfZ7v7nJ,Music,KnvZfZ7vAvl,Other,KZazBEonSMnZfZ7vk1I,Other,2026-09-20T22:44:02.205267+00:00
Z7r9jZ1A70444,Muna w/ Hemlocke Springs,https://www.ticketmaster.com/event/Z7r9jZ1A70444,ZFr9jZe71a,2026-10-21,20:00:00,2026-10-22T02:00:00Z,,onsale,1900-01-01T06:00:00Z,2026-10-22T02:00:00Z,,,,,KZFzniwnSyZfZ7v7nJ,Music,KnvZfZ7vAvl,Other,KZazBEonSMnZfZ7vk1I,Other,2026-09-20T22:44:02.205267+00:00
rZ7HnEZ1AfxAAN,Goth Night hosted by Gotica Nouveau,https://www.ticketweb.com/event/goth-night-hosted-by-gotica-vultures-tickets/14885163,rZ7HnEZ17fd1A,2026-10-21,20:00:00,2026-10-22T02:00:00Z,America/Denver,onsale,2026-04-27T16:00:00Z,2026-10-22T02:00:00Z,,,,,KZFzniwnSyZfZ7v7nJ,Music,KnvZfZ7vAvv,Alternative,KZazBEonSMnZfZ7vAen,Goth,2026-09-20T22:44:02.205267+00:00
G5vzZ_ueW6Qo9,"Skillet: Comatose 20 Years, Still Screaming Tour",https://www.ticketmaster.com/skillet-comatose-20-years-still-screaming-denver-colorado-10-22-2026/event/1E0064D0BD1DA457,KovZpZAE6eJA,2026-10-22,17:30:00,2026-10-22T23:30:00Z,America/Denver,onsale,2026-06-26T16:00:00Z,2026-10-23T01:30:00Z,,,,LIVE NATION MUSIC,KZFzniwnSyZfZ7v7nJ,Music,KnvZfZ7vAeA,Rock,KZazBEonSMnZfZ7v6dt,Alternative Rock,2026-09-20T22:44:02.205267+00:00
G5vzZ_ANTyPQt,Paramount Theatre Club Seating: Daniel Sloss,https://www.ticketmaster.com/paramount-theatre-club-seating-daniel-sloss-denver-colorado-10-22-2026/event/1E006458FFE656A9,KovZpZAFa1nA,2026-10-22,19:00:00,2026-10-23T01:00:00Z,America/Denver,onsale,2026-02-26T19:00:00Z,2026-10-23T02:00:00Z,,,,PROMOTED BY VENUE,KZFzniwnSyZfZ7v7nJ,Music,KnvZfZ7vAvl,Other,KZazBEonSMnZfZ7vk1I,Other,2026-09-20T22:44:02.205267+00:00
G5vzZ_GVIKec2,Ceremony,https://www.ticketmaster.com/ceremony-denver-colorado-10-22-2026/event/1E0064CD284C2B4F,KovZpZAJeFkA,2026-10-22,19:00:00,2026-10-23T01:00:00Z,America/Denver,onsale,2026-06-18T16:00:00Z,2026-10-23T03:00:00Z,,,,LIVE NATION MUSIC,KZFzniwnSyZfZ7v7nJ,Music,KnvZfZ7vAvt,Metal,KZazBEonSMnZfZ7vaJ6,Nu-Metal,2026-09-20T22:44:02.205267+00:00
G5vzZ_ulGxDZW,"Alejo x 3NA: NERVES AV with Mike Wallis, Snilk and Myk0ra",https://www.ticketmaster.com/alejo-x-3na-nerves-av-with-denver-colorado-10-22-2026/event/1E0064DACC8BB03D,KovZ917Aai0,2026-10-22,19:00:00,2026-10-23T01:00:00Z,America/Denver,onsale,2026-07-02T16:00:00Z,2026-10-23T03:00:00Z,,,,MISCELLANEOUS PROMOTER,KZFzniwnSyZfZ7v7nJ,Music,KnvZfZ7vAev,Pop,KZazBEonSMnZfZ7vaEl,Electro Pop,2026-09-20T22:44:02.205267+00:00
Z7r9jZ1A7-yqZ,Macklemore,https://www.ticketmaster.com/event/Z7r9jZ1A7-yqZ,ZFr9jZe71a,2026-10-22,19:00:00,2026-10-23T01:00:00Z,,onsale,1900-01-01T06:00:00Z,2026-10-23T01:00:00Z,,,,,KZFzniwnSyZfZ7v7nJ,Music,KnvZfZ7vAv1,Hip-Hop/Rap,KZazBEonSMnZfZ7vkvl,Hip-Hop/Rap,2026-09-20T22:44:02.205267+00:00
Z7r9jZ1AAvK_b,Jackson Dean (18 and Over),https://www.ticketmaster.com/event/Z7r9jZ1AAvK_b,Z7r9jZadN3,2026-10-22,20:00:00,2026-10-23T02:00:00Z,,onsale,2026-09-04T16:00:00Z,2026-10-23T02:00:00Z,,,,,KZFzniwnSyZfZ7v7nJ,Music,KnvZfZ7vAvl,Other,KZazBEonSMnZfZ7vk1I,Other,2026-09-20T22:44:02.205267+00:00
rZ7HnEZ1AfZUpf,$5 Thursdays!,https://www.ticketweb.com/event/5-thursdays-la-rumba-tickets/14036594,rZ7HnEZ173pGP,2026-10-22,20:00:00,2026-10-23T02:00:00Z,America/Denver,onsale,2026-01-02T05:20:00Z,2027-10-16T02:00:00Z,8.73,8.73,USD,,KZFzniwnSyZfZ7v7nJ,Music,KnvZfZ7vAeF,World,KZazBEonSMnZfZ7vFdJ,Latin,2026-09-20T22:44:02.205267+00:00
rZ7HnEZ1AfGw8V,JHONNY RIVERA,https://www.ticketweb.com/event/jhonny-rivera-stampede-tickets/14332434,rZ7HnEZ173p1A,2026-10-22,21:00:00,2026-10-23T03:00:00Z,America/Denver,onsale,2026-09-19T21:45:00Z,2026-10-23T01:00:00Z,71.18,103.21,USD,,KZFzniwnSyZfZ7v7nJ,Music,KnvZfZ7vAeF,World,KZazBEonSMnZfZ7v6nA,Colombia,2026-09-20T22:44:02.205267+00:00
G5vzZ_5ldYcXg,Catch Your Breath - Not Broken Enough Tour,https://www.ticketmaster.com/catch-your-breath-not-broken-enough-denver-colorado-10-23-2026/event/1E0064BAC3C2DFB5,KovZpZAFFt1A,2026-10-23,18:00:00,2026-10-24T00:00:00Z,America/Denver,onsale,2026-05-29T16:00:00Z,2026-10-24T02:00:00Z,,,,LIVE NATION MUSIC,KZFzniwnSyZfZ7v7nJ,Music,KnvZfZ7vAeA,Rock,KZazBEonSMnZfZ7v6dt,Alternative Rock,2026-09-20T22:44:02.205267+00:00
Z7r9jZ1A7O744,Mersiv,https://www.ticketmaster.com/event/Z7r9jZ1A7O744,ZFr9jZe71a,2026-10-23,18:00:00,2026-10-24T00:00:00Z,,onsale,1900-01-01T06:00:00Z,2026-10-24T00:00:00Z,,,,,KZFzniwnSyZfZ7v7nJ,Music,KnvZfZ7vAvl,Other,KZazBEonSMnZfZ7vk1I,Other,2026-09-20T22:44:02.205267+00:00
G5vzZ_6r0j9uc,Shpongle,https://www.ticketmaster.com/shpongle-denver-colorado-10-23-2026/event/1E006477A471736D,KovZpZAE6eJA,2026-10-23,19:00:00,2026-10-24T01:00:00Z,America/Denver,onsale,2026-03-27T16:00:00Z,2026-10-24T03:00:00Z,,,,LIVE NATION MUSIC,KZFzniwnSyZfZ7v7nJ,Music,KnvZfZ7vAvF,Dance/Electronic,KZazBEonSMnZfZ7vaEn,Amapiano,2026-09-20T22:44:02.205267+00:00
G5vzZ_oNqmXmS,AZ Chike,https://www.ticketmaster.com/az-chike-denver-colorado-10-23-2026/event/1E006518DDBBEBB3,KovZpZAJeFkA,2026-10-23,19:00:00,2026-10-24T01:00:00Z,America/Denver,onsale,2026-08-28T16:00:00Z,2026-10-24T03:00:00Z,,,,LIVE NATION MUSIC,KZFzniwnSyZfZ7v7nJ,Music,KnvZfZ7vAv1,Hip-Hop/Rap,KZazBEonSMnZfZ7vaEI,Trap,2026-09-20T22:44:02.205267+00:00
rZ7HnEZ1AfZUAV,Ladies Night & Noche Sonidera,https://www.ticketweb.com/event/ladies-night-noche-sonidera-la-rumba-tickets/14036174,rZ7HnEZ173pGP,2026-10-23,19:00:00,2026-10-24T01:00:00Z,America/Denver,onsale,2026-01-02T05:15:00Z,2027-10-17T01:00:00Z,14.13,14.13,USD,,KZFzniwnSyZfZ7v7nJ,Music,KnvZfZ7vAeF,World,KZazBEonSMnZfZ7vFdJ,Latin,2026-09-20T22:44:02.205267+00:00
1k18vPvOGACy8zE,"Ghetto Psycho Tour featuring King Iso, Taebo Tha Truth, Matt Phoenix,",https://www.ticketweb.com/event/ghetto-psycho-tour-featuring-king-black-sheep-tickets/15019223?REFERRAL_ID=tmfeed,KovZpZAJ77kA,2026-10-23,19:30:00,2026-10-24T01:30:00Z,America/Denver,onsale,2026-08-07T17:00:00Z,2026-10-24T01:30:00Z,,,,,KZFzniwnSyZfZ7v7nJ,Music,KnvZfZ7vAv1,Hip-Hop/Rap,KZazBEonSMnZfZ7vaEI,Trap,2026-09-20T22:44:02.205267+00:00
G5vzZ_55-B5ym,SiM - HOOMAN WORLD TOUR,https://theorientaltheater.holdmyticket.com/tickets/463261,KovZpaprpe,2026-10-23,19:30:00,2026-10-24T01:30:00Z,America/Denver,onsale,2026-05-22T14:00:00Z,2026-10-24T01:30:00Z,,,,LIVE NATION MUSIC,KZFzniwnSyZfZ7v7nJ,Music,KnvZfZ7vAvt,Metal,KZazBEonSMnZfZ7vaJ6,Nu-Metal,2026-09-20T22:44:02.205267+00:00
G5vzZ_8heurUX,Sara Evans: We Got The Beat,https://www.ticketmaster.com/sara-evans-we-got-the-beat-grand-junction-colorado-10-23-2026/event/1E006506C235EDBE,KovZpa4gke,2026-10-23,19:30:00,2026-10-24T01:30:00Z,America/Denver,onsale,2026-08-14T16:00:00Z,2026-10-24T03:30:00Z,,,,PEPPER ENTERTAINMENT INC,KZFzniwnSyZfZ7v7nJ,Music,KnvZfZ7vAv6,Country,KZazBEonSMnZfZ7vAFa,Country,2026-09-20T22:44:02.205267+00:00
Z7r9jZ1A70IjO,SiM,https://www.ticketmaster.com/event/Z7r9jZ1A70IjO,ZFr9jZe1Av,2026-10-23,19:30:00,2026-10-24T01:30:00Z,,onsale,2026-05-22T14:00:00Z,2026-10-24T01:30:00Z,,,,LIVE NATION MUSIC,KZFzniwnSyZfZ7v7nJ,Music,KnvZfZ7vAvt,Metal,KZazBEonSMnZfZ7vk6E,Metal,2026-09-20T22:44:02.205267+00:00
Z7r9jZ1A7JvGZ,Yheti b2b Toadface with Dank Frank,https://www.ticketmaster.com/event/Z7r9jZ1A7JvGZ,ZFr9jZkve6,2026-10-23,20:00:00,2026-10-24T02:00:00Z,,onsale,1900-01-01T06:00:00Z,2026-10-24T02:00:00Z,,,,,KZFzniwnSyZfZ7v7nJ,Music,KnvZfZ7vAvl,Other,KZazBEonSMnZfZ7vk1I,Other,2026-09-20T22:44:02.205267+00:00
Z7r9jZ1AAvdrp,Jackson Dean (18 and Over),https://www.ticketmaster.com/event/Z7r9jZ1AAvdrp,Z6r9jZ6FFe,2026-10-23,20:00:00,2026-10-24T02:00:00Z,,onsale,2026-09-04T16:00:00Z,2026-10-24T02:00:00Z,,,,,KZFzniwnSyZfZ7v7nJ,Music,KnvZfZ7vAvl,Other,KZazBEonSMnZfZ7vk1I,Other,2026-09-20T22:44:02.205267+00:00
rZ7HnEZ1Afaykf,Jackson Dean,https://www.ticketweb.com/event/jackson-dean-grizzly-rose-tickets/14279194,rZ7HnEZ17uJbA,2026-10-23,20:00:00,2026-10-24T02:00:00Z,America/Denver,onsale,2026-08-21T17:00:00Z,2026-10-24T05:30:00Z,35.71,35.71,USD,,KZFzniwnSyZfZ7v7nJ,Music,KnvZfZ7vAv6,Country,KZazBEonSMnZfZ7vAF1,Alternative Country,2026-09-20T22:44:02.205267+00:00
G5vzZ_CMhh5sv,Dead Floyd: TWO-DAY TICKETS,https://www.ticketmaster.com/dead-floyd-twoday-tickets-denver-colorado-10-23-2026/event/1E0064EDDB6CBC41,KovZ917Aai0,2026-10-23,21:00:00,2026-10-24T03:00:00Z,America/Denver,onsale,2026-07-17T16:00:00Z,2026-10-24T05:00:00Z,,,,MISCELLANEOUS PROMOTER,KZFzniwnSyZfZ7v7nJ,Music,KnvZfZ7vAeA,Rock,KZazBEonSMnZfZ7v6F1,Pop,2026-09-20T22:44:02.205267+00:00
G5vzZ_Chk0baP,Dead Floyd,https://www.ticketmaster.com/dead-floyd-denver-colorado-10-23-2026/event/1E0064E6C6918265,KovZ917Aai0,2026-10-23,21:00:00,2026-10-24T03:00:00Z,America/Denver,onsale,2026-07-17T16:00:00Z,2026-10-24T05:00:00Z,,,,MISCELLANEOUS PROMOTER,KZFzniwnSyZfZ7v7nJ,Music,KnvZfZ7vAeA,Rock,KZazBEonSMnZfZ7v6F1,Pop,2026-09-20T22:44:02.205267+00:00
Z7r9jZ1A7-Yas,Odd Mob (16 and Over),https://www.ticketmaster.com/event/Z7r9jZ1A7-Yas,Z7r9jZadVI,2026-10-23,21:00:00,2026-10-24T03:00:00Z,,onsale,1900-01-01T06:00:00Z,2026-10-24T03:00:00Z,,,,,KZFzniwnSyZfZ7v7nJ,Music,KnvZfZ7vAvF,Dance/Electronic,KZazBEonSMnZfZ7vA1E,Dance/Electronic,2026-09-20T22:44:02.205267+00:00
Z7r9jZ1A7PV4N,Medium Build w/ Bella White,https://www.ticketmaster.com/event/Z7r9jZ1A7PV4N,ZFr9jZdde7,2026-10-23,21:00:00,2026-10-24T03:00:00Z,,onsale,2026-07-01T16:00:00Z,2026-10-24T03:00:00Z,,,,,KZFzniwnSyZfZ7v7nJ,Music,KnvZfZ7vAvv,Alternative,KZazBEonSMnZfZ7vAde,Indie Rock,2026-09-20T22:44:02.205267+00:00
rZ7HnEZ1A4v6uS,Krewella,https://www.ticketweb.com/event/krewella-the-church-nightclub-tickets/15047373,rZ7HnEZ17qf4V,2026-10-23,22:00:00,2026-10-24T04:00:00Z,America/Denver,onsale,2026-08-25T18:00:00Z,2026-10-24T08:00:00Z,34.95,34.95,USD,INSOMNIAC PRESENTS,KZFzniwnSyZfZ7v7nJ,Music,KnvZfZ7vAvF,Dance/Electronic,,,2026-09-20T22:44:02.205267+00:00
rZ7HnEZ1Af13-V,Broken Hill,https://www.ticketweb.com/event/broken-hill-club-vinyl-tickets/14292874,rZ7HnEZ17qf40,2026-10-23,22:00:00,2026-10-24T04:00:00Z,America/Denver,onsale,2026-09-01T18:00:00Z,2026-10-24T08:00:00Z,24.95,24.95,USD,INSOMNIAC PRESENTS,KZFzniwnSyZfZ7v7nJ,Music,KnvZfZ7vAvF,Dance/Electronic,KZazBEonSMnZfZ7vA1E,Dance/Electronic,2026-09-20T22:44:02.205267+00:00
G5vzZ_6rPB64Q,Shpongle - 2-DAY PASS,https://www.ticketmaster.com/shpongle-2day-pass-denver-colorado-10-23-2026/event/1E006477A5E8755A,KovZpZAE6eJA,2026-10-23,,,America/Denver,onsale,2026-03-27T16:00:00Z,2026-10-25T03:00:00Z,,,,LIVE NATION MUSIC,KZFzniwnSyZfZ7v7nJ,Music,KnvZfZ7vAvF,Dance/Electronic,KZazBEonSMnZfZ7vaEn,Amapiano,2026-09-20T22:44:02.205267+00:00
Z7r9jZ1AAZ8o3,Jade Cicada w/ Mickman,https://www.ticketmaster.com/event/Z7r9jZ1AAZ8o3,ZFr9jZe71a,2026-10-24,17:30:00,2026-10-24T23:30:00Z,,onsale,1900-01-01T18:00:00Z,2026-10-24T23:30:00Z,,,,,KZFzniwnSyZfZ7v7nJ,Music,KnvZfZ7vAvl,Other,KZazBEonSMnZfZ7vk1I,Other,2026-09-20T22:44:02.205267+00:00
G5vzZ_8BV92ql,BurnDown Tour 2026,https://www.ticketmaster.com/burndown-tour-2026-denver-colorado-10-24-2026/event/1E00650EB45CF76B,KovZpZAJeFkA,2026-10-24,18:00:00,2026-10-25T00:00:00Z,America/Denver,onsale,2026-08-21T16:00:00Z,2026-10-25T02:00:00Z,,,,LIVE NATION MUSIC,KZFzniwnSyZfZ7v7nJ,Music,KnvZfZ7vAeA,Rock,KZazBEonSMnZfZ7v6F1,Pop,2026-09-20T22:44:02.205267+00:00
G5vzZ_aelIQpN,Paramount Theatre Club Seating: Tom Papa,https://www.ticketmaster.com/paramount-theatre-club-seating-tom-papa-denver-colorado-10-24-2026/event/1E006490ABA1A5A3,KovZpZAFa1nA,2026-10-24,18:30:00,2026-10-25T00:30:00Z,America/Denver,onsale,2026-04-21T16:00:00Z,2026-10-25T01:30:00Z,,,,PROMOTED BY VENUE,KZFzniwnSyZfZ7v7nJ,Music,KnvZfZ7vAvl,Other,KZazBEonSMnZfZ7vk1I,Other,2026-09-20T22:44:02.205267+00:00
G5vzZ_1r9tFrJ,This Is Lorelei,https://www.ticketmaster.com/this-is-lorelei-denver-colorado-10-24-2026/event/1E0064A797A487A6,KovZpZAFFt1A,2026-10-24,19:00:00,2026-10-25T01:00:00Z,America/Denver,onsale,2026-05-15T16:00:00Z,2026-10-25T03:00:00Z,,,,LIVE NATION MUSIC,KZFzniwnSyZfZ7v7nJ,Music,KnvZfZ7vAeA,Rock,KZazBEonSMnZfZ7v6dt,Alternative Rock,2026-09-20T22:44:02.205267+00:00
G5vzZ_6r0S92s,Shpongle,https://www.ticketmaster.com/shpongle-denver-colorado-10-24-2026/event/1E006477A4CD73F1,KovZpZAE6eJA,2026-10-24,19:00:00,2026-10-25T01:00:00Z,America/Denver,onsale,2026-03-27T16:00:00Z,2026-10-25T03:00:00Z,,,,LIVE NATION MUSIC,KZFzniwnSyZfZ7v7nJ,Music,KnvZfZ7vAvF,Dance/Electronic,KZazBEonSMnZfZ7vaEn,Amapiano,2026-09-20T22:44:02.205267+00:00
rZ7HnEZ1AfZgqf,Sabados Sabrosos!,https://www.ticketweb.com/event/sabados-sabrosos-la-rumba-tickets/14035754,rZ7HnEZ173pGP,2026-10-24,19:00:00,2026-10-25T01:00:00Z,America/Denver,onsale,2026-01-02T05:00:00Z,2027-10-17T01:00:00Z,25.18,25.18,USD,,KZFzniwnSyZfZ7v7nJ,Music,KnvZfZ7vAeF,World,KZazBEonSMnZfZ7vFdJ,Latin,2026-09-20T22:44:02.205267+00:00
Z7r9jZ1A7Jffk,Sunn 0]]],https://www.ticketmaster.com/event/Z7r9jZ1A7Jffk,ZFr9jZkve6,2026-10-24,20:00:00,2026-10-25T02:00:00Z,,onsale,1900-01-01T06:00:00Z,2026-10-25T02:00:00Z,,,,,KZFzniwnSyZfZ7v7nJ,Music,KnvZfZ7vAeA,Rock,KZazBEonSMnZfZ7v6kl,Hard Rock,2026-09-20T22:44:02.205267+00:00
rZ7HnEZ1AfJ8PK,"Witch Hound Album Release Party, with Malkasian, Doctor Nez, Uncle Goober, and Panda Strike as MC",https://www.ticketweb.com/event/witch-hound-album-release-party-vultures-tickets/14990953,rZ7HnEZ17fd1A,2026-10-24,20:00:00,2026-10-25T02:00:00Z,America/Denver,onsale,2026-07-23T16:00:00Z,2026-10-25T02:00:00Z,,,,,KZFzniwnSyZfZ7v7nJ,Music,KnvZfZ7vAvv,Alternative,KZazBEonSMnZfZ7vAvt,Alternative Metal,2026-09-20T22:44:02.205267+00:00
rZ7HnEZ1Afayu7,Jackson Dean,https://www.ticketweb.com/event/jackson-dean-whiskey-rose-tickets/14279344,rZ7HnEZ17q_Qf,2026-10-24,20:00:00,2026-10-25T02:00:00Z,America/Denver,onsale,2026-08-21T17:00:00Z,2026-10-25T05:30:00Z,35.76,35.76,USD,,KZFzniwnSyZfZ7v7nJ,Music,KnvZfZ7vAv6,Country,KZazBEonSMnZfZ7vAFa,Country,2026-09-20T22:44:02.205267+00:00
1AtZkfbGkd-Goxn,2000's Rave,https://www.ticketweb.com/event/2000s-rave-black-sheep-tickets/14283594?REFERRAL_ID=tmfeed,KovZpZAJ77kA,2026-10-24,21:00:00,2026-10-25T03:00:00Z,America/Denver,onsale,2026-08-25T18:00:00Z,2026-10-25T03:00:00Z,,,,,KZFzniwnSyZfZ7v7nJ,Music,KnvZfZ7vAvF,Dance/Electronic,KZazBEonSMnZfZ7vaEn,Amapiano,2026-09-20T22:44:02.205267+00:00
G5vzZ_CQo507Q,Paramount Theatre Club Seating: Tom Papa,https://www.ticketmaster.com/paramount-theatre-club-seating-tom-papa-denver-colorado-10-24-2026/event/1E0064E6912E411A,KovZpZAFa1nA,2026-10-24,21:00:00,2026-10-25T03:00:00Z,America/Denver,onsale,2026-07-08T16:00:00Z,2026-10-25T04:00:00Z,,,,PROMOTED BY VENUE,KZFzniwnSyZfZ7v7nJ,Music,KnvZfZ7vAvl,Other,KZazBEonSMnZfZ7vk1I,Other,2026-09-20T22:44:02.205267+00:00
G5vzZ_Chk0zaI,Dead Floyd,https://www.ticketmaster.com/dead-floyd-denver-colorado-10-24-2026/event/1E0064E6C6938268,KovZ917Aai0,2026-10-24,21:00:00,2026-10-25T03:00:00Z,America/Denver,onsale,2026-07-17T16:00:00Z,2026-10-25T05:00:00Z,,,,MISCELLANEOUS PROMOTER,KZFzniwnSyZfZ7v7nJ,Music,KnvZfZ7vAeA,Rock,KZazBEonSMnZfZ7v6F1,Pop,2026-09-20T22:44:02.205267+00:00
rZ7HnEZ1Af170f,Brondo,https://www.ticketweb.com/event/brondo-club-vinyl-tickets/14284914,rZ7HnEZ17qf40,2026-10-24,22:00:00,2026-10-25T04:00:00Z,America/Denver,onsale,2026-08-27T18:00:00Z,2026-10-25T08:00:00Z,14.95,14.95,USD,INSOMNIAC PRESENTS,KZFzniwnSyZfZ7v7nJ,Music,KnvZfZ7vAvF,Dance/Electronic,KZazBEonSMnZfZ7vA1E,Dance/Electronic,2026-09-20T22:44:02.205267+00:00
rZ7HnEZ1AfGZCf,Desert Hearts,https://www.ticketweb.com/event/desert-hearts-the-basement-at-club-vinyl-tickets/14300394,rZ7HnEZ17QA4S,2026-10-24,22:00:00,2026-10-25T04:00:00Z,America/Denver,onsale,2026-09-04T18:00:00Z,2026-10-25T08:00:00Z,24.95,24.95,USD,INSOMNIAC PRESENTS,KZFzniwnSyZfZ7v7nJ,Music,KnvZfZ7vAvF,Dance/Electronic,KZazBEonSMnZfZ7vA1E,Dance/Electronic,2026-09-20T22:44:02.205267+00:00
rZ7HnEZ1Afa0Qf,"SABAI x HOANG ""SECOND CHANCE TOUR""",https://www.ticketweb.com/event/sabai-x-hoang-second-chance-the-church-nightclub-tickets/14264694,rZ7HnEZ17qf4V,2026-10-24,22:00:00,2026-10-25T04:00:00Z,America/Denver,onsale,2026-07-23T16:00:00Z,2026-10-25T08:00:00Z,19.95,19.95,USD,INSOMNIAC PRESENTS,KZFzniwnSyZfZ7v7nJ,Music,KnvZfZ7vAvF,Dance/Electronic,KZazBEonSMnZfZ7vA1E,Dance/Electronic,2026-09-20T22:44:02.205267+00:00
G5vzZ_7YHqj28,Leonid & Friends,https://www.ticketmaster.com/leonid-friends-denver-colorado-10-25-2026/event/1E00644C3C75C3D0,KovZpZAFa1nA,2026-10-25,18:00:00,2026-10-26T00:00:00Z,America/Denver,onsale,2026-02-20T17:00:00Z,2026-10-26T02:00:00Z,,,,AEG LIVE,KZFzniwnSyZfZ7v7nJ,Music,KnvZfZ7vAeA,Rock,KZazBEonSMnZfZ7v6F1,Pop,2026-09-20T22:44:02.205267+00:00
G5vzZ_GmTJuj8,Paramount Theatre Club Seating: Leonid & Friends,https://www.ticketmaster.com/paramount-theatre-club-seating-leonid-friends-denver-colorado-10-25-2026/event/1E0064CBBF98D710,KovZpZAFa1nA,2026-10-25,18:00:00,2026-10-26T00:00:00Z,America/Denver,onsale,2026-06-17T16:00:00Z,2026-10-26T01:00:00Z,,,,PROMOTED BY VENUE,KZFzniwnSyZfZ7v7nJ,Music,KnvZfZ7vAvl,Other,KZazBEonSMnZfZ7vk1I,Other,2026-09-20T22:44:02.205267+00:00
G5vzZ_GxVGbS1,El David Aguilar,https://www.ticketmaster.com/el-david-aguilar-denver-colorado-10-25-2026/event/1E0064C8B4318CCA,KovZpZAJeFkA,2026-10-25,19:00:00,2026-10-26T01:00:00Z,America/Denver,onsale,2026-06-12T16:00:00Z,2026-10-26T03:00:00Z,,,,LIVE NATION MUSIC,KZFzniwnSyZfZ7v7nJ,Music,KnvZfZ7vAJ6,Latin,KZazBEonSMnZfZ7va1a,Latin,2026-09-20T22:44:02.205267+00:00
G5vzZ_uFuY_2f,Jose Madero - USA Tour 2026,https://www.ticketmaster.com/jose-madero-usa-tour-2026-denver-colorado-10-25-2026/event/1E0064D20DC193D4,KovZpZAFFt1A,2026-10-25,19:00:00,2026-10-26T01:00:00Z,America/Denver,onsale,2026-06-26T16:00:00Z,2026-10-26T03:00:00Z,,,,LIVE NATION MUSIC,KZFzniwnSyZfZ7v7nJ,Music,KnvZfZ7vAJ6,Latin,KZazBEonSMnZfZ7va1a,Latin,2026-09-20T22:44:02.205267+00:00
rZ7HnEZ1AfZgvf,SALSA & BACHATA SUNDAYS,https://www.ticketweb.com/event/salsa-bachata-sundays-la-rumba-tickets/14035054,rZ7HnEZ173pGP,2026-10-25,19:00:00,2026-10-26T01:00:00Z,America/Denver,onsale,2026-01-02T05:00:00Z,2027-10-18T01:00:00Z,14.13,14.13,USD,,KZFzniwnSyZfZ7v7nJ,Music,KnvZfZ7vAeF,World,KZazBEonSMnZfZ7vFdJ,Latin,2026-09-20T22:44:02.205267+00:00
Z7r9jZ1AAZ7aU,Demon Hunter,https://www.ticketmaster.com/event/Z7r9jZ1AAZ7aU,ZFr9jZe1Av,2026-10-25,19:30:00,2026-10-26T01:30:00Z,,onsale,1900-01-01T06:00:00Z,2026-10-26T01:30:00Z,,,,,KZFzniwnSyZfZ7v7nJ,Music,KnvZfZ7vAeA,Rock,KZazBEonSMnZfZ7v6kl,Hard Rock,2026-09-20T22:44:02.205267+00:00
1AtZkfKGkdsP8lU,Butcher Babies,https://www.ticketweb.com/event/butcher-babies-black-sheep-tickets/15046633?REFERRAL_ID=tmfeed,KovZpZAJ77kA,2026-10-25,20:00:00,2026-10-26T02:00:00Z,America/Denver,onsale,2026-08-24T16:00:00Z,2026-10-26T02:00:00Z,,,,,KZFzniwnSyZfZ7v7nJ,Music,KnvZfZ7vAvt,Metal,KZazBEonSMnZfZ7vaJ6,Nu-Metal,2026-09-20T22:44:02.205267+00:00
Z7r9jZ1A7PgGV,gavn!,https://www.ticketmaster.com/event/Z7r9jZ1A7PgGV,Z6r9jZdvee,2026-10-25,20:00:00,2026-10-26T02:00:00Z,,onsale,1900-01-01T06:00:00Z,2026-10-26T02:00:00Z,,,,,KZFzniwnSyZfZ7v7nJ,Music,KnvZfZ7vAvl,Other,KZazBEonSMnZfZ7vk1I,Other,2026-09-20T22:44:02.205267+00:00
G5vzZ_2LxN6Z_,Pain Of Truth,https://www.ticketmaster.com/pain-of-truth-denver-colorado-10-26-2026/event/1E0064F7E28C7019,KovZpZAJeFkA,2026-10-26,18:00:00,2026-10-27T00:00:00Z,America/Denver,onsale,2026-08-07T16:00:00Z,2026-10-27T02:00:00Z,,,,LIVE NATION MUSIC,KZFzniwnSyZfZ7v7nJ,Music,KnvZfZ7vAvt,Metal,KZazBEonSMnZfZ7vaJ6,Nu-Metal,2026-09-20T22:44:02.205267+00:00
G5vzZbzAVheD4,Evanescence 2026 World Tour,https://www.axs.com/events/1240978/evanescence-tickets,KovZpZAaeIvA,2026-10-26,18:30:00,2026-10-27T00:30:00Z,America/Denver,onsale,2025-12-05T17:00:00Z,2026-10-27T00:30:00Z,,,,LIVE NATION MUSIC,KZFzniwnSyZfZ7v7nJ,Music,KnvZfZ7vAeA,Rock,KZazBEonSMnZfZ7v6dt,Alternative Rock,2026-09-20T22:44:02.205267+00:00
Z7r9jZ1A7r9fs,Evanescence 2026 World Tour with Spiritbox and Nova Twins,https://www.ticketmaster.com/event/Z7r9jZ1A7r9fs,ZFr9jZe71a,2026-10-26,18:30:00,2026-10-27T00:30:00Z,,onsale,2025-12-05T17:00:00Z,2026-10-27T00:30:00Z,,,,LIVE NATION MUSIC,KZFzniwnSyZfZ7v7nJ,Music,KnvZfZ7vAvv,Alternative,KZazBEonSMnZfZ7vAvn,Alternative Rock,2026-09-20T22:44:02.205267+00:00
G5vzZ_2Kf6C3r,Forbidden,https://thefederaltheatre.holdmyticket.com/tickets/465317,KovZ917AVFY,2026-10-26,19:00:00,2026-10-27T01:00:00Z,America/Denver,onsale,2026-07-24T16:00:00Z,2026-10-27T01:00:00Z,,,,LIVE NATION MUSIC,KZFzniwnSyZfZ7v7nJ,Music,KnvZfZ7vAeA,Rock,KZazBEonSMnZfZ7v6F1,Pop,2026-09-20T22:44:02.205267+00:00
G5vzZ_5RYtE-2,"Dweezil Zappa DZ20: Like Father, Like Son",https://www.ticketmaster.com/dweezil-zappa-dz20-like-father-like-denver-colorado-10-26-2026/event/1E0064BBF0A6784F,KovZpZAFa1nA,2026-10-26,19:30:00,2026-10-27T01:30:00Z,America/Denver,onsale,2026-06-05T16:00:00Z,2026-10-27T03:30:00Z,,,,AEG LIVE,KZFzniwnSyZfZ7v7nJ,Music,KnvZfZ7vAeA,Rock,KZazBEonSMnZfZ7v6F1,Pop,2026-09-20T22:44:02.205267+00:00
G5vzZ_uBgCQu9,Paramount Theatre Club Seating: Dweezil Zappa,https://www.ticketmaster.com/paramount-theatre-club-seating-dweezil-zappa-denver-colorado-10-26-2026/event/1E0064DEB539A357,KovZpZAFa1nA,2026-10-26,19:30:00,2026-10-27T01:30:00Z,America/Denver,onsale,2026-07-01T16:00:00Z,2026-10-27T02:30:00Z,,,,PROMOTED BY VENUE,KZFzniwnSyZfZ7v7nJ,Music,KnvZfZ7vAvl,Other,KZazBEonSMnZfZ7vk1I,Other,2026-09-20T22:44:02.205267+00:00
Z7r9jZ1A70k7f,Failure (16 and Over),https://www.ticketmaster.com/event/Z7r9jZ1A70k7f,Z6r9jZdvee,2026-10-26,20:00:00,2026-10-27T02:00:00Z,,onsale,1900-01-01T06:00:00Z,2026-10-27T02:00:00Z,,,,,KZFzniwnSyZfZ7v7nJ,Music,KnvZfZ7vAeA,Rock,KZazBEonSMnZfZ7v6kl,Hard Rock,2026-09-20T22:44:02.205267+00:00
Z7r9jZ1AAZ8PF,Rebecca Black,https://www.ticketmaster.com/event/Z7r9jZ1AAZ8PF,ZFr9jZdde7,2026-10-26,20:00:00,2026-10-27T02:00:00Z,,onsale,1900-01-01T06:00:00Z,2026-10-27T02:00:00Z,,,,,KZFzniwnSyZfZ7v7nJ,Music,KnvZfZ7vAvl,Other,KZazBEonSMnZfZ7vk1I,Other,2026-09-20T22:44:02.205267+00:00
G5vzZ_GmRkhCV,The Paradox,https://www.ticketmaster.com/the-paradox-denver-colorado-10-27-2026/event/1E0064CBAF19B3B4,KovZpZAJeFkA,2026-10-27,19:00:00,2026-10-28T01:00:00Z,America/Denver,onsale,2026-06-26T16:00:00Z,2026-10-28T03:00:00Z,,,,LIVE NATION MUSIC,KZFzniwnSyZfZ7v7nJ,Music,KnvZfZ7vAeA,Rock,KZazBEonSMnZfZ7v6a6,Punk,2026-09-20T22:44:02.205267+00:00
Z7r9jZ1A7-b_w,Tucker Wetmore,https://www.ticketmaster.com/event/Z7r9jZ1A7-b_w,ZFr9jZe71a,2026-10-27,19:30:00,2026-10-28T01:30:00Z,,onsale,2026-03-06T17:00:00Z,2026-10-28T01:30:00Z,,,,,KZFzniwnSyZfZ7v7nJ,Music,KnvZfZ7vAv6,Country,KZazBEonSMnZfZ7vAFa,Country,2026-09-20T22:44:02.205267+00:00
1AtZkfbGkdgkoE8,LOCKED SHUT,https://www.ticketweb.com/event/locked-shut-black-sheep-tickets/14283814?REFERRAL_ID=tmfeed,KovZpZAJ77kA,2026-10-27,20:00:00,2026-10-28T02:00:00Z,America/Denver,onsale,2026-08-28T16:00:00Z,2026-10-28T02:00:00Z,,,,,KZFzniwnSyZfZ7v7nJ,Music,KnvZfZ7vAeA,Rock,KZazBEonSMnZfZ7v6dt,Alternative Rock,2026-09-20T22:44:02.205267+00:00
G5vzZ_1XQVIWV,The Smashing Pumpkins: The Rats In A Cage Tour,https://www.ticketmaster.com/the-smashing-pumpkins-the-rats-in-denver-colorado-10-27-2026/event/1E0064AF9AD28F74,KovZpZAFaJeA,2026-10-27,20:00:00,2026-10-28T02:00:00Z,America/Denver,onsale,2026-05-21T16:00:00Z,2026-10-28T04:00:00Z,,,,LIVE NATION MUSIC,KZFzniwnSyZfZ7v7nJ,Music,KnvZfZ7vAeA,Rock,KZazBEonSMnZfZ7v6dt,Alternative Rock,2026-09-20T22:44:02.205267+00:00
G5vzZ_55rZDix,Club Level Seating: The Smashing Pumpkins,https://www.ticketmaster.com/club-level-seating-the-smashing-pumpkins-denver-colorado-10-27-2026/event/1E0064B2DE03BB22,KovZpZAFaJeA,2026-10-27,20:00:00,2026-10-28T02:00:00Z,America/Denver,onsale,2026-05-28T16:00:00Z,2026-10-28T03:00:00Z,,,,PROMOTED BY VENUE,KZFzniwnSyZfZ7v7nJ,Music,KnvZfZ7vAeA,Rock,KZazBEonSMnZfZ7v6dt,Alternative Rock,2026-09-20T22:44:02.205267+00:00
G5vzZ_CrPJUKo,New Constellations: In Comes Waves Tour,https://tickets.meowwolf.com/events/denver/new-constellations/,KovZ917AYbY,2026-10-27,20:00:00,2026-10-28T02:00:00Z,America/Denver,onsale,2026-07-10T16:00:00Z,2026-10-28T02:00:00Z,,,,LIVE NATION MUSIC,KZFzniwnSyZfZ7v7nJ,Music,KnvZfZ7vAeA,Rock,KZazBEonSMnZfZ7v6F1,Pop,2026-09-20T22:44:02.205267+00:00
G5vzZ_ueQ4Uc4,SIX60,https://www.ticketmaster.com/six60-denver-colorado-10-27-2026/event/1E0064D09A576B55,KovZ917Aai0,2026-10-27,20:00:00,2026-10-28T02:00:00Z,America/Denver,onsale,2026-07-24T16:00:00Z,2026-10-28T04:00:00Z,,,,LIVE NATION MUSIC,KZFzniwnSyZfZ7v7nJ,Music,KnvZfZ7vAeA,Rock,KZazBEonSMnZfZ7v6F1,Pop,2026-09-20T22:44:02.205267+00:00
Z7r9jZ1A70ye8,Gilla Band,https://www.ticketmaster.com/event/Z7r9jZ1A70ye8,Z6r9jZdvee,2026-10-27,20:00:00,2026-10-28T02:00:00Z,,onsale,1900-01-01T06:00:00Z,2026-10-28T02:00:00Z,,,,,KZFzniwnSyZfZ7v7nJ,Music,KnvZfZ7vAeA,Rock,KZazBEonSMnZfZ7v6F1,Pop,2026-09-20T22:44:02.205267+00:00
Z7r9jZ1A7Jdj3,New Constellations: In Comes Waves Tour,https://www.ticketmaster.com/event/Z7r9jZ1A7Jdj3,Z7r9jZa7j5,2026-10-27,20:00:00,2026-10-28T02:00:00Z,,onsale,2026-07-10T16:00:00Z,2026-10-28T02:00:00Z,,,,LIVE NATION MUSIC,KZFzniwnSyZfZ7v7nJ,Music,KnvZfZ7vAeA,Rock,KZazBEonSMnZfZ7v6F1,Pop,2026-09-20T22:44:02.205267+00:00
Z7r9jZ1AAZsbE,Dummy,https://www.ticketmaster.com/event/Z7r9jZ1AAZsbE,Z7r9jZadmE,2026-10-27,20:00:00,2026-10-28T02:00:00Z,,onsale,2026-08-14T16:00:00Z,2026-10-28T02:00:00Z,,,,LIVE NATION MUSIC,KZFzniwnSyZfZ7v7nJ,Music,KnvZfZ7vAvl,Other,KZazBEonSMnZfZ7vk1I,Other,2026-09-20T22:44:02.205267+00:00
rZ7HnEZ1AfA3x7,Ladies Night 2026,https://www.ticketweb.com/event/ladies-night-2026-stampede-tickets/14152884,rZ7HnEZ173p1A,2026-10-28,18:00:00,2026-10-29T00:00:00Z,America/Denver,onsale,2026-02-10T18:35:00Z,2026-10-29T05:55:00Z,16.56,16.56,USD,,KZFzniwnSyZfZ7v7nJ,Music,KnvZfZ7vAv6,Country,KZazBEonSMnZfZ7vAFa,Country,2026-09-20T22:44:02.205267+00:00
Z7r9jZ1A7-0GF,Koe Wetzel w/ Wade Bowen,https://www.ticketmaster.com/event/Z7r9jZ1A7-0GF,ZFr9jZe71a,2026-10-28,18:45:00,2026-10-29T00:45:00Z,,onsale,2026-03-13T16:00:00Z,2026-10-29T00:45:00Z,,,,,KZFzniwnSyZfZ7v7nJ,Music,KnvZfZ7vAvl,Other,KZazBEonSMnZfZ7vk1I,Other,2026-09-20T22:44:02.205267+00:00
G5vzZ_5zZcE3z,Stop Light Observations,https://www.ticketmaster.com/stop-light-observations-denver-colorado-10-28-2026/event/1E0064BE00B674B8,KovZpZAJeFkA,2026-10-28,19:00:00,2026-10-29T01:00:00Z,America/Denver,onsale,2026-06-04T15:00:00Z,2026-10-29T03:00:00Z,,,,LIVE NATION MUSIC,KZFzniwnSyZfZ7v7nJ,Music,KnvZfZ7vAeA,Rock,KZazBEonSMnZfZ7v6dt,Alternative Rock,2026-09-20T22:44:02.205267+00:00
rZ7HnEZ1Af1oof,Big Sandy Live in Denver!,https://www.ticketweb.com/event/big-sandy-live-in-denver-la-rumba-tickets/14291454,rZ7HnEZ173pGP,2026-10-28,19:00:00,2026-10-29T01:00:00Z,America/Denver,onsale,2026-08-27T20:10:00Z,2026-10-29T00:00:00Z,25.18,25.18,USD,,KZFzniwnSyZfZ7v7nJ,Music,KnvZfZ7vAvl,Other,,,2026-09-20T22:44:02.205267+00:00
Z7r9jZ1A7J_a4,Cradle of Filth w/ Moonspell,https://www.ticketmaster.com/event/Z7r9jZ1A7J_a4,Z7r9jZadCK,2026-10-28,19:50:00,2026-10-29T01:50:00Z,,onsale,1900-01-01T18:00:00Z,2026-10-29T01:50:00Z,,,,,KZFzniwnSyZfZ7v7nJ,Music,KnvZfZ7vAeA,Rock,KZazBEonSMnZfZ7v6kl,Hard Rock,2026-09-20T22:44:02.205267+00:00
Z7r9jZ1A70bo_,Post Sex Nachos (16 and Over),https://www.ticketmaster.com/event/Z7r9jZ1A70bo_,Z6r9jZdvee,2026-10-28,20:00:00,2026-10-29T02:00:00Z,,onsale,1900-01-01T06:00:00Z,2026-10-29T02:00:00Z,,,,,KZFzniwnSyZfZ7v7nJ,Music,KnvZfZ7vAvl,Other,KZazBEonSMnZfZ7vk1I,Other,2026-09-20T22:44:02.205267+00:00
Z7r9jZ1A70vqz,GEESE (21+ Event),https://www.ticketmaster.com/event/Z7r9jZ1A70vqz,Z7r9jZadVI,2026-10-28,20:00:00,2026-10-29T02:00:00Z,,onsale,2026-05-01T16:00:00Z,2026-10-29T02:00:00Z,,,,,KZFzniwnSyZfZ7v7nJ,Music,KnvZfZ7vAvl,Other,KZazBEonSMnZfZ7vk1I,Other,2026-09-20T22:44:02.205267+00:00
rZ7HnEZ1AfxAeK,Goth Night hosted by Gotica Nouveau,https://www.ticketweb.com/event/goth-night-hosted-by-gotica-vultures-tickets/14885093,rZ7HnEZ17fd1A,2026-10-28,20:00:00,2026-10-29T02:00:00Z,America/Denver,onsale,2026-04-27T16:00:00Z,2026-10-29T02:00:00Z,,,,,KZFzniwnSyZfZ7v7nJ,Music,KnvZfZ7vAvv,Alternative,KZazBEonSMnZfZ7vAen,Goth,2026-09-20T22:44:02.205267+00:00
Z7r9jZ1A7O0qF,"Cypress Hill and Method Man and Redman: Haunted Rocks with De La Soul, Digable Planets, Hieroglyphics, and The Pharcyde",https://www.ticketmaster.com/event/Z7r9jZ1A7O0qF,ZFr9jZe71a,2026-10-29,18:00:00,2026-10-30T00:00:00Z,,onsale,1900-01-01T06:00:00Z,2026-10-30T00:00:00Z,,,,,KZFzniwnSyZfZ7v7nJ,Music,KnvZfZ7vAv1,Hip-Hop/Rap,KZazBEonSMnZfZ7vkvl,Hip-Hop/Rap,2026-09-20T22:44:02.205267+00:00
16tZk3bkZZA2d7Gu,Icon for Hire: Scripted 15 Year Anniversary Tour,https://www.ticketweb.com/event/icon-for-hire-scripted-15-black-sheep-tickets/14879973?REFERRAL_ID=tmfeed,KovZpZAJ77kA,2026-10-29,19:00:00,2026-10-30T01:00:00Z,America/Denver,onsale,2026-04-29T16:00:00Z,2026-10-30T01:00:00Z,,,,,KZFzniwnSyZfZ7v7nJ,Music,KnvZfZ7vAeA,Rock,KZazBEonSMnZfZ7v6dt,Alternative Rock,2026-09-20T22:44:02.205267+00:00
G5vzZ_1DeZHF3,Dan + Shay: The Young Tour,https://www.ticketmaster.com/dan-shay-the-young-tour-denver-colorado-10-29-2026/event/1E0064AEC203C212,KovZpZAFaJeA,2026-10-29,19:00:00,2026-10-30T01:00:00Z,America/Denver,onsale,2026-05-22T16:00:00Z,2026-10-30T03:00:00Z,,,,LIVE NATION MUSIC,KZFzniwnSyZfZ7v7nJ,Music,KnvZfZ7vAv6,Country,KZazBEonSMnZfZ7vAFa,Country,2026-09-20T22:44:02.205267+00:00
G5vzZ_5wQAyl8,Club Level Seating: Dan + Shay,https://www.ticketmaster.com/club-level-seating-dan-shay-denver-colorado-10-29-2026/event/1E0064BC9A179AD0,KovZpZAFaJeA,2026-10-29,19:00:00,2026-10-30T01:00:00Z,America/Denver,onsale,2026-05-29T16:00:00Z,2026-10-30T02:00:00Z,,,,PROMOTED BY VENUE,KZFzniwnSyZfZ7v7nJ,Music,KnvZfZ7vAv6,Country,KZazBEonSMnZfZ7vAFa,Country,2026-09-20T22:44:02.205267+00:00
G5vzZ_urH4l3t,Sophie Hunter Presents: Stereoscope The Tour,https://www.ticketmaster.com/sophie-hunter-presents-stereoscope-the-tour-denver-colorado-10-29-2026/event/1E0064D7BC56B4A9,KovZpZAJeFkA,2026-10-29,19:00:00,2026-10-30T01:00:00Z,America/Denver,onsale,2026-06-26T18:00:00Z,2026-10-30T03:00:00Z,,,,LIVE NATION MUSIC,KZFzniwnSyZfZ7v7nJ,Music,KnvZfZ7vAev,Pop,KZazBEonSMnZfZ7vaEl,Electro Pop,2026-09-20T22:44:02.205267+00:00
Z7r9jZ1A70vq-,Icon for Hire w/ Lauren Babic,https://www.ticketmaster.com/event/Z7r9jZ1A70vq-,ZFr9jZAFk1,2026-10-29,19:00:00,2026-10-30T01:00:00Z,,onsale,2026-04-29T16:00:00Z,2026-10-30T01:00:00Z,,,,,KZFzniwnSyZfZ7v7nJ,Music,KnvZfZ7vAvv,Alternative,KZazBEonSMnZfZ7vAvn,Alternative Rock,2026-09-20T22:44:02.205267+00:00
Z7r9jZ1A7P3Q4,Plini (16 and Over),https://www.ticketmaster.com/event/Z7r9jZ1A7P3Q4,ZFr9jZdde7,2026-10-29,19:00:00,2026-10-30T01:00:00Z,,onsale,1900-01-01T06:00:00Z,2026-10-30T01:00:00Z,,,,,KZFzniwnSyZfZ7v7nJ,Music,KnvZfZ7vAvl,Other,KZazBEonSMnZfZ7vk1I,Other,2026-09-20T22:44:02.205267+00:00
rZ7HnEZ1AfPooS,"Steven Curtis Chapman: SPEECHLESS 25th Anniversary Tour - Colorado Springs, CO",https://www.ticketweb.com/event/steven-curtis-chapman-speechless-25th-new-life-church-tickets/14951473,rZ7HnEZ17q300,2026-10-29,19:00:00,2026-10-30T01:00:00Z,America/Denver,onsale,2026-05-29T19:00:00Z,2026-10-30T02:00:00Z,30.0,121.6,USD,,KZFzniwnSyZfZ7v7nJ,Music,KnvZfZ7vAeA,Rock,KZazBEonSMnZfZ7v6F1,Pop,2026-09-20T22:44:02.205267+00:00
Z7r9jZ1A70JGP,Colorado Symphony Orchestra presents Disney Tim Burton???s The Nightmare Before Christmas,https://www.ticketmaster.com/event/Z7r9jZ1A70JGP,Z6r9jZdv1e,2026-10-29,19:30:00,2026-10-30T01:30:00Z,,onsale,1900-01-01T06:00:00Z,2026-10-30T01:30:00Z,,,,,KZFzniwnSyZfZ7v7nJ,Music,KnvZfZ7vAvl,Other,KZazBEonSMnZfZ7vk1I,Other,2026-09-20T22:44:02.205267+00:00
G5vzZ_89En4GP,Waterparks: The (Almost) No Barricade Tour,https://theorientaltheater.holdmyticket.com/tickets/465482,KovZpaprpe,2026-10-29,20:00:00,2026-10-30T02:00:00Z,America/Denver,onsale,2026-08-14T16:00:00Z,2026-10-30T02:00:00Z,,,,LIVE NATION MUSIC,KZFzniwnSyZfZ7v7nJ,Music,KnvZfZ7vAeA,Rock,KZazBEonSMnZfZ7v6F1,Pop,2026-09-20T22:44:02.205267+00:00
Z7r9jZ1A7J6oo,Melvin Seals w/ JGB,https://www.ticketmaster.com/event/Z7r9jZ1A7J6oo,ZFr9jZkve6,2026-10-29,20:00:00,2026-10-30T02:00:00Z,,onsale,1900-01-01T06:00:00Z,2026-10-30T02:00:00Z,,,,,KZFzniwnSyZfZ7v7nJ,Music,KnvZfZ7vAvl,Other,KZazBEonSMnZfZ7vk1I,Other,2026-09-20T22:44:02.205267+00:00
Z7r9jZ1A7PU0P,Dinosaur Jr (16 and Over),https://www.ticketmaster.com/event/Z7r9jZ1A7PU0P,ZFr9jZedde,2026-10-29,20:00:00,2026-10-30T02:00:00Z,,onsale,1900-01-01T06:00:00Z,2026-10-30T02:00:00Z,,,,,KZFzniwnSyZfZ7v7nJ,Music,KnvZfZ7vAvv,Alternative,KZazBEonSMnZfZ7vAvn,Alternative Rock,2026-09-20T22:44:02.205267+00:00
Z7r9jZ1AAZOoU,Waterparks: The (Almost) No Barricade Tour,https://www.ticketmaster.com/event/Z7r9jZ1AAZOoU,ZFr9jZe1Av,2026-10-29,20:00:00,2026-10-30T02:00:00Z,,onsale,2026-08-14T16:00:00Z,2026-10-30T02:00:00Z,,,,LIVE NATION MUSIC,KZFzniwnSyZfZ7v7nJ,Music,KnvZfZ7vAvl,Other,KZazBEonSMnZfZ7vk1I,Other,2026-09-20T22:44:02.205267+00:00
rZ7HnEZ1AfZUbf,$5 Thursdays!,https://www.ticketweb.com/event/5-thursdays-la-rumba-tickets/14036614,rZ7HnEZ173pGP,2026-10-29,20:00:00,2026-10-30T02:00:00Z,America/Denver,onsale,2026-01-02T05:20:00Z,2027-10-23T02:00:00Z,8.73,8.73,USD,,KZFzniwnSyZfZ7v7nJ,Music,KnvZfZ7vAeF,World,KZazBEonSMnZfZ7vFdJ,Latin,2026-09-20T22:44:02.588228+00:00
rZ7HnEZ1Afappf,KOLBY COOPER,https://www.ticketweb.com/event/kolby-cooper-whiskey-rose-tickets/14256594,rZ7HnEZ17q_Qf,2026-10-29,20:00:00,2026-10-30T02:00:00Z,America/Denver,onsale,2026-07-13T17:00:00Z,2026-10-30T05:30:00Z,24.2,24.2,USD,,KZFzniwnSyZfZ7v7nJ,Music,KnvZfZ7vAv6,Country,KZazBEonSMnZfZ7vAF1,Alternative Country,2026-09-20T22:44:02.588228+00:00
G5vzZ_8KJB71j,Itchy-o Hallowmass 2026,https://www.ticketmaster.com/itchyo-hallowmass-2026-denver-colorado-10-30-2026/event/1E006504E6E8429C,KovZpZAFFt1A,2026-10-30,19:00:00,2026-10-31T01:00:00Z,America/Denver,onsale,2026-08-14T16:00:00Z,2026-10-31T03:00:00Z,,,,LIVE NATION MUSIC,KZFzniwnSyZfZ7v7nJ,Music,KnvZfZ7vAvl,Other,KZazBEonSMnZfZ7vk1I,Other,2026-09-20T22:44:02.588228+00:00
G5vzZ_CTf25xe,Greg Freeman,https://www.ticketmaster.com/greg-freeman-denver-colorado-10-30-2026/event/1E0064EFD43CB882,KovZpZAJeFkA,2026-10-30,19:00:00,2026-10-31T01:00:00Z,America/Denver,onsale,2026-07-24T16:00:00Z,2026-10-31T03:00:00Z,,,,LIVE NATION MUSIC,KZFzniwnSyZfZ7v7nJ,Music,KnvZfZ7vAeA,Rock,KZazBEonSMnZfZ7v6F1,Pop,2026-09-20T22:44:02.588228+00:00
G5vzZ_aRcoUmU,Icon for Hire,https://thefederaltheatre.holdmyticket.com/tickets/462247,KovZ917AVFY,2026-10-30,19:00:00,2026-10-31T01:00:00Z,America/Denver,onsale,2026-05-01T16:00:00Z,2026-10-31T01:00:00Z,,,,LIVE NATION MUSIC,KZFzniwnSyZfZ7v7nJ,Music,KnvZfZ7vAeA,Rock,KZazBEonSMnZfZ7v6dt,Alternative Rock,2026-09-20T22:44:02.588228+00:00
G5vzZ_o3zNqsK,"Haunted Mansion feat. LOUD LUXURY, BRYCE ALAKAI, MC4D + more!",https://www.ticketmaster.com/haunted-mansion-feat-loud-luxury-bryce-denver-colorado-10-30-2026/event/1E006514B88DDC53,KovZpZAE6eJA,2026-10-30,19:00:00,2026-10-31T01:00:00Z,America/Denver,onsale,2026-08-28T16:00:00Z,2026-10-31T03:00:00Z,,,,LIVE NATION MUSIC,KZFzniwnSyZfZ7v7nJ,Music,KnvZfZ7vAvF,Dance/Electronic,KZazBEonSMnZfZ7vaEn,Amapiano,2026-09-20T22:44:02.588228+00:00
G5vzZ_ueOeM8A,Paramount Theatre Club Seating - Fred Armisen,https://www.ticketmaster.com/paramount-theatre-club-seating-fred-armisen-denver-colorado-10-30-2026/event/1E0064D0A00B7405,KovZpZAFa1nA,2026-10-30,19:00:00,2026-10-31T01:00:00Z,America/Denver,onsale,2026-06-18T16:00:00Z,2026-10-31T02:00:00Z,,,,PROMOTED BY VENUE,KZFzniwnSyZfZ7v7nJ,Music,KnvZfZ7vAvl,Other,KZazBEonSMnZfZ7vk1I,Other,2026-09-20T22:44:02.588228+00:00
Z7r9jZ1A707b3,Icon for Hire,https://www.ticketmaster.com/event/Z7r9jZ1A707b3,Z7r9jZakK6,2026-10-30,19:00:00,2026-10-31T01:00:00Z,,onsale,2026-05-01T16:00:00Z,2026-10-31T01:00:00Z,,,,LIVE NATION MUSIC,KZFzniwnSyZfZ7v7nJ,Music,KnvZfZ7vAvv,Alternative,KZazBEonSMnZfZ7vAvn,Alternative Rock,2026-09-20T22:44:02.588228+00:00
rZ7HnEZ1AfZU87,Ladies Night & Noche Sonidera,https://www.ticketweb.com/event/ladies-night-noche-sonidera-la-rumba-tickets/14036404,rZ7HnEZ173pGP,2026-10-30,19:00:00,2026-10-31T01:00:00Z,America/Denver,onsale,2026-01-02T05:15:00Z,2027-10-24T01:00:00Z,14.13,14.13,USD,,KZFzniwnSyZfZ7v7nJ,Music,KnvZfZ7vAeF,World,KZazBEonSMnZfZ7vFdJ,Latin,2026-09-20T22:44:02.588228+00:00
1Ae0Z_aGkSB_80C,"Wednesday 13, Dead On a Sunday, Above Snakes",https://www.ticketweb.com/event/wednesday-13-dead-on-a-black-sheep-tickets/14887263?REFERRAL_ID=tmfeed,KovZpZAJ77kA,2026-10-30,19:30:00,2026-10-31T01:30:00Z,America/Denver,onsale,2026-05-01T16:00:00Z,2026-10-31T01:30:00Z,,,,,KZFzniwnSyZfZ7v7nJ,Music,KnvZfZ7vAvt,Metal,KZazBEonSMnZfZ7vaJ6,Nu-Metal,2026-09-20T22:44:02.588228+00:00
Z7r9jZ1A70AAk,Wednesday 13 w/ Dead on a Sunday,https://www.ticketmaster.com/event/Z7r9jZ1A70AAk,ZFr9jZAFk1,2026-10-30,19:30:00,2026-10-31T01:30:00Z,,onsale,2026-05-01T16:00:00Z,2026-10-31T01:30:00Z,,,,,KZFzniwnSyZfZ7v7nJ,Music,KnvZfZ7vAvl,Other,KZazBEonSMnZfZ7vk1I,Other,2026-09-20T22:44:02.588228+00:00
Z7r9jZ1A7x4Qp,Deadmau5,https://www.ticketmaster.com/event/Z7r9jZ1A7x4Qp,ZFr9jZe71a,2026-10-30,19:30:00,2026-10-31T01:30:00Z,,onsale,1900-01-01T06:00:00Z,2026-10-31T01:30:00Z,,,,,KZFzniwnSyZfZ7v7nJ,Music,KnvZfZ7vAvF,Dance/Electronic,KZazBEonSMnZfZ7vA1E,Dance/Electronic,2026-09-20T22:44:02.588228+00:00
Z7r9jZ1AAZ0aA,Colorado Symphony Orchestra w/ The Nightmare Before Christmas in Concert,https://www.ticketmaster.com/event/Z7r9jZ1AAZ0aA,Z6r9jZdv1e,2026-10-30,19:30:00,2026-10-31T01:30:00Z,,onsale,1900-01-01T06:00:00Z,2026-10-31T01:30:00Z,,,,,KZFzniwnSyZfZ7v7nJ,Music,KnvZfZ7vAvl,Other,KZazBEonSMnZfZ7vk1I,Other,2026-09-20T22:44:02.588228+00:00
Z7r9jZ1AAZIGp,Colorado Springs Philharmonic presents Edward Scissorhands,https://www.ticketmaster.com/event/Z7r9jZ1AAZIGp,ZFr9jZe777,2026-10-30,19:30:00,2026-10-31T01:30:00Z,,onsale,1900-01-01T06:00:00Z,2026-10-31T01:30:00Z,,,,,KZFzniwnSyZfZ7v7nJ,Music,KnvZfZ7vAvl,Other,KZazBEonSMnZfZ7vk1I,Other,2026-09-20T22:44:02.588228+00:00
1718v0G62Toh-vh,Prince Daddy and the Hyena W/ Combat & Walter Etc @ What's Left Record,https://www.ticketweb.com/event/prince-daddy-and-the-hyena-whats-left-records-tickets/15003273?REFERRAL_ID=tmfeed,KovZpZAJdAvA,2026-10-30,20:00:00,2026-10-31T02:00:00Z,America/Denver,onsale,2026-08-06T16:00:00Z,2026-10-31T02:00:00Z,,,,,KZFzniwnSyZfZ7v7nJ,Music,KnvZfZ7vAeA,Rock,KZazBEonSMnZfZ7v6dt,Alternative Rock,2026-09-20T22:44:02.588228+00:00
G5vzZ_8K7-m0v,George Clanton,https://hqdenver.holdmyticket.com/tickets/465378,KovZ917ARbC,2026-10-30,20:00:00,2026-10-31T02:00:00Z,America/Denver,onsale,2026-08-07T16:00:00Z,2026-10-31T02:00:00Z,,,,LIVE NATION MUSIC,KZFzniwnSyZfZ7v7nJ,Music,KnvZfZ7vAeA,Rock,KZazBEonSMnZfZ7v6F1,Pop,2026-09-20T22:44:02.588228+00:00
Z7r9jZ1A7-3bb,Matroda - Ages 16+,https://www.ticketmaster.com/event/Z7r9jZ1A7-3bb,Z7r9jZadVI,2026-10-30,20:00:00,2026-10-31T02:00:00Z,,onsale,1900-01-01T06:00:00Z,2026-10-31T02:00:00Z,,,,,KZFzniwnSyZfZ7v7nJ,Music,KnvZfZ7vAvl,Other,KZazBEonSMnZfZ7vk1I,Other,2026-09-20T22:44:02.588228+00:00
Z7r9jZ1A70tPx,King Buffalo (16 and Over),https://www.ticketmaster.com/event/Z7r9jZ1A70tPx,Z6r9jZdvee,2026-10-30,20:00:00,2026-10-31T02:00:00Z,,onsale,2026-05-22T16:00:00Z,2026-10-31T02:00:00Z,,,,,KZFzniwnSyZfZ7v7nJ,Music,KnvZfZ7vAvl,Other,KZazBEonSMnZfZ7vk1I,Other,2026-09-20T22:44:02.588228+00:00
Z7r9jZ1A7P-jI,Sienna Spiro (16 and Over),https://www.ticketmaster.com/event/Z7r9jZ1A7P-jI,ZFr9jZdde7,2026-10-30,20:00:00,2026-10-31T02:00:00Z,,onsale,1900-01-01T06:00:00Z,2026-10-31T02:00:00Z,,,,,KZFzniwnSyZfZ7v7nJ,Music,KnvZfZ7vAev,Pop,KZazBEonSMnZfZ7vk1t,Pop,2026-09-20T22:44:02.588228+00:00
Z7r9jZ1A7Pg_s,The Motet w/ Diggin Dirt,https://www.ticketmaster.com/event/Z7r9jZ1A7Pg_s,ZFr9jZkk1d,2026-10-30,20:00:00,2026-10-31T02:00:00Z,,onsale,1900-01-01T06:00:00Z,2026-10-31T02:00:00Z,,,,,KZFzniwnSyZfZ7v7nJ,Music,KnvZfZ7vAvl,Other,KZazBEonSMnZfZ7vk1I,Other,2026-09-20T22:44:02.588228+00:00
Z7r9jZ1AAZbjs,George Clanton,https://www.ticketmaster.com/event/Z7r9jZ1AAZbjs,Z7r9jZa7h0,2026-10-30,20:00:00,2026-10-31T02:00:00Z,,onsale,2026-08-07T16:00:00Z,2026-10-31T02:00:00Z,,,,LIVE NATION MUSIC,KZFzniwnSyZfZ7v7nJ,Music,KnvZfZ7vAvl,Other,KZazBEonSMnZfZ7vk1I,Other,2026-09-20T22:44:02.588228+00:00
rZ7HnEZ1Afa_oV,Aaron Watson,https://www.ticketweb.com/event/aaron-watson-grizzly-rose-tickets/14259474,rZ7HnEZ17uJbA,2026-10-30,20:00:00,2026-10-31T02:00:00Z,America/Denver,onsale,2026-08-27T16:00:00Z,2026-10-31T05:30:00Z,24.15,24.15,USD,,KZFzniwnSyZfZ7v7nJ,Music,KnvZfZ7vAv6,Country,KZazBEonSMnZfZ7vAFa,Country,2026-09-20T22:44:02.588228+00:00
G5vzZ_G5AW2id,AUSTERIA: Beyond The Veil,https://tickets.meowwolf.com/events/denver/austeria/,KovZ917AYbY,2026-10-30,21:00:00,2026-10-31T03:00:00Z,America/Denver,onsale,2026-05-06T16:00:00Z,2026-10-31T03:00:00Z,,,,LIVE NATION MUSIC,KZFzniwnSyZfZ7v7nJ,Music,KnvZfZ7vAev,Pop,KZazBEonSMnZfZ7vaEl,Electro Pop,2026-09-20T22:44:02.588228+00:00
Z7r9jZ1A7PAPa,AUSTERIA: Beyond The Veil,https://www.ticketmaster.com/event/Z7r9jZ1A7PAPa,Z7r9jZa7j5,2026-10-30,21:00:00,2026-10-31T03:00:00Z,,onsale,2026-05-06T16:00:00Z,2026-10-31T03:00:00Z,,,,LIVE NATION MUSIC,KZFzniwnSyZfZ7v7nJ,Music,KnvZfZ7vAvF,Dance/Electronic,KZazBEonSMnZfZ7vA1E,Dance/Electronic,2026-09-20T22:44:02.588228+00:00
rZ7HnEZ1A4vk-S,DANI FLOW EN CONCIERTO,https://www.ticketweb.com/event/dani-flow-en-concierto-stampede-tickets/15046873,rZ7HnEZ173p1A,2026-10-30,22:00:00,2026-10-31T04:00:00Z,America/Denver,onsale,2026-08-19T18:00:00Z,2026-10-31T01:00:00Z,81.86,113.88,USD,,KZFzniwnSyZfZ7v7nJ,Music,KnvZfZ7vAeF,World,KZazBEonSMnZfZ7v6Jt,World,2026-09-20T22:44:02.588228+00:00
rZ7HnEZ1Af13xf,Andrew Rayel,https://www.ticketweb.com/event/andrew-rayel-the-church-nightclub-tickets/14292894,rZ7HnEZ17qf4V,2026-10-30,22:00:00,2026-10-31T04:00:00Z,America/Denver,onsale,2026-08-31T18:00:00Z,2026-10-31T08:00:00Z,24.95,24.95,USD,INSOMNIAC PRESENTS,KZFzniwnSyZfZ7v7nJ,Music,KnvZfZ7vAvF,Dance/Electronic,KZazBEonSMnZfZ7vAtt,Trance,2026-09-20T22:44:02.588228+00:00
G5vzZ_8KJHf1l,Itchy-O Hallowmass 2026 - 2 Day Pass,https://www.ticketmaster.com/itchyo-hallowmass-2026-2-day-pass-denver-colorado-10-30-2026/event/1E006504E6F142AB,KovZpZAFFt1A,2026-10-30,,,America/Denver,onsale,2026-08-14T16:00:00Z,2026-11-01T03:00:00Z,,,,LIVE NATION MUSIC,KZFzniwnSyZfZ7v7nJ,Music,KnvZfZ7vAvl,Other,KZazBEonSMnZfZ7vk1I,Other,2026-09-20T22:44:02.588228+00:00
Z7r9jZ1AAZ0ak,Colorado Symphony Orchestra w/ The Nightmare Before Christmas in Concert,https://www.ticketmaster.com/event/Z7r9jZ1AAZ0ak,Z6r9jZdv1e,2026-10-31,14:00:00,2026-10-31T20:00:00Z,,onsale,1900-01-01T06:00:00Z,2026-10-31T20:00:00Z,,,,,KZFzniwnSyZfZ7v7nJ,Music,KnvZfZ7vAvl,Other,KZazBEonSMnZfZ7vk1I,Other,2026-09-20T22:44:02.588228+00:00
1718v0G6CMbxo4z,"Spite, Stick To Your Guns, No Cure, Vomit Forth",https://www.ticketweb.com/event/spite-stick-to-your-guns-black-sheep-tickets/14256184?REFERRAL_ID=tmfeed,KovZpZAJ77kA,2026-10-31,19:00:00,2026-11-01T01:00:00Z,America/Denver,onsale,2026-07-16T16:00:00Z,2026-11-01T01:00:00Z,,,,,KZFzniwnSyZfZ7v7nJ,Music,KnvZfZ7vAvt,Metal,KZazBEonSMnZfZ7vaJ6,Nu-Metal,2026-09-20T22:44:03.417698+00:00
G5vzZ_8KJDf10,Itchy-o Hallowmass 2026,https://www.ticketmaster.com/itchyo-hallowmass-2026-denver-colorado-10-31-2026/event/1E006504E6ED42A4,KovZpZAFFt1A,2026-10-31,19:00:00,2026-11-01T01:00:00Z,America/Denver,onsale,2026-08-14T16:00:00Z,2026-11-01T03:00:00Z,,,,LIVE NATION MUSIC,KZFzniwnSyZfZ7v7nJ,Music,KnvZfZ7vAvl,Other,KZazBEonSMnZfZ7vk1I,Other,2026-09-20T22:44:03.417698+00:00
G5vzZ_CJKgAw1,she's green,https://www.ticketmaster.com/shes-green-denver-colorado-10-31-2026/event/1E0064E993D45C8A,KovZ917Aai0,2026-10-31,19:00:00,2026-11-01T01:00:00Z,America/Denver,onsale,2026-07-17T16:00:00Z,2026-11-01T03:00:00Z,,,,MISCELLANEOUS PROMOTER,KZFzniwnSyZfZ7v7nJ,Music,KnvZfZ7vAeA,Rock,KZazBEonSMnZfZ7v6dt,Alternative Rock,2026-09-20T22:44:03.417698+00:00
G5vzZ_FL1wi9j,Weatherday,https://www.ticketmaster.com/weatherday-denver-colorado-10-31-2026/event/1E006487CACAC5DC,KovZpZAJeFkA,2026-10-31,19:00:00,2026-11-01T01:00:00Z,America/Denver,onsale,2026-04-10T16:00:00Z,2026-11-01T03:00:00Z,,,,LIVE NATION MUSIC,KZFzniwnSyZfZ7v7nJ,Music,KnvZfZ7vAeA,Rock,KZazBEonSMnZfZ7v6dt,Alternative Rock,2026-09-20T22:44:03.417698+00:00
rZ7HnEZ1AfZgpf,Sabados Sabrosos!,https://www.ticketweb.com/event/sabados-sabrosos-la-rumba-tickets/14035594,rZ7HnEZ173pGP,2026-10-31,19:00:00,2026-11-01T01:00:00Z,America/Denver,onsale,2026-01-02T05:00:00Z,2027-10-24T01:00:00Z,25.18,25.18,USD,,KZFzniwnSyZfZ7v7nJ,Music,KnvZfZ7vAeF,World,KZazBEonSMnZfZ7vFdJ,Latin,2026-09-20T22:44:03.417698+00:00
Z7r9jZ1A7x4Q4,Deadmau5,https://www.ticketmaster.com/event/Z7r9jZ1A7x4Q4,ZFr9jZe71a,2026-10-31,19:30:00,2026-11-01T01:30:00Z,,onsale,1900-01-01T06:00:00Z,2026-11-01T01:30:00Z,,,,,KZFzniwnSyZfZ7v7nJ,Music,KnvZfZ7vAvF,Dance/Electronic,KZazBEonSMnZfZ7vA1E,Dance/Electronic,2026-09-20T22:44:03.417698+00:00
Z7r9jZ1AAZIGb,Colorado Springs Philharmonic presents Edward Scissorhands,https://www.ticketmaster.com/event/Z7r9jZ1AAZIGb,ZFr9jZe777,2026-10-31,19:30:00,2026-11-01T01:30:00Z,,onsale,1900-01-01T06:00:00Z,2026-11-01T01:30:00Z,,,,,KZFzniwnSyZfZ7v7nJ,Music,KnvZfZ7vAvl,Other,KZazBEonSMnZfZ7vk1I,Other,2026-09-20T22:44:03.417698+00:00
G5vzZ_onQ9EoM,Young Nudy,https://www.ticketmaster.com/young-nudy-denver-colorado-10-31-2026/event/1E00651A9A5E7477,KovZpZAE6eJA,2026-10-31,20:00:00,2026-11-01T02:00:00Z,America/Denver,onsale,2026-08-28T15:00:00Z,2026-11-01T04:00:00Z,,,,LIVE NATION MUSIC,KZFzniwnSyZfZ7v7nJ,Music,KnvZfZ7vAv1,Hip-Hop/Rap,KZazBEonSMnZfZ7vaEI,Trap,2026-09-20T22:44:03.417698+00:00
Z7r9jZ1A708-v,Jason Leech (16 and Over),https://www.ticketmaster.com/event/Z7r9jZ1A708-v,Z6r9jZdvee,2026-10-31,20:00:00,2026-11-01T02:00:00Z,,onsale,1900-01-01T06:00:00Z,2026-11-01T02:00:00Z,,,,,KZFzniwnSyZfZ7v7nJ,Music,KnvZfZ7vAvF,Dance/Electronic,KZazBEonSMnZfZ7vA1E,Dance/Electronic,2026-09-20T22:44:03.417698+00:00
Z7r9jZ1A7Pg_w,The Motet w/ The Jauntee,https://www.ticketmaster.com/event/Z7r9jZ1A7Pg_w,ZFr9jZkk1d,2026-10-31,20:00:00,2026-11-01T02:00:00Z,,onsale,1900-01-01T06:00:00Z,2026-11-01T02:00:00Z,,,,,KZFzniwnSyZfZ7v7nJ,Music,KnvZfZ7vAvl,Other,KZazBEonSMnZfZ7vk1I,Other,2026-09-20T22:44:03.417698+00:00
Z7r9jZ1A7Pvuo,Whethan (16 and Over),https://www.ticketmaster.com/event/Z7r9jZ1A7Pvuo,Z7r9jZadVI,2026-10-31,20:00:00,2026-11-01T02:00:00Z,,onsale,1900-01-01T06:00:00Z,2026-11-01T02:00:00Z,,,,,KZFzniwnSyZfZ7v7nJ,Music,KnvZfZ7vAvl,Other,KZazBEonSMnZfZ7vk1I,Other,2026-09-20T22:44:03.417698+00:00
Z7r9jZ1A7Pw4s,Wednesday 13 w/ Dead on a Sunday,https://www.ticketmaster.com/event/Z7r9jZ1A7Pw4s,Z7r9jZakK6,2026-10-31,20:00:00,2026-11-01T02:00:00Z,,onsale,1900-01-01T18:00:00Z,2026-11-01T02:00:00Z,,,,,KZFzniwnSyZfZ7v7nJ,Music,KnvZfZ7vAvl,Other,KZazBEonSMnZfZ7vk1I,Other,2026-09-20T22:44:03.417698+00:00
Z7r9jZ1A7x9Ad,ShadowGrass (16 and Over),https://www.ticketmaster.com/event/Z7r9jZ1A7x9Ad,ZFr9jZedde,2026-10-31,20:00:00,2026-11-01T02:00:00Z,,onsale,1900-01-01T06:00:00Z,2026-11-01T02:00:00Z,,,,,KZFzniwnSyZfZ7v7nJ,Music,KnvZfZ7vAv6,Country,KZazBEonSMnZfZ7vAFI,Bluegrass,2026-09-20T22:44:03.417698+00:00
Z7r9jZ1AAZN48,George Clanton w/ The Speeks,https://www.ticketmaster.com/event/Z7r9jZ1AAZN48,Z6r9jZk1ee,2026-10-31,20:00:00,2026-11-01T02:00:00Z,,onsale,1900-01-01T18:00:00Z,2026-11-01T02:00:00Z,,,,,KZFzniwnSyZfZ7v7nJ,Music,KnvZfZ7vAvl,Other,KZazBEonSMnZfZ7vk1I,Other,2026-09-20T22:44:03.417698+00:00
Z7r9jZ1A7Pfqv,Julia Jacklin (16 and Over),https://www.ticketmaster.com/event/Z7r9jZ1A7Pfqv,ZFr9jZdde7,2026-10-31,21:00:00,2026-11-01T03:00:00Z,,onsale,1900-01-01T06:00:00Z,2026-11-01T03:00:00Z,,,,,KZFzniwnSyZfZ7v7nJ,Music,KnvZfZ7vAvl,Other,KZazBEonSMnZfZ7vk1I,Other,2026-09-20T22:44:03.417698+00:00
rZ7HnEZ1AfG4PV,Frank Reyes En Concierto,https://www.ticketweb.com/event/frank-reyes-en-concierto-stampede-tickets/14315974,rZ7HnEZ173p1A,2026-10-31,21:00:00,2026-11-01T03:00:00Z,America/Denver,onsale,2026-09-04T16:55:00Z,2026-11-01T01:00:00Z,55.17,55.17,USD,,KZFzniwnSyZfZ7v7nJ,Music,KnvZfZ7vAeF,World,KZazBEonSMnZfZ7vFdJ,Latin,2026-09-20T22:44:03.417698+00:00
rZ7HnEZ1AfGakf,DJ Isaac,https://www.ticketweb.com/event/dj-isaac-club-vinyl-tickets/14309194,rZ7HnEZ17qf40,2026-10-31,22:00:00,2026-11-01T04:00:00Z,America/Denver,onsale,2026-09-09T18:00:00Z,2026-11-01T08:00:00Z,24.95,24.95,USD,INSOMNIAC PRESENTS,KZFzniwnSyZfZ7v7nJ,Music,KnvZfZ7vAvF,Dance/Electronic,KZazBEonSMnZfZ7vA1E,Dance/Electronic,2026-09-20T22:44:03.417698+00:00
rZ7HnEZ1AfGauf,Mall Grab,https://www.ticketweb.com/event/mall-grab-the-church-nightclub-tickets/14309354,rZ7HnEZ17qf4V,2026-10-31,22:00:00,2026-11-01T04:00:00Z,America/Denver,onsale,2026-09-11T17:00:00Z,2026-11-01T07:00:00Z,34.95,34.95,USD,INSOMNIAC PRESENTS,KZFzniwnSyZfZ7v7nJ,Music,KnvZfZ7vAvF,Dance/Electronic,KZazBEonSMnZfZ7vAI6,House,2026-09-20T22:44:03.417698+00:00
rZ7HnEZ1AfGvu7,sfam x KUMARION x M?STIC,https://www.ticketweb.com/event/sfam-x-kumarion-x-mstic-the-basement-at-club-vinyl-tickets/14301344,rZ7HnEZ17QA4S,2026-10-31,22:00:00,2026-11-01T04:00:00Z,America/Denver,onsale,2026-09-03T18:00:00Z,2026-11-01T07:00:00Z,24.95,24.95,USD,INSOMNIAC PRESENTS,KZFzniwnSyZfZ7v7nJ,Music,KnvZfZ7vAvF,Dance/Electronic,KZazBEonSMnZfZ7vA1E,Dance/Electronic,2026-09-20T22:44:03.417698+00:00
G5vzZ_8omJSQx,Thriller Night with DJ Rockstar Aaron *RSVP FOR FREE ENTRY!*,https://www.ticketmaster.com/thriller-night-with-dj-rockstar-aaron-denver-colorado-10-31-2026/event/1E0065046E9B36A2,KovZ917Aai0,2026-10-31,22:30:00,2026-11-01T04:30:00Z,America/Denver,onsale,2026-08-17T16:00:00Z,2026-11-01T06:30:00Z,,,,MISCELLANEOUS PROMOTER,KZFzniwnSyZfZ7v7nJ,Music,KnvZfZ7vAvF,Dance/Electronic,KZazBEonSMnZfZ7vaEn,Amapiano,2026-09-20T22:44:03.417698+00:00
G5vzZ_31DCDb3,Mohammed Assaf,https://www.ticketmaster.com/mohammed-assaf-denver-colorado-11-01-2026/event/1E006522BB3BB612,KovZpZAE6eJA,2026-11-01,18:00:00,2026-11-02T01:00:00Z,America/Denver,onsale,2026-09-07T18:00:00Z,2026-11-02T03:00:00Z,,,,LIVE NATION MUSIC,KZFzniwnSyZfZ7v7nJ,Music,KnvZfZ7vAeF,World,KZazBEonSMnZfZ7v6Jt,World,2026-09-20T22:44:03.417698+00:00
G5vzZ_FUokkC4,Teddy Swims: The UGLY Tour,https://www.ticketmaster.com/teddy-swims-the-ugly-tour-denver-colorado-11-01-2026/event/1E00648D91186395,KovZpZAFaJeA,2026-11-01,19:00:00,2026-11-02T02:00:00Z,America/Denver,onsale,2026-04-24T16:00:00Z,2026-11-02T04:00:00Z,,,,AEG LIVE,KZFzniwnSyZfZ7v7nJ,Music,KnvZfZ7vAev,Pop,KZazBEonSMnZfZ7vaEl,Electro Pop,2026-09-20T22:44:03.417698+00:00
G5vzZ_apQJU0S,Club Level Seating: Teddy Swims,https://www.ticketmaster.com/club-level-seating-teddy-swims-denver-colorado-11-01-2026/event/1E0064959A9B6933,KovZpZAFaJeA,2026-11-01,19:00:00,2026-11-02T02:00:00Z,America/Denver,onsale,2026-05-01T16:00:00Z,2026-11-02T03:00:00Z,,,,PROMOTED BY VENUE,KZFzniwnSyZfZ7v7nJ,Music,KnvZfZ7vAev,Pop,KZazBEonSMnZfZ7vk1t,Pop,2026-09-20T22:44:03.417698+00:00
Z7r9jZ1A70b3v,Basement w/ High Vis,https://www.ticketmaster.com/event/Z7r9jZ1A70b3v,ZFr9jZedde,2026-11-01,19:00:00,2026-11-02T02:00:00Z,,onsale,2026-05-14T16:00:00Z,2026-11-02T02:00:00Z,,,,,KZFzniwnSyZfZ7v7nJ,Music,KnvZfZ7vAeA,Rock,KZazBEonSMnZfZ7v6kl,Hard Rock,2026-09-20T22:44:03.417698+00:00
Z7r9jZ1A7Jd7M,The Billy Joel Legacy,https://www.ticketmaster.com/event/Z7r9jZ1A7Jd7M,ZFr9jZe777,2026-11-01,19:00:00,2026-11-02T02:00:00Z,,onsale,1900-01-01T06:00:00Z,2026-11-02T02:00:00Z,,,,,KZFzniwnSyZfZ7v7nJ,Music,KnvZfZ7vAeA,Rock,KZazBEonSMnZfZ7v6dI,Adult Contemporary,2026-09-20T22:44:03.417698+00:00
Z7r9jZ1AAZFok,Orville Peck (16 and Over),https://www.ticketmaster.com/event/Z7r9jZ1AAZFok,Z7r9jZadVI,2026-11-01,19:00:00,2026-11-02T02:00:00Z,,onsale,2026-07-31T16:00:00Z,2026-11-02T02:00:00Z,,,,,KZFzniwnSyZfZ7v7nJ,Music,KnvZfZ7vAvl,Other,KZazBEonSMnZfZ7vk1I,Other,2026-09-20T22:44:03.417698+00:00
rZ7HnEZ1AfZge7,SALSA & BACHATA SUNDAYS,https://www.ticketweb.com/event/salsa-bachata-sundays-la-rumba-tickets/14035084,rZ7HnEZ173pGP,2026-11-01,19:00:00,2026-11-02T02:00:00Z,America/Denver,onsale,2026-01-02T05:00:00Z,2027-10-25T01:00:00Z,14.13,14.13,USD,,KZFzniwnSyZfZ7v7nJ,Music,KnvZfZ7vAeF,World,KZazBEonSMnZfZ7vFdJ,Latin,2026-09-20T22:44:03.417698+00:00
1718v0G6CbGcsjK,Ho99o9 & N8NOFACE - Sincerely___ The Void,https://www.ticketweb.com/event/ho99o9-n8noface-black-sheep-tickets/14240624?REFERRAL_ID=tmfeed,KovZpZAJ77kA,2026-11-01,20:00:00,2026-11-02T03:00:00Z,America/Denver,onsale,2026-07-09T16:00:00Z,2026-11-02T03:00:00Z,,,,,KZFzniwnSyZfZ7v7nJ,Music,KnvZfZ7vAv1,Hip-Hop/Rap,KZazBEonSMnZfZ7vaEI,Trap,2026-09-20T22:44:03.417698+00:00
G5vzZ_19Z_cVa,Yandel - SINFÓNICO,https://www.axs.com/events/1434572/yandel-tickets,KovZpZAaeIvA,2026-11-01,20:00:00,2026-11-02T03:00:00Z,America/Denver,onsale,2026-05-08T16:00:00Z,2026-11-02T03:00:00Z,,,,LIVE NATION MUSIC,KZFzniwnSyZfZ7v7nJ,Music,KnvZfZ7vAJ6,Latin,KZazBEonSMnZfZ7va1a,Latin,2026-09-20T22:44:03.417698+00:00
G5vzZ_FBqSzYZ,Paramount Theatre Club Seating: Mon Laferte,https://www.ticketmaster.com/paramount-theatre-club-seating-mon-laferte-denver-colorado-11-01-2026/event/1E00648E9DCF8C00,KovZpZAFa1nA,2026-11-01,20:00:00,2026-11-02T03:00:00Z,America/Denver,onsale,2026-04-16T18:00:00Z,2026-11-02T04:00:00Z,,,,PROMOTED BY VENUE,KZFzniwnSyZfZ7v7nJ,Music,KnvZfZ7vAvl,Other,KZazBEonSMnZfZ7vk1I,Other,2026-09-20T22:44:03.417698+00:00
G5vzZ_kS-YG8l,Mon Laferte - Femme Fatale Tour,https://www.ticketmaster.com/mon-laferte-femme-fatale-tour-denver-colorado-11-01-2026/event/1E00646CE1C0C42B,KovZpZAFa1nA,2026-11-01,20:00:00,2026-11-02T03:00:00Z,America/Denver,onsale,2026-03-27T16:00:00Z,2026-11-02T05:00:00Z,,,,LIVE NATION MUSIC,KZFzniwnSyZfZ7v7nJ,Music,KnvZfZ7vAev,Pop,KZazBEonSMnZfZ7vaEl,Electro Pop,2026-09-20T22:44:03.417698+00:00
Z7r9jZ1A703Zy,Yandel - SINFONICO,https://www.ticketmaster.com/event/Z7r9jZ1A703Zy,ZFr9jZe71a,2026-11-01,20:00:00,2026-11-02T03:00:00Z,,onsale,2026-05-08T16:00:00Z,2026-11-02T03:00:00Z,,,,LIVE NATION MUSIC,KZFzniwnSyZfZ7v7nJ,Music,KnvZfZ7vAeF,World,,,2026-09-20T22:44:03.417698+00:00
Z7r9jZ1A70Iqv,Everclear (16 and Over),https://www.ticketmaster.com/event/Z7r9jZ1A70Iqv,ZFr9jZdde7,2026-11-01,20:00:00,2026-11-02T03:00:00Z,,onsale,1900-01-01T06:00:00Z,2026-11-02T03:00:00Z,,,,,KZFzniwnSyZfZ7v7nJ,Music,KnvZfZ7vAvv,Alternative,KZazBEonSMnZfZ7vAvn,Alternative Rock,2026-09-20T22:44:03.417698+00:00
Z7r9jZ1A70z7b,The Tallest Man on Earth,https://www.ticketmaster.com/event/Z7r9jZ1A70z7b,ZFr9jZdAk6,2026-11-01,20:00:00,2026-11-02T03:00:00Z,,onsale,2026-05-28T16:00:00Z,2026-11-02T03:00:00Z,,,,,KZFzniwnSyZfZ7v7nJ,Music,KnvZfZ7vAvl,Other,KZazBEonSMnZfZ7vk1I,Other,2026-09-20T22:44:03.417698+00:00
Z7r9jZ1A7Je_s,Ho99o9,https://www.ticketmaster.com/event/Z7r9jZ1A7Je_s,ZFr9jZAFk1,2026-11-01,20:00:00,2026-11-02T03:00:00Z,,onsale,2026-07-09T16:00:00Z,2026-11-02T03:00:00Z,,,,,KZFzniwnSyZfZ7v7nJ,Music,KnvZfZ7vAvl,Other,KZazBEonSMnZfZ7vk1I,Other,2026-09-20T22:44:03.417698+00:00
Z7r9jZ1A7Pw4S,Metalachi,https://www.ticketmaster.com/event/Z7r9jZ1A7Pw4S,Z7r9jZakK6,2026-11-01,20:00:00,2026-11-02T03:00:00Z,,onsale,1900-01-01T18:00:00Z,2026-11-02T03:00:00Z,,,,,KZFzniwnSyZfZ7v7nJ,Music,KnvZfZ7vAvl,Other,KZazBEonSMnZfZ7vk1I,Other,2026-09-20T22:44:03.417698+00:00
G5vzZ_52GYqPQ,Periphery - A Pale White Dot US Tour,https://www.ticketmaster.com/periphery-a-pale-white-dot-us-denver-colorado-11-02-2026/event/1E0064B3CCC1D95A,KovZpZAE6eJA,2026-11-02,17:00:00,2026-11-03T00:00:00Z,America/Denver,onsale,2026-05-29T16:00:00Z,2026-11-03T02:00:00Z,,,,LIVE NATION MUSIC,KZFzniwnSyZfZ7v7nJ,Music,KnvZfZ7vAeA,Rock,KZazBEonSMnZfZ7v6dt,Alternative Rock,2026-09-20T22:44:03.417698+00:00
G5vzZ_2KcPwzl,Quadeca,https://www.ticketmaster.com/quadeca-denver-colorado-11-02-2026/event/1E0064F4ED972E2B,KovZpZAFFt1A,2026-11-02,18:00:00,2026-11-03T01:00:00Z,America/Denver,onsale,2026-07-31T16:00:00Z,2026-11-03T03:00:00Z,,,,LIVE NATION MUSIC,KZFzniwnSyZfZ7v7nJ,Music,KnvZfZ7vAv1,Hip-Hop/Rap,KZazBEonSMnZfZ7vaEI,Trap,2026-09-20T22:44:03.417698+00:00
G5vzZ_uewza1S,The Billy Joel Legacy - A Tribute Experience,https://www.ticketmaster.com/the-billy-joel-legacy-a-tribute-denver-colorado-11-02-2026/event/1E0064D0B2E092B3,KovZpZAFa1nA,2026-11-02,19:00:00,2026-11-03T02:00:00Z,America/Denver,onsale,2026-07-10T16:00:00Z,2026-11-03T04:00:00Z,,,,AEG LIVE,KZFzniwnSyZfZ7v7nJ,Music,KnvZfZ7vAev,Pop,KZazBEonSMnZfZ7vk1l,Adult Contemporary,2026-09-20T22:44:03.417698+00:00
Z7r9jZ1A70tCb,Thee Sinseers (16 and Over),https://www.ticketmaster.com/event/Z7r9jZ1A70tCb,ZFr9jZdde7,2026-11-02,20:00:00,2026-11-03T03:00:00Z,,onsale,1900-01-01T06:00:00Z,2026-11-03T03:00:00Z,,,,,KZFzniwnSyZfZ7v7nJ,Music,KnvZfZ7vAvl,Other,KZazBEonSMnZfZ7vk1I,Other,2026-09-20T22:44:03.417698+00:00
Z7r9jZ1A7PJ8A,Austin Giorgio,https://www.ticketmaster.com/event/Z7r9jZ1A7PJ8A,Z6r9jZdvee,2026-11-02,20:00:00,2026-11-03T03:00:00Z,,onsale,1900-01-01T06:00:00Z,2026-11-03T03:00:00Z,,,,,KZFzniwnSyZfZ7v7nJ,Music,KnvZfZ7vAvl,Other,KZazBEonSMnZfZ7vk1I,Other,2026-09-20T22:44:03.417698+00:00
Z7r9jZ1A7PtJo,Brand New,https://www.ticketmaster.com/event/Z7r9jZ1A7PtJo,Z7r9jZadVI,2026-11-02,20:00:00,2026-11-03T03:00:00Z,,onsale,2026-06-26T16:00:00Z,2026-11-03T03:00:00Z,,,,,KZFzniwnSyZfZ7v7nJ,Music,KnvZfZ7vAvv,Alternative,KZazBEonSMnZfZ7vAvn,Alternative Rock,2026-09-20T22:44:03.417698+00:00
Z7r9jZ1AAZPuz,Fuerza Regida - This Is Our Dream Tour 2026,https://www.ticketmaster.com/event/Z7r9jZ1AAZPuz,ZFr9jZe71a,2026-11-02,20:00:00,2026-11-03T03:00:00Z,,onsale,2026-08-14T16:00:00Z,2026-11-03T03:00:00Z,,,,LIVE NATION MUSIC,KZFzniwnSyZfZ7v7nJ,Music,KnvZfZ7vAvl,Other,KZazBEonSMnZfZ7vk1I,Other,2026-09-20T22:44:03.417698+00:00
G5vzZ_8noopQE,Fuerza Regida - This Is Our Dream Tour 2026,https://www.axs.com/events/1551452/fuerza-regida-this-is-our-dream-tour-2026-tickets,KovZpZAaeIvA,2026-11-02,20:30:00,2026-11-03T03:30:00Z,America/Denver,onsale,2026-08-14T16:00:00Z,2026-11-03T03:30:00Z,,,,LIVE NATION MUSIC,KZFzniwnSyZfZ7v7nJ,Music,KnvZfZ7vAJ6,Latin,KZazBEonSMnZfZ7va1a,Latin,2026-09-20T22:44:03.417698+00:00
G5vzZ_5nhWFMO,Knocked Loose & Denzel Curry,https://www.ticketmaster.com/knocked-loose-denzel-curry-denver-colorado-11-03-2026/event/1E0064BA9BF48DE0,KovZpZAE6eJA,2026-11-03,17:30:00,2026-11-04T00:30:00Z,America/Denver,onsale,2026-06-04T16:00:00Z,2026-11-04T02:30:00Z,,,,LIVE NATION MUSIC,KZFzniwnSyZfZ7v7nJ,Music,KnvZfZ7vAvt,Metal,KZazBEonSMnZfZ7vaJ6,Nu-Metal,2026-09-20T22:44:03.417698+00:00
G5vzZ_Gg2XAu1,The Wldlfe,https://www.ticketmaster.com/the-wldlfe-denver-colorado-11-03-2026/event/1E0064CD4FF8534A,KovZpZAJeFkA,2026-11-03,19:00:00,2026-11-04T02:00:00Z,America/Denver,onsale,2026-06-26T16:00:00Z,2026-11-04T04:00:00Z,,,,LIVE NATION MUSIC,KZFzniwnSyZfZ7v7nJ,Music,KnvZfZ7vAeA,Rock,KZazBEonSMnZfZ7v6dt,Alternative Rock,2026-09-20T22:44:03.417698+00:00
G5vzZ_uQ-5bfe,Ax and the Hatchetmen: The Late Checkout Tour 2026,https://www.ticketmaster.com/ax-and-the-hatchetmen-the-late-denver-colorado-11-03-2026/event/1E0064D6A12D8502,KovZpZAFFt1A,2026-11-03,19:00:00,2026-11-04T02:00:00Z,America/Denver,onsale,2026-07-17T16:00:00Z,2026-11-04T04:00:00Z,,,,LIVE NATION MUSIC,KZFzniwnSyZfZ7v7nJ,Music,KnvZfZ7vAeA,Rock,KZazBEonSMnZfZ7v6dt,Alternative Rock,2026-09-20T22:44:03.417698+00:00
G5vzZ_ud-3ckI,The Billy Joel Legacy - A Tribute Experience,https://www.ticketmaster.com/the-billy-joel-legacy-a-tribute-grand-junction-colorado-11-03-2026/event/1E0064D0E14AD1A8,KovZpa4gke,2026-11-03,19:00:00,2026-11-04T02:00:00Z,America/Denver,onsale,2026-07-10T16:00:00Z,2026-11-04T04:00:00Z,,,,AEG - TICKETING,KZFzniwnSyZfZ7v7nJ,Music,KnvZfZ7vAev,Pop,KZazBEonSMnZfZ7vk1l,Adult Contemporary,2026-09-20T22:44:03.417698+00:00
Z7r9jZ1A7PKPx,Pigeons Playing Ping Pong w/ Dizgo,https://www.ticketmaster.com/event/Z7r9jZ1A7PKPx,Z7r9jZad4Y,2026-11-03,19:00:00,2026-11-04T02:00:00Z,,onsale,1900-01-01T06:00:00Z,2026-11-04T02:00:00Z,,,,,KZFzniwnSyZfZ7v7nJ,Music,KnvZfZ7vAeA,Rock,KZazBEonSMnZfZ7v6an,Rock & Roll,2026-09-20T22:44:03.417698+00:00
1718v0G6u02WYTD,"Agriculture, Uniform, Pure Hex",https://www.ticketweb.com/event/agriculture-uniform-pure-hex-whats-left-records-tickets/14221454?REFERRAL_ID=tmfeed,KovZpZAJdAvA,2026-11-03,20:00:00,2026-11-04T03:00:00Z,America/Denver,onsale,2026-06-30T16:00:00Z,2026-11-04T03:00:00Z,,,,,KZFzniwnSyZfZ7v7nJ,Music,KnvZfZ7vAvt,Metal,KZazBEonSMnZfZ7vaJ6,Nu-Metal,2026-09-20T22:44:03.417698+00:00
G5vzZ_8gzWPfM,Fuerza Regida - This Is Our Dream Tour 2026,https://www.axs.com/events/1551458/fuerza-regida-this-is-our-dream-tour-2026-tickets,KovZpZAaeIvA,2026-11-03,20:00:00,2026-11-04T03:00:00Z,America/Denver,onsale,2026-08-14T16:00:00Z,2026-11-04T03:00:00Z,,,,LIVE NATION MUSIC,KZFzniwnSyZfZ7v7nJ,Music,KnvZfZ7vAJ6,Latin,KZazBEonSMnZfZ7va1a,Latin,2026-09-20T22:44:03.417698+00:00
G5vzZ_ad_wXhx,PJ Morton - Saturday Night Sunday Morning Tour,https://www.ticketmaster.com/pj-morton-saturday-night-sunday-morning-denver-colorado-11-03-2026/event/1E006490D9CBE6E2,KovZpZAFa1nA,2026-11-03,20:00:00,2026-11-04T03:00:00Z,America/Denver,onsale,2026-04-24T16:00:00Z,2026-11-04T05:00:00Z,,,,AEG LIVE,KZFzniwnSyZfZ7v7nJ,Music,KnvZfZ7vAee,R&B,KZazBEonSMnZfZ7vkIt,R&B,2026-09-20T22:44:03.417698+00:00
Z7r9jZ1A70-Og,Thee Sinseers w/ The Charities,https://www.ticketmaster.com/event/Z7r9jZ1A70-Og,ZFr9jZkve6,2026-11-03,20:00:00,2026-11-04T03:00:00Z,,onsale,1900-01-01T06:00:00Z,2026-11-04T03:00:00Z,,,,,KZFzniwnSyZfZ7v7nJ,Music,KnvZfZ7vAvl,Other,KZazBEonSMnZfZ7vk1I,Other,2026-09-20T22:44:03.417698+00:00
Z7r9jZ1AAZt0f,Fuerza Regida - This Is Our Dream Tour 2026,https://www.ticketmaster.com/event/Z7r9jZ1AAZt0f,ZFr9jZe71a,2026-11-03,20:30:00,2026-11-04T03:30:00Z,,onsale,2026-08-14T16:00:00Z,2026-11-04T03:30:00Z,,,,LIVE NATION MUSIC,KZFzniwnSyZfZ7v7nJ,Music,KnvZfZ7vAvl,Other,KZazBEonSMnZfZ7vk1I,Other,2026-09-20T22:44:03.417698+00:00
rZ7HnEZ1AfA307,Ladies Night 2026,https://www.ticketweb.com/event/ladies-night-2026-stampede-tickets/14152904,rZ7HnEZ173p1A,2026-11-04,18:00:00,2026-11-05T01:00:00Z,America/Denver,onsale,2026-02-10T18:35:00Z,2026-11-05T06:55:00Z,16.56,16.56,USD,,KZFzniwnSyZfZ7v7nJ,Music,KnvZfZ7vAv6,Country,KZazBEonSMnZfZ7vAFa,Country,2026-09-20T22:44:03.417698+00:00
G5vzZ_8DAfKQH,Sparta,https://www.ticketmaster.com/sparta-denver-colorado-11-04-2026/event/1E00650EC55136BC,KovZpZAJeFkA,2026-11-04,19:00:00,2026-11-05T02:00:00Z,America/Denver,onsale,2026-08-20T16:00:00Z,2026-11-05T04:00:00Z,,,,LIVE NATION MUSIC,KZFzniwnSyZfZ7v7nJ,Music,KnvZfZ7vAeA,Rock,KZazBEonSMnZfZ7v6dt,Alternative Rock,2026-09-20T22:44:03.417698+00:00
Z7r9jZ1A7xKAS,Joshua Slone w/ Jake Minch,https://www.ticketmaster.com/event/Z7r9jZ1A7xKAS,ZFr9jZe71a,2026-11-04,19:30:00,2026-11-05T02:30:00Z,,onsale,1900-01-01T06:00:00Z,2026-11-05T02:30:00Z,,,,,KZFzniwnSyZfZ7v7nJ,Music,KnvZfZ7vAva,Folk,KZazBEonSMnZfZ7va1F,Indie Folk,2026-09-20T22:44:03.417698+00:00
G5vzZ_2LkqOX8,Indie 102.3 Presents Joy Oladokun: The Heavy Things Tour,https://www.ticketmaster.com/indie-1023-presents-joy-oladokun-the-denver-colorado-11-04-2026/event/1E0064F7C6760F90,KovZpZAFa1nA,2026-11-04,20:00:00,2026-11-05T03:00:00Z,America/Denver,onsale,2026-07-31T16:00:00Z,2026-11-05T05:00:00Z,,,,LIVE NATION MUSIC,KZFzniwnSyZfZ7v7nJ,Music,KnvZfZ7vAeA,Rock,KZazBEonSMnZfZ7v6F1,Pop,2026-09-20T22:44:03.417698+00:00
Z7r9jZ1AAZor_,Band of Heathens w/ Donavon Frankenreiter,https://www.ticketmaster.com/event/Z7r9jZ1AAZor_,Z6r9jZdvee,2026-11-04,20:00:00,2026-11-05T03:00:00Z,,onsale,1900-01-01T06:00:00Z,2026-11-05T03:00:00Z,,,,,KZFzniwnSyZfZ7v7nJ,Music,KnvZfZ7vAvl,Other,KZazBEonSMnZfZ7vk1I,Other,2026-09-20T22:44:03.417698+00:00
rZ7HnEZ1AfxAAS,Goth Night hosted by Gotica Nouveau,https://www.ticketweb.com/event/goth-night-hosted-by-gotica-vultures-tickets/14885173,rZ7HnEZ17fd1A,2026-11-04,20:00:00,2026-11-05T03:00:00Z,America/Denver,onsale,2026-04-27T16:00:00Z,2026-11-05T03:00:00Z,,,,,KZFzniwnSyZfZ7v7nJ,Music,KnvZfZ7vAvv,Alternative,KZazBEonSMnZfZ7vAen,Goth,2026-09-20T22:44:03.417698+00:00
Z7r9jZ1A7Pp_v,ROZ,https://www.ticketmaster.com/event/Z7r9jZ1A7Pp_v,ZFr9jZkk1d,2026-11-04,20:30:00,2026-11-05T03:30:00Z,,onsale,1900-01-01T06:00:00Z,2026-11-05T03:30:00Z,,,,,KZFzniwnSyZfZ7v7nJ,Music,KnvZfZ7vAvF,Dance/Electronic,KZazBEonSMnZfZ7vA1E,Dance/Electronic,2026-09-20T22:44:03.417698+00:00
G5vzZ_u2LpR8-,The Hails - Duckpond Tour,https://www.ticketmaster.com/the-hails-duckpond-tour-denver-colorado-11-05-2026/event/1E0064D3DF5AF421,KovZpZAJeFkA,2026-11-05,19:00:00,2026-11-06T02:00:00Z,America/Denver,onsale,2026-06-26T15:00:00Z,2026-11-06T04:00:00Z,,,,LIVE NATION MUSIC,KZFzniwnSyZfZ7v7nJ,Music,KnvZfZ7vAeA,Rock,KZazBEonSMnZfZ7v6F1,Pop,2026-09-20T22:44:03.417698+00:00
Z7r9jZ1A70NZ_,MercyMe w/ Jeremy Camp,https://www.ticketmaster.com/event/Z7r9jZ1A70NZ_,ZFr9jZe1ve,2026-11-05,19:00:00,2026-11-06T02:00:00Z,,onsale,1900-01-01T06:00:00Z,2026-11-06T02:00:00Z,,,,,KZFzniwnSyZfZ7v7nJ,Music,KnvZfZ7vAev,Pop,KZazBEonSMnZfZ7vk1l,Adult Contemporary,2026-09-20T22:44:03.417698+00:00
1Ae0Z_8GkVfY-Bn,Trish Toledo,https://www.ticketweb.com/event/trish-toledo-black-sheep-tickets/15035703?REFERRAL_ID=tmfeed,KovZpZAJ77kA,2026-11-05,20:00:00,2026-11-06T03:00:00Z,America/Denver,onsale,2026-08-19T16:00:00Z,2026-11-06T03:00:00Z,,,,,KZFzniwnSyZfZ7v7nJ,Music,KnvZfZ7vAev,Pop,KZazBEonSMnZfZ7vaEl,Electro Pop,2026-09-20T22:44:03.417698+00:00
G5vzZ_2eUQnIT,Shaun Cassidy,https://www.ticketmaster.com/shaun-cassidy-grand-junction-colorado-11-05-2026/event/1E0064F0B66AAA3F,KovZpa4gke,2026-11-05,20:00:00,2026-11-06T03:00:00Z,America/Denver,cancelled,2026-07-24T16:00:00Z,2026-11-06T05:00:00Z,,,,AEG - TICKETING,KZFzniwnSyZfZ7v7nJ,Music,KnvZfZ7vAeA,Rock,KZazBEonSMnZfZ7v6F1,Pop,2026-09-20T22:44:03.417698+00:00
G5vzZ_oAMhwse,105.5 The Colorado Sound Presents Lissie,https://www.ticketmaster.com/1055-the-colorado-sound-presents-lissie-denver-colorado-11-05-2026/event/1E006511776F2C42,KovZ917Aai0,2026-11-05,20:00:00,2026-11-06T03:00:00Z,America/Denver,onsale,2026-08-21T15:00:00Z,2026-11-06T05:00:00Z,,,,MISCELLANEOUS PROMOTER,KZFzniwnSyZfZ7v7nJ,Music,KnvZfZ7vAeA,Rock,KZazBEonSMnZfZ7v6F1,Pop,2026-09-20T22:44:03.417698+00:00
Z7r9jZ1A7PVqJ,The War and Treaty,https://www.ticketmaster.com/event/Z7r9jZ1A7PVqJ,Z6r9jZdvee,2026-11-05,20:00:00,2026-11-06T03:00:00Z,,onsale,1900-01-01T06:00:00Z,2026-11-06T03:00:00Z,,,,,KZFzniwnSyZfZ7v7nJ,Music,KnvZfZ7vAvl,Other,KZazBEonSMnZfZ7vk1I,Other,2026-09-20T22:44:03.417698+00:00
rZ7HnEZ1AfZUQf,$5 Thursdays!,https://www.ticketweb.com/event/5-thursdays-la-rumba-tickets/14036694,rZ7HnEZ173pGP,2026-11-05,20:00:00,2026-11-06T03:00:00Z,America/Denver,onsale,2026-01-02T05:20:00Z,2027-10-30T02:00:00Z,8.73,8.73,USD,,KZFzniwnSyZfZ7v7nJ,Music,KnvZfZ7vAeF,World,KZazBEonSMnZfZ7vFdJ,Latin,2026-09-20T22:44:03.417698+00:00
G5vzZ_GxolAJH,Dabin,https://www.axs.com/events/1479059/dabin-tickets,KovZpZAaeIvA,2026-11-06,18:30:00,2026-11-07T01:30:00Z,America/Denver,onsale,2026-06-11T16:00:00Z,2026-11-07T01:30:00Z,,,,LIVE NATION MUSIC,KZFzniwnSyZfZ7v7nJ,Music,KnvZfZ7vAvF,Dance/Electronic,KZazBEonSMnZfZ7vaEn,Amapiano,2026-09-20T22:44:03.417698+00:00
Z7r9jZ1A7P8ud,Dabin,https://www.ticketmaster.com/event/Z7r9jZ1A7P8ud,ZFr9jZe71a,2026-11-06,18:30:00,2026-11-07T01:30:00Z,,onsale,2026-06-11T16:00:00Z,2026-11-07T01:30:00Z,,,,LIVE NATION MUSIC,KZFzniwnSyZfZ7v7nJ,Music,KnvZfZ7vAvl,Other,KZazBEonSMnZfZ7vk1I,Other,2026-09-20T22:44:03.417698+00:00
G5vzZ_1QVNjHB,L7: The Last Hurrah Tour 2026,https://www.ticketmaster.com/l7-the-last-hurrah-tour-2026-denver-colorado-11-06-2026/event/1E0064A6B48DCF3A,KovZpZAFFt1A,2026-11-06,19:00:00,2026-11-07T02:00:00Z,America/Denver,onsale,2026-05-11T16:00:00Z,2026-11-07T04:00:00Z,,,,LIVE NATION MUSIC,KZFzniwnSyZfZ7v7nJ,Music,KnvZfZ7vAeA,Rock,KZazBEonSMnZfZ7v6dt,Alternative Rock,2026-09-20T22:44:03.417698+00:00
G5vzZ_o64OiTd,Trish Toledo,https://thefederaltheatre.holdmyticket.com/tickets/466394,KovZ917AVFY,2026-11-06,19:00:00,2026-11-07T02:00:00Z,America/Denver,onsale,2026-08-21T16:00:00Z,2026-11-07T02:00:00Z,,,,LIVE NATION MUSIC,KZFzniwnSyZfZ7v7nJ,Music,KnvZfZ7vAee,R&B,KZazBEonSMnZfZ7vknE,Soul,2026-09-20T22:44:03.417698+00:00
G5vzZ_udAu1TO,Great Lake Swimmers - Caught Light Tour 2026,https://www.ticketmaster.com/great-lake-swimmers-caught-light-tour-denver-colorado-11-06-2026/event/1E0064D0C534AFE0,KovZpZAJeFkA,2026-11-06,19:00:00,2026-11-07T02:00:00Z,America/Denver,onsale,2026-06-19T16:00:00Z,2026-11-07T04:00:00Z,,,,LIVE NATION MUSIC,KZFzniwnSyZfZ7v7nJ,Music,KnvZfZ7vAeA,Rock,KZazBEonSMnZfZ7v6dt,Alternative Rock,2026-09-20T22:44:03.417698+00:00
rZ7HnEZ1AfZUu7,Ladies Night & Noche Sonidera,https://www.ticketweb.com/event/ladies-night-noche-sonidera-la-rumba-tickets/14036344,rZ7HnEZ173pGP,2026-11-06,19:00:00,2026-11-07T02:00:00Z,America/Denver,onsale,2026-01-02T05:15:00Z,2027-10-31T01:00:00Z,14.13,14.13,USD,,KZFzniwnSyZfZ7v7nJ,Music,KnvZfZ7vAeF,World,KZazBEonSMnZfZ7vFdJ,Latin,2026-09-20T22:44:03.417698+00:00
G5vzZ_632CPOB,The Black Jacket Symphony Presents Bon Jovi's 'Slippery When Wet',https://www.ticketmaster.com/the-black-jacket-symphony-presents-bon-grand-junction-colorado-11-06-2026/event/1E0064748F3A583A,KovZpa4gke,2026-11-06,19:30:00,2026-11-07T02:30:00Z,America/Denver,onsale,2026-04-03T16:00:00Z,2026-11-07T04:30:00Z,,,,EMPORIUM PRESENTS,KZFzniwnSyZfZ7v7nJ,Music,KnvZfZ7vAeA,Rock,KZazBEonSMnZfZ7v6F1,Pop,2026-09-20T22:44:03.417698+00:00
G5vzZ_36twrgx,Trish Toledo,https://thefederaltheatre.holdmyticket.com/tickets/466394,KovZ917AVFY,2026-11-06,20:00:00,2026-11-07T03:00:00Z,America/Denver,onsale,2026-09-01T22:37:00Z,2026-11-07T03:00:00Z,,,,LIVE NATION MUSIC,KZFzniwnSyZfZ7v7nJ,Music,KnvZfZ7vAee,R&B,KZazBEonSMnZfZ7vknE,Soul,2026-09-20T22:44:03.417698+00:00
G5vzZ_ARt0CI4,Grupo Duelo - GRAVEDAD TOUR 2026,https://www.ticketmaster.com/grupo-duelo-gravedad-tour-2026-denver-colorado-11-06-2026/event/1E00645BE990EA15,KovZpZAFa1nA,2026-11-06,20:00:00,2026-11-07T03:00:00Z,America/Denver,onsale,2026-03-06T17:00:00Z,2026-11-07T05:00:00Z,,,,LIVE NATION MUSIC,KZFzniwnSyZfZ7v7nJ,Music,KnvZfZ7vAJ6,Latin,KZazBEonSMnZfZ7va1a,Latin,2026-09-20T22:44:03.417698+00:00
G5vzZ_GS52mdO,Mutate Presents: Restricted,https://www.ticketmaster.com/mutate-presents-restricted-denver-colorado-11-06-2026/event/1E0064CCCB3EE0E0,KovZpZAE6eJA,2026-11-06,20:00:00,2026-11-07T03:00:00Z,America/Denver,onsale,2026-06-19T15:32:55Z,2026-11-07T05:00:00Z,,,,LIVE NATION MUSIC,KZFzniwnSyZfZ7v7nJ,Music,KnvZfZ7vAvF,Dance/Electronic,KZazBEonSMnZfZ7vaEn,Amapiano,2026-09-20T22:44:03.417698+00:00
Z7r9jZ1A7JZ_-,Shades - 18+,https://www.ticketmaster.com/event/Z7r9jZ1A7JZ_-,Z7r9jZa7cI,2026-11-06,20:00:00,2026-11-07T03:00:00Z,,onsale,1900-01-01T06:00:00Z,2026-11-07T03:00:00Z,,,,,KZFzniwnSyZfZ7v7nJ,Music,KnvZfZ7vAvl,Other,KZazBEonSMnZfZ7vk1I,Other,2026-09-20T22:44:03.417698+00:00
Z7r9jZ1AAZgfM,Trish Toledo,https://www.ticketmaster.com/event/Z7r9jZ1AAZgfM,Z7r9jZakK6,2026-11-06,20:00:00,2026-11-07T03:00:00Z,,onsale,2026-09-01T22:37:00Z,2026-11-07T03:00:00Z,,,,LIVE NATION MUSIC,KZFzniwnSyZfZ7v7nJ,Music,KnvZfZ7vAvl,Other,KZazBEonSMnZfZ7vk1I,Other,2026-09-20T22:44:03.417698+00:00
Z7r9jZ1AAZvuO,Houndmouth (16 and Over),https://www.ticketmaster.com/event/Z7r9jZ1AAZvuO,Z7r9jZadVI,2026-11-06,20:00:00,2026-11-07T03:00:00Z,,onsale,1900-01-01T06:00:00Z,2026-11-07T03:00:00Z,,,,,KZFzniwnSyZfZ7v7nJ,Music,KnvZfZ7vAv6,Country,KZazBEonSMnZfZ7vAad,Country Folk,2026-09-20T22:44:03.417698+00:00
rZ7HnEZ1Af1ov7,Chayce Beckham,https://www.ticketweb.com/event/chayce-beckham-grizzly-rose-tickets/14291044,rZ7HnEZ17uJbA,2026-11-06,20:00:00,2026-11-07T03:00:00Z,America/Denver,onsale,2026-08-28T16:00:00Z,2026-11-07T06:30:00Z,24.15,24.15,USD,,KZFzniwnSyZfZ7v7nJ,Music,KnvZfZ7vAv6,Country,KZazBEonSMnZfZ7vAF1,Alternative Country,2026-09-20T22:44:03.417698+00:00
G5vzZ_2xp-9Me,"Los Gaiteros de San Jacinto, and Carmelo Torres: Madre Cumbia",https://www.ticketmaster.com/los-gaiteros-de-san-jacinto-and-denver-colorado-11-06-2026/event/1E0064F896857DC2,KovZ917Aai0,2026-11-06,21:00:00,2026-11-07T04:00:00Z,America/Denver,onsale,2026-07-29T16:00:00Z,2026-11-07T06:00:00Z,,,,MISCELLANEOUS PROMOTER,KZFzniwnSyZfZ7v7nJ,Music,KnvZfZ7vAJ6,Latin,KZazBEonSMnZfZ7va1a,Latin,2026-09-20T22:44:03.417698+00:00
rZ7HnEZ1AfG3k7,Benwal,https://www.ticketweb.com/event/benwal-the-basement-at-club-vinyl-tickets/14312184,rZ7HnEZ17QA4S,2026-11-06,22:00:00,2026-11-07T05:00:00Z,America/Denver,onsale,2026-09-10T18:00:00Z,2026-11-07T09:00:00Z,24.95,24.95,USD,INSOMNIAC PRESENTS,KZFzniwnSyZfZ7v7nJ,Music,KnvZfZ7vAvF,Dance/Electronic,KZazBEonSMnZfZ7vA1E,Dance/Electronic,2026-09-20T22:44:03.417698+00:00
rZ7HnEZ1AfGJj0,Sam Divine,https://www.ticketweb.com/event/sam-divine-club-vinyl-tickets/14326724,rZ7HnEZ17qf40,2026-11-06,22:00:00,2026-11-07T05:00:00Z,America/Denver,onsale,2026-09-17T18:00:00Z,2026-11-07T09:00:00Z,24.95,24.95,USD,INSOMNIAC PRESENTS,KZFzniwnSyZfZ7v7nJ,Music,KnvZfZ7vAvF,Dance/Electronic,KZazBEonSMnZfZ7vAI6,House,2026-09-20T22:44:03.417698+00:00
rZ7HnEZ1AfGNJf,Darude,https://www.ticketweb.com/event/darude-the-church-nightclub-tickets/14323994,rZ7HnEZ17qf4V,2026-11-06,22:00:00,2026-11-07T05:00:00Z,America/Denver,onsale,2026-09-16T18:00:00Z,2026-11-07T09:00:00Z,14.95,14.95,USD,INSOMNIAC PRESENTS,KZFzniwnSyZfZ7v7nJ,Music,KnvZfZ7vAvF,Dance/Electronic,KZazBEonSMnZfZ7vAtt,Trance,2026-09-20T22:44:03.417698+00:00
Z7r9jZ1A7Po4V,ATLiens,https://www.ticketmaster.com/event/Z7r9jZ1A7Po4V,ZFr9jZe71a,2026-11-07,18:00:00,2026-11-08T01:00:00Z,,onsale,2026-06-12T16:00:00Z,2026-11-08T01:00:00Z,,,,,KZFzniwnSyZfZ7v7nJ,Music,KnvZfZ7vAvl,Other,KZazBEonSMnZfZ7vk1I,Other,2026-09-20T22:44:03.417698+00:00
G5vzZ_5_zrSr4,Margaret Glaspy,https://www.ticketmaster.com/margaret-glaspy-denver-colorado-11-07-2026/event/1E0064B6787B3795,KovZ917Aai0,2026-11-07,18:30:00,2026-11-08T01:30:00Z,America/Denver,onsale,2026-06-05T16:00:00Z,2026-11-08T03:30:00Z,,,,LIVE NATION MUSIC,KZFzniwnSyZfZ7v7nJ,Music,KnvZfZ7vAeA,Rock,KZazBEonSMnZfZ7v6dt,Alternative Rock,2026-09-20T22:44:03.417698+00:00
G5vzZ_3NdIbdl,"Cannibal ox ""the Cold Vein"" 25 Year Anniversary - 18+",https://www.ticketmaster.com/cannibal-ox-the-cold-vein-25-denver-colorado-11-07-2026/event/1E006528C3A180EB,KovZpZAJeFkA,2026-11-07,19:00:00,2026-11-08T02:00:00Z,America/Denver,onsale,2026-09-11T18:00:00Z,2026-11-08T04:00:00Z,,,,LIVE NATION MUSIC,KZFzniwnSyZfZ7v7nJ,Music,KnvZfZ7vAv1,Hip-Hop/Rap,KZazBEonSMnZfZ7vaEI,Trap,2026-09-20T22:44:03.417698+00:00
G5vzZ_5QulPp0,10 Years of 6LACK Tour,https://www.ticketmaster.com/10-years-of-6lack-tour-denver-colorado-11-07-2026/event/1E0064B68DAE55A4,KovZpZAE6eJA,2026-11-07,19:00:00,2026-11-08T02:00:00Z,America/Denver,cancelled,2026-05-29T18:00:00Z,2026-11-08T04:00:00Z,,,,LIVE NATION MUSIC,KZFzniwnSyZfZ7v7nJ,Music,KnvZfZ7vAv1,Hip-Hop/Rap,KZazBEonSMnZfZ7vaEI,Trap,2026-09-20T22:44:03.417698+00:00
Z7r9jZ1A7Pw4w,Tool Tribute: Schism 25th Anniversary Party,https://www.ticketmaster.com/event/Z7r9jZ1A7Pw4w,Z7r9jZakK6,2026-11-07,19:00:00,2026-11-08T02:00:00Z,,onsale,1900-01-01T18:00:00Z,2026-11-08T02:00:00Z,,,,,KZFzniwnSyZfZ7v7nJ,Music,KnvZfZ7vAvl,Other,KZazBEonSMnZfZ7vk1I,Other,2026-09-20T22:44:03.417698+00:00
rZ7HnEZ1AfZgO0,Sabados Sabrosos!,https://www.ticketweb.com/event/sabados-sabrosos-la-rumba-tickets/14035824,rZ7HnEZ173pGP,2026-11-07,19:00:00,2026-11-08T02:00:00Z,America/Denver,onsale,2026-01-02T05:00:00Z,2027-10-31T01:00:00Z,25.18,25.18,USD,,KZFzniwnSyZfZ7v7nJ,Music,KnvZfZ7vAeF,World,KZazBEonSMnZfZ7vFdJ,Latin,2026-09-20T22:44:03.417698+00:00
1718v0G6u2nj-ep,Slothrust: The Dystopian Theatre Tour,https://www.ticketweb.com/event/slothrust-the-dystopian-theatre-tour-black-sheep-tickets/14208374?REFERRAL_ID=tmfeed,KovZpZAJ77kA,2026-11-07,20:00:00,2026-11-08T03:00:00Z,America/Denver,onsale,2026-06-24T16:00:00Z,2026-11-08T03:00:00Z,,,,,KZFzniwnSyZfZ7v7nJ,Music,KnvZfZ7vAeA,Rock,KZazBEonSMnZfZ7v6F1,Pop,2026-09-20T22:44:03.417698+00:00
G5vzZ_1wyV1lW,Straight No Chaser: Making Spirits Bright Tour,https://www.ticketmaster.com/straight-no-chaser-making-spirits-bright-denver-colorado-11-07-2026/event/1E0064ACB9D0AAFD,KovZpZAFa1nA,2026-11-07,20:00:00,2026-11-08T03:00:00Z,America/Denver,onsale,2026-05-21T16:00:00Z,2026-11-08T05:00:00Z,,,,AEG LIVE,KZFzniwnSyZfZ7v7nJ,Music,KnvZfZ7vAeA,Rock,KZazBEonSMnZfZ7v6F1,Pop,2026-09-20T22:44:03.417698+00:00
G5vzZ_oCgRibm,Cut Copy,https://tickets.meowwolf.com/events/denver/cut-copy-dj-set/,KovZ917AYbY,2026-11-07,20:00:00,2026-11-08T03:00:00Z,America/Denver,onsale,2026-08-21T16:00:00Z,2026-11-08T03:00:00Z,,,,LIVE NATION MUSIC,KZFzniwnSyZfZ7v7nJ,Music,KnvZfZ7vAvF,Dance/Electronic,KZazBEonSMnZfZ7vaEn,Amapiano,2026-09-20T22:44:03.417698+00:00
Z7r9jZ1A7PJFf,Slothrust,https://www.ticketmaster.com/event/Z7r9jZ1A7PJFf,ZFr9jZAFk1,2026-11-07,20:00:00,2026-11-08T03:00:00Z,,onsale,2026-06-24T16:00:00Z,2026-11-08T03:00:00Z,,,,,KZFzniwnSyZfZ7v7nJ,Music,KnvZfZ7vAvl,Other,KZazBEonSMnZfZ7vk1I,Other,2026-09-20T22:44:03.417698+00:00
Z7r9jZ1A7PK4P,Daniel Donato's Cosmic Country (16 and Over),https://www.ticketmaster.com/event/Z7r9jZ1A7PK4P,Z7r9jZadVI,2026-11-07,20:00:00,2026-11-08T03:00:00Z,,onsale,1900-01-01T06:00:00Z,2026-11-08T03:00:00Z,,,,,KZFzniwnSyZfZ7v7nJ,Music,KnvZfZ7vAvl,Other,KZazBEonSMnZfZ7vk1I,Other,2026-09-20T22:44:03.417698+00:00
Z7r9jZ1A7xvZ7,Tank and The Bangas (16 and Over),https://www.ticketmaster.com/event/Z7r9jZ1A7xvZ7,ZFr9jZdde7,2026-11-07,20:00:00,2026-11-08T03:00:00Z,,onsale,1900-01-01T06:00:00Z,2026-11-08T03:00:00Z,,,,,KZFzniwnSyZfZ7v7nJ,Music,KnvZfZ7vAvl,Other,KZazBEonSMnZfZ7vk1I,Other,2026-09-20T22:44:03.417698+00:00
Z7r9jZ1AAZM4x,Cut Copy,https://www.ticketmaster.com/event/Z7r9jZ1AAZM4x,Z7r9jZa7j5,2026-11-07,20:00:00,2026-11-08T03:00:00Z,,onsale,2026-08-21T16:00:00Z,2026-11-08T03:00:00Z,,,,LIVE NATION MUSIC,KZFzniwnSyZfZ7v7nJ,Music,KnvZfZ7vAvF,Dance/Electronic,KZazBEonSMnZfZ7vA1E,Dance/Electronic,2026-09-20T22:44:03.417698+00:00
rZ7HnEZ1Af1ovV,Chayce Beckham,https://www.ticketweb.com/event/chayce-beckham-whiskey-rose-tickets/14291074,rZ7HnEZ17q_Qf,2026-11-07,20:00:00,2026-11-08T03:00:00Z,America/Denver,onsale,2026-08-28T16:00:00Z,2026-11-08T06:30:00Z,24.2,24.2,USD,,KZFzniwnSyZfZ7v7nJ,Music,KnvZfZ7vAv6,Country,KZazBEonSMnZfZ7vAF1,Alternative Country,2026-09-20T22:44:03.417698+00:00
rZ7HnEZ1AfkoF7,Bellamy Brothers,https://www.ticketweb.com/event/bellamy-brothers-grizzly-rose-tickets/14191204,rZ7HnEZ17uJbA,2026-11-07,20:00:00,2026-11-08T03:00:00Z,America/Denver,onsale,2026-06-11T16:00:00Z,2026-11-08T06:30:00Z,24.15,24.15,USD,,KZFzniwnSyZfZ7v7nJ,Music,KnvZfZ7vAv6,Country,KZazBEonSMnZfZ7vAFa,Country,2026-09-20T22:44:03.417698+00:00
rZ7HnEZ1AfGJ_V,Omar+,https://www.ticketweb.com/event/omar-the-church-nightclub-tickets/14326674,rZ7HnEZ17qf4V,2026-11-07,22:00:00,2026-11-08T05:00:00Z,America/Denver,onsale,2026-09-16T15:00:00Z,2026-11-08T05:00:00Z,34.95,34.95,USD,INSOMNIAC PRESENTS,KZFzniwnSyZfZ7v7nJ,Music,KnvZfZ7vAvF,Dance/Electronic,KZazBEonSMnZfZ7vA1E,Dance/Electronic,2026-09-20T22:44:03.417698+00:00
rZ7HnEZ1AfG_q7,KLOUD,https://www.ticketweb.com/event/kloud-the-basement-at-club-vinyl-tickets/14319744,rZ7HnEZ17QA4S,2026-11-07,22:00:00,2026-11-08T05:00:00Z,America/Denver,onsale,2026-09-15T18:00:00Z,2026-11-08T09:00:00Z,24.95,24.95,USD,INSOMNIAC PRESENTS,KZFzniwnSyZfZ7v7nJ,Music,KnvZfZ7vAvF,Dance/Electronic,KZazBEonSMnZfZ7vA1E,Dance/Electronic,2026-09-20T22:44:03.417698+00:00
Z7r9jZ1A7x3oS,Face Vocal Band,https://www.ticketmaster.com/event/Z7r9jZ1A7x3oS,ZFr9jZe71a,2026-11-08,15:30:00,2026-11-08T22:30:00Z,,onsale,1900-01-01T06:00:00Z,2026-11-08T22:30:00Z,,,,,KZFzniwnSyZfZ7v7nJ,Music,KnvZfZ7vAvl,Other,KZazBEonSMnZfZ7vk1I,Other,2026-09-20T22:44:03.417698+00:00
G5vzZ_o6vjnHf,Paramount Theatre Club Seating: Derrick Stroup,https://www.ticketmaster.com/paramount-theatre-club-seating-derrick-stroup-denver-colorado-11-08-2026/event/1E006511C172AF14,KovZpZAFa1nA,2026-11-08,19:00:00,2026-11-09T02:00:00Z,America/Denver,onsale,2026-08-19T16:00:00Z,2026-11-09T03:00:00Z,,,,PROMOTED BY VENUE,KZFzniwnSyZfZ7v7nJ,Music,KnvZfZ7vAvl,Other,KZazBEonSMnZfZ7vk1I,Other,2026-09-20T22:44:03.417698+00:00
Z7r9jZ1A7Pw4V,Metal Church w/ Armored Saint,https://www.ticketmaster.com/event/Z7r9jZ1A7Pw4V,Z7r9jZakK6,2026-11-08,19:00:00,2026-11-09T02:00:00Z,,onsale,1900-01-01T18:00:00Z,2026-11-09T02:00:00Z,,,,,KZFzniwnSyZfZ7v7nJ,Music,KnvZfZ7vAeA,Rock,KZazBEonSMnZfZ7v6kl,Hard Rock,2026-09-20T22:44:03.417698+00:00
rZ7HnEZ1AfZgFf,SALSA & BACHATA SUNDAYS,https://www.ticketweb.com/event/salsa-bachata-sundays-la-rumba-tickets/14035214,rZ7HnEZ173pGP,2026-11-08,19:00:00,2026-11-09T02:00:00Z,America/Denver,onsale,2026-01-02T05:00:00Z,2027-11-01T01:00:00Z,14.13,14.13,USD,,KZFzniwnSyZfZ7v7nJ,Music,KnvZfZ7vAeF,World,KZazBEonSMnZfZ7vFdJ,Latin,2026-09-20T22:44:03.417698+00:00
Z7r9jZ1A707o6,The Damned (16 and Over),https://www.ticketmaster.com/event/Z7r9jZ1A707o6,ZFr9jZedde,2026-11-08,19:30:00,2026-11-09T02:30:00Z,,onsale,1900-01-01T06:00:00Z,2026-11-09T02:30:00Z,,,,,KZFzniwnSyZfZ7v7nJ,Music,KnvZfZ7vAvl,Other,KZazBEonSMnZfZ7vk1I,Other,2026-09-20T22:44:03.417698+00:00
Z7r9jZ1A70tGz,Straight No Chaser,https://www.ticketmaster.com/event/Z7r9jZ1A70tGz,ZFr9jZe777,2026-11-08,19:30:00,2026-11-09T02:30:00Z,,onsale,2026-05-21T16:00:00Z,2026-11-09T02:30:00Z,,,,,KZFzniwnSyZfZ7v7nJ,Music,KnvZfZ7vAev,Pop,KZazBEonSMnZfZ7vk1l,Adult Contemporary,2026-09-20T22:44:03.417698+00:00
Z7r9jZ1A7Pg-6,Slothrust (16 and Over),https://www.ticketmaster.com/event/Z7r9jZ1A7Pg-6,ZFr9jZdde7,2026-11-08,20:00:00,2026-11-09T03:00:00Z,,onsale,1900-01-01T06:00:00Z,2026-11-09T03:00:00Z,,,,,KZFzniwnSyZfZ7v7nJ,Music,KnvZfZ7vAvl,Other,KZazBEonSMnZfZ7vk1I,Other,2026-09-20T22:44:03.417698+00:00
Z7r9jZ1A7xZGY,"John Scofield's ???Electrospective??? ft. Oteil Burbridge, Adam Deitch, Larry Goldings - All Ages (under 16 with adult)",https://www.ticketmaster.com/event/Z7r9jZ1A7xZGY,ZFr9jZdAk6,2026-11-08,20:00:00,2026-11-09T03:00:00Z,,onsale,1900-01-01T18:00:00Z,2026-11-09T03:00:00Z,,,,,KZFzniwnSyZfZ7v7nJ,Music,KnvZfZ7vAvd,Blues,KZazBEonSMnZfZ7vAk6,Jazz Blues,2026-09-20T22:44:03.417698+00:00
Z7r9jZ1AAZJqU,311 - Ages 16+,https://www.ticketmaster.com/event/Z7r9jZ1AAZJqU,Z7r9jZadVI,2026-11-08,20:00:00,2026-11-09T03:00:00Z,,onsale,1900-01-01T06:00:00Z,2026-11-09T03:00:00Z,,,,,KZFzniwnSyZfZ7v7nJ,Music,KnvZfZ7vAvv,Alternative,KZazBEonSMnZfZ7vAvn,Alternative Rock,2026-09-20T22:44:03.417698+00:00
G5vzZ_8M-XzHk,Static Dress,https://www.ticketmaster.com/static-dress-denver-colorado-11-09-2026/event/1E00650DE1FB8F06,KovZpZAJeFkA,2026-11-09,18:00:00,2026-11-10T01:00:00Z,America/Denver,onsale,2026-08-21T16:00:00Z,2026-11-10T03:00:00Z,,,,LIVE NATION MUSIC,KZFzniwnSyZfZ7v7nJ,Music,KnvZfZ7vAvt,Metal,KZazBEonSMnZfZ7vaJ6,Nu-Metal,2026-09-20T22:44:03.417698+00:00
Z7r9jZ1A7JoqO,Todd Rundgren,https://www.ticketmaster.com/event/Z7r9jZ1A7JoqO,ZFr9jZe777,2026-11-09,19:30:00,2026-11-10T02:30:00Z,,onsale,1900-01-01T06:00:00Z,2026-11-10T02:30:00Z,,,,,KZFzniwnSyZfZ7v7nJ,Music,KnvZfZ7vAeA,Rock,KZazBEonSMnZfZ7v6A7,Classic Rock,2026-09-20T22:44:03.417698+00:00
G5vzZ_83WWuD5,The Aces,https://tickets.meowwolf.com/events/denver/the-aces/,KovZ917AYbY,2026-11-09,20:00:00,2026-11-10T03:00:00Z,America/Denver,onsale,2026-08-07T16:00:00Z,2026-11-10T03:00:00Z,,,,LIVE NATION MUSIC,KZFzniwnSyZfZ7v7nJ,Music,KnvZfZ7vAeA,Rock,KZazBEonSMnZfZ7v6F1,Pop,2026-09-20T22:44:03.417698+00:00
Z7r9jZ1AAZbjA,The Aces,https://www.ticketmaster.com/event/Z7r9jZ1AAZbjA,Z7r9jZa7j5,2026-11-09,20:00:00,2026-11-10T03:00:00Z,,onsale,2026-08-07T16:00:00Z,2026-11-10T03:00:00Z,,,,LIVE NATION MUSIC,KZFzniwnSyZfZ7v7nJ,Music,KnvZfZ7vAvl,Other,KZazBEonSMnZfZ7vk1I,Other,2026-09-20T22:44:03.417698+00:00
G5vzZ_GKGTltr,Puma Blue,https://www.ticketmaster.com/puma-blue-denver-colorado-11-10-2026/event/1E0064C4CCFEBA5E,KovZpZAJeFkA,2026-11-10,19:00:00,2026-11-11T02:00:00Z,America/Denver,onsale,2026-06-12T16:00:00Z,2026-11-11T04:00:00Z,,,,LIVE NATION MUSIC,KZFzniwnSyZfZ7v7nJ,Music,KnvZfZ7vAeA,Rock,KZazBEonSMnZfZ7v6dt,Alternative Rock,2026-09-20T22:44:03.417698+00:00
G5vzZ_C18wErg,Todd Rundgren,https://www.ticketmaster.com/todd-rundgren-denver-colorado-11-10-2026/event/1E0064E290CA77B5,KovZpZAFa1nA,2026-11-10,19:30:00,2026-11-11T02:30:00Z,America/Denver,onsale,2026-07-10T16:00:00Z,2026-11-11T04:30:00Z,,,,AEG LIVE,KZFzniwnSyZfZ7v7nJ,Music,KnvZfZ7vAeA,Rock,KZazBEonSMnZfZ7v6F1,Pop,2026-09-20T22:44:03.417698+00:00
Z7r9jZ1A708ve,Eivor (16 and Over),https://www.ticketmaster.com/event/Z7r9jZ1A708ve,ZFr9jZdde7,2026-11-10,20:00:00,2026-11-11T03:00:00Z,,onsale,1900-01-01T06:00:00Z,2026-11-11T03:00:00Z,,,,,KZFzniwnSyZfZ7v7nJ,Music,KnvZfZ7vAvl,Other,KZazBEonSMnZfZ7vk1I,Other,2026-09-20T22:44:03.417698+00:00
Z7r9jZ1A7P4-3,Helado Negro w/ Reyna Tropical,https://www.ticketmaster.com/event/Z7r9jZ1A7P4-3,ZFr9jZkk1d,2026-11-10,20:00:00,2026-11-11T03:00:00Z,,onsale,1900-01-01T06:00:00Z,2026-11-11T03:00:00Z,,,,,KZFzniwnSyZfZ7v7nJ,Music,KnvZfZ7vAvl,Other,KZazBEonSMnZfZ7vk1I,Other,2026-09-20T22:44:03.417698+00:00
rZ7HnEZ1AfAK70,Ladies Night 2026,https://www.ticketweb.com/event/ladies-night-2026-stampede-tickets/14153124,rZ7HnEZ173p1A,2026-11-11,18:00:00,2026-11-12T01:00:00Z,America/Denver,onsale,2026-02-10T18:35:00Z,2026-11-12T06:55:00Z,16.56,16.56,USD,,KZFzniwnSyZfZ7v7nJ,Music,KnvZfZ7vAv6,Country,KZazBEonSMnZfZ7vAFa,Country,2026-09-20T22:44:03.417698+00:00
G5vzZ_8l-vdn4,Missio,https://www.ticketmaster.com/missio-denver-colorado-11-11-2026/event/1E00650AE1043A95,KovZpZAJeFkA,2026-11-11,19:00:00,2026-11-12T02:00:00Z,America/Denver,onsale,2026-08-14T15:00:00Z,2026-11-12T04:00:00Z,,,,LIVE NATION MUSIC,KZFzniwnSyZfZ7v7nJ,Music,KnvZfZ7vAeA,Rock,KZazBEonSMnZfZ7v6dt,Alternative Rock,2026-09-20T22:44:03.417698+00:00
G5vzZ_GRvDuty,Vince Staples - Cry Baby Tour,https://www.ticketmaster.com/vince-staples-cry-baby-tour-denver-colorado-11-11-2026/event/1E0064CBC1ECDA79,KovZpZAE6eJA,2026-11-11,19:00:00,2026-11-12T02:00:00Z,America/Denver,onsale,2026-06-19T16:00:00Z,2026-11-12T04:00:00Z,,,,LIVE NATION MUSIC,KZFzniwnSyZfZ7v7nJ,Music,KnvZfZ7vAv1,Hip-Hop/Rap,KZazBEonSMnZfZ7vaEI,Trap,2026-09-20T22:44:03.417698+00:00
G5vzZbUIYXc--,Club Level Seating: Three Days Grace,https://www.ticketmaster.com/club-level-seating-three-days-grace-denver-colorado-11-11-2026/event/1E00636A30FAD861,KovZpZAFaJeA,2026-11-11,19:00:00,2026-11-12T02:00:00Z,America/Denver,onsale,2025-11-21T17:00:00Z,2026-11-12T03:00:00Z,,,,PROMOTED BY VENUE,KZFzniwnSyZfZ7v7nJ,Music,KnvZfZ7vAeA,Rock,KZazBEonSMnZfZ7v6F1,Pop,2026-09-20T22:44:03.417698+00:00
G5vzZbUpm3JUT,Three Days Grace - Alienation Tour ,https://www.ticketmaster.com/three-days-grace-alienation-tour-denver-colorado-11-11-2026/event/1E006365AE4A6DBF,KovZpZAFaJeA,2026-11-11,19:00:00,2026-11-12T02:00:00Z,America/Denver,onsale,2025-11-14T17:00:00Z,2026-11-12T04:00:00Z,,,,LIVE NATION MUSIC,KZFzniwnSyZfZ7v7nJ,Music,KnvZfZ7vAeA,Rock,KZazBEonSMnZfZ7v6F1,Pop,2026-09-20T22:44:03.417698+00:00
G5vzZ_8cgYNzN,Steve Lacy - Oh Yeah? Tour,https://www.axs.com/events/1542697/steve-lacy-tickets,KovZpZAaeIvA,2026-11-11,20:00:00,2026-11-12T03:00:00Z,America/Denver,onsale,2026-08-14T16:00:00Z,2026-11-12T03:00:00Z,,,,LIVE NATION MUSIC,KZFzniwnSyZfZ7v7nJ,Music,KnvZfZ7vAee,R&B,KZazBEonSMnZfZ7vkIt,R&B,2026-09-20T22:44:03.417698+00:00
Z7r9jZ1A70Aqb,Bayonne (16 and Over),https://www.ticketmaster.com/event/Z7r9jZ1A70Aqb,Z6r9jZdvee,2026-11-11,20:00:00,2026-11-12T03:00:00Z,,onsale,1900-01-01T06:00:00Z,2026-11-12T03:00:00Z,,,,,KZFzniwnSyZfZ7v7nJ,Music,KnvZfZ7vAvl,Other,KZazBEonSMnZfZ7vk1I,Other,2026-09-20T22:44:03.417698+00:00
Z7r9jZ1AAZJ84,Steve Lacy - Oh Yeah? Tour,https://www.ticketmaster.com/event/Z7r9jZ1AAZJ84,ZFr9jZe71a,2026-11-11,20:00:00,2026-11-12T03:00:00Z,,onsale,2026-08-14T16:00:00Z,2026-11-12T03:00:00Z,,,,LIVE NATION MUSIC,KZFzniwnSyZfZ7v7nJ,Music,KnvZfZ7vAvl,Other,KZazBEonSMnZfZ7vk1I,Other,2026-09-20T22:44:03.417698+00:00
rZ7HnEZ1AfxAvN,Goth Night hosted by Gotica Nouveau,https://www.ticketweb.com/event/goth-night-hosted-by-gotica-vultures-tickets/14885063,rZ7HnEZ17fd1A,2026-11-11,20:00:00,2026-11-12T03:00:00Z,America/Denver,onsale,2026-04-27T16:00:00Z,2026-11-12T03:00:00Z,,,,,KZFzniwnSyZfZ7v7nJ,Music,KnvZfZ7vAvv,Alternative,KZazBEonSMnZfZ7vAen,Goth,2026-09-20T22:44:03.417698+00:00
G5vzZ_2pSnB5V,Dear Jack Foundation's 10th Annual VIP Night,https://www.ticketmaster.com/dear-jack-foundations-10th-annual-vip-denver-colorado-11-12-2026/event/1E0064F5B3ABA2F4,KovZ917Aai0,2026-11-12,17:30:00,2026-11-13T00:30:00Z,America/Denver,onsale,2026-07-23T18:00:00Z,2026-11-13T02:30:00Z,,,,MISCELLANEOUS PROMOTER,KZFzniwnSyZfZ7v7nJ,Music,KnvZfZ7vAev,Pop,KZazBEonSMnZfZ7vaEl,Electro Pop,2026-09-20T22:44:03.417698+00:00
Z7r9jZ1A70_PF,Clipse and J.I.D,https://www.ticketmaster.com/event/Z7r9jZ1A70_PF,ZFr9jZe71a,2026-11-12,18:00:00,2026-11-13T01:00:00Z,,onsale,2026-05-15T16:00:00Z,2026-11-13T01:00:00Z,,,,,KZFzniwnSyZfZ7v7nJ,Music,KnvZfZ7vAvl,Other,KZazBEonSMnZfZ7vk1I,Other,2026-09-20T22:44:03.417698+00:00
G5vzZ_oNEqZzb,Fox Stevenson & Mystery Skulls,https://www.ticketmaster.com/fox-stevenson-mystery-skulls-denver-colorado-11-12-2026/event/1E006518E7740E18,KovZpZAFFt1A,2026-11-12,19:00:00,2026-11-13T02:00:00Z,America/Denver,onsale,2026-08-28T16:00:00Z,2026-11-13T04:00:00Z,,,,LIVE NATION MUSIC,KZFzniwnSyZfZ7v7nJ,Music,KnvZfZ7vAvF,Dance/Electronic,KZazBEonSMnZfZ7vaEn,Amapiano,2026-09-20T22:44:03.417698+00:00
G5vzZ_uEjVVBz,Agriculture,https://www.ticketmaster.com/agriculture-denver-colorado-11-12-2026/event/1E0064D9DCD34EB8,KovZpZAJeFkA,2026-11-12,19:00:00,2026-11-13T02:00:00Z,America/Denver,onsale,2026-07-03T16:00:00Z,2026-11-13T04:00:00Z,,,,LIVE NATION MUSIC,KZFzniwnSyZfZ7v7nJ,Music,KnvZfZ7vAvt,Metal,KZazBEonSMnZfZ7vaJ6,Nu-Metal,2026-09-20T22:44:03.417698+00:00
Z7r9jZ1A70Af7,GWAR (16 and Over),https://www.ticketmaster.com/event/Z7r9jZ1A70Af7,ZFr9jZedde,2026-11-12,19:00:00,2026-11-13T02:00:00Z,,onsale,1900-01-01T06:00:00Z,2026-11-13T02:00:00Z,,,,,KZFzniwnSyZfZ7v7nJ,Music,KnvZfZ7vAeA,Rock,KZazBEonSMnZfZ7v6kl,Hard Rock,2026-09-20T22:44:03.417698+00:00
G5vzZ_5wI1DMl,The Musical Box,https://www.ticketmaster.com/the-musical-box-denver-colorado-11-12-2026/event/1E0064BCA82BBDEB,KovZpZAFa1nA,2026-11-12,19:30:00,2026-11-13T02:30:00Z,America/Denver,onsale,2026-06-19T16:00:00Z,2026-11-13T04:30:00Z,,,,PROMOTED BY VENUE,KZFzniwnSyZfZ7v7nJ,Music,KnvZfZ7vAe6,Undefined,KZazBEonSMnZfZ7v6JI,Undefined,2026-09-20T22:44:03.417698+00:00
G5vzZ_G56wTgG,Maddie Zahm: Everything All The Time Tour,https://tickets.meowwolf.com/events/denver/maddie-zahm/,KovZ917AYbY,2026-11-12,20:00:00,2026-11-13T03:00:00Z,America/Denver,onsale,2026-06-12T16:00:00Z,2026-11-13T03:00:00Z,,,,LIVE NATION MUSIC,KZFzniwnSyZfZ7v7nJ,Music,KnvZfZ7vAev,Pop,KZazBEonSMnZfZ7vk1t,Pop,2026-09-20T22:44:03.417698+00:00
Z7r9jZ1A7P7Ak,Maddie Zahm: Everything All The Time Tour,https://www.ticketmaster.com/event/Z7r9jZ1A7P7Ak,Z7r9jZa7j5,2026-11-12,20:00:00,2026-11-13T03:00:00Z,,onsale,2026-06-12T16:00:00Z,2026-11-13T03:00:00Z,,,,LIVE NATION MUSIC,KZFzniwnSyZfZ7v7nJ,Music,KnvZfZ7vAev,Pop,KZazBEonSMnZfZ7vk1t,Pop,2026-09-20T22:44:03.417698+00:00
rZ7HnEZ1AfZUjf,$5 Thursdays!,https://www.ticketweb.com/event/5-thursdays-la-rumba-tickets/14036714,rZ7HnEZ173pGP,2026-11-12,20:00:00,2026-11-13T03:00:00Z,America/Denver,onsale,2026-01-02T05:20:00Z,2027-11-06T02:00:00Z,8.73,8.73,USD,,KZFzniwnSyZfZ7v7nJ,Music,KnvZfZ7vAeF,World,KZazBEonSMnZfZ7vFdJ,Latin,2026-09-20T22:44:03.417698+00:00
Z7r9jZ1A70FFa,Gryffin w/ Oliver Heldens,https://www.ticketmaster.com/event/Z7r9jZ1A70FFa,ZFr9jZe71a,2026-11-13,18:00:00,2026-11-14T01:00:00Z,,onsale,2026-05-08T16:00:00Z,2026-11-14T01:00:00Z,,,,,KZFzniwnSyZfZ7v7nJ,Music,KnvZfZ7vAvl,Other,KZazBEonSMnZfZ7vk1I,Other,2026-09-20T22:44:03.417698+00:00
G5vzZ_33WEx7j,Los Gemelos de Sinaloa: The Gemeliza Tour,https://www.ticketmaster.com/los-gemelos-de-sinaloa-the-gemeliza-denver-colorado-11-13-2026/event/1E006524BD9E211C,KovZpZAE6eJA,2026-11-13,19:00:00,2026-11-14T02:00:00Z,America/Denver,onsale,2026-09-11T16:00:00Z,2026-11-14T04:00:00Z,,,,LIVE NATION MUSIC,KZFzniwnSyZfZ7v7nJ,Music,KnvZfZ7vAJ6,Latin,KZazBEonSMnZfZ7va1a,Latin,2026-09-20T22:44:03.417698+00:00
G5vzZ_8rlfm9U,Paramount Theatre Club Seating - Fortune Feimster,https://www.ticketmaster.com/paramount-theatre-club-seating-fortune-feimster-denver-colorado-11-13-2026/event/1E006507AB52E5F6,KovZpZAFa1nA,2026-11-13,19:00:00,2026-11-14T02:00:00Z,America/Denver,onsale,2026-08-12T17:00:00Z,2026-11-14T03:00:00Z,,,,PROMOTED BY VENUE,KZFzniwnSyZfZ7v7nJ,Music,KnvZfZ7vAvl,Other,KZazBEonSMnZfZ7vk1I,Other,2026-09-20T22:44:03.417698+00:00
G5vzZby1EhpS2,KGNU Presents Armand Hammer,https://www.ticketmaster.com/kgnu-presents-armand-hammer-denver-colorado-11-13-2026/event/1E006392A76D6CCF,KovZpZAJeFkA,2026-11-13,19:00:00,2026-11-14T02:00:00Z,America/Denver,onsale,2026-01-09T17:00:00Z,2026-11-14T04:00:00Z,,,,LIVE NATION MUSIC,KZFzniwnSyZfZ7v7nJ,Music,KnvZfZ7vAv1,Hip-Hop/Rap,KZazBEonSMnZfZ7vaEI,Trap,2026-09-20T22:44:03.417698+00:00
rZ7HnEZ1AfZUFV,Ladies Night & Noche Sonidera,https://www.ticketweb.com/event/ladies-night-noche-sonidera-la-rumba-tickets/14036234,rZ7HnEZ173pGP,2026-11-13,19:00:00,2026-11-14T02:00:00Z,America/Denver,onsale,2026-01-02T05:15:00Z,2027-11-07T01:00:00Z,14.13,14.13,USD,,KZFzniwnSyZfZ7v7nJ,Music,KnvZfZ7vAeF,World,KZazBEonSMnZfZ7vFdJ,Latin,2026-09-20T22:44:03.417698+00:00
G5vzZ_uEZLLxE,INOHA - This Might Be Useful Tour,https://tickets.meowwolf.com/events/denver/inoha/,KovZ917AYbY,2026-11-13,19:30:00,2026-11-14T02:30:00Z,America/Denver,onsale,2026-06-26T16:00:00Z,2026-11-14T02:30:00Z,,,,LIVE NATION MUSIC,KZFzniwnSyZfZ7v7nJ,Music,KnvZfZ7vAeA,Rock,KZazBEonSMnZfZ7v6dt,Alternative Rock,2026-09-20T22:44:03.417698+00:00
Z7r9jZ1A7Pwfx,INOHA - This Might Be Useful Tour,https://www.ticketmaster.com/event/Z7r9jZ1A7Pwfx,Z7r9jZa7j5,2026-11-13,19:30:00,2026-11-14T02:30:00Z,,onsale,2026-06-26T16:00:00Z,2026-11-14T02:30:00Z,,,,LIVE NATION MUSIC,KZFzniwnSyZfZ7v7nJ,Music,KnvZfZ7vAvv,Alternative,KZazBEonSMnZfZ7vAde,Indie Rock,2026-09-20T22:44:03.417698+00:00
Z7r9jZ1A7x6ua,Andrew McMahon w/ Colorado Symphony Orchestra,https://www.ticketmaster.com/event/Z7r9jZ1A7x6ua,Z6r9jZdv1e,2026-11-13,19:30:00,2026-11-14T02:30:00Z,,onsale,1900-01-01T18:00:00Z,2026-11-14T02:30:00Z,,,,,KZFzniwnSyZfZ7v7nJ,Music,KnvZfZ7vAev,Pop,KZazBEonSMnZfZ7vk1t,Pop,2026-09-20T22:44:03.417698+00:00
1718v0G62HYps1T,Cat Clyde & Dean Johnson,https://www.ticketweb.com/event/cat-clyde-dean-johnson-black-sheep-tickets/15005033?REFERRAL_ID=tmfeed,KovZpZAJ77kA,2026-11-13,20:00:00,2026-11-14T03:00:00Z,America/Denver,onsale,2026-08-05T16:00:00Z,2026-11-14T03:00:00Z,,,,,KZFzniwnSyZfZ7v7nJ,Music,KnvZfZ7vAeA,Rock,KZazBEonSMnZfZ7v6F1,Pop,2026-09-20T22:44:03.417698+00:00
G5vzZ_8mpYE0h,Amtrac - 18+,https://www.ticketmaster.com/amtrac-18-denver-colorado-11-13-2026/event/1E00650B96C2791B,KovZpZAFFt1A,2026-11-13,20:00:00,2026-11-14T03:00:00Z,America/Denver,onsale,2026-08-21T18:00:00Z,2026-11-14T05:00:00Z,,,,LIVE NATION MUSIC,KZFzniwnSyZfZ7v7nJ,Music,KnvZfZ7vAvF,Dance/Electronic,KZazBEonSMnZfZ7vaEn,Amapiano,2026-09-20T22:44:03.417698+00:00
Z7r9jZ1A7-YqO,Bahamas (16 and Over),https://www.ticketmaster.com/event/Z7r9jZ1A7-YqO,Z6r9jZdvee,2026-11-13,20:00:00,2026-11-14T03:00:00Z,,onsale,1900-01-01T06:00:00Z,2026-11-14T03:00:00Z,,,,,KZFzniwnSyZfZ7v7nJ,Music,KnvZfZ7vAv6,Country,KZazBEonSMnZfZ7vAad,Country Folk,2026-09-20T22:44:03.417698+00:00
Z7r9jZ1A7P9u-,The Brothers Comatose,https://www.ticketmaster.com/event/Z7r9jZ1A7P9u-,ZFr9jZkve6,2026-11-13,20:00:00,2026-11-14T03:00:00Z,,onsale,1900-01-01T06:00:00Z,2026-11-14T03:00:00Z,,,,,KZFzniwnSyZfZ7v7nJ,Music,KnvZfZ7vAeA,Rock,KZazBEonSMnZfZ7v6F1,Pop,2026-09-20T22:44:03.417698+00:00
Z7r9jZ1AAZ4AN,Cat Clyde w/ Dean Johnson,https://www.ticketmaster.com/event/Z7r9jZ1AAZ4AN,ZFr9jZAFk1,2026-11-13,20:00:00,2026-11-14T03:00:00Z,,onsale,2026-08-05T16:00:00Z,2026-11-14T03:00:00Z,,,,,KZFzniwnSyZfZ7v7nJ,Music,KnvZfZ7vAvl,Other,KZazBEonSMnZfZ7vk1I,Other,2026-09-20T22:44:03.417698+00:00
rZ7HnEZ1Afa0f7,Joe Nichols,https://www.ticketweb.com/event/joe-nichols-grizzly-rose-tickets/14264504,rZ7HnEZ17uJbA,2026-11-13,20:00:00,2026-11-14T03:00:00Z,America/Denver,onsale,2026-07-17T16:00:00Z,2026-11-14T06:30:00Z,41.63,41.63,USD,,KZFzniwnSyZfZ7v7nJ,Music,KnvZfZ7vAv6,Country,KZazBEonSMnZfZ7vAFa,Country,2026-09-20T22:44:03.417698+00:00
G5vzZ_oNd3hTQ,Levi Bloom,https://www.ticketmaster.com/levi-bloom-denver-colorado-11-13-2026/event/1E006518C349BFDA,KovZ917Aai0,2026-11-13,21:00:00,2026-11-14T04:00:00Z,America/Denver,onsale,2026-08-28T16:00:00Z,2026-11-14T06:00:00Z,,,,MISCELLANEOUS PROMOTER,KZFzniwnSyZfZ7v7nJ,Music,KnvZfZ7vAv6,Country,KZazBEonSMnZfZ7vAFa,Country,2026-09-20T22:44:03.417698+00:00
Z7r9jZ1A7xaFa,D.O.D. (16 and Over),https://www.ticketmaster.com/event/Z7r9jZ1A7xaFa,Z7r9jZadVI,2026-11-13,21:00:00,2026-11-14T04:00:00Z,,onsale,1900-01-01T06:00:00Z,2026-11-14T04:00:00Z,,,,,KZFzniwnSyZfZ7v7nJ,Music,KnvZfZ7vAvF,Dance/Electronic,KZazBEonSMnZfZ7vAJ1,Club Dance,2026-09-20T22:44:03.417698+00:00
rZ7HnEZ1AfFkoV,"Flex, La Factoria y Makano en Denver",https://www.ticketweb.com/event/flex-la-factoria-y-makano-stampede-tickets/14206474,rZ7HnEZ173p1A,2026-11-13,21:00:00,2026-11-14T04:00:00Z,America/Denver,onsale,2026-06-10T17:30:00Z,2026-11-14T02:00:00Z,81.86,103.21,USD,,KZFzniwnSyZfZ7v7nJ,Music,KnvZfZ7vAeF,World,KZazBEonSMnZfZ7vFdJ,Latin,2026-09-20T22:44:03.417698+00:00
rZ7HnEZ1AfG98V,TOKiMONSTA,https://www.ticketweb.com/event/tokimonsta-the-church-nightclub-tickets/14317434,rZ7HnEZ17qf4V,2026-11-13,22:00:00,2026-11-14T05:00:00Z,America/Denver,onsale,2026-09-14T18:00:00Z,2026-11-14T09:00:00Z,24.95,24.95,USD,INSOMNIAC PRESENTS,KZFzniwnSyZfZ7v7nJ,Music,KnvZfZ7vAvF,Dance/Electronic,,,2026-09-20T22:44:03.417698+00:00
Z7r9jZ1A7Ovqv,mike.,https://www.ticketmaster.com/event/Z7r9jZ1A7Ovqv,ZFr9jZe71a,2026-11-14,17:30:00,2026-11-15T00:30:00Z,,onsale,1900-01-01T06:00:00Z,2026-11-15T00:30:00Z,,,,,KZFzniwnSyZfZ7v7nJ,Music,KnvZfZ7vAvl,Other,KZazBEonSMnZfZ7vk1I,Other,2026-09-20T22:44:03.417698+00:00
G5vzZ_uURfIzf,Paramount Theatre Club Seating - Fortune Feimster Live Special Taping,https://www.ticketmaster.com/paramount-theatre-club-seating-fortune-feimster-denver-colorado-11-14-2026/event/1E0064DDAF528E14,KovZpZAFa1nA,2026-11-14,18:00:00,2026-11-15T01:00:00Z,America/Denver,onsale,2026-07-02T17:00:00Z,2026-11-15T02:00:00Z,,,,PROMOTED BY VENUE,KZFzniwnSyZfZ7v7nJ,Music,KnvZfZ7vAvl,Other,KZazBEonSMnZfZ7vk1I,Other,2026-09-20T22:44:03.417698+00:00
G5vzZ_CTP-Hgb,Surely Tempo,https://www.ticketmaster.com/surely-tempo-denver-colorado-11-14-2026/event/1E0064EFE587CD58,KovZpZAJeFkA,2026-11-14,19:00:00,2026-11-15T02:00:00Z,America/Denver,onsale,2026-07-24T16:00:00Z,2026-11-15T04:00:00Z,,,,LIVE NATION MUSIC,KZFzniwnSyZfZ7v7nJ,Music,KnvZfZ7vAeA,Rock,KZazBEonSMnZfZ7v6dt,Alternative Rock,2026-09-20T22:44:03.417698+00:00
G5vzZ_F2U0Hie,Kurt Vile & the Violators,https://www.ticketmaster.com/kurt-vile-the-violators-denver-colorado-11-14-2026/event/1E006483F693CB02,KovZpZAFFt1A,2026-11-14,19:00:00,2026-11-15T02:00:00Z,America/Denver,onsale,2026-04-10T16:00:00Z,2026-11-15T04:00:00Z,,,,LIVE NATION MUSIC,KZFzniwnSyZfZ7v7nJ,Music,KnvZfZ7vAeA,Rock,KZazBEonSMnZfZ7v6F1,Pop,2026-09-20T22:44:03.417698+00:00
rZ7HnEZ1AfZgrf,Sabados Sabrosos!,https://www.ticketweb.com/event/sabados-sabrosos-la-rumba-tickets/14035794,rZ7HnEZ173pGP,2026-11-14,19:00:00,2026-11-15T02:00:00Z,America/Denver,onsale,2026-01-02T05:00:00Z,2027-11-07T01:00:00Z,25.18,25.18,USD,,KZFzniwnSyZfZ7v7nJ,Music,KnvZfZ7vAeF,World,KZazBEonSMnZfZ7vFdJ,Latin,2026-09-20T22:44:03.417698+00:00
1718v0G6u2WGs1_,"Inoha, Budda Trixie, Fight By Nothing",https://www.ticketweb.com/event/inoha-budda-trixie-fight-by-black-sheep-tickets/14208464?REFERRAL_ID=tmfeed,KovZpZAJ77kA,2026-11-14,19:30:00,2026-11-15T02:30:00Z,America/Denver,onsale,2026-06-26T16:00:00Z,2026-11-15T02:30:00Z,,,,,KZFzniwnSyZfZ7v7nJ,Music,KnvZfZ7vAeA,Rock,KZazBEonSMnZfZ7v6dt,Alternative Rock,2026-09-20T22:44:03.417698+00:00
G5vzZ_2X6FgW0,Cat Clyde & Dean Johnson,https://www.ticketmaster.com/cat-clyde-dean-johnson-denver-colorado-11-14-2026/event/1E0064FF87235F64,KovZ917Aai0,2026-11-14,19:30:00,2026-11-15T02:30:00Z,America/Denver,onsale,2026-08-07T16:00:00Z,2026-11-15T04:30:00Z,,,,MISCELLANEOUS PROMOTER,KZFzniwnSyZfZ7v7nJ,Music,KnvZfZ7vAeA,Rock,KZazBEonSMnZfZ7v6F1,Pop,2026-09-20T22:44:03.417698+00:00
Z7r9jZ1A7JoPb,The Colorado Springs Philharmonic presents Tchaikovsky / Stravinsky,https://www.ticketmaster.com/event/Z7r9jZ1A7JoPb,ZFr9jZe777,2026-11-14,19:30:00,2026-11-15T02:30:00Z,,onsale,1900-01-01T06:00:00Z,2026-11-15T02:30:00Z,,,,,KZFzniwnSyZfZ7v7nJ,Music,KnvZfZ7vAvl,Other,KZazBEonSMnZfZ7vk1I,Other,2026-09-20T22:44:03.417698+00:00
Z7r9jZ1A7PJa8,INOHA,https://www.ticketmaster.com/event/Z7r9jZ1A7PJa8,ZFr9jZAFk1,2026-11-14,19:30:00,2026-11-15T02:30:00Z,,onsale,2026-06-26T16:00:00Z,2026-11-15T02:30:00Z,,,,,KZFzniwnSyZfZ7v7nJ,Music,KnvZfZ7vAvv,Alternative,KZazBEonSMnZfZ7vAde,Indie Rock,2026-09-20T22:44:03.417698+00:00
Z7r9jZ1A7xAZo,Andrew McMahon w/ Colorado Symphony Orchestra,https://www.ticketmaster.com/event/Z7r9jZ1A7xAZo,Z6r9jZdv1e,2026-11-14,19:30:00,2026-11-15T02:30:00Z,,onsale,1900-01-01T18:00:00Z,2026-11-15T02:30:00Z,,,,,KZFzniwnSyZfZ7v7nJ,Music,KnvZfZ7vAev,Pop,KZazBEonSMnZfZ7vk1t,Pop,2026-09-20T22:44:03.417698+00:00
G5vzZ_13TbrQr,Dave Hause & The Mermaid,https://link.dice.fm/Ib920e17c551,KovZ917Aig0,2026-11-14,20:00:00,2026-11-15T03:00:00Z,America/Denver,onsale,2026-05-08T16:00:00Z,2026-11-15T03:00:00Z,,,,LIVE NATION MUSIC,KZFzniwnSyZfZ7v7nJ,Music,KnvZfZ7vAeA,Rock,KZazBEonSMnZfZ7v6a6,Punk,2026-09-20T22:44:03.417698+00:00
G5vzZ_CB-JIvf,Dev Lemons: Eat The Pavement Tour,https://tickets.meowwolf.com/events/denver/dev-lemons/,KovZ917AYbY,2026-11-14,20:00:00,2026-11-15T03:00:00Z,America/Denver,onsale,2026-07-17T15:00:00Z,2026-11-15T03:00:00Z,,,,LIVE NATION MUSIC,KZFzniwnSyZfZ7v7nJ,Music,KnvZfZ7vAev,Pop,KZazBEonSMnZfZ7vaEl,Electro Pop,2026-09-20T22:44:03.417698+00:00
Z7r9jZ1A7-yP7,NieR: Orchestra Concert,https://www.ticketmaster.com/event/Z7r9jZ1A7-yP7,ZFr9jZ76Ak,2026-11-14,20:00:00,2026-11-15T03:00:00Z,,onsale,2026-04-03T16:00:00Z,2026-11-15T03:00:00Z,,,,,KZFzniwnSyZfZ7v7nJ,Music,KnvZfZ7vAvl,Other,KZazBEonSMnZfZ7vk1I,Other,2026-09-20T22:44:03.417698+00:00
Z7r9jZ1A7J3At,Dev Lemons: Eat The Pavement Tour,https://www.ticketmaster.com/event/Z7r9jZ1A7J3At,Z7r9jZa7j5,2026-11-14,20:00:00,2026-11-15T03:00:00Z,,onsale,2026-07-17T15:00:00Z,2026-11-15T03:00:00Z,,,,LIVE NATION MUSIC,KZFzniwnSyZfZ7v7nJ,Music,KnvZfZ7vAev,Pop,KZazBEonSMnZfZ7vk1t,Pop,2026-09-20T22:44:03.417698+00:00
Z7r9jZ1AAvKqN,half alive,https://www.ticketmaster.com/event/Z7r9jZ1AAvKqN,Z6r9jZdvee,2026-11-14,20:00:00,2026-11-15T03:00:00Z,,onsale,1900-01-01T06:00:00Z,2026-11-15T03:00:00Z,,,,,KZFzniwnSyZfZ7v7nJ,Music,KnvZfZ7vAvl,Other,KZazBEonSMnZfZ7vk1I,Other,2026-09-20T22:44:03.417698+00:00
G5vzZ_uURgFDv,Paramount Theatre Club Seating - Fortune Feimster Live Special Taping,https://www.ticketmaster.com/paramount-theatre-club-seating-fortune-feimster-denver-colorado-11-14-2026/event/1E0064DDAFD48EC1,KovZpZAFa1nA,2026-11-14,20:30:00,2026-11-15T03:30:00Z,America/Denver,onsale,2026-07-02T17:00:00Z,2026-11-15T04:30:00Z,,,,PROMOTED BY VENUE,KZFzniwnSyZfZ7v7nJ,Music,KnvZfZ7vAvl,Other,KZazBEonSMnZfZ7vk1I,Other,2026-09-20T22:44:03.417698+00:00
Z7r9jZ1A70kOE,Black Angels w/ GHOSTWOMAN,https://www.ticketmaster.com/event/Z7r9jZ1A70kOE,ZFr9jZAFe7,2026-11-14,21:00:00,2026-11-15T04:00:00Z,,onsale,1900-01-01T06:00:00Z,2026-11-15T04:00:00Z,,,,,KZFzniwnSyZfZ7v7nJ,Music,KnvZfZ7vAvv,Alternative,KZazBEonSMnZfZ7vAvn,Alternative Rock,2026-09-20T22:44:03.417698+00:00
rZ7HnEZ1AfGO_7,La Reunion Nortena - Morro y Su Reunión,https://www.ticketweb.com/event/la-reunion-nortena-stampede-tickets/14320644,rZ7HnEZ173p1A,2026-11-14,21:30:00,2026-11-15T04:30:00Z,America/Denver,onsale,2026-09-14T21:50:00Z,2026-11-15T04:30:00Z,39.16,42.36,USD,,KZFzniwnSyZfZ7v7nJ,Music,KnvZfZ7vAvl,Other,,,2026-09-20T22:44:03.417698+00:00
rZ7HnEZ1A4Ze4d,TWOFACED,https://www.ticketweb.com/event/twofaced-the-basement-at-club-vinyl-tickets/15002543,rZ7HnEZ17QA4S,2026-11-14,22:00:00,2026-11-15T05:00:00Z,America/Denver,onsale,2026-08-06T16:00:00Z,2026-11-15T09:00:00Z,24.95,24.95,USD,INSOMNIAC PRESENTS,KZFzniwnSyZfZ7v7nJ,Music,KnvZfZ7vAvF,Dance/Electronic,KZazBEonSMnZfZ7vA1E,Dance/Electronic,2026-09-20T22:44:03.417698+00:00
rZ7HnEZ1A4ZeFS,HVDES,https://www.ticketweb.com/event/hvdes-club-vinyl-tickets/15002233,rZ7HnEZ17qf40,2026-11-14,22:00:00,2026-11-15T05:00:00Z,America/Denver,onsale,2026-08-06T16:00:00Z,2026-11-15T09:00:00Z,24.95,24.95,USD,INSOMNIAC PRESENTS,KZFzniwnSyZfZ7v7nJ,Music,KnvZfZ7vAvF,Dance/Electronic,KZazBEonSMnZfZ7vA1E,Dance/Electronic,2026-09-20T22:44:03.417698+00:00
Z7r9jZ1A7JoP9,The Colorado Springs Philharmonic presents Tchaikovsky / Stravinsky,https://www.ticketmaster.com/event/Z7r9jZ1A7JoP9,ZFr9jZe777,2026-11-15,14:30:00,2026-11-15T21:30:00Z,,onsale,1900-01-01T06:00:00Z,2026-11-15T21:30:00Z,,,,,KZFzniwnSyZfZ7v7nJ,Music,KnvZfZ7vAvl,Other,KZazBEonSMnZfZ7vk1I,Other,2026-09-20T22:44:03.417698+00:00
Z7r9jZ1A7O6_O,mike.,https://www.ticketmaster.com/event/Z7r9jZ1A7O6_O,ZFr9jZe71a,2026-11-15,14:30:00,2026-11-15T21:30:00Z,,onsale,2025-12-17T17:00:00Z,2026-11-15T21:30:00Z,,,,,KZFzniwnSyZfZ7v7nJ,Music,KnvZfZ7vAvl,Other,KZazBEonSMnZfZ7vk1I,Other,2026-09-20T22:44:03.417698+00:00
G5vzZ_5MI64Cq,VOILÀ Presents: Moonbloom,https://www.ticketmaster.com/voila-presents-moonbloom-denver-colorado-11-15-2026/event/1E0064BDE81D539D,KovZpZAFFt1A,2026-11-15,18:00:00,2026-11-16T01:00:00Z,America/Denver,onsale,2026-06-05T16:00:00Z,2026-11-16T03:00:00Z,,,,LIVE NATION MUSIC,KZFzniwnSyZfZ7v7nJ,Music,KnvZfZ7vAeA,Rock,KZazBEonSMnZfZ7v6dt,Alternative Rock,2026-09-20T22:44:03.417698+00:00
1Ae0Z_kGklnAOLU,"Fear Factory, Darkest Hour, Brotality, Suicide Cages",https://www.ticketweb.com/event/fear-factory-darkest-hour-brotality-black-sheep-tickets/14773333?REFERRAL_ID=tmfeed,KovZpZAJ77kA,2026-11-15,19:00:00,2026-11-16T02:00:00Z,America/Denver,onsale,2026-03-13T16:00:00Z,2026-11-16T02:00:00Z,,,,,KZFzniwnSyZfZ7v7nJ,Music,KnvZfZ7vAvt,Metal,KZazBEonSMnZfZ7vaJ6,Nu-Metal,2026-09-20T22:44:03.417698+00:00
G5vzZ_om1NPJT,Geordie Kieffer,https://www.ticketmaster.com/geordie-kieffer-denver-colorado-11-15-2026/event/1E00651B8A8E59BF,KovZpZAJeFkA,2026-11-15,19:00:00,2026-11-16T02:00:00Z,America/Denver,onsale,2026-09-02T15:00:00Z,2026-11-16T04:00:00Z,,,,LIVE NATION MUSIC,KZFzniwnSyZfZ7v7nJ,Music,KnvZfZ7vAeA,Rock,KZazBEonSMnZfZ7v6F1,Pop,2026-09-20T22:44:03.417698+00:00
Z7r9jZ1A7-0Ck,Fear Factory w/ Darkest Hour,https://www.ticketmaster.com/event/Z7r9jZ1A7-0Ck,ZFr9jZAFk1,2026-11-15,19:00:00,2026-11-16T02:00:00Z,,onsale,2026-03-13T16:00:00Z,2026-11-16T02:00:00Z,,,,,KZFzniwnSyZfZ7v7nJ,Music,KnvZfZ7vAeA,Rock,KZazBEonSMnZfZ7v6kl,Hard Rock,2026-09-20T22:44:03.417698+00:00
Z7r9jZ1A7-Ouv,The Living Tombstone - Ages 16+,https://www.ticketmaster.com/event/Z7r9jZ1A7-Ouv,Z7r9jZadVI,2026-11-15,19:00:00,2026-11-16T02:00:00Z,,onsale,2026-03-06T17:00:00Z,2026-11-16T02:00:00Z,,,,,KZFzniwnSyZfZ7v7nJ,Music,KnvZfZ7vAvF,Dance/Electronic,KZazBEonSMnZfZ7vA1E,Dance/Electronic,2026-09-20T22:44:03.417698+00:00
rZ7HnEZ1AfZgF7,SALSA & BACHATA SUNDAYS,https://www.ticketweb.com/event/salsa-bachata-sundays-la-rumba-tickets/14035204,rZ7HnEZ173pGP,2026-11-15,19:00:00,2026-11-16T02:00:00Z,America/Denver,onsale,2026-01-02T05:00:00Z,2027-11-08T02:00:00Z,14.13,14.13,USD,,KZFzniwnSyZfZ7v7nJ,Music,KnvZfZ7vAeF,World,KZazBEonSMnZfZ7vFdJ,Latin,2026-09-20T22:44:03.417698+00:00
G5vzZ_1BwrQu_,Arcángel - La 8va Maravilla World Tour,https://www.ticketmaster.com/arcangel-la-8va-maravilla-world-tour-denver-colorado-11-15-2026/event/1E0064AEB279A359,KovZpZAFa1nA,2026-11-15,20:00:00,2026-11-16T03:00:00Z,America/Denver,onsale,2026-05-28T16:00:00Z,2026-11-16T05:00:00Z,,,,LIVE NATION MUSIC,KZFzniwnSyZfZ7v7nJ,Music,KnvZfZ7vAv1,Hip-Hop/Rap,KZazBEonSMnZfZ7vkdv,Reggaeton,2026-09-20T22:44:03.417698+00:00
G5vzZ_8I5_G1r,Pedro Fernández - Ave Fénix Two'r,https://www.axs.com/events/1552306/pedro-fernandez-tickets,KovZpaKBBe,2026-11-15,20:00:00,2026-11-16T03:00:00Z,America/Denver,onsale,2026-08-14T16:00:00Z,2026-11-16T03:00:00Z,,,,LIVE NATION MUSIC,KZFzniwnSyZfZ7v7nJ,Music,KnvZfZ7vAJ6,Latin,KZazBEonSMnZfZ7va1a,Latin,2026-09-20T22:44:03.417698+00:00
G5vzZ_GRvyqtl,Paramount Theatre Club Seating:Arcángel,https://www.ticketmaster.com/paramount-theatre-club-seatingarcangel-denver-colorado-11-15-2026/event/1E0064CBC1E5DA6B,KovZpZAFa1nA,2026-11-15,20:00:00,2026-11-16T03:00:00Z,America/Denver,onsale,2026-06-17T16:00:00Z,2026-11-16T04:00:00Z,,,,PROMOTED BY VENUE,KZFzniwnSyZfZ7v7nJ,Music,KnvZfZ7vAvl,Other,KZazBEonSMnZfZ7vk1I,Other,2026-09-20T22:44:03.417698+00:00
Z7r9jZ1A7x9kv,The Black Angels (16 and Over),https://www.ticketmaster.com/event/Z7r9jZ1A7x9kv,ZFr9jZdde7,2026-11-15,20:00:00,2026-11-16T03:00:00Z,,onsale,1900-01-01T06:00:00Z,2026-11-16T03:00:00Z,,,,,KZFzniwnSyZfZ7v7nJ,Music,KnvZfZ7vAvv,Alternative,KZazBEonSMnZfZ7vAvn,Alternative Rock,2026-09-20T22:44:03.417698+00:00
Z7r9jZ1AAZJF9,Pedro Fernandez - Ave Fenix Two'r,https://www.ticketmaster.com/event/Z7r9jZ1AAZJF9,ZFr9jZ76Ak,2026-11-15,20:00:00,2026-11-16T03:00:00Z,,onsale,2026-08-14T16:00:00Z,2026-11-16T03:00:00Z,,,,LIVE NATION MUSIC,KZFzniwnSyZfZ7v7nJ,Music,KnvZfZ7vAvl,Other,KZazBEonSMnZfZ7vk1I,Other,2026-09-20T22:44:03.417698+00:00
G5vzZ_8M20K4Z,Hurricane Wisdom,https://www.ticketmaster.com/hurricane-wisdom-denver-colorado-11-16-2026/event/1E00650DCF913540,KovZpZAJeFkA,2026-11-16,19:00:00,2026-11-17T02:00:00Z,America/Denver,onsale,2026-08-19T16:00:00Z,2026-11-17T04:00:00Z,,,,LIVE NATION MUSIC,KZFzniwnSyZfZ7v7nJ,Music,KnvZfZ7vAv1,Hip-Hop/Rap,KZazBEonSMnZfZ7vaEI,Trap,2026-09-20T22:44:03.417698+00:00
Z7r9jZ1A7PfAb,Violet Grohl,https://www.ticketmaster.com/event/Z7r9jZ1A7PfAb,Z6r9jZdvee,2026-11-17,19:00:00,2026-11-18T02:00:00Z,,onsale,1900-01-01T06:00:00Z,2026-11-18T02:00:00Z,,,,,KZFzniwnSyZfZ7v7nJ,Music,KnvZfZ7vAeA,Rock,KZazBEonSMnZfZ7v6F1,Pop,2026-09-20T22:44:03.417698+00:00
1718v0G6CbwusjH,"Wolf & Bear, Coletta, Origami Button",https://www.ticketweb.com/event/wolf-bear-coletta-origami-black-sheep-tickets/14241104?REFERRAL_ID=tmfeed,KovZpZAJ77kA,2026-11-17,19:30:00,2026-11-18T02:30:00Z,America/Denver,onsale,2026-07-10T14:00:00Z,2026-11-18T02:30:00Z,,,,,KZFzniwnSyZfZ7v7nJ,Music,KnvZfZ7vAeA,Rock,KZazBEonSMnZfZ7v6F1,Pop,2026-09-20T22:44:03.417698+00:00
G5vzZ_aUpxQSs,Scott Bradlee's Postmodern Jukebox,https://www.ticketmaster.com/scott-bradlees-postmodern-jukebox-grand-junction-colorado-11-17-2026/event/1E00649D9689ACF1,KovZpa4gke,2026-11-17,20:00:00,2026-11-18T03:00:00Z,America/Denver,onsale,2026-05-08T16:00:00Z,2026-11-18T05:00:00Z,,,,AEG - TICKETING,KZFzniwnSyZfZ7v7nJ,Music,KnvZfZ7vAvE,Jazz,KZazBEonSMnZfZ7vkda,Jazz,2026-09-20T22:44:03.417698+00:00
rZ7HnEZ1AfAKAf,Ladies Night 2026,https://www.ticketweb.com/event/ladies-night-2026-stampede-tickets/14153154,rZ7HnEZ173p1A,2026-11-18,18:00:00,2026-11-19T01:00:00Z,America/Denver,onsale,2026-02-10T18:35:00Z,2026-11-19T06:55:00Z,16.56,16.56,USD,,KZFzniwnSyZfZ7v7nJ,Music,KnvZfZ7vAv6,Country,KZazBEonSMnZfZ7vAFa,Country,2026-09-20T22:44:03.417698+00:00
G5vzZ_3lqEGIH,1 Umbrella,https://www.ticketmaster.com/1-umbrella-denver-colorado-11-18-2026/event/1E00652ADD9CCA3C,KovZpZAJeFkA,2026-11-18,19:00:00,2026-11-19T02:00:00Z,America/Denver,onsale,2026-09-18T16:00:00Z,2026-11-19T04:00:00Z,,,,LIVE NATION MUSIC,KZFzniwnSyZfZ7v7nJ,Music,KnvZfZ7vAv1,Hip-Hop/Rap,KZazBEonSMnZfZ7vaEI,Trap,2026-09-20T22:44:03.417698+00:00
G5vzZ_k4yJfD0,Sabaton: Legends on Tour,https://www.axs.com/events/1123852/sabaton-tickets,KovZpZA1F6JA,2026-11-18,19:00:00,2026-11-19T02:00:00Z,America/Denver,onsale,2026-03-05T15:38:00Z,2026-11-19T02:00:00Z,,,,LIVE NATION MUSIC,KZFzniwnSyZfZ7v7nJ,Music,KnvZfZ7vAvt,Metal,KZazBEonSMnZfZ7vaJ6,Nu-Metal,2026-09-20T22:44:03.417698+00:00
Z7r9jZ1A7-Ojz,Sabaton: Legends on Tour,https://www.ticketmaster.com/event/Z7r9jZ1A7-Ojz,ZFr9jZ7v1A,2026-11-18,19:00:00,2026-11-19T02:00:00Z,,onsale,2026-03-05T15:38:00Z,2026-11-19T02:00:00Z,,,,LIVE NATION MUSIC,KZFzniwnSyZfZ7v7nJ,Music,KnvZfZ7vAvl,Other,KZazBEonSMnZfZ7vk1I,Other,2026-09-20T22:44:03.417698+00:00
rZ7HnEZ1A4Za-N,Shimmy Shakin' Blues,https://www.ticketweb.com/event/shimmy-shakin-blues-la-rumba-tickets/15009863,rZ7HnEZ173pGP,2026-11-18,19:00:00,2026-11-19T02:00:00Z,America/Denver,onsale,2026-08-03T20:10:00Z,2026-11-18T07:00:00Z,20.03,41.13,USD,,KZFzniwnSyZfZ7v7nJ,Music,KnvZfZ7vAvl,Other,,,2026-09-20T22:44:03.417698+00:00
G5vzZ_aBwilEA,Scott Bradlee's Postmodern Jukebox - The Future Is Vintage World Tour,https://www.ticketmaster.com/scott-bradlees-postmodern-jukebox-the-future-denver-colorado-11-18-2026/event/1E00649EB2B2B9C5,KovZpZAFa1nA,2026-11-18,20:00:00,2026-11-19T03:00:00Z,America/Denver,onsale,2026-05-08T16:00:00Z,2026-11-19T05:00:00Z,,,,AEG LIVE,KZFzniwnSyZfZ7v7nJ,Music,KnvZfZ7vAvE,Jazz,KZazBEonSMnZfZ7vkda,Jazz,2026-09-20T22:44:03.417698+00:00
Z7r9jZ1AAZfxb,Vansire,https://www.ticketmaster.com/event/Z7r9jZ1AAZfxb,Z6r9jZdvee,2026-11-18,20:00:00,2026-11-19T03:00:00Z,,onsale,1900-01-01T06:00:00Z,2026-11-19T03:00:00Z,,,,,KZFzniwnSyZfZ7v7nJ,Music,KnvZfZ7vAvl,Other,KZazBEonSMnZfZ7vk1I,Other,2026-09-20T22:44:03.417698+00:00
rZ7HnEZ1AfxAed,Goth Night hosted by Gotica Nouveau,https://www.ticketweb.com/event/goth-night-hosted-by-gotica-vultures-tickets/14885083,rZ7HnEZ17fd1A,2026-11-18,20:00:00,2026-11-19T03:00:00Z,America/Denver,onsale,2026-04-27T16:00:00Z,2026-11-19T03:00:00Z,,,,,KZFzniwnSyZfZ7v7nJ,Music,KnvZfZ7vAvv,Alternative,KZazBEonSMnZfZ7vAen,Goth,2026-09-20T22:44:03.900761+00:00
G5vzZ_8mcSnfN,The Burial Plot - Final Show,https://www.ticketmaster.com/the-burial-plot-final-show-denver-colorado-11-19-2026/event/1E00650BADCEA523,KovZpZAJeFkA,2026-11-19,18:00:00,2026-11-20T01:00:00Z,America/Denver,onsale,2026-08-14T16:00:00Z,2026-11-20T03:00:00Z,,,,LIVE NATION MUSIC,KZFzniwnSyZfZ7v7nJ,Music,KnvZfZ7vAeA,Rock,KZazBEonSMnZfZ7v6dt,Alternative Rock,2026-09-20T22:44:03.900761+00:00
G5vzZ_uCJAaPb,almost monday,https://www.ticketmaster.com/almost-monday-denver-colorado-11-19-2026/event/1E0064D3A6149958,KovZpZAFFt1A,2026-11-19,19:00:00,2026-11-20T02:00:00Z,America/Denver,onsale,2026-06-26T16:00:00Z,2026-11-20T04:00:00Z,,,,LIVE NATION MUSIC,KZFzniwnSyZfZ7v7nJ,Music,KnvZfZ7vAev,Pop,KZazBEonSMnZfZ7vaEl,Electro Pop,2026-09-20T22:44:03.900761+00:00
Z7r9jZ1AAZ3uZ,Taste of Ireland Company presents A Celtic Christmas,https://www.ticketmaster.com/event/Z7r9jZ1AAZ3uZ,ZFr9jZe777,2026-11-19,19:30:00,2026-11-20T02:30:00Z,,onsale,1900-01-01T06:00:00Z,2026-11-20T02:30:00Z,,,,,KZFzniwnSyZfZ7v7nJ,Music,KnvZfZ7vAvl,Other,KZazBEonSMnZfZ7vk1I,Other,2026-09-20T22:44:03.900761+00:00
G5vzZ_CNtkGGK,Krooked Kings: In Another Life Tour,https://tickets.meowwolf.com/events/denver/krooked-kings/,KovZ917AYbY,2026-11-19,20:00:00,2026-11-20T03:00:00Z,America/Denver,onsale,2026-07-08T22:34:00Z,2026-11-20T03:00:00Z,,,,LIVE NATION MUSIC,KZFzniwnSyZfZ7v7nJ,Music,KnvZfZ7vAeA,Rock,KZazBEonSMnZfZ7v6dt,Alternative Rock,2026-09-20T22:44:03.900761+00:00
G5vzZ_o5N-0JZ,Breakthrough Presents: Vertical Horizon,https://www.ticketmaster.com/breakthrough-presents-vertical-horizon-denver-colorado-11-19-2026/event/1E006512E3864980,KovZ917Aai0,2026-11-19,20:00:00,2026-11-20T03:00:00Z,America/Denver,onsale,2026-08-21T16:00:00Z,2026-11-20T05:00:00Z,,,,MISCELLANEOUS PROMOTER,KZFzniwnSyZfZ7v7nJ,Music,KnvZfZ7vAeA,Rock,KZazBEonSMnZfZ7v6dt,Alternative Rock,2026-09-20T22:44:03.900761+00:00
Z7r9jZ1A7P-1a,Bonobo (16+),https://www.ticketmaster.com/event/Z7r9jZ1A7P-1a,Z7r9jZadVI,2026-11-19,20:00:00,2026-11-20T03:00:00Z,,onsale,1900-01-01T06:00:00Z,2026-11-20T03:00:00Z,,,,,KZFzniwnSyZfZ7v7nJ,Music,KnvZfZ7vAvF,Dance/Electronic,KZazBEonSMnZfZ7vA1E,Dance/Electronic,2026-09-20T22:44:03.900761+00:00
Z7r9jZ1A7Psf0,Russian Circles (16 and Over),https://www.ticketmaster.com/event/Z7r9jZ1A7Psf0,ZFr9jZdde7,2026-11-19,20:00:00,2026-11-20T03:00:00Z,,onsale,1900-01-01T06:00:00Z,2026-11-20T03:00:00Z,,,,,KZFzniwnSyZfZ7v7nJ,Music,KnvZfZ7vAvl,Other,KZazBEonSMnZfZ7vk1I,Other,2026-09-20T22:44:03.900761+00:00
rZ7HnEZ1AfZU00,$5 Thursdays!,https://www.ticketweb.com/event/5-thursdays-la-rumba-tickets/14036924,rZ7HnEZ173pGP,2026-11-19,20:00:00,2026-11-20T03:00:00Z,America/Denver,onsale,2026-01-02T05:20:00Z,2027-11-13T03:00:00Z,8.73,8.73,USD,,KZFzniwnSyZfZ7v7nJ,Music,KnvZfZ7vAeF,World,KZazBEonSMnZfZ7vFdJ,Latin,2026-09-20T22:44:03.900761+00:00
rZ7HnEZ1AfGd40,Deante' Hitchcock,https://www.ticketweb.com/event/deante-hitchcock-the-roxy-theater-tickets/14303564,rZ7HnEZ17oUPP,2026-11-19,20:30:00,2026-11-20T03:30:00Z,America/Denver,onsale,2026-09-10T16:00:00Z,2026-11-20T05:30:00Z,,,,SEAN HEALY PRESENTS,KZFzniwnSyZfZ7v7nJ,Music,KnvZfZ7vAv1,Hip-Hop/Rap,KZazBEonSMnZfZ7vkvl,Hip-Hop/Rap,2026-09-20T22:44:03.900761+00:00
G5vzZ_19koCIM,Saosin: 20 Years of Self-Titled,https://www.ticketmaster.com/saosin-20-years-of-selftitled-denver-colorado-11-20-2026/event/1E0064A5C644EA37,KovZpZAFFt1A,2026-11-20,18:00:00,2026-11-21T01:00:00Z,America/Denver,onsale,2026-05-15T16:00:00Z,2026-11-21T03:00:00Z,,,,LIVE NATION MUSIC,KZFzniwnSyZfZ7v7nJ,Music,KnvZfZ7vAeA,Rock,KZazBEonSMnZfZ7v6dt,Alternative Rock,2026-09-20T22:44:03.900761+00:00
G5vzZ_2QDTig-,TYLA - THE A*POP WORLD TOUR,https://www.ticketmaster.com/tyla-the-apop-world-tour-denver-colorado-11-20-2026/event/1E0064F6BBFECD61,KovZpZAE6eJA,2026-11-20,18:30:00,2026-11-21T01:30:00Z,America/Denver,onsale,2026-07-31T16:00:00Z,2026-11-21T03:30:00Z,,,,LIVE NATION MUSIC,KZFzniwnSyZfZ7v7nJ,Music,KnvZfZ7vAev,Pop,KZazBEonSMnZfZ7vaEl,Electro Pop,2026-09-20T22:44:03.900761+00:00
Z7r9jZ1AAvA8F,Havok (16 and Over),https://www.ticketmaster.com/event/Z7r9jZ1AAvA8F,ZFr9jZdde7,2026-11-20,19:00:00,2026-11-21T02:00:00Z,,onsale,1900-01-01T06:00:00Z,2026-11-21T02:00:00Z,,,,,KZFzniwnSyZfZ7v7nJ,Music,KnvZfZ7vAvl,Other,KZazBEonSMnZfZ7vk1I,Other,2026-09-20T22:44:03.900761+00:00
rZ7HnEZ1AfZUG0,Ladies Night & Noche Sonidera,https://www.ticketweb.com/event/ladies-night-noche-sonidera-la-rumba-tickets/14036324,rZ7HnEZ173pGP,2026-11-20,19:00:00,2026-11-21T02:00:00Z,America/Denver,onsale,2026-01-02T05:15:00Z,2027-11-14T02:00:00Z,14.13,14.13,USD,,KZFzniwnSyZfZ7v7nJ,Music,KnvZfZ7vAeF,World,KZazBEonSMnZfZ7vFdJ,Latin,2026-09-20T22:44:03.900761+00:00
Z7r9jZ1A70JG-,Colorado Symphony Orchestra presents Elgar Cello Concerto & Dvor??k Symphony No. 7 with Peter Oundjian,https://www.ticketmaster.com/event/Z7r9jZ1A70JG-,Z6r9jZdv1e,2026-11-20,19:30:00,2026-11-21T02:30:00Z,,onsale,1900-01-01T06:00:00Z,2026-11-21T02:30:00Z,,,,,KZFzniwnSyZfZ7v7nJ,Music,KnvZfZ7vAvl,Other,KZazBEonSMnZfZ7vk1I,Other,2026-09-20T22:44:03.900761+00:00
G5vzZ_oSCGq1X,Dear Creedence: A Tribute to Creedence Clearwater Revival,https://www.ticketmaster.com/dear-creedence-a-tribute-to-creedence-denver-colorado-11-20-2026/event/1E00651CCE31D2BE,KovZ917Aai0,2026-11-20,20:00:00,2026-11-21T03:00:00Z,America/Denver,onsale,2026-09-11T16:00:00Z,2026-11-21T05:00:00Z,,,,MISCELLANEOUS PROMOTER,KZFzniwnSyZfZ7v7nJ,Music,KnvZfZ7vAeA,Rock,KZazBEonSMnZfZ7v6F1,Pop,2026-09-20T22:44:03.900761+00:00
Z7r9jZ1A7PVb7,"Goodnight, Texas",https://www.ticketmaster.com/event/Z7r9jZ1A7PVb7,Z6r9jZdvee,2026-11-20,20:00:00,2026-11-21T03:00:00Z,,onsale,1900-01-01T06:00:00Z,2026-11-21T03:00:00Z,,,,,KZFzniwnSyZfZ7v7nJ,Music,KnvZfZ7vAvl,Other,KZazBEonSMnZfZ7vk1I,Other,2026-09-20T22:44:03.900761+00:00
Z7r9jZ1AAv7AU,KOAN Sound - Ages 18+,https://www.ticketmaster.com/event/Z7r9jZ1AAv7AU,Z7r9jZa7cI,2026-11-20,20:00:00,2026-11-21T03:00:00Z,,onsale,1900-01-01T06:00:00Z,2026-11-21T03:00:00Z,,,,,KZFzniwnSyZfZ7v7nJ,Music,KnvZfZ7vAvF,Dance/Electronic,KZazBEonSMnZfZ7vA1E,Dance/Electronic,2026-09-20T22:44:03.900761+00:00
rZ7HnEZ1AfaYG7,"Tanner Usrey, Cam Allen",https://www.ticketweb.com/event/tanner-usrey-cam-allen-grizzly-rose-tickets/14270304,rZ7HnEZ17uJbA,2026-11-20,20:00:00,2026-11-21T03:00:00Z,America/Denver,onsale,2026-07-22T16:00:00Z,2026-11-21T06:30:00Z,24.15,24.15,USD,,KZFzniwnSyZfZ7v7nJ,Music,KnvZfZ7vAv6,Country,KZazBEonSMnZfZ7vAF1,Alternative Country,2026-09-20T22:44:03.900761+00:00
G5vzZ_36tuCwv,Bag Raiders,https://tickets.meowwolf.com/events/denver/bag-raiders/,KovZ917AYbY,2026-11-20,21:00:00,2026-11-21T04:00:00Z,America/Denver,onsale,2026-09-01T22:35:00Z,2026-11-21T04:00:00Z,,,,LIVE NATION MUSIC,KZFzniwnSyZfZ7v7nJ,Music,KnvZfZ7vAvF,Dance/Electronic,KZazBEonSMnZfZ7vaEn,Amapiano,2026-09-20T22:44:03.900761+00:00
Z7r9jZ1A7PE4I,LEVEL UP (16 and Over),https://www.ticketmaster.com/event/Z7r9jZ1A7PE4I,Z7r9jZadVI,2026-11-20,21:00:00,2026-11-21T04:00:00Z,,onsale,1900-01-01T06:00:00Z,2026-11-21T04:00:00Z,,,,,KZFzniwnSyZfZ7v7nJ,Music,KnvZfZ7vAvl,Other,KZazBEonSMnZfZ7vk1I,Other,2026-09-20T22:44:03.900761+00:00
Z7r9jZ1A7PIoN,Bonobo,https://www.ticketmaster.com/event/Z7r9jZ1A7PIoN,ZFr9jZAFe7,2026-11-20,21:00:00,2026-11-21T04:00:00Z,,onsale,1900-01-01T06:00:00Z,2026-11-21T04:00:00Z,,,,,KZFzniwnSyZfZ7v7nJ,Music,KnvZfZ7vAvF,Dance/Electronic,KZazBEonSMnZfZ7vA1E,Dance/Electronic,2026-09-20T22:44:03.900761+00:00
Z7r9jZ1AAv47F,Bag Raiders,https://www.ticketmaster.com/event/Z7r9jZ1AAv47F,Z7r9jZa7j5,2026-11-20,21:00:00,2026-11-21T04:00:00Z,,onsale,2026-09-01T22:35:00Z,2026-11-21T04:00:00Z,,,,LIVE NATION MUSIC,KZFzniwnSyZfZ7v7nJ,Music,KnvZfZ7vAvl,Other,KZazBEonSMnZfZ7vk1I,Other,2026-09-20T22:44:03.900761+00:00
G5vzZ_o66YlJp,Trans-Siberian Orchestra - The Ghosts Of Christmas Eve,https://www.ticketmaster.com/transsiberian-orchestra-the-ghosts-of-christmas-denver-colorado-11-21-2026/event/1E006511C7C2B996,KovZpZAFaJeA,2026-11-21,15:00:00,2026-11-21T22:00:00Z,America/Denver,onsale,2026-09-18T16:00:00Z,2026-11-22T00:00:00Z,,,,LIVE NATION MUSIC,KZFzniwnSyZfZ7v7nJ,Music,KnvZfZ7vAeA,Rock,KZazBEonSMnZfZ7v6F1,Pop,2026-09-20T22:44:03.900761+00:00
G5vzZ_G3prJzF,Underoath - Define the Great Line 20th Anniversary Tour,https://www.ticketmaster.com/underoath-define-the-great-line-20th-denver-colorado-11-21-2026/event/1E0064C4967A6E08,KovZpZAE6eJA,2026-11-21,17:30:00,2026-11-22T00:30:00Z,America/Denver,onsale,2026-06-12T16:00:00Z,2026-11-22T02:30:00Z,,,,LIVE NATION MUSIC,KZFzniwnSyZfZ7v7nJ,Music,KnvZfZ7vAeA,Rock,KZazBEonSMnZfZ7v6F1,Pop,2026-09-20T22:44:03.900761+00:00
G5vzZ_GRvTun7,STATE CHAMPS - 10 YEARS OF 'AROUND THE WORLD AND BACK',https://www.ticketmaster.com/state-champs-10-years-of-around-denver-colorado-11-21-2026/event/1E0064CBC1FCDA84,KovZpZAFFt1A,2026-11-21,18:00:00,2026-11-22T01:00:00Z,America/Denver,onsale,2026-06-19T18:00:00Z,2026-11-22T03:00:00Z,,,,LIVE NATION MUSIC,KZFzniwnSyZfZ7v7nJ,Music,KnvZfZ7vAeA,Rock,KZazBEonSMnZfZ7v6F1,Pop,2026-09-20T22:44:03.900761+00:00
1718v0G62Hsxs5F,TRSH - Gone Fishin' Tour,https://www.ticketweb.com/event/trsh-gone-fishin-black-sheep-tickets/15005043?REFERRAL_ID=tmfeed,KovZpZAJ77kA,2026-11-21,19:00:00,2026-11-22T02:00:00Z,America/Denver,onsale,2026-08-06T16:00:00Z,2026-11-22T02:00:00Z,,,,,KZFzniwnSyZfZ7v7nJ,Music,KnvZfZ7vAeA,Rock,KZazBEonSMnZfZ7v6dt,Alternative Rock,2026-09-20T22:44:03.900761+00:00
G5vzZ_G2YXKwn,Stephen Day Presents: The Self Titled Tour,https://www.ticketmaster.com/stephen-day-presents-the-self-titled-denver-colorado-11-21-2026/event/1E0064C3F0F93CAA,KovZpZAJeFkA,2026-11-21,19:00:00,2026-11-22T02:00:00Z,America/Denver,onsale,2026-06-12T15:00:00Z,2026-11-22T04:00:00Z,,,,LIVE NATION MUSIC,KZFzniwnSyZfZ7v7nJ,Music,KnvZfZ7vAev,Pop,KZazBEonSMnZfZ7vaEl,Electro Pop,2026-09-20T22:44:03.900761+00:00
Z7r9jZ1A7--ke,Foy Vance (16 and Over),https://www.ticketmaster.com/event/Z7r9jZ1A7--ke,ZFr9jZdde7,2026-11-21,19:00:00,2026-11-22T02:00:00Z,,onsale,1900-01-01T06:00:00Z,2026-11-22T02:00:00Z,,,,,KZFzniwnSyZfZ7v7nJ,Music,KnvZfZ7vAvl,Other,KZazBEonSMnZfZ7vk1I,Other,2026-09-20T22:44:03.900761+00:00
rZ7HnEZ1AfZg_7,Sabados Sabrosos!,https://www.ticketweb.com/event/sabados-sabrosos-la-rumba-tickets/14035644,rZ7HnEZ173pGP,2026-11-21,19:00:00,2026-11-22T02:00:00Z,America/Denver,onsale,2026-01-02T05:00:00Z,2027-11-14T02:00:00Z,25.18,25.18,USD,,KZFzniwnSyZfZ7v7nJ,Music,KnvZfZ7vAeF,World,KZazBEonSMnZfZ7vFdJ,Latin,2026-09-20T22:44:03.900761+00:00
G5vzZ_o66Jl0U,Trans-Siberian Orchestra - The Ghosts Of Christmas Eve,https://www.ticketmaster.com/transsiberian-orchestra-the-ghosts-of-christmas-denver-colorado-11-21-2026/event/1E006511C79AB936,KovZpZAFaJeA,2026-11-21,19:30:00,2026-11-22T02:30:00Z,America/Denver,onsale,2026-09-18T16:00:00Z,2026-11-22T04:30:00Z,,,,LIVE NATION MUSIC,KZFzniwnSyZfZ7v7nJ,Music,KnvZfZ7vAeA,Rock,KZazBEonSMnZfZ7v6F1,Pop,2026-09-20T22:44:03.900761+00:00
Z7r9jZ1A707P9,Colorado Symphony Orchestra presents Elgar Cello Concerto & Dvor??k Symphony No. 7 with Peter Oundjian,https://www.ticketmaster.com/event/Z7r9jZ1A707P9,Z6r9jZdv1e,2026-11-21,19:30:00,2026-11-22T02:30:00Z,,onsale,1900-01-01T06:00:00Z,2026-11-22T02:30:00Z,,,,,KZFzniwnSyZfZ7v7nJ,Music,KnvZfZ7vAvl,Other,KZazBEonSMnZfZ7vk1I,Other,2026-09-20T22:44:03.900761+00:00
Z7r9jZ1A7Pwb3,Karina Rykman,https://www.ticketmaster.com/event/Z7r9jZ1A7Pwb3,Z6r9jZdvee,2026-11-21,20:00:00,2026-11-22T03:00:00Z,,onsale,1900-01-01T06:00:00Z,2026-11-22T03:00:00Z,,,,,KZFzniwnSyZfZ7v7nJ,Music,KnvZfZ7vAvl,Other,KZazBEonSMnZfZ7vk1I,Other,2026-09-20T22:44:03.900761+00:00
Z7r9jZ1AAZkA-,TVBOO (16 and Over),https://www.ticketmaster.com/event/Z7r9jZ1AAZkA-,Z7r9jZadVI,2026-11-21,20:00:00,2026-11-22T03:00:00Z,,onsale,1900-01-01T06:00:00Z,2026-11-22T03:00:00Z,,,,,KZFzniwnSyZfZ7v7nJ,Music,KnvZfZ7vAvl,Other,KZazBEonSMnZfZ7vk1I,Other,2026-09-20T22:44:03.900761+00:00
Z7r9jZ1A70JGs,Colorado Symphony Orchestra presents Elgar Cello Concerto & Dvor??k Symphony No. 7 with Peter Oundjian,https://www.ticketmaster.com/event/Z7r9jZ1A70JGs,Z6r9jZdv1e,2026-11-22,13:00:00,2026-11-22T20:00:00Z,,onsale,1900-01-01T06:00:00Z,2026-11-22T20:00:00Z,,,,,KZFzniwnSyZfZ7v7nJ,Music,KnvZfZ7vAvl,Other,KZazBEonSMnZfZ7vk1I,Other,2026-09-20T22:44:03.900761+00:00
G5vzZ_3NuRbmP,Trans-Siberian Orchestra - The Ghosts Of Christmas Eve,https://www.axs.com/events/1541276/trans-siberian-orchestra-matinee-tickets?skin=broadmoor,KovZpZA1ll7A,2026-11-22,14:30:00,2026-11-22T21:30:00Z,America/Denver,onsale,2026-09-18T16:00:00Z,2026-11-22T21:30:00Z,,,,LIVE NATION MUSIC,KZFzniwnSyZfZ7v7nJ,Music,KnvZfZ7vAeA,Rock,KZazBEonSMnZfZ7v6F1,Pop,2026-09-20T22:44:03.900761+00:00
rZ7HnEZ1AfZga7,SALSA & BACHATA SUNDAYS,https://www.ticketweb.com/event/salsa-bachata-sundays-la-rumba-tickets/14035244,rZ7HnEZ173pGP,2026-11-22,19:00:00,2026-11-23T02:00:00Z,America/Denver,onsale,2026-01-02T05:00:00Z,2027-11-15T02:00:00Z,14.13,14.13,USD,,KZFzniwnSyZfZ7v7nJ,Music,KnvZfZ7vAeF,World,KZazBEonSMnZfZ7vFdJ,Latin,2026-09-20T22:44:03.900761+00:00
G5vzZ_1Kxjfbe,JOURNEY - Final Frontier Tour (An Evening With),https://www.ticketmaster.com/journey-final-frontier-tour-an-evening-denver-colorado-11-22-2026/event/1E0064A4E2714602,KovZpZAFaJeA,2026-11-22,19:30:00,2026-11-23T02:30:00Z,America/Denver,onsale,2026-05-15T16:00:00Z,2026-11-23T04:30:00Z,,,,AEG LIVE,KZFzniwnSyZfZ7v7nJ,Music,KnvZfZ7vAeA,Rock,KZazBEonSMnZfZ7v6F1,Pop,2026-09-20T22:44:03.900761+00:00
G5vzZ_1he_r2t,Club Level Seating: Journey,https://www.ticketmaster.com/club-level-seating-journey-denver-colorado-11-22-2026/event/1E0064A6C265E3E9,KovZpZAFaJeA,2026-11-22,19:30:00,2026-11-23T02:30:00Z,America/Denver,onsale,2026-05-22T16:00:00Z,2026-11-23T03:30:00Z,,,,PROMOTED BY VENUE,KZFzniwnSyZfZ7v7nJ,Music,KnvZfZ7vAeA,Rock,KZazBEonSMnZfZ7v6F1,Pop,2026-09-20T22:44:03.900761+00:00
G5vzZ_3N2dzSm,Trans-Siberian Orchestra - The Ghosts Of Christmas Eve,https://www.axs.com/events/1542698/trans-siberian-orchestra-evening-tickets?skin=broadmoor,KovZpZA1ll7A,2026-11-22,19:30:00,2026-11-23T02:30:00Z,America/Denver,onsale,2026-09-18T16:00:00Z,2026-11-23T02:30:00Z,,,,LIVE NATION MUSIC,KZFzniwnSyZfZ7v7nJ,Music,KnvZfZ7vAeA,Rock,KZazBEonSMnZfZ7v6F1,Pop,2026-09-20T22:44:03.900761+00:00
Z7r9jZ1AAvNZ9,Trans-Siberian Orchestra - The Ghosts Of Christmas Eve,https://www.ticketmaster.com/event/Z7r9jZ1AAvNZ9,ZFr9jZe1ve,2026-11-22,14:30:00,2026-11-22T21:30:00Z,,onsale,2026-09-18T16:00:00Z,2026-11-22T21:30:00Z,,,,LIVE NATION MUSIC,KZFzniwnSyZfZ7v7nJ,Music,KnvZfZ7vAeJ,Classical,KZazBEonSMnZfZ7vF1A,Classical/Vocal,2026-09-20T22:44:03.900761+00:00
Z7r9jZ1AAvNZE,Trans-Siberian Orchestra - The Ghosts Of Christmas Eve,https://www.ticketmaster.com/event/Z7r9jZ1AAvNZE,ZFr9jZe1ve,2026-11-22,19:30:00,2026-11-23T02:30:00Z,,onsale,2026-09-18T16:00:00Z,2026-11-23T02:30:00Z,,,,LIVE NATION MUSIC,KZFzniwnSyZfZ7v7nJ,Music,KnvZfZ7vAeJ,Classical,KZazBEonSMnZfZ7vF1A,Classical/Vocal,2026-09-20T22:44:03.900761+00:00
G5vzZ_890iVPs,Prayers,https://tickets.meowwolf.com/events/denver/prayers/,KovZ917AYbY,2026-11-24,19:30:00,2026-11-25T02:30:00Z,America/Denver,onsale,2026-08-06T14:00:00Z,2026-11-25T02:30:00Z,,,,LIVE NATION MUSIC,KZFzniwnSyZfZ7v7nJ,Music,KnvZfZ7vAeA,Rock,KZazBEonSMnZfZ7v6F1,Pop,2026-09-20T22:44:03.900761+00:00
Z7r9jZ1AAZO8t,Prayers,https://www.ticketmaster.com/event/Z7r9jZ1AAZO8t,Z7r9jZa7j5,2026-11-24,19:30:00,2026-11-25T02:30:00Z,,onsale,2026-08-06T14:00:00Z,2026-11-25T02:30:00Z,,,,LIVE NATION MUSIC,KZFzniwnSyZfZ7v7nJ,Music,KnvZfZ7vAvl,Other,KZazBEonSMnZfZ7vk1I,Other,2026-09-20T22:44:03.900761+00:00
Z7r9jZ1A7P8Oa,Jalen N'Gonda w/ Brooke Combe,https://www.ticketmaster.com/event/Z7r9jZ1A7P8Oa,ZFr9jZkk1d,2026-11-24,20:00:00,2026-11-25T03:00:00Z,,onsale,1900-01-01T06:00:00Z,2026-11-25T03:00:00Z,,,,,KZFzniwnSyZfZ7v7nJ,Music,KnvZfZ7vAee,R&B,KZazBEonSMnZfZ7vknE,Soul,2026-09-20T22:44:03.900761+00:00
rZ7HnEZ1AfA3Jf,Ladies Night 2026,https://www.ticketweb.com/event/ladies-night-2026-stampede-tickets/14152994,rZ7HnEZ173p1A,2026-11-25,18:00:00,2026-11-26T01:00:00Z,America/Denver,onsale,2026-02-10T18:35:00Z,2026-11-26T06:55:00Z,16.56,16.56,USD,,KZFzniwnSyZfZ7v7nJ,Music,KnvZfZ7vAv6,Country,KZazBEonSMnZfZ7vAFa,Country,2026-09-20T22:44:03.900761+00:00
G5vzZ_33Wiek4,22nd Annual Last Waltz Revisited - feat. Polytoxic,https://www.ticketmaster.com/22nd-annual-last-waltz-revisited-feat-denver-colorado-11-25-2026/event/1E006524BDB02195,KovZpZAE6eJA,2026-11-25,19:00:00,2026-11-26T02:00:00Z,America/Denver,onsale,2026-09-08T16:00:00Z,2026-11-26T04:00:00Z,,,,LIVE NATION MUSIC,KZFzniwnSyZfZ7v7nJ,Music,KnvZfZ7vAe6,Undefined,KZazBEonSMnZfZ7v6JI,Undefined,2026-09-20T22:44:03.900761+00:00
G5vzZ_oKOhAO4,Yung Gravy: The Joyrider Tour,https://www.ticketmaster.com/yung-gravy-the-joyrider-tour-denver-colorado-11-25-2026/event/1E006514E06C5815,KovZpZAFFt1A,2026-11-25,19:00:00,2026-11-26T02:00:00Z,America/Denver,onsale,2026-08-28T16:00:00Z,2026-11-26T04:00:00Z,,,,LIVE NATION MUSIC,KZFzniwnSyZfZ7v7nJ,Music,KnvZfZ7vAv1,Hip-Hop/Rap,KZazBEonSMnZfZ7vaEI,Trap,2026-09-20T22:44:03.900761+00:00
rZ7HnEZ1AfxA7K,Goth Night hosted by Gotica Nouveau,https://www.ticketweb.com/event/goth-night-hosted-by-gotica-vultures-tickets/14885113,rZ7HnEZ17fd1A,2026-11-25,20:00:00,2026-11-26T03:00:00Z,America/Denver,onsale,2026-04-27T16:00:00Z,2026-11-26T03:00:00Z,,,,,KZFzniwnSyZfZ7v7nJ,Music,KnvZfZ7vAvv,Alternative,KZazBEonSMnZfZ7vAen,Goth,2026-09-20T22:44:03.900761+00:00
rZ7HnEZ1AfZUq0,$5 Thursdays!,https://www.ticketweb.com/event/5-thursdays-la-rumba-tickets/14036764,rZ7HnEZ173pGP,2026-11-26,20:00:00,2026-11-27T03:00:00Z,America/Denver,onsale,2026-01-02T05:20:00Z,2027-11-20T03:00:00Z,8.73,8.73,USD,,KZFzniwnSyZfZ7v7nJ,Music,KnvZfZ7vAeF,World,KZazBEonSMnZfZ7vFdJ,Latin,2026-09-20T22:44:03.900761+00:00
G5vzZ_oKk7Lnw,E.M.E.,https://www.ticketmaster.com/eme-denver-colorado-11-27-2026/event/1E006514C611FAB2,KovZpZAJeFkA,2026-11-27,19:00:00,2026-11-28T02:00:00Z,America/Denver,onsale,2026-08-24T16:00:00Z,2026-11-28T04:00:00Z,,,,LIVE NATION MUSIC,KZFzniwnSyZfZ7v7nJ,Music,KnvZfZ7vAv1,Hip-Hop/Rap,KZazBEonSMnZfZ7vaEI,Trap,2026-09-20T22:44:03.900761+00:00
rZ7HnEZ1AfZUGV,Ladies Night & Noche Sonidera,https://www.ticketweb.com/event/ladies-night-noche-sonidera-la-rumba-tickets/14036334,rZ7HnEZ173pGP,2026-11-27,19:00:00,2026-11-28T02:00:00Z,America/Denver,onsale,2026-01-02T05:15:00Z,2027-11-21T02:00:00Z,14.13,14.13,USD,,KZFzniwnSyZfZ7v7nJ,Music,KnvZfZ7vAeF,World,KZazBEonSMnZfZ7vFdJ,Latin,2026-09-20T22:44:03.900761+00:00
rZ7HnEZ1AfFo0V,Hayden Coffman,https://www.ticketweb.com/event/hayden-coffman-grizzly-rose-tickets/14211934,rZ7HnEZ17uJbA,2026-11-27,20:00:00,2026-11-28T03:00:00Z,America/Denver,onsale,2026-06-22T19:30:00Z,2026-11-28T06:30:00Z,24.15,24.15,USD,,KZFzniwnSyZfZ7v7nJ,Music,KnvZfZ7vAv6,Country,KZazBEonSMnZfZ7vAF1,Alternative Country,2026-09-20T22:44:03.900761+00:00
G5vzZ_oXfsVYW,VIP Music Presents: Reggaetón Y2K - 18+,https://www.ticketmaster.com/vip-music-presents-reggaeton-y2k-18-denver-colorado-11-27-2026/event/1E00651F94C74C3D,KovZpZAFFt1A,2026-11-27,21:00:00,2026-11-28T04:00:00Z,America/Denver,onsale,2026-09-04T15:00:00Z,2026-11-28T06:00:00Z,,,,LIVE NATION MUSIC,KZFzniwnSyZfZ7v7nJ,Music,KnvZfZ7vAvF,Dance/Electronic,KZazBEonSMnZfZ7vaEn,Amapiano,2026-09-20T22:44:03.900761+00:00
Z7r9jZ1A70IuS,Costa (16 and Over),https://www.ticketmaster.com/event/Z7r9jZ1A70IuS,Z6r9jZdvee,2026-11-27,21:00:00,2026-11-28T04:00:00Z,,onsale,2026-05-22T16:00:00Z,2026-11-28T04:00:00Z,,,,,KZFzniwnSyZfZ7v7nJ,Music,KnvZfZ7vAvl,Other,KZazBEonSMnZfZ7vk1I,Other,2026-09-20T22:44:03.900761+00:00
Z7r9jZ1AAZyOs,Eric Prydz (16+ Event),https://www.ticketmaster.com/event/Z7r9jZ1AAZyOs,Z7r9jZadVI,2026-11-27,21:00:00,2026-11-28T04:00:00Z,,onsale,1900-01-01T18:00:00Z,2026-11-28T04:00:00Z,,,,,KZFzniwnSyZfZ7v7nJ,Music,KnvZfZ7vAvF,Dance/Electronic,KZazBEonSMnZfZ7vA1E,Dance/Electronic,2026-09-20T22:44:03.900761+00:00
G5vzZ_8Uziu12,Distant,https://www.ticketmaster.com/distant-denver-colorado-11-28-2026/event/1E00650DB8B0D28F,KovZpZAJeFkA,2026-11-28,18:00:00,2026-11-29T01:00:00Z,America/Denver,onsale,2026-08-21T16:00:00Z,2026-11-29T03:00:00Z,,,,LIVE NATION MUSIC,KZFzniwnSyZfZ7v7nJ,Music,KnvZfZ7vAvt,Metal,KZazBEonSMnZfZ7vaJ6,Nu-Metal,2026-09-20T22:44:03.900761+00:00
G5vzZ_udVjCjg,Senses Fail Presents Still Searching,https://www.ticketmaster.com/senses-fail-presents-still-searching-denver-colorado-11-28-2026/event/1E0064D0F470E735,KovZpZAFFt1A,2026-11-28,18:00:00,2026-11-29T01:00:00Z,America/Denver,onsale,2026-06-26T16:00:00Z,2026-11-29T03:00:00Z,,,,LIVE NATION MUSIC,KZFzniwnSyZfZ7v7nJ,Music,KnvZfZ7vAeA,Rock,KZazBEonSMnZfZ7v6F1,Pop,2026-09-20T22:44:03.900761+00:00
G5vzZ_3lGBlfR,Jim E. Brown,https://www.ticketmaster.com/jim-e-brown-denver-colorado-11-28-2026/event/1E00652ACCEAB52F,KovZ917Aai0,2026-11-28,18:30:00,2026-11-29T01:30:00Z,America/Denver,onsale,2026-09-18T16:00:00Z,2026-11-29T03:30:00Z,,,,MISCELLANEOUS PROMOTER,KZFzniwnSyZfZ7v7nJ,Music,KnvZfZ7vAva,Folk,KZazBEonSMnZfZ7va1F,Indie Folk,2026-09-20T22:44:03.900761+00:00
G5vzZ_uBb6M1Z,Big Head Todd & The Monsters ft. A Special Solo Set from Isaac Slade,https://www.ticketmaster.com/big-head-todd-the-monsters-ft-denver-colorado-11-28-2026/event/1E0064DE981F7280,KovZpZAE6eJA,2026-11-28,18:30:00,2026-11-29T01:30:00Z,America/Denver,onsale,2026-07-10T16:00:00Z,2026-11-29T03:30:00Z,,,,LIVE NATION MUSIC,KZFzniwnSyZfZ7v7nJ,Music,KnvZfZ7vAeA,Rock,KZazBEonSMnZfZ7v6F1,Pop,2026-09-20T22:44:03.900761+00:00
rZ7HnEZ1AfZgxf,Sabados Sabrosos!,https://www.ticketweb.com/event/sabados-sabrosos-la-rumba-tickets/14035894,rZ7HnEZ173pGP,2026-11-28,19:00:00,2026-11-29T02:00:00Z,America/Denver,onsale,2026-01-02T05:00:00Z,2027-11-21T02:00:00Z,25.18,25.18,USD,,KZFzniwnSyZfZ7v7nJ,Music,KnvZfZ7vAeF,World,KZazBEonSMnZfZ7vFdJ,Latin,2026-09-20T22:44:03.900761+00:00
Z7r9jZ1A7Pw4g,Boston Manor w/ Ben Quad,https://www.ticketmaster.com/event/Z7r9jZ1A7Pw4g,Z7r9jZakK6,2026-11-28,19:30:00,2026-11-29T02:30:00Z,,onsale,1900-01-01T18:00:00Z,2026-11-29T02:30:00Z,,,,,KZFzniwnSyZfZ7v7nJ,Music,KnvZfZ7vAvl,Other,KZazBEonSMnZfZ7vk1I,Other,2026-09-20T22:44:03.900761+00:00
Z7r9jZ1A7Pe-g,Costa,https://www.ticketmaster.com/event/Z7r9jZ1A7Pe-g,Z6r9jZdvee,2026-11-28,21:00:00,2026-11-29T04:00:00Z,,onsale,1900-01-01T06:00:00Z,2026-11-29T04:00:00Z,,,,,KZFzniwnSyZfZ7v7nJ,Music,KnvZfZ7vAvl,Other,KZazBEonSMnZfZ7vk1I,Other,2026-09-20T22:44:03.900761+00:00
Z7r9jZ1A7x9pF,Eptic (16 and Over),https://www.ticketmaster.com/event/Z7r9jZ1A7x9pF,Z7r9jZadVI,2026-11-28,21:00:00,2026-11-29T04:00:00Z,,onsale,1900-01-01T06:00:00Z,2026-11-29T04:00:00Z,,,,,KZFzniwnSyZfZ7v7nJ,Music,KnvZfZ7vAvl,Other,KZazBEonSMnZfZ7vk1I,Other,2026-09-20T22:44:03.900761+00:00
rZ7HnEZ1Af16aV,Feed Me,https://www.ticketweb.com/event/feed-me-the-church-nightclub-tickets/14287274,rZ7HnEZ17qf4V,2026-11-28,22:00:00,2026-11-29T05:00:00Z,America/Denver,onsale,2026-08-26T18:00:00Z,2026-11-30T05:00:00Z,24.95,24.95,USD,INSOMNIAC PRESENTS,KZFzniwnSyZfZ7v7nJ,Music,KnvZfZ7vAvF,Dance/Electronic,,,2026-09-20T22:44:03.900761+00:00
Z7r9jZ1AAvI-d,The Colorado Springs Philharmonic presents The Nutcracker,https://www.ticketmaster.com/event/Z7r9jZ1AAvI-d,ZFr9jZe777,2026-11-29,14:00:00,2026-11-29T21:00:00Z,,onsale,1900-01-01T06:00:00Z,2026-11-29T21:00:00Z,,,,,KZFzniwnSyZfZ7v7nJ,Music,KnvZfZ7vAvl,Other,KZazBEonSMnZfZ7vk1I,Other,2026-09-20T22:44:03.900761+00:00
Z7r9jZ1A7PvbV,Home Alone in Concert,https://www.ticketmaster.com/event/Z7r9jZ1A7PvbV,Z6r9jZdv1e,2026-11-29,14:30:00,2026-11-29T21:30:00Z,,onsale,1900-01-01T06:00:00Z,2026-11-29T21:30:00Z,,,,,KZFzniwnSyZfZ7v7nJ,Music,KnvZfZ7vAvl,Other,KZazBEonSMnZfZ7vk1I,Other,2026-09-20T22:44:03.900761+00:00
rZ7HnEZ1AfZgu0,SALSA & BACHATA SUNDAYS,https://www.ticketweb.com/event/salsa-bachata-sundays-la-rumba-tickets/14035364,rZ7HnEZ173pGP,2026-11-29,19:00:00,2026-11-30T02:00:00Z,America/Denver,onsale,2026-01-02T05:00:00Z,2027-11-22T02:00:00Z,14.13,14.13,USD,,KZFzniwnSyZfZ7v7nJ,Music,KnvZfZ7vAeF,World,KZazBEonSMnZfZ7vFdJ,Latin,2026-09-20T22:44:03.900761+00:00
G5vzZ_GmTsqqG, Alicia Villarreal - Bendita Locura Tour 2026,https://www.ticketmaster.com/alicia-villarreal-bendita-locura-tour-2026-denver-colorado-11-29-2026/event/1E0064CBBFC5D74C,KovZpZAFa1nA,2026-11-29,20:00:00,2026-11-30T03:00:00Z,America/Denver,onsale,2026-06-18T16:00:00Z,2026-11-30T05:00:00Z,,,,LIVE NATION MUSIC,KZFzniwnSyZfZ7v7nJ,Music,KnvZfZ7vAJ6,Latin,KZazBEonSMnZfZ7va1a,Latin,2026-09-20T22:44:03.900761+00:00
G5vzZ_oRQXwUL,Catie Turner + Special Guests Kiss Bang,https://www.ticketmaster.com/catie-turner-special-guests-kiss-bang-denver-colorado-11-30-2026/event/1E00651BDAFB2D9F,KovZpZAJeFkA,2026-11-30,18:00:00,2026-12-01T01:00:00Z,America/Denver,onsale,2026-09-04T16:00:00Z,2026-12-01T03:00:00Z,,,,LIVE NATION MUSIC,KZFzniwnSyZfZ7v7nJ,Music,KnvZfZ7vAvl,Other,KZazBEonSMnZfZ7vk1I,Other,2026-09-20T22:44:04.466759+00:00
1718v0G62895owQ,"Chase Petra, Jer, Leisure Hour, Trophy Wife",https://www.ticketweb.com/event/chase-petra-jer-leisure-hour-black-sheep-tickets/14271704?REFERRAL_ID=tmfeed,KovZpZAJ77kA,2026-11-30,19:00:00,2026-12-01T02:00:00Z,America/Denver,onsale,2026-08-04T16:00:00Z,2026-12-01T02:00:00Z,,,,,KZFzniwnSyZfZ7v7nJ,Music,KnvZfZ7vAeA,Rock,KZazBEonSMnZfZ7v6a6,Punk,2026-09-20T22:44:04.466759+00:00
Z7r9jZ1A7PeOJ,Alter Bridge (16 and Over),https://www.ticketmaster.com/event/Z7r9jZ1A7PeOJ,Z7r9jZadVI,2026-11-30,19:00:00,2026-12-01T02:00:00Z,,onsale,1900-01-01T06:00:00Z,2026-12-01T02:00:00Z,,,,,KZFzniwnSyZfZ7v7nJ,Music,KnvZfZ7vAvF,Dance/Electronic,KZazBEonSMnZfZ7vA1E,Dance/Electronic,2026-09-20T22:44:04.466759+00:00
Z7r9jZ1AAZdF3,Chase Petra w/ Trophy Wife,https://www.ticketmaster.com/event/Z7r9jZ1AAZdF3,ZFr9jZAFk1,2026-11-30,19:00:00,2026-12-01T02:00:00Z,,onsale,2026-08-04T16:00:00Z,2026-12-01T02:00:00Z,,,,,KZFzniwnSyZfZ7v7nJ,Music,KnvZfZ7vAvl,Other,KZazBEonSMnZfZ7vk1I,Other,2026-09-20T22:44:04.466759+00:00
G5vzZ_8ULAUXJ,Wishy - Nature's Pill Tour,https://www.ticketmaster.com/wishy-natures-pill-tour-denver-colorado-12-01-2026/event/1E00650D9F176FA6,KovZpZAJeFkA,2026-12-01,19:00:00,2026-12-02T02:00:00Z,America/Denver,onsale,2026-08-21T16:00:00Z,2026-12-02T04:00:00Z,,,,LIVE NATION MUSIC,KZFzniwnSyZfZ7v7nJ,Music,KnvZfZ7vAeA,Rock,KZazBEonSMnZfZ7v6F1,Pop,2026-09-20T22:44:04.466759+00:00
Z7r9jZ1A7P-of,Whitechapel (16 and Over),https://www.ticketmaster.com/event/Z7r9jZ1A7P-of,ZFr9jZedde,2026-12-01,19:00:00,2026-12-02T02:00:00Z,,onsale,1900-01-01T06:00:00Z,2026-12-02T02:00:00Z,,,,,KZFzniwnSyZfZ7v7nJ,Music,KnvZfZ7vAvl,Other,KZazBEonSMnZfZ7vk1I,Other,2026-09-20T22:44:04.466759+00:00
Z7r9jZ1A7J3j8,The Bad Plus,https://www.ticketmaster.com/event/Z7r9jZ1A7J3j8,Z6r9jZdvee,2026-12-01,20:00:00,2026-12-02T03:00:00Z,,onsale,1900-01-01T06:00:00Z,2026-12-02T03:00:00Z,,,,,KZFzniwnSyZfZ7v7nJ,Music,KnvZfZ7vAvl,Other,KZazBEonSMnZfZ7vk1I,Other,2026-09-20T22:44:04.466759+00:00
Z7r9jZ1A7Pw4U,As I Lay Dying w/ Kill The Lights,https://www.ticketmaster.com/event/Z7r9jZ1A7Pw4U,Z7r9jZakK6,2026-12-01,20:00:00,2026-12-02T03:00:00Z,,onsale,1900-01-01T18:00:00Z,2026-12-02T03:00:00Z,,,,,KZFzniwnSyZfZ7v7nJ,Music,KnvZfZ7vAeA,Rock,KZazBEonSMnZfZ7v6kl,Hard Rock,2026-09-20T22:44:04.466759+00:00
Z7r9jZ1AAZYG_,Frost Children w/ Kuru,https://www.ticketmaster.com/event/Z7r9jZ1AAZYG_,Z7r9jZa7cI,2026-12-01,20:00:00,2026-12-02T03:00:00Z,,onsale,1900-01-01T06:00:00Z,2026-12-02T03:00:00Z,,,,,KZFzniwnSyZfZ7v7nJ,Music,KnvZfZ7vAev,Pop,KZazBEonSMnZfZ7vkEl,Pop Rock,2026-09-20T22:44:04.466759+00:00
rZ7HnEZ1AfAKv7,Ladies Night 2026,https://www.ticketweb.com/event/ladies-night-2026-stampede-tickets/14153044,rZ7HnEZ173p1A,2026-12-02,18:00:00,2026-12-03T01:00:00Z,America/Denver,onsale,2026-02-10T18:35:00Z,2026-12-03T06:55:00Z,16.56,16.56,USD,,KZFzniwnSyZfZ7v7nJ,Music,KnvZfZ7vAv6,Country,KZazBEonSMnZfZ7vAFa,Country,2026-09-20T22:44:04.466759+00:00
Z7r9jZ1A7PVbS,AJ McLean (16 and Over),https://www.ticketmaster.com/event/Z7r9jZ1A7PVbS,ZFr9jZdde7,2026-12-02,19:30:00,2026-12-03T02:30:00Z,,onsale,1900-01-01T06:00:00Z,2026-12-03T02:30:00Z,,,,,KZFzniwnSyZfZ7v7nJ,Music,KnvZfZ7vAvl,Other,KZazBEonSMnZfZ7vk1I,Other,2026-09-20T22:44:04.466759+00:00
Z7r9jZ1AAZO-7,Celtic Woman,https://www.ticketmaster.com/event/Z7r9jZ1AAZO-7,Z6r9jZdv1e,2026-12-02,19:30:00,2026-12-03T02:30:00Z,,onsale,1900-01-01T18:00:00Z,2026-12-03T02:30:00Z,,,,,KZFzniwnSyZfZ7v7nJ,Music,KnvZfZ7vAeF,World,KZazBEonSMnZfZ7v6Jt,World,2026-09-20T22:44:04.466759+00:00
1718v0G61NkBsY3,An Evening with As I Lay Dying,https://www.ticketweb.com/event/an-evening-with-as-i-black-sheep-tickets/14910193?REFERRAL_ID=tmfeed,KovZpZAJ77kA,2026-12-02,20:00:00,2026-12-03T03:00:00Z,America/Denver,onsale,2026-05-13T14:00:00Z,2026-12-03T03:00:00Z,,,,,KZFzniwnSyZfZ7v7nJ,Music,KnvZfZ7vAeA,Rock,KZazBEonSMnZfZ7v6dt,Alternative Rock,2026-09-20T22:44:04.466759+00:00
G5vzZ_55Eui2W,Gracie Abrams: The Look at My Life Tour presented by Capital One,https://www.ticketmaster.com/gracie-abrams-the-look-at-my-denver-colorado-12-02-2026/event/1E0064B2E736C3FD,KovZpZAFaJeA,2026-12-02,20:00:00,2026-12-03T03:00:00Z,America/Denver,onsale,2026-06-05T15:00:00Z,2026-12-03T05:00:00Z,,,,LIVE NATION MUSIC,KZFzniwnSyZfZ7v7nJ,Music,KnvZfZ7vAev,Pop,KZazBEonSMnZfZ7vk1t,Pop,2026-09-20T22:44:04.466759+00:00
G5vzZ_5w29b6K,Club Level Seating: Gracie Abrams,https://www.ticketmaster.com/club-level-seating-gracie-abrams-denver-colorado-12-02-2026/event/1E0064BC8F5D81D3,KovZpZAFaJeA,2026-12-02,20:00:00,2026-12-03T03:00:00Z,America/Denver,onsale,2026-06-12T16:00:00Z,2026-12-03T04:00:00Z,,,,PROMOTED BY VENUE,KZFzniwnSyZfZ7v7nJ,Music,KnvZfZ7vAev,Pop,KZazBEonSMnZfZ7vaEl,Electro Pop,2026-09-20T22:44:04.466759+00:00
Z7r9jZ1A70489,As I Lay Dying,https://www.ticketmaster.com/event/Z7r9jZ1A70489,ZFr9jZAFk1,2026-12-02,20:00:00,2026-12-03T03:00:00Z,,onsale,2026-05-13T14:00:00Z,2026-12-03T03:00:00Z,,,,,KZFzniwnSyZfZ7v7nJ,Music,KnvZfZ7vAeA,Rock,KZazBEonSMnZfZ7v6kl,Hard Rock,2026-09-20T22:44:04.466759+00:00
rZ7HnEZ1AfxAZd,Goth Night hosted by Gotica Nouveau,https://www.ticketweb.com/event/goth-night-hosted-by-gotica-vultures-tickets/14885003,rZ7HnEZ17fd1A,2026-12-02,20:00:00,2026-12-03T03:00:00Z,America/Denver,onsale,2026-04-27T16:00:00Z,2026-12-03T03:00:00Z,,,,,KZFzniwnSyZfZ7v7nJ,Music,KnvZfZ7vAvv,Alternative,KZazBEonSMnZfZ7vAen,Goth,2026-09-20T22:44:04.466759+00:00
G5vzZ_Gmp_Mzu,Imminence - Axis Mundi Tour: North America 2026,https://www.ticketmaster.com/imminence-axis-mundi-tour-north-america-denver-colorado-12-03-2026/event/1E0064CB96677E0D,KovZpZAE6eJA,2026-12-03,18:00:00,2026-12-04T01:00:00Z,America/Denver,onsale,2026-06-19T16:00:00Z,2026-12-04T03:00:00Z,,,,LIVE NATION MUSIC,KZFzniwnSyZfZ7v7nJ,Music,KnvZfZ7vAvt,Metal,KZazBEonSMnZfZ7vaJ6,Nu-Metal,2026-09-20T22:44:04.466759+00:00
G5vzZ_FlLyLOb,The Pineapple Thief,https://www.ticketmaster.com/the-pineapple-thief-denver-colorado-12-03-2026/event/1E00648ADFE5F818,KovZpZAFFt1A,2026-12-03,19:00:00,2026-12-04T02:00:00Z,America/Denver,onsale,2026-04-17T16:00:00Z,2026-12-04T04:00:00Z,,,,LIVE NATION MUSIC,KZFzniwnSyZfZ7v7nJ,Music,KnvZfZ7vAeA,Rock,KZazBEonSMnZfZ7v6dt,Alternative Rock,2026-09-20T22:44:04.466759+00:00
G5vzZ_5lHXEdG,Gracie Abrams: The Look at My Life Tour presented by Capital One,https://www.ticketmaster.com/gracie-abrams-the-look-at-my-denver-colorado-12-03-2026/event/1E0064BAFCFA70CC,KovZpZAFaJeA,2026-12-03,20:00:00,2026-12-04T03:00:00Z,America/Denver,onsale,2026-06-05T15:00:00Z,2026-12-04T05:00:00Z,,,,LIVE NATION MUSIC,KZFzniwnSyZfZ7v7nJ,Music,KnvZfZ7vAev,Pop,KZazBEonSMnZfZ7vk1t,Pop,2026-09-20T22:44:04.466759+00:00
G5vzZ_5woJzrM,Club Level Seating: Gracie Abrams,https://www.ticketmaster.com/club-level-seating-gracie-abrams-denver-colorado-12-03-2026/event/1E0064BC919B87B7,KovZpZAFaJeA,2026-12-03,20:00:00,2026-12-04T03:00:00Z,America/Denver,onsale,2026-06-12T16:00:00Z,2026-12-04T04:00:00Z,,,,PROMOTED BY VENUE,KZFzniwnSyZfZ7v7nJ,Music,KnvZfZ7vAev,Pop,KZazBEonSMnZfZ7vaEl,Electro Pop,2026-09-20T22:44:04.466759+00:00
Z7r9jZ1AAZkAw,Willi Carlisle w/ Amelia Day,https://www.ticketmaster.com/event/Z7r9jZ1AAZkAw,Z6r9jZdvee,2026-12-03,20:00:00,2026-12-04T03:00:00Z,,onsale,1900-01-01T06:00:00Z,2026-12-04T03:00:00Z,,,,,KZFzniwnSyZfZ7v7nJ,Music,KnvZfZ7vAva,Folk,KZazBEonSMnZfZ7vAn7,Folk,2026-09-20T22:44:04.466759+00:00
Z7r9jZ1AAvNP0,Kip Moore (16+ Event),https://www.ticketmaster.com/event/Z7r9jZ1AAvNP0,ZFr9jZedde,2026-12-03,20:00:00,2026-12-04T03:00:00Z,,onsale,2026-09-11T16:00:00Z,2026-12-04T03:00:00Z,,,,,KZFzniwnSyZfZ7v7nJ,Music,KnvZfZ7vAv6,Country,KZazBEonSMnZfZ7vAad,Country Folk,2026-09-20T22:44:04.466759+00:00
rZ7HnEZ1AfZU-7,$5 Thursdays!,https://www.ticketweb.com/event/5-thursdays-la-rumba-tickets/14036844,rZ7HnEZ173pGP,2026-12-03,20:00:00,2026-12-04T03:00:00Z,America/Denver,onsale,2026-01-02T05:20:00Z,2027-11-27T03:00:00Z,8.73,8.73,USD,,KZFzniwnSyZfZ7v7nJ,Music,KnvZfZ7vAeF,World,KZazBEonSMnZfZ7vFdJ,Latin,2026-09-20T22:44:04.466759+00:00
G5vzZ_aexByha,Decibel - Metal & Beer Festival: 3-DAY PASS (Pre-Fest at Ratio),https://www.ticketmaster.com/decibel-metal-beer-festival-3day-pass-denver-colorado-12-03-2026/event/1E006490A2EB96C9,KovZpZAE6eJA,2026-12-03,,,America/Denver,onsale,2026-04-24T16:00:00Z,2026-12-06T03:00:00Z,,,,LIVE NATION MUSIC,KZFzniwnSyZfZ7v7nJ,Music,KnvZfZ7vAvt,Metal,KZazBEonSMnZfZ7vaJ6,Nu-Metal,2026-09-20T22:44:04.466759+00:00
G5vzZ_Cz17Qno,Suicide Silence: REMINDERS OF HELL TOUR,https://www.ticketmaster.com/suicide-silence-reminders-of-hell-tour-denver-colorado-12-04-2026/event/1E0064EE0A11AA91,KovZpZAFFt1A,2026-12-04,18:00:00,2026-12-05T01:00:00Z,America/Denver,onsale,2026-07-24T16:00:00Z,2026-12-05T03:00:00Z,,,,LIVE NATION MUSIC,KZFzniwnSyZfZ7v7nJ,Music,KnvZfZ7vAvt,Metal,KZazBEonSMnZfZ7vaJ6,Nu-Metal,2026-09-20T22:44:04.466759+00:00
G5vzZ_aeOqyaj,Decibel - Metal & Beer Festival: Day 1 Pass (12-04),https://www.ticketmaster.com/decibel-metal-beer-festival-day-1-denver-colorado-12-04-2026/event/1E006490A077925C,KovZpZAE6eJA,2026-12-04,18:00:00,2026-12-05T01:00:00Z,America/Denver,onsale,2026-07-31T16:00:00Z,2026-12-05T03:00:00Z,,,,LIVE NATION MUSIC,KZFzniwnSyZfZ7v7nJ,Music,KnvZfZ7vAvt,Metal,KZazBEonSMnZfZ7vaJ6,Nu-Metal,2026-09-20T22:44:04.466759+00:00
G5vzZ_GK22DsH,Oliver Hazard,https://www.ticketmaster.com/oliver-hazard-denver-colorado-12-04-2026/event/1E0064C4CF3FBC7C,KovZpZAJeFkA,2026-12-04,19:00:00,2026-12-05T02:00:00Z,America/Denver,onsale,2026-06-12T16:00:00Z,2026-12-05T04:00:00Z,,,,LIVE NATION MUSIC,KZFzniwnSyZfZ7v7nJ,Music,KnvZfZ7vAva,Folk,KZazBEonSMnZfZ7va1F,Indie Folk,2026-09-20T22:44:04.466759+00:00
rZ7HnEZ1AfZUuV,Ladies Night & Noche Sonidera,https://www.ticketweb.com/event/ladies-night-noche-sonidera-la-rumba-tickets/14036374,rZ7HnEZ173pGP,2026-12-04,19:00:00,2026-12-05T02:00:00Z,America/Denver,onsale,2026-01-02T05:15:00Z,2027-11-28T02:00:00Z,14.13,14.13,USD,,KZFzniwnSyZfZ7v7nJ,Music,KnvZfZ7vAeF,World,KZazBEonSMnZfZ7vFdJ,Latin,2026-09-20T22:44:04.466759+00:00
1Ae0Z_3GkzhQ-LJ,"Ladrones ""Arriba La L"" Usa 2026 Tour",https://www.ticketweb.com/event/ladrones-arriba-la-l-usa-black-sheep-tickets/14319914?REFERRAL_ID=tmfeed,KovZpZAJ77kA,2026-12-04,20:00:00,2026-12-05T03:00:00Z,America/Denver,onsale,2026-09-18T17:00:00Z,2026-12-05T03:00:00Z,,,,,KZFzniwnSyZfZ7v7nJ,Music,KnvZfZ7vAeA,Rock,KZazBEonSMnZfZ7v6dt,Alternative Rock,2026-09-20T22:44:04.466759+00:00
Z7r9jZ1A7PfJK,Boogie T (16 and Over),https://www.ticketmaster.com/event/Z7r9jZ1A7PfJK,Z7r9jZadVI,2026-12-04,20:00:00,2026-12-05T03:00:00Z,,onsale,1900-01-01T06:00:00Z,2026-12-05T03:00:00Z,,,,,KZFzniwnSyZfZ7v7nJ,Music,KnvZfZ7vAvl,Other,KZazBEonSMnZfZ7vk1I,Other,2026-09-20T22:44:04.466759+00:00
rZ7HnEZ1AfFNG7,BRYAN MARTIN,https://www.ticketweb.com/event/bryan-martin-grizzly-rose-tickets/14223304,rZ7HnEZ17uJbA,2026-12-04,20:00:00,2026-12-05T03:00:00Z,America/Denver,cancelled,2026-06-26T21:00:00Z,2026-09-17T17:22:32Z,0.0,0.0,USD,,KZFzniwnSyZfZ7v7nJ,Music,KnvZfZ7vAv6,Country,KZazBEonSMnZfZ7vAF1,Alternative Country,2026-09-20T22:44:04.466759+00:00
Z7r9jZ1A7PVjk,Jai Wolf (16 and Over),https://www.ticketmaster.com/event/Z7r9jZ1A7PVjk,ZFr9jZedde,2026-12-04,21:00:00,2026-12-05T04:00:00Z,,onsale,1900-01-01T06:00:00Z,2026-12-05T04:00:00Z,,,,,KZFzniwnSyZfZ7v7nJ,Music,KnvZfZ7vAvl,Other,KZazBEonSMnZfZ7vk1I,Other,2026-09-20T22:44:04.466759+00:00
rZ7HnEZ1AfGFFf,Samplifire,https://www.ticketweb.com/event/samplifire-club-vinyl-tickets/14308214,rZ7HnEZ17qf40,2026-12-04,22:00:00,2026-12-05T05:00:00Z,America/Denver,onsale,2026-09-08T17:00:00Z,2026-12-05T09:00:00Z,24.95,24.95,USD,INSOMNIAC PRESENTS,KZFzniwnSyZfZ7v7nJ,Music,KnvZfZ7vAvF,Dance/Electronic,KZazBEonSMnZfZ7vaal,Dubstep,2026-09-20T22:44:04.466759+00:00
G5vzZ_aexQt9c,Decibel - Metal & Beer Festival: 2-DAY PASS,https://www.ticketmaster.com/decibel-metal-beer-festival-2day-pass-denver-colorado-12-04-2026/event/1E006490A26A95ED,KovZpZAE6eJA,2026-12-04,,,America/Denver,onsale,2026-04-24T16:00:00Z,2026-12-06T03:00:00Z,,,,LIVE NATION MUSIC,KZFzniwnSyZfZ7v7nJ,Music,KnvZfZ7vAvt,Metal,KZazBEonSMnZfZ7vaJ6,Nu-Metal,2026-09-20T22:44:04.466759+00:00
G5vzZ_ae-L_oS,Decibel - Metal & Beer Festival: Day 2 Pass (12-05),https://www.ticketmaster.com/decibel-metal-beer-festival-day-2-denver-colorado-12-05-2026/event/1E006490A17D9473,KovZpZAE6eJA,2026-12-05,17:00:00,2026-12-06T00:00:00Z,America/Denver,onsale,2026-07-31T16:00:00Z,2026-12-06T02:00:00Z,,,,LIVE NATION MUSIC,KZFzniwnSyZfZ7v7nJ,Music,KnvZfZ7vAvt,Metal,KZazBEonSMnZfZ7vaJ6,Nu-Metal,2026-09-20T22:44:04.466759+00:00
rZ7HnEZ1AfZgQ7,Sabados Sabrosos!,https://www.ticketweb.com/event/sabados-sabrosos-la-rumba-tickets/14035684,rZ7HnEZ173pGP,2026-12-05,19:00:00,2026-12-06T02:00:00Z,America/Denver,onsale,2026-01-02T05:00:00Z,2027-11-28T02:00:00Z,25.18,25.18,USD,,KZFzniwnSyZfZ7v7nJ,Music,KnvZfZ7vAeF,World,KZazBEonSMnZfZ7vFdJ,Latin,2026-09-20T22:44:04.466759+00:00
Z7r9jZ1A70A8y,Colorado Symphony Orchestra presents A Classical Christmas,https://www.ticketmaster.com/event/Z7r9jZ1A70A8y,Z6r9jZdv1e,2026-12-05,19:30:00,2026-12-06T02:30:00Z,,onsale,1900-01-01T06:00:00Z,2026-12-06T02:30:00Z,,,,,KZFzniwnSyZfZ7v7nJ,Music,KnvZfZ7vAvl,Other,KZazBEonSMnZfZ7vk1I,Other,2026-09-20T22:44:04.466759+00:00
Z7r9jZ1A70tCF,Pokey LaFarge (16 and Over),https://www.ticketmaster.com/event/Z7r9jZ1A70tCF,ZFr9jZdde7,2026-12-05,20:00:00,2026-12-06T03:00:00Z,,onsale,1900-01-01T06:00:00Z,2026-12-06T03:00:00Z,,,,,KZFzniwnSyZfZ7v7nJ,Music,KnvZfZ7vAvl,Other,KZazBEonSMnZfZ7vk1I,Other,2026-09-20T22:44:04.466759+00:00
G5vzZ_Gsc7Kag,Paramount Theatre Club Seating: Chelsea Handler,https://www.ticketmaster.com/paramount-theatre-club-seating-chelsea-handler-denver-colorado-12-05-2026/event/1E0064CC6D113275,KovZpZAFa1nA,2026-12-05,21:00:00,2026-12-06T04:00:00Z,America/Denver,onsale,2026-06-17T16:00:00Z,2026-12-06T05:00:00Z,,,,PROMOTED BY VENUE,KZFzniwnSyZfZ7v7nJ,Music,KnvZfZ7vAvl,Other,KZazBEonSMnZfZ7vk1I,Other,2026-09-20T22:44:04.466759+00:00
G5vzZ_1mBX_sF,Fetty Wap: Nostalgia Tour,https://www.ticketmaster.com/fetty-wap-nostalgia-tour-denver-colorado-12-06-2026/event/1E0064ABBAF99C48,KovZpZAE6eJA,2026-12-06,19:00:00,2026-12-07T02:00:00Z,America/Denver,onsale,2026-05-15T16:00:00Z,2026-12-07T04:00:00Z,,,,LIVE NATION MUSIC,KZFzniwnSyZfZ7v7nJ,Music,KnvZfZ7vAv1,Hip-Hop/Rap,KZazBEonSMnZfZ7vaEI,Trap,2026-09-20T22:44:04.466759+00:00
G5vzZ_2DlxfRU,GODHANDUSA: CALL TO WORSHIP,https://www.ticketmaster.com/godhandusa-call-to-worship-denver-colorado-12-06-2026/event/1E0064FEEB894BF6,KovZpZAJeFkA,2026-12-06,19:00:00,2026-12-07T02:00:00Z,America/Denver,onsale,2026-08-05T17:00:00Z,2026-12-07T04:00:00Z,,,,LIVE NATION MUSIC,KZFzniwnSyZfZ7v7nJ,Music,KnvZfZ7vAv1,Hip-Hop/Rap,KZazBEonSMnZfZ7vaEI,Trap,2026-09-20T22:44:04.466759+00:00
Z7r9jZ1A7PSaM,The Wooten Brothers,https://www.ticketmaster.com/event/Z7r9jZ1A7PSaM,Z6r9jZdvee,2026-12-06,19:00:00,2026-12-07T02:00:00Z,,onsale,1900-01-01T06:00:00Z,2026-12-07T02:00:00Z,,,,,KZFzniwnSyZfZ7v7nJ,Music,KnvZfZ7vAvE,Jazz,KZazBEonSMnZfZ7vkAa,Jazz Funk,2026-09-20T22:44:04.466759+00:00
rZ7HnEZ1AfZg1f,SALSA & BACHATA SUNDAYS,https://www.ticketweb.com/event/salsa-bachata-sundays-la-rumba-tickets/14035294,rZ7HnEZ173pGP,2026-12-06,19:00:00,2026-12-07T02:00:00Z,America/Denver,onsale,2026-01-02T05:00:00Z,2027-11-29T02:00:00Z,14.13,14.13,USD,,KZFzniwnSyZfZ7v7nJ,Music,KnvZfZ7vAeF,World,KZazBEonSMnZfZ7vFdJ,Latin,2026-09-20T22:44:04.466759+00:00
G5vzZ_325vm12,Home Free: Coming Home For The Holidays,https://www.ticketmaster.com/home-free-coming-home-for-the-denver-colorado-12-06-2026/event/1E006523CB06E28F,KovZpZAFa1nA,2026-12-06,19:30:00,2026-12-07T02:30:00Z,America/Denver,onsale,2026-09-11T16:00:00Z,2026-12-07T04:30:00Z,,,,LIVE NATION MUSIC,KZFzniwnSyZfZ7v7nJ,Music,KnvZfZ7vAv6,Country,KZazBEonSMnZfZ7vAFa,Country,2026-09-20T22:44:04.466759+00:00
Z7r9jZ1A7Pk3_,Matt Hansen,https://www.ticketmaster.com/event/Z7r9jZ1A7Pk3_,ZFr9jZdde7,2026-12-06,19:30:00,2026-12-07T02:30:00Z,,onsale,1900-01-01T06:00:00Z,2026-12-07T02:30:00Z,,,,,KZFzniwnSyZfZ7v7nJ,Music,KnvZfZ7vAev,Pop,KZazBEonSMnZfZ7vk1t,Pop,2026-09-20T22:44:04.466759+00:00
G5vzZ_53YPlC7,DragonForce: Inhuman Rampage 20th Anniversary,https://www.ticketmaster.com/dragonforce-inhuman-rampage-20th-anniversary-denver-colorado-12-08-2026/event/1E0064B4B096B384,KovZpZAE6eJA,2026-12-08,18:00:00,2026-12-09T01:00:00Z,America/Denver,onsale,2026-05-29T16:00:00Z,2026-12-09T03:00:00Z,,,,LIVE NATION MUSIC,KZFzniwnSyZfZ7v7nJ,Music,KnvZfZ7vAvt,Metal,KZazBEonSMnZfZ7vaJ6,Nu-Metal,2026-09-20T22:44:04.466759+00:00
G5vzZ_8pBmuSp,THE KILANS - COULD YOU KEEP IT DARK? TOUR,https://www.ticketmaster.com/the-kilans-could-you-keep-it-denver-colorado-12-08-2026/event/1E006505BAB8DCD6,KovZpZAJeFkA,2026-12-08,19:00:00,2026-12-09T02:00:00Z,America/Denver,onsale,2026-08-21T16:00:00Z,2026-12-09T04:00:00Z,,,,LIVE NATION MUSIC,KZFzniwnSyZfZ7v7nJ,Music,KnvZfZ7vAeA,Rock,KZazBEonSMnZfZ7v6F1,Pop,2026-09-20T22:44:04.466759+00:00
Z7r9jZ1A70d4f,Amy Grant w/ Michael W. Smith,https://www.ticketmaster.com/event/Z7r9jZ1A70d4f,ZFr9jZ7v1A,2026-12-08,19:00:00,2026-12-09T02:00:00Z,,onsale,2026-05-01T16:00:00Z,2026-12-09T02:00:00Z,,,,,KZFzniwnSyZfZ7v7nJ,Music,KnvZfZ7vAev,Pop,KZazBEonSMnZfZ7vk1l,Adult Contemporary,2026-09-20T22:44:04.466759+00:00
rZ7HnEZ1AfAKAV,Ladies Night 2026,https://www.ticketweb.com/event/ladies-night-2026-stampede-tickets/14153174,rZ7HnEZ173p1A,2026-12-09,18:00:00,2026-12-10T01:00:00Z,America/Denver,onsale,2026-02-10T18:35:00Z,2026-12-10T06:55:00Z,16.56,16.56,USD,,KZFzniwnSyZfZ7v7nJ,Music,KnvZfZ7vAv6,Country,KZazBEonSMnZfZ7vAFa,Country,2026-09-20T22:44:04.466759+00:00
G5vzZ_8U_UAYk,Jonas Brothers: The Burning Up Tour All Over Again,https://www.ticketmaster.com/jonas-brothers-the-burning-up-tour-denver-colorado-12-09-2026/event/1E00650D99D85C06,KovZpZAFaJeA,2026-12-09,19:30:00,2026-12-10T02:30:00Z,America/Denver,onsale,2026-08-21T16:00:00Z,2026-12-10T04:30:00Z,,,,LIVE NATION MUSIC,KZFzniwnSyZfZ7v7nJ,Music,KnvZfZ7vAev,Pop,KZazBEonSMnZfZ7vaEl,Electro Pop,2026-09-20T22:44:04.466759+00:00
G5vzZ_o1n2HqL,Club Level Seating: Jonas Brothers,https://www.ticketmaster.com/club-level-seating-jonas-brothers-denver-colorado-12-09-2026/event/1E006512AA3FC75F,KovZpZAFaJeA,2026-12-09,19:30:00,2026-12-10T02:30:00Z,America/Denver,onsale,2026-08-28T16:00:00Z,2026-12-10T03:30:00Z,,,,PROMOTED BY VENUE,KZFzniwnSyZfZ7v7nJ,Music,KnvZfZ7vAev,Pop,KZazBEonSMnZfZ7vaEl,Electro Pop,2026-09-20T22:44:04.466759+00:00
rZ7HnEZ1AfxAFd,Goth Night hosted by Gotica Nouveau,https://www.ticketweb.com/event/goth-night-hosted-by-gotica-vultures-tickets/14885203,rZ7HnEZ17fd1A,2026-12-09,20:00:00,2026-12-10T03:00:00Z,America/Denver,onsale,2026-04-27T16:00:00Z,2026-12-10T03:00:00Z,,,,,KZFzniwnSyZfZ7v7nJ,Music,KnvZfZ7vAvv,Alternative,KZazBEonSMnZfZ7vAen,Goth,2026-09-20T22:44:04.466759+00:00
G5vzZ_3xEW44i,Baby Jane's Winter Forever Tour,https://www.ticketmaster.com/baby-janes-winter-forever-tour-denver-colorado-12-10-2026/event/1E006528A7F5556C,KovZpZAJeFkA,2026-12-10,19:00:00,2026-12-11T02:00:00Z,America/Denver,onsale,2026-09-16T15:00:00Z,2026-12-11T04:00:00Z,,,,LIVE NATION MUSIC,KZFzniwnSyZfZ7v7nJ,Music,KnvZfZ7vAvF,Dance/Electronic,KZazBEonSMnZfZ7vaEn,Amapiano,2026-09-20T22:44:04.466759+00:00
G5vzZ_C-Oss-f,A Clay Walker Family Christmas,https://www.ticketmaster.com/a-clay-walker-family-christmas-denver-colorado-12-10-2026/event/1E0064E860C71854,KovZpZAFa1nA,2026-12-10,19:30:00,2026-12-11T02:30:00Z,America/Denver,onsale,2026-07-17T16:00:00Z,2026-12-11T04:30:00Z,,,,AEG LIVE,KZFzniwnSyZfZ7v7nJ,Music,KnvZfZ7vAv6,Country,KZazBEonSMnZfZ7vAFa,Country,2026-09-20T22:44:04.466759+00:00
rZ7HnEZ1AfZUOV,$5 Thursdays!,https://www.ticketweb.com/event/5-thursdays-la-rumba-tickets/14036834,rZ7HnEZ173pGP,2026-12-10,20:00:00,2026-12-11T03:00:00Z,America/Denver,onsale,2026-01-02T05:20:00Z,2027-12-04T03:00:00Z,8.73,8.73,USD,,KZFzniwnSyZfZ7v7nJ,Music,KnvZfZ7vAeF,World,KZazBEonSMnZfZ7vFdJ,Latin,2026-09-20T22:44:04.466759+00:00
G5vzZ_2T2Jz29,Spafford,https://www.ticketmaster.com/spafford-denver-colorado-12-11-2026/event/1E0064FFCF9B83D7,KovZpZAFFt1A,2026-12-11,18:00:00,2026-12-12T01:00:00Z,America/Denver,onsale,2026-08-07T16:00:00Z,2026-12-12T03:00:00Z,,,,LIVE NATION MUSIC,KZFzniwnSyZfZ7v7nJ,Music,KnvZfZ7vAeA,Rock,KZazBEonSMnZfZ7v6F1,Pop,2026-09-20T22:44:04.466759+00:00
rZ7HnEZ1AfZU8f,Ladies Night & Noche Sonidera,https://www.ticketweb.com/event/ladies-night-noche-sonidera-la-rumba-tickets/14036414,rZ7HnEZ173pGP,2026-12-11,19:00:00,2026-12-12T02:00:00Z,America/Denver,onsale,2026-01-02T05:15:00Z,2027-12-05T02:00:00Z,14.13,14.13,USD,,KZFzniwnSyZfZ7v7nJ,Music,KnvZfZ7vAeF,World,KZazBEonSMnZfZ7vFdJ,Latin,2026-09-20T22:44:04.466759+00:00
Z7r9jZ1A70JGp,Colorado Symphony Orchestra presents A Colorado Christmas,https://www.ticketmaster.com/event/Z7r9jZ1A70JGp,Z6r9jZdv1e,2026-12-11,19:30:00,2026-12-12T02:30:00Z,,onsale,1900-01-01T06:00:00Z,2026-12-12T02:30:00Z,,,,,KZFzniwnSyZfZ7v7nJ,Music,KnvZfZ7vAvl,Other,KZazBEonSMnZfZ7vk1I,Other,2026-09-20T22:44:04.466759+00:00
Z7r9jZ1A7PK4E,Dennett (16 and Over),https://www.ticketmaster.com/event/Z7r9jZ1A7PK4E,ZFr9jZedde,2026-12-11,20:00:00,2026-12-12T03:00:00Z,,onsale,1900-01-01T06:00:00Z,2026-12-12T03:00:00Z,,,,,KZFzniwnSyZfZ7v7nJ,Music,KnvZfZ7vAvF,Dance/Electronic,KZazBEonSMnZfZ7vA1E,Dance/Electronic,2026-09-20T22:44:04.466759+00:00
rZ7HnEZ1AfP0oN,Robert Earl Keen,https://www.ticketweb.com/event/robert-earl-keen-grizzly-rose-tickets/14964463,rZ7HnEZ17uJbA,2026-12-11,20:00:00,2026-12-12T03:00:00Z,America/Denver,onsale,2026-06-10T16:00:00Z,2026-12-12T06:30:00Z,51.93,51.93,USD,,KZFzniwnSyZfZ7v7nJ,Music,KnvZfZ7vAv6,Country,KZazBEonSMnZfZ7vAFn,Classic Country,2026-09-20T22:44:04.466759+00:00
G5vzZ_oJ0Eye-,REPRISE: Recreating Iconic Phish Shows (TWO-DAY TICKETS),https://www.ticketmaster.com/reprise-recreating-iconic-phish-shows-twoday-denver-colorado-12-11-2026/event/1E006519A49F90A1,KovZ917Aai0,2026-12-11,21:00:00,2026-12-12T04:00:00Z,America/Denver,onsale,2026-08-28T16:00:00Z,2026-12-12T06:00:00Z,,,,MISCELLANEOUS PROMOTER,KZFzniwnSyZfZ7v7nJ,Music,KnvZfZ7vAvl,Other,KZazBEonSMnZfZ7vk1I,Other,2026-09-20T22:44:04.466759+00:00
G5vzZ_oJ0Ntv_,Reprise: Recreating Iconic Phish Shows,https://www.ticketmaster.com/reprise-recreating-iconic-phish-shows-denver-colorado-12-11-2026/event/1E006519A48E9059,KovZ917Aai0,2026-12-11,21:00:00,2026-12-12T04:00:00Z,America/Denver,onsale,2026-08-28T16:00:00Z,2026-12-12T06:00:00Z,,,,MISCELLANEOUS PROMOTER,KZFzniwnSyZfZ7v7nJ,Music,KnvZfZ7vAvl,Other,KZazBEonSMnZfZ7vk1I,Other,2026-09-20T22:44:04.466759+00:00
rZ7HnEZ1AfG3ZV,3BallMTY,https://www.ticketweb.com/event/3ballmty-the-basement-at-club-vinyl-tickets/14312034,rZ7HnEZ17QA4S,2026-12-11,22:00:00,2026-12-12T05:00:00Z,America/Denver,onsale,2026-09-10T17:00:00Z,2026-12-12T09:00:00Z,0.0,0.0,USD,INSOMNIAC PRESENTS,KZFzniwnSyZfZ7v7nJ,Music,KnvZfZ7vAvF,Dance/Electronic,KZazBEonSMnZfZ7vA1E,Dance/Electronic,2026-09-20T22:44:04.466759+00:00
Z7r9jZ1A70JuK,Colorado Symphony Orchestra presents A Colorado Christmas,https://www.ticketmaster.com/event/Z7r9jZ1A70JuK,Z6r9jZdv1e,2026-12-12,14:30:00,2026-12-12T21:30:00Z,,onsale,1900-01-01T06:00:00Z,2026-12-12T21:30:00Z,,,,,KZFzniwnSyZfZ7v7nJ,Music,KnvZfZ7vAvl,Other,KZazBEonSMnZfZ7vk1I,Other,2026-09-20T22:44:04.466759+00:00
G5vzZ_1SIgr2S,Beartooth: Pure Ecstasy World Tour,https://www.ticketmaster.com/beartooth-pure-ecstasy-world-tour-denver-colorado-12-12-2026/event/1E0064ACE8D5E3F3,KovZpZAE6eJA,2026-12-12,17:00:00,2026-12-13T00:00:00Z,America/Denver,onsale,2026-05-22T16:00:00Z,2026-12-13T02:00:00Z,,,,LIVE NATION MUSIC,KZFzniwnSyZfZ7v7nJ,Music,KnvZfZ7vAvt,Metal,KZazBEonSMnZfZ7vaJ6,Nu-Metal,2026-09-20T22:44:04.466759+00:00
G5vzZ_196hmUm,Drop Dead Gorgeous,https://www.ticketmaster.com/drop-dead-gorgeous-denver-colorado-12-12-2026/event/1E0064A5C76EEDAE,KovZpZAFFt1A,2026-12-12,18:00:00,2026-12-13T01:00:00Z,America/Denver,onsale,2026-05-08T16:00:00Z,2026-12-13T03:00:00Z,,,,LIVE NATION MUSIC,KZFzniwnSyZfZ7v7nJ,Music,KnvZfZ7vAeA,Rock,KZazBEonSMnZfZ7v6dt,Alternative Rock,2026-09-20T22:44:04.466759+00:00
Z7r9jZ1A70JGz,Colorado Symphony Orchestra presents A Colorado Christmas,https://www.ticketmaster.com/event/Z7r9jZ1A70JGz,Z6r9jZdv1e,2026-12-12,18:00:00,2026-12-13T01:00:00Z,,onsale,1900-01-01T06:00:00Z,2026-12-13T01:00:00Z,,,,,KZFzniwnSyZfZ7v7nJ,Music,KnvZfZ7vAvl,Other,KZazBEonSMnZfZ7vk1I,Other,2026-09-20T22:44:04.466759+00:00
G5vzZ_3N2yIUP,Naethan Apollo: Make Things Better Charity Concert,https://www.ticketmaster.com/naethan-apollo-make-things-better-charity-denver-colorado-12-12-2026/event/1E006528CFE68DA5,KovZpZAJeFkA,2026-12-12,19:00:00,2026-12-13T02:00:00Z,America/Denver,onsale,2026-09-11T16:00:00Z,2026-12-13T04:00:00Z,,,,LIVE NATION MUSIC,KZFzniwnSyZfZ7v7nJ,Music,KnvZfZ7vAv1,Hip-Hop/Rap,KZazBEonSMnZfZ7vaEI,Trap,2026-09-20T22:44:04.466759+00:00
rZ7HnEZ1AfZgb0,Sabados Sabrosos!,https://www.ticketweb.com/event/sabados-sabrosos-la-rumba-tickets/14035624,rZ7HnEZ173pGP,2026-12-12,19:00:00,2026-12-13T02:00:00Z,America/Denver,onsale,2026-01-02T05:00:00Z,2027-12-05T02:00:00Z,25.18,25.18,USD,,KZFzniwnSyZfZ7v7nJ,Music,KnvZfZ7vAeF,World,KZazBEonSMnZfZ7vFdJ,Latin,2026-09-20T22:44:04.466759+00:00
Z7r9jZ1AAZPeZ,The Railbenders (16 and Over),https://www.ticketmaster.com/event/Z7r9jZ1AAZPeZ,ZFr9jZdde7,2026-12-12,20:00:00,2026-12-13T03:00:00Z,,onsale,1900-01-01T06:00:00Z,2026-12-13T03:00:00Z,,,,,KZFzniwnSyZfZ7v7nJ,Music,KnvZfZ7vAvl,Other,KZazBEonSMnZfZ7vk1I,Other,2026-09-20T22:44:04.466759+00:00
rZ7HnEZ1Af1oAf,Dustin De La Garza,https://www.ticketweb.com/event/dustin-de-la-garza-whiskey-rose-tickets/14291154,rZ7HnEZ17q_Qf,2026-12-12,20:00:00,2026-12-13T03:00:00Z,America/Denver,onsale,2026-08-27T16:00:00Z,2026-12-13T06:30:00Z,24.2,24.2,USD,,KZFzniwnSyZfZ7v7nJ,Music,KnvZfZ7vAv6,Country,KZazBEonSMnZfZ7vAF1,Alternative Country,2026-09-20T22:44:04.466759+00:00
G5vzZ_oJ0ladB,Reprise: Recreating Iconic Phish Shows,https://www.ticketmaster.com/reprise-recreating-iconic-phish-shows-denver-colorado-12-12-2026/event/1E006519A4AC90FA,KovZ917Aai0,2026-12-12,21:00:00,2026-12-13T04:00:00Z,America/Denver,onsale,2026-08-28T16:00:00Z,2026-12-13T06:00:00Z,,,,MISCELLANEOUS PROMOTER,KZFzniwnSyZfZ7v7nJ,Music,KnvZfZ7vAvl,Other,KZazBEonSMnZfZ7vk1I,Other,2026-09-20T22:44:04.466759+00:00
rZ7HnEZ1AfG_b7, Tsu Nami,https://www.ticketweb.com/event/-tsu-nami-the-basement-at-club-vinyl-tickets/14319604,rZ7HnEZ17QA4S,2026-12-12,22:00:00,2026-12-13T05:00:00Z,America/Denver,onsale,2026-09-17T16:00:00Z,2026-12-13T09:00:00Z,14.95,14.95,USD,INSOMNIAC PRESENTS,KZFzniwnSyZfZ7v7nJ,Music,KnvZfZ7vAvF,Dance/Electronic,KZazBEonSMnZfZ7vA1E,Dance/Electronic,2026-09-20T22:44:04.466759+00:00
Z7r9jZ1A70JbA,Colorado Symphony Orchestra presents A Colorado Christmas,https://www.ticketmaster.com/event/Z7r9jZ1A70JbA,Z6r9jZdv1e,2026-12-13,13:00:00,2026-12-13T20:00:00Z,,onsale,1900-01-01T06:00:00Z,2026-12-13T20:00:00Z,,,,,KZFzniwnSyZfZ7v7nJ,Music,KnvZfZ7vAvl,Other,KZazBEonSMnZfZ7vk1I,Other,2026-09-20T22:44:04.466759+00:00
G5vzZ_8n0IbXV,Miss May I x Born Of Osiris,https://www.ticketmaster.com/miss-may-i-x-born-of-denver-colorado-12-13-2026/event/1E00650AA4A18FB4,KovZpZAFFt1A,2026-12-13,18:00:00,2026-12-14T01:00:00Z,America/Denver,onsale,2026-08-14T16:00:00Z,2026-12-14T03:00:00Z,,,,LIVE NATION MUSIC,KZFzniwnSyZfZ7v7nJ,Music,KnvZfZ7vAeA,Rock,KZazBEonSMnZfZ7v6F1,Pop,2026-09-20T22:44:04.466759+00:00
Z7r9jZ1AAZdby,Trivium w/ In Flames,https://www.ticketmaster.com/event/Z7r9jZ1AAZdby,Z7r9jZadVI,2026-12-13,18:35:00,2026-12-14T01:35:00Z,,onsale,2026-07-24T16:00:00Z,2026-12-14T01:35:00Z,,,,,KZFzniwnSyZfZ7v7nJ,Music,KnvZfZ7vAeA,Rock,KZazBEonSMnZfZ7v6kl,Hard Rock,2026-09-20T22:44:04.466759+00:00
Z7r9jZ1AAv7jd,Lindsey Stirling - The Snow Waltz Tour 2026,https://www.ticketmaster.com/event/Z7r9jZ1AAv7jd,ZFr9jZ7v1A,2026-12-13,19:00:00,2026-12-14T02:00:00Z,,onsale,1900-01-01T06:00:00Z,2026-12-14T02:00:00Z,,,,,KZFzniwnSyZfZ7v7nJ,Music,KnvZfZ7vAeJ,Classical,KZazBEonSMnZfZ7vF1A,Classical/Vocal,2026-09-20T22:44:04.466759+00:00
rZ7HnEZ1AfZgFV,SALSA & BACHATA SUNDAYS,https://www.ticketweb.com/event/salsa-bachata-sundays-la-rumba-tickets/14035234,rZ7HnEZ173pGP,2026-12-13,19:00:00,2026-12-14T02:00:00Z,America/Denver,onsale,2026-01-02T05:00:00Z,2027-12-06T02:00:00Z,14.13,14.13,USD,,KZFzniwnSyZfZ7v7nJ,Music,KnvZfZ7vAeF,World,KZazBEonSMnZfZ7vFdJ,Latin,2026-09-20T22:44:04.466759+00:00
Z7r9jZ1AAvsQ4,Josiah & the Bonnevilles,https://www.ticketmaster.com/event/Z7r9jZ1AAvsQ4,ZFr9jZAFk1,2026-12-14,19:00:00,2026-12-15T02:00:00Z,,onsale,2026-09-16T17:00:00Z,2026-12-15T02:00:00Z,,,,,KZFzniwnSyZfZ7v7nJ,Music,KnvZfZ7vAeA,Rock,KZazBEonSMnZfZ7v6da,Rock,2026-09-20T22:44:04.466759+00:00
16e0Z_37JG7UYcM,Josiah and the Bonnevilles,https://www.ticketweb.com/event/josiah-and-the-bonnevilles-black-sheep-tickets/14298514?REFERRAL_ID=tmfeed,KovZpZAJ77kA,2026-12-14,20:00:00,2026-12-15T03:00:00Z,America/Denver,onsale,2026-09-16T16:00:00Z,2026-12-15T03:00:00Z,,,,,KZFzniwnSyZfZ7v7nJ,Music,KnvZfZ7vAeA,Rock,KZazBEonSMnZfZ7v6F1,Pop,2026-09-20T22:44:04.466759+00:00
rZ7HnEZ1AfAKef,Ladies Night 2026,https://www.ticketweb.com/event/ladies-night-2026-stampede-tickets/14153094,rZ7HnEZ173p1A,2026-12-16,18:00:00,2026-12-17T01:00:00Z,America/Denver,onsale,2026-02-10T18:35:00Z,2026-12-17T06:55:00Z,16.56,16.56,USD,,KZFzniwnSyZfZ7v7nJ,Music,KnvZfZ7vAv6,Country,KZazBEonSMnZfZ7vAFa,Country,2026-09-20T22:44:04.466759+00:00
rZ7HnEZ1A4Za0S,Shimmy Shakin' Blues,https://www.ticketweb.com/event/shimmy-shakin-blues-la-rumba-tickets/15009933,rZ7HnEZ173pGP,2026-12-16,19:00:00,2026-12-17T02:00:00Z,America/Denver,onsale,2026-08-03T20:15:00Z,2026-12-16T07:00:00Z,20.03,41.13,USD,,KZFzniwnSyZfZ7v7nJ,Music,KnvZfZ7vAvl,Other,,,2026-09-20T22:44:04.466759+00:00
Z7r9jZ1A70JuN,Colorado Symphony Orchestra presents John Denver - A Rocky Mountain Christmas,https://www.ticketmaster.com/event/Z7r9jZ1A70JuN,Z6r9jZdv1e,2026-12-16,19:30:00,2026-12-17T02:30:00Z,,onsale,1900-01-01T06:00:00Z,2026-12-17T02:30:00Z,,,,,KZFzniwnSyZfZ7v7nJ,Music,KnvZfZ7vAvl,Other,KZazBEonSMnZfZ7vk1I,Other,2026-09-20T22:44:04.466759+00:00
rZ7HnEZ1AfxAZN,Goth Night hosted by Gotica Nouveau,https://www.ticketweb.com/event/goth-night-hosted-by-gotica-vultures-tickets/14885023,rZ7HnEZ17fd1A,2026-12-16,20:00:00,2026-12-17T03:00:00Z,America/Denver,onsale,2026-04-27T16:00:00Z,2026-12-17T03:00:00Z,,,,,KZFzniwnSyZfZ7v7nJ,Music,KnvZfZ7vAvv,Alternative,KZazBEonSMnZfZ7vAen,Goth,2026-09-20T22:44:04.466759+00:00
Z7r9jZ1A70JGS,Colorado Symphony Orchestra presents Holiday Brass,https://www.ticketmaster.com/event/Z7r9jZ1A70JGS,Z6r9jZdv1e,2026-12-17,19:00:00,2026-12-18T02:00:00Z,,onsale,1900-01-01T06:00:00Z,2026-12-18T02:00:00Z,,,,,KZFzniwnSyZfZ7v7nJ,Music,KnvZfZ7vAvl,Other,KZazBEonSMnZfZ7vk1I,Other,2026-09-20T22:44:04.466759+00:00
Z7r9jZ1A7Pojw,Dexter and The Moonrocks (16 and Over),https://www.ticketmaster.com/event/Z7r9jZ1A7Pojw,Z7r9jZadVI,2026-12-17,20:00:00,2026-12-18T03:00:00Z,,onsale,1900-01-01T06:00:00Z,2026-12-18T03:00:00Z,,,,,KZFzniwnSyZfZ7v7nJ,Music,KnvZfZ7vAvv,Alternative,KZazBEonSMnZfZ7vAvn,Alternative Rock,2026-09-20T22:44:04.466759+00:00
rZ7HnEZ1AfZU_V,$5 Thursdays!,https://www.ticketweb.com/event/5-thursdays-la-rumba-tickets/14036674,rZ7HnEZ173pGP,2026-12-17,20:00:00,2026-12-18T03:00:00Z,America/Denver,onsale,2026-01-02T05:20:00Z,2027-12-11T03:00:00Z,8.73,8.73,USD,,KZFzniwnSyZfZ7v7nJ,Music,KnvZfZ7vAeF,World,KZazBEonSMnZfZ7vFdJ,Latin,2026-09-20T22:44:04.466759+00:00
1k18vPGvGA5BoZB,Voodoo Glow Skulls,https://www.ticketweb.com/event/voodoo-glow-skulls-black-sheep-tickets/14325734?REFERRAL_ID=tmfeed,KovZpZAJ77kA,2026-12-17,20:00:00,2026-12-18T03:00:00Z,America/Denver,onsale,2026-09-18T16:00:00Z,2026-12-18T03:00:00Z,,,,,KZFzniwnSyZfZ7v7nJ,Music,KnvZfZ7vAeA,Rock,KZazBEonSMnZfZ7v6dt,Alternative Rock,2026-09-20T22:44:04.466759+00:00
G5vzZ_o6vFBBC,Evil Island,https://www.ticketmaster.com/evil-island-denver-colorado-12-18-2026/event/1E006511C123AE8E,KovZpZAJeFkA,2026-12-18,19:00:00,2026-12-19T02:00:00Z,America/Denver,onsale,2026-08-20T15:00:00Z,2026-12-19T04:00:00Z,,,,LIVE NATION MUSIC,KZFzniwnSyZfZ7v7nJ,Music,KnvZfZ7vAeA,Rock,KZazBEonSMnZfZ7v6a6,Punk,2026-09-20T22:44:04.466759+00:00
Z7r9jZ1AAZF8o,Mannheim Steamroller Christmas,https://www.ticketmaster.com/event/Z7r9jZ1AAZF8o,ZFr9jZe6Fe,2026-12-18,19:00:00,2026-12-19T02:00:00Z,,onsale,1900-01-01T06:00:00Z,2026-12-19T02:00:00Z,,,,,KZFzniwnSyZfZ7v7nJ,Music,KnvZfZ7vAvn,New Age,KZazBEonSMnZfZ7vkav,New Age,2026-09-20T22:44:04.466759+00:00
rZ7HnEZ1AfZUaV,Ladies Night & Noche Sonidera,https://www.ticketweb.com/event/ladies-night-noche-sonidera-la-rumba-tickets/14036274,rZ7HnEZ173pGP,2026-12-18,19:00:00,2026-12-19T02:00:00Z,America/Denver,onsale,2026-01-02T05:15:00Z,2027-12-12T02:00:00Z,14.13,14.13,USD,,KZFzniwnSyZfZ7v7nJ,Music,KnvZfZ7vAeF,World,KZazBEonSMnZfZ7vFdJ,Latin,2026-09-20T22:44:04.466759+00:00
1Ae0Z_3GkzsioO0,TECH N9NE,https://www.ticketweb.com/event/tech-n9ne-black-sheep-tickets/14320574?REFERRAL_ID=tmfeed,KovZpZAJ77kA,2026-12-18,20:00:00,2026-12-19T03:00:00Z,America/Denver,onsale,2026-09-18T16:00:00Z,2026-12-19T03:00:00Z,,,,,KZFzniwnSyZfZ7v7nJ,Music,KnvZfZ7vAv1,Hip-Hop/Rap,KZazBEonSMnZfZ7vaEI,Trap,2026-09-20T22:44:04.466759+00:00
G5vzZ_ArM9BiG,Electronic Orchestra,https://www.ticketmaster.com/electronic-orchestra-denver-colorado-12-18-2026/event/1E006457B75FAB0C,KovZpZAE6eJA,2026-12-18,20:00:00,2026-12-19T03:00:00Z,America/Denver,cancelled,2026-02-26T17:00:00Z,2026-12-19T05:00:00Z,,,,LIVE NATION MUSIC,KZFzniwnSyZfZ7v7nJ,Music,KnvZfZ7vAvF,Dance/Electronic,KZazBEonSMnZfZ7vaEn,Amapiano,2026-09-20T22:44:04.466759+00:00
Z7r9jZ1A7P8Ob,Dexter and The Moonrocks,https://www.ticketmaster.com/event/Z7r9jZ1A7P8Ob,Z7r9jZaATV,2026-12-18,20:00:00,2026-12-19T03:00:00Z,,onsale,1900-01-01T06:00:00Z,2026-12-19T03:00:00Z,,,,,KZFzniwnSyZfZ7v7nJ,Music,KnvZfZ7vAvv,Alternative,KZazBEonSMnZfZ7vAvn,Alternative Rock,2026-09-20T22:44:04.466759+00:00
Z7r9jZ1AAZZa0,Canabliss w/ HerShe,https://www.ticketmaster.com/event/Z7r9jZ1AAZZa0,ZFr9jZedde,2026-12-18,20:00:00,2026-12-19T03:00:00Z,,onsale,1900-01-01T06:00:00Z,2026-12-19T03:00:00Z,,,,,KZFzniwnSyZfZ7v7nJ,Music,KnvZfZ7vAvF,Dance/Electronic,KZazBEonSMnZfZ7vA1E,Dance/Electronic,2026-09-20T22:44:04.466759+00:00
Z7r9jZ1AAv_fe,ATOMGA,https://www.ticketmaster.com/event/Z7r9jZ1AAv_fe,Z6r9jZdvee,2026-12-18,20:00:00,2026-12-19T03:00:00Z,,onsale,1900-01-01T06:00:00Z,2026-12-19T03:00:00Z,,,,,KZFzniwnSyZfZ7v7nJ,Music,KnvZfZ7vAeF,World,KZazBEonSMnZfZ7v6Jt,World,2026-09-20T22:44:04.466759+00:00
Z7r9jZ1AAvtPU,Tech N9ne,https://www.ticketmaster.com/event/Z7r9jZ1AAvtPU,ZFr9jZAFk1,2026-12-18,20:00:00,2026-12-19T03:00:00Z,,onsale,2026-09-18T16:00:00Z,2026-12-19T03:00:00Z,,,,,KZFzniwnSyZfZ7v7nJ,Music,KnvZfZ7vAv1,Hip-Hop/Rap,KZazBEonSMnZfZ7vkvl,Hip-Hop/Rap,2026-09-20T22:44:04.466759+00:00
rZ7HnEZ1AfJ38S,Easton Corbin,https://www.ticketweb.com/event/easton-corbin-grizzly-rose-tickets/14992433,rZ7HnEZ17uJbA,2026-12-18,20:00:00,2026-12-19T03:00:00Z,America/Denver,onsale,2026-07-29T16:00:00Z,2026-12-19T06:30:00Z,41.63,41.63,USD,,KZFzniwnSyZfZ7v7nJ,Music,KnvZfZ7vAv6,Country,KZazBEonSMnZfZ7vAFa,Country,2026-09-20T22:44:04.466759+00:00
Z7r9jZ1A70tPF,Mannheim Steamroller Christmas,https://www.ticketmaster.com/event/Z7r9jZ1A70tPF,ZFr9jZe6Fe,2026-12-19,13:00:00,2026-12-19T20:00:00Z,,onsale,1900-01-01T06:00:00Z,2026-12-19T20:00:00Z,,,,,KZFzniwnSyZfZ7v7nJ,Music,KnvZfZ7vAvn,New Age,KZazBEonSMnZfZ7vkav,New Age,2026-09-20T22:44:04.466759+00:00
Z7r9jZ1AAvdAE,The Colorado Springs Philharmonic presents Christmas Symphony,https://www.ticketmaster.com/event/Z7r9jZ1AAvdAE,ZFr9jZe777,2026-12-19,14:00:00,2026-12-19T21:00:00Z,,onsale,1900-01-01T06:00:00Z,2026-12-19T21:00:00Z,,,,,KZFzniwnSyZfZ7v7nJ,Music,KnvZfZ7vAvl,Other,KZazBEonSMnZfZ7vk1I,Other,2026-09-20T22:44:04.466759+00:00
G5vzZ_3mStaLC,Tech N9ne,https://www.ticketmaster.com/tech-n9ne-denver-colorado-12-19-2026/event/1E00652BB3A497CE,KovZpZAE6eJA,2026-12-19,18:00:00,2026-12-20T01:00:00Z,America/Denver,onsale,2026-09-18T16:00:00Z,2026-12-20T03:00:00Z,,,,LIVE NATION MUSIC,KZFzniwnSyZfZ7v7nJ,Music,KnvZfZ7vAv1,Hip-Hop/Rap,KZazBEonSMnZfZ7vaEI,Trap,2026-09-20T22:44:04.466759+00:00
Z7r9jZ1AAZ8u-,Mannheim Steamroller Christmas,https://www.ticketmaster.com/event/Z7r9jZ1AAZ8u-,ZFr9jZe6Fe,2026-12-19,18:30:00,2026-12-20T01:30:00Z,,onsale,1900-01-01T18:00:00Z,2026-12-20T01:30:00Z,,,,,KZFzniwnSyZfZ7v7nJ,Music,KnvZfZ7vAvn,New Age,KZazBEonSMnZfZ7vkav,New Age,2026-09-20T22:44:04.466759+00:00
G5vzZ_35A2jKt,Breathe Carolina,https://www.ticketmaster.com/breathe-carolina-denver-colorado-12-19-2026/event/1E006522C53DC4E9,KovZpZAFFt1A,2026-12-19,19:00:00,2026-12-20T02:00:00Z,America/Denver,onsale,2026-09-18T16:00:00Z,2026-12-20T04:00:00Z,,,,LIVE NATION MUSIC,KZFzniwnSyZfZ7v7nJ,Music,KnvZfZ7vAeA,Rock,KZazBEonSMnZfZ7v6F1,Pop,2026-09-20T22:44:04.466759+00:00
G5vzZ_5zhOsLS,Drag the River,https://www.ticketmaster.com/drag-the-river-denver-colorado-12-19-2026/event/1E0064BE1B8317F3,KovZpZAJeFkA,2026-12-19,19:00:00,2026-12-20T02:00:00Z,America/Denver,onsale,2026-06-01T16:00:00Z,2026-12-20T04:00:00Z,,,,LIVE NATION MUSIC,KZFzniwnSyZfZ7v7nJ,Music,KnvZfZ7vAeA,Rock,KZazBEonSMnZfZ7v6F1,Pop,2026-09-20T22:44:04.466759+00:00
rZ7HnEZ1AfZgQf,Sabados Sabrosos!,https://www.ticketweb.com/event/sabados-sabrosos-la-rumba-tickets/14035694,rZ7HnEZ173pGP,2026-12-19,19:00:00,2026-12-20T02:00:00Z,America/Denver,onsale,2026-01-02T05:00:00Z,2027-12-12T02:00:00Z,25.18,25.18,USD,,KZFzniwnSyZfZ7v7nJ,Music,KnvZfZ7vAeF,World,KZazBEonSMnZfZ7vFdJ,Latin,2026-09-20T22:44:04.466759+00:00
Z7r9jZ1A70b3Z,Buffalo Traffic Jam,https://www.ticketmaster.com/event/Z7r9jZ1A70b3Z,ZFr9jZedde,2026-12-19,20:00:00,2026-12-20T03:00:00Z,,onsale,2026-05-15T16:00:00Z,2026-12-20T03:00:00Z,,,,,KZFzniwnSyZfZ7v7nJ,Music,KnvZfZ7vAva,Folk,KZazBEonSMnZfZ7va1F,Indie Folk,2026-09-20T22:44:04.466759+00:00
Z7r9jZ1A70w78,Ahee (16 and Over),https://www.ticketmaster.com/event/Z7r9jZ1A70w78,Z7r9jZadVI,2026-12-19,20:00:00,2026-12-20T03:00:00Z,,onsale,1900-01-01T06:00:00Z,2026-12-20T03:00:00Z,,,,,KZFzniwnSyZfZ7v7nJ,Music,KnvZfZ7vAvl,Other,KZazBEonSMnZfZ7vk1I,Other,2026-09-20T22:44:04.466759+00:00
Z7r9jZ1AAZ8o0,Emma Ruth Rundle w/ Cinder Well,https://www.ticketmaster.com/event/Z7r9jZ1AAZ8o0,Z6r9jZdvee,2026-12-19,20:00:00,2026-12-20T03:00:00Z,,onsale,1900-01-01T06:00:00Z,2026-12-20T03:00:00Z,,,,,KZFzniwnSyZfZ7v7nJ,Music,KnvZfZ7vAvl,Other,KZazBEonSMnZfZ7vk1I,Other,2026-09-20T22:44:04.466759+00:00
Z7r9jZ1A7P-4I,Twin Diplomacy - Ages 18+,https://www.ticketmaster.com/event/Z7r9jZ1A7P-4I,Z7r9jZa7cI,2026-12-19,21:00:00,2026-12-20T04:00:00Z,,onsale,1900-01-01T06:00:00Z,2026-12-20T04:00:00Z,,,,,KZFzniwnSyZfZ7v7nJ,Music,KnvZfZ7vAvF,Dance/Electronic,KZazBEonSMnZfZ7vA1E,Dance/Electronic,2026-09-20T22:44:04.466759+00:00
rZ7HnEZ1AfZg77,SALSA & BACHATA SUNDAYS,https://www.ticketweb.com/event/salsa-bachata-sundays-la-rumba-tickets/14035104,rZ7HnEZ173pGP,2026-12-20,19:00:00,2026-12-21T02:00:00Z,America/Denver,onsale,2026-01-02T05:00:00Z,2027-12-13T02:00:00Z,14.13,14.13,USD,,KZFzniwnSyZfZ7v7nJ,Music,KnvZfZ7vAeF,World,KZazBEonSMnZfZ7vFdJ,Latin,2026-09-20T22:44:04.466759+00:00
Z7r9jZ1A70-OF,Buffalo Traffic Jam (16 and Over),https://www.ticketmaster.com/event/Z7r9jZ1A70-OF,ZFr9jZedde,2026-12-20,20:00:00,2026-12-21T03:00:00Z,,onsale,1900-01-01T06:00:00Z,2026-12-21T03:00:00Z,,,,,KZFzniwnSyZfZ7v7nJ,Music,KnvZfZ7vAva,Folk,KZazBEonSMnZfZ7va1F,Indie Folk,2026-09-20T22:44:04.466759+00:00
rZ7HnEZ1AfAKkf,Ladies Night 2026,https://www.ticketweb.com/event/ladies-night-2026-stampede-tickets/14153194,rZ7HnEZ173p1A,2026-12-23,18:00:00,2026-12-24T01:00:00Z,America/Denver,onsale,2026-02-10T18:35:00Z,2026-12-24T06:55:00Z,16.56,16.56,USD,,KZFzniwnSyZfZ7v7nJ,Music,KnvZfZ7vAv6,Country,KZazBEonSMnZfZ7vAFa,Country,2026-09-20T22:44:04.466759+00:00
rZ7HnEZ1AfxA7d,Goth Night hosted by Gotica Nouveau,https://www.ticketweb.com/event/goth-night-hosted-by-gotica-vultures-tickets/14885103,rZ7HnEZ17fd1A,2026-12-23,20:00:00,2026-12-24T03:00:00Z,America/Denver,onsale,2026-04-27T16:00:00Z,2026-12-24T03:00:00Z,,,,,KZFzniwnSyZfZ7v7nJ,Music,KnvZfZ7vAvv,Alternative,KZazBEonSMnZfZ7vAen,Goth,2026-09-20T22:44:04.466759+00:00
rZ7HnEZ1AfZUOf,$5 Thursdays!,https://www.ticketweb.com/event/5-thursdays-la-rumba-tickets/14036814,rZ7HnEZ173pGP,2026-12-24,20:00:00,2026-12-25T03:00:00Z,America/Denver,onsale,2026-01-02T05:20:00Z,2027-12-18T03:00:00Z,8.73,8.73,USD,,KZFzniwnSyZfZ7v7nJ,Music,KnvZfZ7vAeF,World,KZazBEonSMnZfZ7vFdJ,Latin,2026-09-20T22:44:04.466759+00:00
rZ7HnEZ1AfZUkf,Ladies Night & Noche Sonidera,https://www.ticketweb.com/event/ladies-night-noche-sonidera-la-rumba-tickets/14036194,rZ7HnEZ173pGP,2026-12-25,19:00:00,2026-12-26T02:00:00Z,America/Denver,onsale,2026-01-02T05:15:00Z,2027-12-19T02:00:00Z,14.13,14.13,USD,,KZFzniwnSyZfZ7v7nJ,Music,KnvZfZ7vAeF,World,KZazBEonSMnZfZ7vFdJ,Latin,2026-09-20T22:44:04.466759+00:00
rZ7HnEZ1AfZgOf,Sabados Sabrosos!,https://www.ticketweb.com/event/sabados-sabrosos-la-rumba-tickets/14035814,rZ7HnEZ173pGP,2026-12-26,19:00:00,2026-12-27T02:00:00Z,America/Denver,onsale,2026-01-02T05:00:00Z,2027-12-19T02:00:00Z,25.18,25.18,USD,,KZFzniwnSyZfZ7v7nJ,Music,KnvZfZ7vAeF,World,KZazBEonSMnZfZ7vFdJ,Latin,2026-09-20T22:44:04.466759+00:00
rZ7HnEZ1AfZgAf,SALSA & BACHATA SUNDAYS,https://www.ticketweb.com/event/salsa-bachata-sundays-la-rumba-tickets/14035154,rZ7HnEZ173pGP,2026-12-27,19:00:00,2026-12-28T02:00:00Z,America/Denver,onsale,2026-01-02T05:00:00Z,2027-12-20T02:00:00Z,14.13,14.13,USD,,KZFzniwnSyZfZ7v7nJ,Music,KnvZfZ7vAeF,World,KZazBEonSMnZfZ7vFdJ,Latin,2026-09-20T22:44:04.466759+00:00
rZ7HnEZ1AfAKk7,Ladies Night 2026,https://www.ticketweb.com/event/ladies-night-2026-stampede-tickets/14153184,rZ7HnEZ173p1A,2026-12-30,18:00:00,2026-12-31T01:00:00Z,America/Denver,onsale,2026-02-10T18:35:00Z,2026-12-31T06:55:00Z,16.56,16.56,USD,,KZFzniwnSyZfZ7v7nJ,Music,KnvZfZ7vAv6,Country,KZazBEonSMnZfZ7vAFa,Country,2026-09-20T22:44:04.466759+00:00
Z7r9jZ1AAZt7P,The Colorado Springs Philharmonic presents New Year's Eve: Rhapsody in Blue,https://www.ticketmaster.com/event/Z7r9jZ1AAZt7P,ZFr9jZe777,2026-12-30,19:30:00,2026-12-31T02:30:00Z,,onsale,1900-01-01T06:00:00Z,2026-12-31T02:30:00Z,,,,,KZFzniwnSyZfZ7v7nJ,Music,KnvZfZ7vAvl,Other,KZazBEonSMnZfZ7vk1I,Other,2026-09-20T22:44:04.466759+00:00
G5vzZ_8mEraQD,The Polish Ambassador,https://www.ticketmaster.com/the-polish-ambassador-denver-colorado-12-31-2026/event/1E00650BA77896BB,KovZpZAE6eJA,2026-12-31,19:30:00,2027-01-01T02:30:00Z,America/Denver,onsale,2026-08-14T16:00:00Z,2027-01-01T05:00:00Z,,,,LIVE NATION MUSIC,KZFzniwnSyZfZ7v7nJ,Music,KnvZfZ7vAeA,Rock,KZazBEonSMnZfZ7v6dt,Alternative Rock,2026-09-20T22:44:04.817229+00:00
Z7r9jZ1A7Jo-y,The Colorado Springs Philharmonic presents New Year's Eve: Rhapsody in Blue,https://www.ticketmaster.com/event/Z7r9jZ1A7Jo-y,ZFr9jZe777,2026-12-31,19:30:00,2027-01-01T02:30:00Z,,onsale,1900-01-01T06:00:00Z,2027-01-01T02:30:00Z,,,,,KZFzniwnSyZfZ7v7nJ,Music,KnvZfZ7vAvl,Other,KZazBEonSMnZfZ7vk1I,Other,2026-09-20T22:44:04.817229+00:00
rZ7HnEZ1AfZUq7,$5 Thursdays!,https://www.ticketweb.com/event/5-thursdays-la-rumba-tickets/14036744,rZ7HnEZ173pGP,2026-12-31,20:00:00,2027-01-01T03:00:00Z,America/Denver,onsale,2026-01-02T05:20:00Z,2027-12-25T03:00:00Z,8.73,8.73,USD,,KZFzniwnSyZfZ7v7nJ,Music,KnvZfZ7vAeF,World,KZazBEonSMnZfZ7vFdJ,Latin,2026-09-20T22:44:04.817229+00:00
Z7r9jZ1A70Ju3,Colorado Symphony Orchestra presents An Evening of Mozart,https://www.ticketmaster.com/event/Z7r9jZ1A70Ju3,Z6r9jZdv1e,2027-01-03,14:30:00,2027-01-03T21:30:00Z,,onsale,1900-01-01T06:00:00Z,2027-01-03T21:30:00Z,,,,,KZFzniwnSyZfZ7v7nJ,Music,KnvZfZ7vAvl,Other,KZazBEonSMnZfZ7vk1I,Other,2026-09-20T22:44:04.817229+00:00
rZ7HnEZ1AfAKZ7,Ladies Night 2026,https://www.ticketweb.com/event/ladies-night-2026-stampede-tickets/14153004,rZ7HnEZ173p1A,2027-01-06,18:00:00,2027-01-07T01:00:00Z,America/Denver,onsale,2026-02-10T18:35:00Z,2027-01-07T06:55:00Z,16.56,16.56,USD,,KZFzniwnSyZfZ7v7nJ,Music,KnvZfZ7vAv6,Country,KZazBEonSMnZfZ7vAFa,Country,2026-09-20T22:44:04.817229+00:00
Z7r9jZ1A70JuP,Colorado Symphony Orchestra presents Harry Potter and Order of the Phoenix in Concert,https://www.ticketmaster.com/event/Z7r9jZ1A70JuP,Z6r9jZdv1e,2027-01-08,19:00:00,2027-01-09T02:00:00Z,,onsale,1900-01-01T06:00:00Z,2027-01-09T02:00:00Z,,,,,KZFzniwnSyZfZ7v7nJ,Music,KnvZfZ7vAvl,Other,KZazBEonSMnZfZ7vk1I,Other,2026-09-20T22:44:04.817229+00:00
Z7r9jZ1A70JuJ,Colorado Symphony Orchestra presents Harry Potter and Order of the Phoenix in Concert,https://www.ticketmaster.com/event/Z7r9jZ1A70JuJ,Z6r9jZdv1e,2027-01-09,19:00:00,2027-01-10T02:00:00Z,,onsale,1900-01-01T06:00:00Z,2027-01-10T02:00:00Z,,,,,KZFzniwnSyZfZ7v7nJ,Music,KnvZfZ7vAvl,Other,KZazBEonSMnZfZ7vk1I,Other,2026-09-20T22:44:04.817229+00:00
Z7r9jZ1A70Ju0,Colorado Symphony Orchestra presents Harry Potter and Order of the Phoenix in Concert,https://www.ticketmaster.com/event/Z7r9jZ1A70Ju0,Z6r9jZdv1e,2027-01-10,14:30:00,2027-01-10T21:30:00Z,,onsale,1900-01-01T06:00:00Z,2027-01-10T21:30:00Z,,,,,KZFzniwnSyZfZ7v7nJ,Music,KnvZfZ7vAvl,Other,KZazBEonSMnZfZ7vk1I,Other,2026-09-20T22:44:04.817229+00:00
rZ7HnEZ1AfAKvf,Ladies Night 2026,https://www.ticketweb.com/event/ladies-night-2026-stampede-tickets/14153054,rZ7HnEZ173p1A,2027-01-13,18:00:00,2027-01-14T01:00:00Z,America/Denver,onsale,2026-02-10T18:35:00Z,2027-01-14T06:55:00Z,16.56,16.56,USD,,KZFzniwnSyZfZ7v7nJ,Music,KnvZfZ7vAv6,Country,KZazBEonSMnZfZ7vAFa,Country,2026-09-20T22:44:04.817229+00:00
G5vzZ_3JfKPE7,The Temptations,https://www.ticketmaster.com/the-temptations-denver-colorado-01-13-2027/event/1E006529944E59C4,KovZpZAFa1nA,2027-01-13,19:30:00,2027-01-14T02:30:00Z,America/Denver,onsale,2026-09-18T16:00:00Z,2027-01-14T04:30:00Z,,,,AEG LIVE,KZFzniwnSyZfZ7v7nJ,Music,KnvZfZ7vAee,R&B,KZazBEonSMnZfZ7vkIt,R&B,2026-09-20T22:44:04.817229+00:00
Z7r9jZ1A70JG4,Colorado Symphony Orchestra presents Vivaldi The Four Seasons Recomposed & Mozart No. 25,https://www.ticketmaster.com/event/Z7r9jZ1A70JG4,Z6r9jZdv1e,2027-01-15,19:30:00,2027-01-16T02:30:00Z,,onsale,1900-01-01T06:00:00Z,2027-01-16T02:30:00Z,,,,,KZFzniwnSyZfZ7v7nJ,Music,KnvZfZ7vAvl,Other,KZazBEonSMnZfZ7vk1I,Other,2026-09-20T22:44:04.817229+00:00
Z7r9jZ1A70Ju7,Colorado Symphony Orchestra presents Vivaldi The Four Seasons Recomposed & Mozart No. 25,https://www.ticketmaster.com/event/Z7r9jZ1A70Ju7,Z6r9jZdv1e,2027-01-16,19:30:00,2027-01-17T02:30:00Z,,onsale,1900-01-01T06:00:00Z,2027-01-17T02:30:00Z,,,,,KZFzniwnSyZfZ7v7nJ,Music,KnvZfZ7vAvl,Other,KZazBEonSMnZfZ7vk1I,Other,2026-09-20T22:44:04.817229+00:00
Z7r9jZ1A70Jud,Colorado Symphony Orchestra presents Vivaldi The Four Seasons Recomposed & Mozart No. 25,https://www.ticketmaster.com/event/Z7r9jZ1A70Jud,Z6r9jZdv1e,2027-01-17,13:00:00,2027-01-17T20:00:00Z,,onsale,1900-01-01T06:00:00Z,2027-01-17T20:00:00Z,,,,,KZFzniwnSyZfZ7v7nJ,Music,KnvZfZ7vAvl,Other,KZazBEonSMnZfZ7vk1I,Other,2026-09-20T22:44:04.817229+00:00
rZ7HnEZ1AfAKe7,Ladies Night 2026,https://www.ticketweb.com/event/ladies-night-2026-stampede-tickets/14153084,rZ7HnEZ173p1A,2027-01-20,18:00:00,2027-01-21T01:00:00Z,America/Denver,onsale,2026-02-10T18:35:00Z,2027-01-21T06:55:00Z,16.56,16.56,USD,,KZFzniwnSyZfZ7v7nJ,Music,KnvZfZ7vAv6,Country,KZazBEonSMnZfZ7vAFa,Country,2026-09-20T22:44:04.817229+00:00
1Ae0Z_3GkiHvsFG,Twin Fin - the California Sober Winter Tour,https://www.ticketweb.com/event/twin-fin-the-black-sheep-tickets/14317334?REFERRAL_ID=tmfeed,KovZpZAJ77kA,2027-01-20,20:00:00,2027-01-21T03:00:00Z,America/Denver,onsale,2026-09-16T17:00:00Z,2027-01-28T03:00:00Z,,,,,KZFzniwnSyZfZ7v7nJ,Music,KnvZfZ7vAeA,Rock,KZazBEonSMnZfZ7v6F1,Pop,2026-09-20T22:44:04.817229+00:00
Z7r9jZ1A7PdCp,Retrospective of Minimalism,https://www.ticketmaster.com/event/Z7r9jZ1A7PdCp,Z6r9jZdv1e,2027-01-21,19:00:00,2027-01-22T02:00:00Z,,onsale,1900-01-01T06:00:00Z,2027-01-22T02:00:00Z,,,,,KZFzniwnSyZfZ7v7nJ,Music,KnvZfZ7vAvl,Other,KZazBEonSMnZfZ7vk1I,Other,2026-09-20T22:44:04.817229+00:00
G5vzZ_2KjCL7N,Madds Buckley 2026/2027 North American Tour,https://www.ticketmaster.com/madds-buckley-20262027-north-american-tour-denver-colorado-01-22-2027/event/1E0064F4DC39F123,KovZpZAJeFkA,2027-01-22,19:00:00,2027-01-23T02:00:00Z,America/Denver,onsale,2026-07-31T16:00:00Z,2027-01-23T04:00:00Z,,,,LIVE NATION MUSIC,KZFzniwnSyZfZ7v7nJ,Music,KnvZfZ7vAeA,Rock,KZazBEonSMnZfZ7v6dt,Alternative Rock,2026-09-20T22:44:04.817229+00:00
G5vzZ_3E0Fj9Q,DJ Meredith Marks - YOU. CAN. DANCE. Tour,https://www.ticketmaster.com/dj-meredith-marks-you-can-dance-denver-colorado-01-22-2027/event/1E006529E421C5DA,KovZpZAFFt1A,2027-01-22,19:00:00,2027-01-23T02:00:00Z,America/Denver,onsale,2026-09-18T16:00:00Z,2027-01-23T04:00:00Z,,,,LIVE NATION MUSIC,KZFzniwnSyZfZ7v7nJ,Music,KnvZfZ7vAvF,Dance/Electronic,KZazBEonSMnZfZ7vaEn,Amapiano,2026-09-20T22:44:04.817229+00:00
Z7r9jZ1A7x714,WonkyWilla,https://www.ticketmaster.com/event/Z7r9jZ1A7x714,Z7r9jZadVI,2027-01-22,19:00:00,2027-01-23T02:00:00Z,,onsale,1900-01-01T18:00:00Z,2027-01-23T02:00:00Z,,,,,KZFzniwnSyZfZ7v7nJ,Music,KnvZfZ7vAvF,Dance/Electronic,KZazBEonSMnZfZ7vA1E,Dance/Electronic,2026-09-20T22:44:04.817229+00:00
Z7r9jZ1AAZtkv,The Colorado Springs Philharmonic presents Sibelius / Mahler,https://www.ticketmaster.com/event/Z7r9jZ1AAZtkv,ZFr9jZe777,2027-01-23,19:30:00,2027-01-24T02:30:00Z,,onsale,1900-01-01T06:00:00Z,2027-01-24T02:30:00Z,,,,,KZFzniwnSyZfZ7v7nJ,Music,KnvZfZ7vAvl,Other,KZazBEonSMnZfZ7vk1I,Other,2026-09-20T22:44:04.817229+00:00
G5vzZ_3niiz9S,Fairlane,https://tickets.meowwolf.com/denver/events/fairlane/,KovZ917AYbY,2027-01-23,21:00:00,2027-01-24T04:00:00Z,America/Denver,onsale,2026-09-10T18:16:00Z,2027-01-24T04:00:00Z,,,,LIVE NATION MUSIC,KZFzniwnSyZfZ7v7nJ,Music,KnvZfZ7vAeA,Rock,KZazBEonSMnZfZ7v6F1,Pop,2026-09-20T22:44:04.817229+00:00
Z7r9jZ1AAvJeK,Fairlane,https://www.ticketmaster.com/event/Z7r9jZ1AAvJeK,Z7r9jZa7j5,2027-01-23,21:00:00,2027-01-24T04:00:00Z,,onsale,2026-09-10T18:16:00Z,2027-01-24T04:00:00Z,,,,LIVE NATION MUSIC,KZFzniwnSyZfZ7v7nJ,Music,KnvZfZ7vAvl,Other,KZazBEonSMnZfZ7vk1I,Other,2026-09-20T22:44:04.817229+00:00
Z7r9jZ1AAZtke,The Colorado Springs Philharmonic presents Sibelius / Mahler,https://www.ticketmaster.com/event/Z7r9jZ1AAZtke,ZFr9jZe777,2027-01-24,14:30:00,2027-01-24T21:30:00Z,,onsale,1900-01-01T06:00:00Z,2027-01-24T21:30:00Z,,,,,KZFzniwnSyZfZ7v7nJ,Music,KnvZfZ7vAvl,Other,KZazBEonSMnZfZ7vk1I,Other,2026-09-20T22:44:04.817229+00:00
rZ7HnEZ1AfAK77,Ladies Night 2026,https://www.ticketweb.com/event/ladies-night-2026-stampede-tickets/14153104,rZ7HnEZ173p1A,2027-01-27,18:00:00,2027-01-28T01:00:00Z,America/Denver,onsale,2026-02-10T18:35:00Z,2027-01-28T06:55:00Z,16.56,16.56,USD,,KZFzniwnSyZfZ7v7nJ,Music,KnvZfZ7vAv6,Country,KZazBEonSMnZfZ7vAFa,Country,2026-09-20T22:44:04.817229+00:00
Z7r9jZ1AAZeJv,Kingston Trio,https://www.ticketmaster.com/event/Z7r9jZ1AAZeJv,ZFr9jZe777,2027-01-28,19:30:00,2027-01-29T02:30:00Z,,onsale,1900-01-01T06:00:00Z,2027-01-29T02:30:00Z,,,,,KZFzniwnSyZfZ7v7nJ,Music,KnvZfZ7vAv6,Country,KZazBEonSMnZfZ7vAad,Country Folk,2026-09-20T22:44:04.817229+00:00
Z7r9jZ1A70JuF,Colorado Symphony Orchestra presents Prokofiev with Stewart Goodyear & Rachmaninoff???s 3rd Symphony,https://www.ticketmaster.com/event/Z7r9jZ1A70JuF,Z6r9jZdv1e,2027-01-29,19:30:00,2027-01-30T02:30:00Z,,onsale,1900-01-01T06:00:00Z,2027-01-30T02:30:00Z,,,,,KZFzniwnSyZfZ7v7nJ,Music,KnvZfZ7vAvl,Other,KZazBEonSMnZfZ7vk1I,Other,2026-09-20T22:44:04.817229+00:00
Z7r9jZ1A7-boZ,Cristian Castro,https://www.ticketmaster.com/event/Z7r9jZ1A7-boZ,ZFr9jZ76Ak,2027-01-29,20:00:00,2027-01-30T03:00:00Z,,onsale,1900-01-01T06:00:00Z,2027-01-30T03:00:00Z,,,,,KZFzniwnSyZfZ7v7nJ,Music,KnvZfZ7vAeF,World,,,2026-09-20T22:44:04.817229+00:00
Z7r9jZ1AAv4Fa,Jason Ross (16+ Event),https://www.ticketmaster.com/event/Z7r9jZ1AAv4Fa,ZFr9jZedde,2027-01-29,21:00:00,2027-01-30T04:00:00Z,,onsale,1900-01-01T06:00:00Z,2027-01-30T04:00:00Z,,,,,KZFzniwnSyZfZ7v7nJ,Music,KnvZfZ7vAvl,Other,KZazBEonSMnZfZ7vk1I,Other,2026-09-20T22:44:04.817229+00:00
Z7r9jZ1A7PFGy,Brad Williams,https://www.ticketmaster.com/event/Z7r9jZ1A7PFGy,ZFr9jZe777,2027-01-30,19:00:00,2027-01-31T02:00:00Z,,onsale,2026-06-12T16:00:00Z,2027-01-31T02:00:00Z,,,,,KZFzniwnSyZfZ7v7nJ,Music,KnvZfZ7vAvl,Other,KZazBEonSMnZfZ7vk1I,Other,2026-09-20T22:44:04.817229+00:00
G5vzZ_6e-A6fU,Paramount Theatre Club Seating: Professor Brian Cox,https://www.ticketmaster.com/paramount-theatre-club-seating-professor-brian-denver-colorado-01-30-2027/event/1E006470A1147536,KovZpZAFa1nA,2027-01-30,19:30:00,2027-01-31T02:30:00Z,America/Denver,onsale,2026-03-18T18:00:00Z,2027-01-31T03:30:00Z,,,,PROMOTED BY VENUE,KZFzniwnSyZfZ7v7nJ,Music,KnvZfZ7vAvl,Other,KZazBEonSMnZfZ7vk1I,Other,2026-09-20T22:44:04.817229+00:00
Z7r9jZ1A70JGK,Colorado Symphony Orchestra presents Prokofiev with Stewart Goodyear & Rachmaninoff???s 3rd Symphony,https://www.ticketmaster.com/event/Z7r9jZ1A70JGK,Z6r9jZdv1e,2027-01-30,19:30:00,2027-01-31T02:30:00Z,,onsale,1900-01-01T06:00:00Z,2027-01-31T02:30:00Z,,,,,KZFzniwnSyZfZ7v7nJ,Music,KnvZfZ7vAvl,Other,KZazBEonSMnZfZ7vk1I,Other,2026-09-20T22:44:04.817229+00:00
G5vzZ_3JMOzt2,Bad Suns - Disappear Here: A Ten Year Celebration,https://www.ticketmaster.com/bad-suns-disappear-here-a-ten-denver-colorado-02-02-2027/event/1E006529B7838A4F,KovZpZAFFt1A,2027-02-02,19:00:00,2027-02-03T02:00:00Z,America/Denver,onsale,2026-09-18T16:00:00Z,2027-02-03T04:00:00Z,,,,LIVE NATION MUSIC,KZFzniwnSyZfZ7v7nJ,Music,KnvZfZ7vAeA,Rock,KZazBEonSMnZfZ7v6F1,Pop,2026-09-20T22:44:05.080653+00:00
rZ7HnEZ1AfAKv0,Ladies Night 2026,https://www.ticketweb.com/event/ladies-night-2026-stampede-tickets/14153064,rZ7HnEZ173p1A,2027-02-03,18:00:00,2027-02-04T01:00:00Z,America/Denver,onsale,2026-02-10T18:35:00Z,2027-02-04T06:55:00Z,16.56,16.56,USD,,KZFzniwnSyZfZ7v7nJ,Music,KnvZfZ7vAv6,Country,KZazBEonSMnZfZ7vAFa,Country,2026-09-20T22:44:05.080653+00:00
G5vzZ_Cr8XVJQ,Jesse Cook: Forever Live Tour ,https://www.ticketmaster.com/jesse-cook-forever-live-tour-denver-colorado-02-03-2027/event/1E0064E790FB499A,KovZpZAFa1nA,2027-02-03,19:30:00,2027-02-04T02:30:00Z,America/Denver,onsale,2026-07-17T16:00:00Z,2027-02-04T04:30:00Z,,,,EMPORIUM PRESENTS,KZFzniwnSyZfZ7v7nJ,Music,KnvZfZ7vAev,Pop,KZazBEonSMnZfZ7vk1l,Adult Contemporary,2026-09-20T22:44:05.080653+00:00
G5vzZ_u2hqXBT,"Don Omar ""The Last King World Tour""",https://www.ticketmaster.com/don-omar-the-last-king-world-denver-colorado-02-03-2027/event/1E0064D3DB77EEBF,KovZpZAFaJeA,2027-02-03,20:00:00,2027-02-04T03:00:00Z,America/Denver,onsale,2026-06-26T16:00:00Z,2027-02-04T05:00:00Z,,,,CMN - CARDENAS MARKETING NETWORK,KZFzniwnSyZfZ7v7nJ,Music,KnvZfZ7vAv1,Hip-Hop/Rap,KZazBEonSMnZfZ7vkdv,Reggaeton,2026-09-20T22:44:05.080653+00:00
G5vzZ_uJhDalj,Club Level Seating: Don Omar,https://www.ticketmaster.com/club-level-seating-don-omar-denver-colorado-02-03-2027/event/1E0064D99BEC9ADC,KovZpZAFaJeA,2027-02-03,20:00:00,2027-02-04T03:00:00Z,America/Denver,onsale,2026-07-03T16:00:00Z,2027-02-04T04:00:00Z,,,,PROMOTED BY VENUE,KZFzniwnSyZfZ7v7nJ,Music,KnvZfZ7vAv1,Hip-Hop/Rap,KZazBEonSMnZfZ7vkdv,Reggaeton,2026-09-20T22:44:05.080653+00:00
Z7r9jZ1AAZIu0,The Colorado Springs Philharmonic presents Joshua Bell: A Centennial Celebration,https://www.ticketmaster.com/event/Z7r9jZ1AAZIu0,ZFr9jZe777,2027-02-05,19:30:00,2027-02-06T02:30:00Z,,onsale,1900-01-01T06:00:00Z,2027-02-06T02:30:00Z,,,,,KZFzniwnSyZfZ7v7nJ,Music,KnvZfZ7vAeJ,Classical,KZazBEonSMnZfZ7vF1A,Classical/Vocal,2026-09-20T22:44:05.080653+00:00
G5vzZ_KdPwjuE,Emo Night Karaoke,https://www.ticketmaster.com/emo-night-karaoke-denver-colorado-02-05-2027/event/1E006530E5C9C367,KovZpZAFFt1A,2027-02-05,20:00:00,2027-02-06T03:00:00Z,America/Denver,onsale,2026-09-18T16:00:00Z,2027-02-06T05:00:00Z,,,,LIVE NATION MUSIC,KZFzniwnSyZfZ7v7nJ,Music,KnvZfZ7vAeA,Rock,KZazBEonSMnZfZ7v6F1,Pop,2026-09-20T22:44:05.080653+00:00
G5vzZ_uxsH5y5,MANIA: The ABBA Tribute,https://www.ticketmaster.com/mania-the-abba-tribute-grand-junction-colorado-02-06-2027/event/1E0064D8B1F0BE4B,KovZpa4gke,2027-02-06,19:30:00,2027-02-07T02:30:00Z,America/Denver,onsale,2026-07-10T16:00:00Z,2027-02-07T04:30:00Z,,,,EMPORIUM PRESENTS,KZFzniwnSyZfZ7v7nJ,Music,KnvZfZ7vAe6,Undefined,KZazBEonSMnZfZ7v6JI,Undefined,2026-09-20T22:44:05.080653+00:00
Z7r9jZ1A70tu4,The Hip Abduction (16 and Over),https://www.ticketmaster.com/event/Z7r9jZ1A70tu4,Z7r9jZadVI,2027-02-06,19:30:00,2027-02-07T02:30:00Z,,onsale,1900-01-01T06:00:00Z,2027-02-07T02:30:00Z,,,,,KZFzniwnSyZfZ7v7nJ,Music,KnvZfZ7vAvl,Other,KZazBEonSMnZfZ7vk1I,Other,2026-09-20T22:44:05.080653+00:00
Z7r9jZ1AAZEPN,BLANKE - PRESENTS EDGE OF THE WORLD - Ages 18+,https://www.ticketmaster.com/event/Z7r9jZ1AAZEPN,Z7r9jZa7cI,2027-02-06,21:00:00,2027-02-07T04:00:00Z,,onsale,1900-01-01T06:00:00Z,2027-02-07T04:00:00Z,,,,,KZFzniwnSyZfZ7v7nJ,Music,KnvZfZ7vAvl,Other,KZazBEonSMnZfZ7vk1I,Other,2026-09-20T22:44:05.080653+00:00
G5vzZ_3CFJPyQ,"No Hope In Hell Tour featuring Heal The Hurt, Cultist, and Small Voice",https://www.ticketmaster.com/no-hope-in-hell-tour-featuring-denver-colorado-02-10-2027/event/1E006523889A5E5A,KovZpZAJeFkA,2027-02-10,18:00:00,2027-02-11T01:00:00Z,America/Denver,onsale,2026-09-11T16:00:00Z,2027-02-11T03:00:00Z,,,,LIVE NATION MUSIC,KZFzniwnSyZfZ7v7nJ,Music,KnvZfZ7vAvt,Metal,KZazBEonSMnZfZ7vaJ6,Nu-Metal,2026-09-20T22:44:05.080653+00:00
1k18vPFNGA2qOWy,"Heal the Hurt, Cultist, Small Voice",https://www.ticketweb.com/event/heal-the-hurt-cultist-small-black-sheep-tickets/14301134?REFERRAL_ID=tmfeed,KovZpZAJ77kA,2027-02-11,19:00:00,2027-02-12T02:00:00Z,America/Denver,onsale,2026-09-10T14:00:00Z,2027-02-12T02:00:00Z,,,,,KZFzniwnSyZfZ7v7nJ,Music,KnvZfZ7vAeA,Rock,KZazBEonSMnZfZ7v6dt,Alternative Rock,2026-09-20T22:44:05.080653+00:00
Z7r9jZ1A70JGf,Colorado Symphony Orchestra presents Tchaikovsky Symphony No. 5 & Saint-Saens Violin Concerto No. 3,https://www.ticketmaster.com/event/Z7r9jZ1A70JGf,Z6r9jZdv1e,2027-02-12,19:30:00,2027-02-13T02:30:00Z,,onsale,1900-01-01T06:00:00Z,2027-02-13T02:30:00Z,,,,,KZFzniwnSyZfZ7v7nJ,Music,KnvZfZ7vAvl,Other,KZazBEonSMnZfZ7vk1I,Other,2026-09-20T22:44:05.080653+00:00
Z7r9jZ1AAZtvS,The Colorado Springs Philharmonic presents Star Wars: Return of the Jedi,https://www.ticketmaster.com/event/Z7r9jZ1AAZtvS,ZFr9jZe777,2027-02-12,19:30:00,2027-02-13T02:30:00Z,,onsale,1900-01-01T06:00:00Z,2027-02-13T02:30:00Z,,,,,KZFzniwnSyZfZ7v7nJ,Music,KnvZfZ7vAvl,Other,KZazBEonSMnZfZ7vk1I,Other,2026-09-20T22:44:05.080653+00:00
G5vzZ_o3iVhXH,Stella Lefty: Long Way Home Tour,https://www.ticketmaster.com/stella-lefty-long-way-home-tour-denver-colorado-02-13-2027/event/1E006514ACD1BFBC,KovZpZAE6eJA,2027-02-13,19:00:00,2027-02-14T02:00:00Z,America/Denver,onsale,2026-08-28T16:00:00Z,2027-02-14T04:00:00Z,,,,LIVE NATION MUSIC,KZFzniwnSyZfZ7v7nJ,Music,KnvZfZ7vAev,Pop,KZazBEonSMnZfZ7vaEl,Electro Pop,2026-09-20T22:44:05.080653+00:00
Z7r9jZ1A70JGM,Colorado Symphony Orchestra presents Tchaikovsky Symphony No. 5 & Saint-Saens Violin Concerto No. 3,https://www.ticketmaster.com/event/Z7r9jZ1A70JGM,Z6r9jZdv1e,2027-02-13,19:30:00,2027-02-14T02:30:00Z,,onsale,1900-01-01T06:00:00Z,2027-02-14T02:30:00Z,,,,,KZFzniwnSyZfZ7v7nJ,Music,KnvZfZ7vAvl,Other,KZazBEonSMnZfZ7vk1I,Other,2026-09-20T22:44:05.080653+00:00
Z7r9jZ1AAZtvV,The Colorado Springs Philharmonic presents Star Wars: Return of the Jedi,https://www.ticketmaster.com/event/Z7r9jZ1AAZtvV,ZFr9jZe777,2027-02-13,19:30:00,2027-02-14T02:30:00Z,,onsale,1900-01-01T06:00:00Z,2027-02-14T02:30:00Z,,,,,KZFzniwnSyZfZ7v7nJ,Music,KnvZfZ7vAvl,Other,KZazBEonSMnZfZ7vk1I,Other,2026-09-20T22:44:05.080653+00:00
Z7r9jZ1AAZV0V,La Fiera de Ojinaga - Fiesta de Enamorados,https://www.ticketmaster.com/event/Z7r9jZ1AAZV0V,ZFr9jZ76Ak,2027-02-13,21:00:00,2027-02-14T04:00:00Z,,onsale,1900-01-01T06:00:00Z,2027-02-14T04:00:00Z,,,,,KZFzniwnSyZfZ7v7nJ,Music,KnvZfZ7vAvl,Other,KZazBEonSMnZfZ7vk1I,Other,2026-09-20T22:44:05.080653+00:00
Z7r9jZ1AAZyOw,SoDown (16+ Event),https://www.ticketmaster.com/event/Z7r9jZ1AAZyOw,Z7r9jZadVI,2027-02-13,21:00:00,2027-02-14T04:00:00Z,,onsale,1900-01-01T18:00:00Z,2027-02-14T04:00:00Z,,,,,KZFzniwnSyZfZ7v7nJ,Music,KnvZfZ7vAvl,Other,KZazBEonSMnZfZ7vk1I,Other,2026-09-20T22:44:05.080653+00:00
Z7r9jZ1A70Juv,Colorado Symphony Orchestra presents Tchaikovsky Symphony No. 5 & Saint-Saens Violin Concerto No. 3,https://www.ticketmaster.com/event/Z7r9jZ1A70Juv,Z6r9jZdv1e,2027-02-14,13:00:00,2027-02-14T20:00:00Z,,onsale,1900-01-01T06:00:00Z,2027-02-14T20:00:00Z,,,,,KZFzniwnSyZfZ7v7nJ,Music,KnvZfZ7vAvl,Other,KZazBEonSMnZfZ7vk1I,Other,2026-09-20T22:44:05.080653+00:00
G5vzZ_oE6FCeI,Polyphia: BE NOT AFRAID World Tour ,https://www.ticketmaster.com/polyphia-be-not-afraid-world-tour-denver-colorado-02-20-2027/event/1E006519C720E0A8,KovZpZAE6eJA,2027-02-20,18:30:00,2027-02-21T01:30:00Z,America/Denver,onsale,2026-08-28T13:00:00Z,2027-02-21T03:30:00Z,,,,LIVE NATION MUSIC,KZFzniwnSyZfZ7v7nJ,Music,KnvZfZ7vAeA,Rock,KZazBEonSMnZfZ7v6dt,Alternative Rock,2026-09-20T22:44:05.080653+00:00
Z7r9jZ1AAZtok,The Colorado Springs Philharmonic presents Verdi / Tchaikovsky,https://www.ticketmaster.com/event/Z7r9jZ1AAZtok,ZFr9jZe777,2027-02-20,19:30:00,2027-02-21T02:30:00Z,,onsale,1900-01-01T06:00:00Z,2027-02-21T02:30:00Z,,,,,KZFzniwnSyZfZ7v7nJ,Music,KnvZfZ7vAvl,Other,KZazBEonSMnZfZ7vk1I,Other,2026-09-20T22:44:05.080653+00:00
Z7r9jZ1A70Jue,Colorado Symphony Orchestra presents Peter and the Wolf,https://www.ticketmaster.com/event/Z7r9jZ1A70Jue,Z6r9jZdv1e,2027-02-21,14:30:00,2027-02-21T21:30:00Z,,onsale,1900-01-01T06:00:00Z,2027-02-21T21:30:00Z,,,,,KZFzniwnSyZfZ7v7nJ,Music,KnvZfZ7vAvl,Other,KZazBEonSMnZfZ7vk1I,Other,2026-09-20T22:44:05.080653+00:00
Z7r9jZ1AAZto6,The Colorado Springs Philharmonic presents Verdi / Tchaikovsky,https://www.ticketmaster.com/event/Z7r9jZ1AAZto6,ZFr9jZe777,2027-02-21,14:30:00,2027-02-21T21:30:00Z,,onsale,1900-01-01T06:00:00Z,2027-02-21T21:30:00Z,,,,,KZFzniwnSyZfZ7v7nJ,Music,KnvZfZ7vAvl,Other,KZazBEonSMnZfZ7vk1I,Other,2026-09-20T22:44:05.080653+00:00
G5vzZ_GCrLtbm,Wheeler Walker Jr. - Pullin' Out: The Farewell Tour,https://www.ticketmaster.com/wheeler-walker-jr-pullin-out-the-denver-colorado-02-27-2027/event/1E0064C39E7E962E,KovZpZAFFt1A,2027-02-27,19:00:00,2027-02-28T02:00:00Z,America/Denver,onsale,2026-06-12T16:00:00Z,2027-02-28T04:00:00Z,,,,LIVE NATION MUSIC,KZFzniwnSyZfZ7v7nJ,Music,KnvZfZ7vAv6,Country,KZazBEonSMnZfZ7vAFa,Country,2026-09-20T22:44:05.080653+00:00
Z7r9jZ1A70VfE,Wynton Marsalis,https://www.ticketmaster.com/event/Z7r9jZ1A70VfE,ZFr9jZ7eA1,2027-03-05,19:30:00,2027-03-06T02:30:00Z,,onsale,1900-01-01T06:00:00Z,2027-03-06T02:30:00Z,,,,,KZFzniwnSyZfZ7v7nJ,Music,KnvZfZ7vAvd,Blues,KZazBEonSMnZfZ7vAk6,Jazz Blues,2026-09-20T22:44:05.336677+00:00
Z7r9jZ1AAZtZk,The Colorado Springs Philharmonic presents Pink Martini,https://www.ticketmaster.com/event/Z7r9jZ1AAZtZk,ZFr9jZe777,2027-03-05,19:30:00,2027-03-06T02:30:00Z,,onsale,1900-01-01T06:00:00Z,2027-03-06T02:30:00Z,,,,,KZFzniwnSyZfZ7v7nJ,Music,KnvZfZ7vAvd,Blues,KZazBEonSMnZfZ7vAk6,Jazz Blues,2026-09-20T22:44:05.336677+00:00
Z7r9jZ1A7Pf46,Sylvan Esso (16 and Over),https://www.ticketmaster.com/event/Z7r9jZ1A7Pf46,ZFr9jZedde,2027-03-05,21:00:00,2027-03-06T04:00:00Z,,onsale,1900-01-01T06:00:00Z,2027-03-06T04:00:00Z,,,,,KZFzniwnSyZfZ7v7nJ,Music,KnvZfZ7vAvF,Dance/Electronic,KZazBEonSMnZfZ7vA1E,Dance/Electronic,2026-09-20T22:44:05.336677+00:00
Z7r9jZ1A70JGt,Colorado Symphony Orchestra presents Everything I Know - Mandy Gonzalez Sings Lin-Manuel Miranda,https://www.ticketmaster.com/event/Z7r9jZ1A70JGt,Z6r9jZdv1e,2027-03-06,19:30:00,2027-03-07T02:30:00Z,,onsale,1900-01-01T06:00:00Z,2027-03-07T02:30:00Z,,,,,KZFzniwnSyZfZ7v7nJ,Music,KnvZfZ7vAvl,Other,KZazBEonSMnZfZ7vk1I,Other,2026-09-20T22:44:05.336677+00:00
Z7r9jZ1A7JoxZ,Pink Martini,https://www.ticketmaster.com/event/Z7r9jZ1A7JoxZ,ZFr9jZe777,2027-03-06,19:30:00,2027-03-07T02:30:00Z,,onsale,1900-01-01T06:00:00Z,2027-03-07T02:30:00Z,,,,,KZFzniwnSyZfZ7v7nJ,Music,KnvZfZ7vAvd,Blues,KZazBEonSMnZfZ7vAk6,Jazz Blues,2026-09-20T22:44:05.336677+00:00
Z7r9jZ1A70_-g,Blue October (16 and Over),https://www.ticketmaster.com/event/Z7r9jZ1A70_-g,Z7r9jZadVI,2027-03-06,20:00:00,2027-03-07T03:00:00Z,,onsale,1900-01-01T06:00:00Z,2027-03-07T03:00:00Z,,,,,KZFzniwnSyZfZ7v7nJ,Music,KnvZfZ7vAvv,Alternative,KZazBEonSMnZfZ7vAvn,Alternative Rock,2026-09-20T22:44:05.336677+00:00
Z7r9jZ1A7PJ-S,Sylvan Esso (16 and Over),https://www.ticketmaster.com/event/Z7r9jZ1A7PJ-S,ZFr9jZedde,2027-03-06,21:00:00,2027-03-07T04:00:00Z,,onsale,1900-01-01T06:00:00Z,2027-03-07T04:00:00Z,,,,,KZFzniwnSyZfZ7v7nJ,Music,KnvZfZ7vAvF,Dance/Electronic,KZazBEonSMnZfZ7vA1E,Dance/Electronic,2026-09-20T22:44:05.336677+00:00
Z7r9jZ1A70_P7,Blue October,https://www.ticketmaster.com/event/Z7r9jZ1A70_P7,ZFr9jZe777,2027-03-07,20:00:00,2027-03-08T03:00:00Z,,onsale,2026-05-15T16:00:00Z,2027-03-08T03:00:00Z,,,,,KZFzniwnSyZfZ7v7nJ,Music,KnvZfZ7vAvv,Alternative,KZazBEonSMnZfZ7vAvn,Alternative Rock,2026-09-20T22:44:05.336677+00:00
Z7r9jZ1A70JGg,Colorado Symphony Orchestra presents Beethoven???s Fifth and Emperor Concerto with Kahane and Oundjian,https://www.ticketmaster.com/event/Z7r9jZ1A70JGg,Z6r9jZdv1e,2027-03-12,19:30:00,2027-03-13T02:30:00Z,,onsale,1900-01-01T06:00:00Z,2027-03-13T02:30:00Z,,,,,KZFzniwnSyZfZ7v7nJ,Music,KnvZfZ7vAvl,Other,KZazBEonSMnZfZ7vk1I,Other,2026-09-20T22:44:05.336677+00:00
Z7r9jZ1A70JuZ,Colorado Symphony Orchestra presents Beethoven???s Fifth and Emperor Concerto with Kahane and Oundjian,https://www.ticketmaster.com/event/Z7r9jZ1A70JuZ,Z6r9jZdv1e,2027-03-13,19:30:00,2027-03-14T02:30:00Z,,onsale,1900-01-01T06:00:00Z,2027-03-14T02:30:00Z,,,,,KZFzniwnSyZfZ7v7nJ,Music,KnvZfZ7vAvl,Other,KZazBEonSMnZfZ7vk1I,Other,2026-09-20T22:44:05.336677+00:00
Z7r9jZ1AAZto7,The Colorado Springs Philharmonic presents The Inextinguishable,https://www.ticketmaster.com/event/Z7r9jZ1AAZto7,ZFr9jZe777,2027-03-13,19:30:00,2027-03-14T02:30:00Z,,onsale,1900-01-01T06:00:00Z,2027-03-14T02:30:00Z,,,,,KZFzniwnSyZfZ7v7nJ,Music,KnvZfZ7vAvl,Other,KZazBEonSMnZfZ7vk1I,Other,2026-09-20T22:44:05.336677+00:00
Z7r9jZ1AAZzat,Heyz (16 and Over),https://www.ticketmaster.com/event/Z7r9jZ1AAZzat,Z7r9jZadVI,2027-03-13,21:00:00,2027-03-14T04:00:00Z,,onsale,1900-01-01T18:00:00Z,2027-03-14T04:00:00Z,,,,,KZFzniwnSyZfZ7v7nJ,Music,KnvZfZ7vAvl,Other,KZazBEonSMnZfZ7vk1I,Other,2026-09-20T22:44:05.336677+00:00
Z7r9jZ1A70JjM,Colorado Symphony Orchestra presents Beethoven???s Fifth and Emperor Concerto with Kahane and Oundjian,https://www.ticketmaster.com/event/Z7r9jZ1A70JjM,Z6r9jZdv1e,2027-03-14,13:00:00,2027-03-14T19:00:00Z,,onsale,1900-01-01T06:00:00Z,2027-03-14T19:00:00Z,,,,,KZFzniwnSyZfZ7v7nJ,Music,KnvZfZ7vAvl,Other,KZazBEonSMnZfZ7vk1I,Other,2026-09-20T22:44:05.336677+00:00
Z7r9jZ1AAZtoA,The Colorado Springs Philharmonic presents The Inextinguishable,https://www.ticketmaster.com/event/Z7r9jZ1AAZtoA,ZFr9jZe777,2027-03-14,14:30:00,2027-03-14T20:30:00Z,,onsale,1900-01-01T06:00:00Z,2027-03-14T20:30:00Z,,,,,KZFzniwnSyZfZ7v7nJ,Music,KnvZfZ7vAvl,Other,KZazBEonSMnZfZ7vk1I,Other,2026-09-20T22:44:05.336677+00:00
Z7r9jZ1AAvkbw,Michelle Branch: Everywhere And Back Again Tour - Ages 16+,https://www.ticketmaster.com/event/Z7r9jZ1AAvkbw,Z7r9jZadVI,2027-03-17,20:00:00,2027-03-18T02:00:00Z,,onsale,1900-01-01T06:00:00Z,2027-03-18T02:00:00Z,,,,,KZFzniwnSyZfZ7v7nJ,Music,KnvZfZ7vAvv,Alternative,KZazBEonSMnZfZ7vAvn,Alternative Rock,2026-09-20T22:44:05.336677+00:00
G5vzZ_8mbT6VK,The Black Jacket Symphony Presents Michael Jackson's 'Thriller',https://www.ticketmaster.com/the-black-jacket-symphony-presents-michael-grand-junction-colorado-03-20-2027/event/1E00650B98FC7D13,KovZpa4gke,2027-03-20,19:30:00,2027-03-21T01:30:00Z,America/Denver,onsale,2026-08-28T16:00:00Z,2027-03-21T03:30:00Z,,,,EMPORIUM PRESENTS,KZFzniwnSyZfZ7v7nJ,Music,KnvZfZ7vAeA,Rock,KZazBEonSMnZfZ7v6F1,Pop,2026-09-20T22:44:05.336677+00:00
G5vzZ_3XNsPzV,Games We Play - I Wish I Never Quit Tour,https://tickets.meowwolf.com/denver/events/games-we-play2027/,KovZ917AYbY,2027-03-23,20:00:00,2027-03-24T02:00:00Z,America/Denver,offsale,2026-09-25T14:00:00Z,2027-03-24T02:00:00Z,,,,LIVE NATION MUSIC,KZFzniwnSyZfZ7v7nJ,Music,KnvZfZ7vAeA,Rock,KZazBEonSMnZfZ7v6dt,Alternative Rock,2026-09-20T22:44:05.336677+00:00
G5vzZ_KeilE5w,HANS ZIMMER LIVE - THE NEXT LEVEL,https://www.ticketmaster.com/hans-zimmer-live-the-next-level-denver-colorado-03-25-2027/event/1E006530ACAE72F2,KovZpZAFaJeA,2027-03-25,19:30:00,2027-03-26T01:30:00Z,America/Denver,offsale,2026-09-25T16:00:00Z,2027-03-26T03:30:00Z,,,,AEG LIVE,KZFzniwnSyZfZ7v7nJ,Music,KnvZfZ7vAeJ,Classical,KZazBEonSMnZfZ7vF1A,Classical/Vocal,2026-09-20T22:44:05.336677+00:00
Z7r9jZ1AAvx0-,Twilight in Concert,https://www.ticketmaster.com/event/Z7r9jZ1AAvx0-,ZFr9jZe777,2027-03-30,19:30:00,2027-03-31T01:30:00Z,,onsale,2026-09-10T16:00:00Z,2027-03-31T01:30:00Z,,,,,KZFzniwnSyZfZ7v7nJ,Music,KnvZfZ7vAvl,Other,KZazBEonSMnZfZ7vk1I,Other,2026-09-20T22:44:05.336677+00:00
1Ae0Z_3GkIsHYXg,Chasing Abbey,https://www.ticketweb.com/event/chasing-abbey-black-sheep-tickets/14314654?REFERRAL_ID=tmfeed,KovZpZAJ77kA,2027-04-01,20:00:00,2027-04-02T02:00:00Z,America/Denver,onsale,2026-09-15T16:00:00Z,2027-04-02T02:00:00Z,,,,,KZFzniwnSyZfZ7v7nJ,Music,KnvZfZ7vAvF,Dance/Electronic,KZazBEonSMnZfZ7vaEn,Amapiano,2026-09-20T22:44:05.657178+00:00
G5vzZ_3XqU4b6,Chasing Abbey,https://www.ticketweb.com/event/chasing-abbey-black-sheep-tickets/14314654?pl=blacksheep,KovZpZAAlnvA,2027-04-01,20:00:00,2027-04-02T02:00:00Z,America/Denver,onsale,2026-09-18T16:00:00Z,2027-04-02T02:00:00Z,,,,LIVE NATION MUSIC,KZFzniwnSyZfZ7v7nJ,Music,KnvZfZ7vAvF,Dance/Electronic,KZazBEonSMnZfZ7vaEn,Amapiano,2026-09-20T22:44:05.657178+00:00
Z7r9jZ1AAvJjZ,Chasing Abbey,https://www.ticketmaster.com/event/Z7r9jZ1AAvJjZ,ZFr9jZAFk1,2027-04-01,20:00:00,2027-04-02T02:00:00Z,,onsale,2026-09-15T16:00:00Z,2027-04-02T02:00:00Z,,,,,KZFzniwnSyZfZ7v7nJ,Music,KnvZfZ7vAvF,Dance/Electronic,KZazBEonSMnZfZ7vAJJ,Dance Pop,2026-09-20T22:44:05.657178+00:00
Z7r9jZ1A70Ju8,Colorado Symphony Orchestra presents Dragon Conducts Brahms' 4th and elijah with Yumi Hwang-Williams,https://www.ticketmaster.com/event/Z7r9jZ1A70Ju8,Z6r9jZdv1e,2027-04-02,19:30:00,2027-04-03T01:30:00Z,,onsale,1900-01-01T06:00:00Z,2027-04-03T01:30:00Z,,,,,KZFzniwnSyZfZ7v7nJ,Music,KnvZfZ7vAvl,Other,KZazBEonSMnZfZ7vk1I,Other,2026-09-20T22:44:05.657178+00:00
Z7r9jZ1A70Juf,Colorado Symphony Orchestra presents Dragon Conducts Brahms' 4th and elijah with Yumi Hwang-Williams,https://www.ticketmaster.com/event/Z7r9jZ1A70Juf,Z6r9jZdv1e,2027-04-03,19:30:00,2027-04-04T01:30:00Z,,onsale,1900-01-01T06:00:00Z,2027-04-04T01:30:00Z,,,,,KZFzniwnSyZfZ7v7nJ,Music,KnvZfZ7vAvl,Other,KZazBEonSMnZfZ7vk1I,Other,2026-09-20T22:44:05.657178+00:00
Z7r9jZ1A70JGE,Colorado Symphony Orchestra presents Dragon Conducts Brahms' 4th and elijah with Yumi Hwang-Williams,https://www.ticketmaster.com/event/Z7r9jZ1A70JGE,Z6r9jZdv1e,2027-04-04,13:00:00,2027-04-04T19:00:00Z,,onsale,1900-01-01T06:00:00Z,2027-04-04T19:00:00Z,,,,,KZFzniwnSyZfZ7v7nJ,Music,KnvZfZ7vAvl,Other,KZazBEonSMnZfZ7vk1I,Other,2026-09-20T22:44:05.657178+00:00
Z7r9jZ1A70g46,Nothing But Thieves (16 and Over),https://www.ticketmaster.com/event/Z7r9jZ1A70g46,Z7r9jZadVI,2027-04-09,20:00:00,2027-04-10T02:00:00Z,,onsale,1900-01-01T06:00:00Z,2027-04-10T02:00:00Z,,,,,KZFzniwnSyZfZ7v7nJ,Music,KnvZfZ7vAvl,Other,KZazBEonSMnZfZ7vk1I,Other,2026-09-20T22:44:05.657178+00:00
G5vzZ_2S6pcvP,Elías Medina En Concierto,https://www.ticketmaster.com/elias-medina-en-concierto-denver-colorado-04-10-2027/event/1E0064FCC75AD065,KovZpZAFa1nA,2027-04-10,20:00:00,2027-04-11T02:00:00Z,America/Denver,onsale,2026-07-31T16:00:00Z,2027-04-11T04:00:00Z,,,,PROMOTED BY VENUE,KZFzniwnSyZfZ7v7nJ,Music,KnvZfZ7vAev,Pop,KZazBEonSMnZfZ7vaEl,Electro Pop,2026-09-20T22:44:05.657178+00:00
Z7r9jZ1A70boP,Colorado Symphony Orchestra presents Drums of the World,https://www.ticketmaster.com/event/Z7r9jZ1A70boP,Z6r9jZdv1e,2027-04-11,14:30:00,2027-04-11T20:30:00Z,,onsale,1900-01-01T06:00:00Z,2027-04-11T20:30:00Z,,,,,KZFzniwnSyZfZ7v7nJ,Music,KnvZfZ7vAvl,Other,KZazBEonSMnZfZ7vk1I,Other,2026-09-20T22:44:05.657178+00:00
Z7r9jZ1AAZ4xf,The Colorado Springs Philharmonic presents Beethoven 9,https://www.ticketmaster.com/event/Z7r9jZ1AAZ4xf,ZFr9jZe777,2027-04-17,19:30:00,2027-04-18T01:30:00Z,,onsale,1900-01-01T06:00:00Z,2027-04-18T01:30:00Z,,,,,KZFzniwnSyZfZ7v7nJ,Music,KnvZfZ7vAvl,Other,KZazBEonSMnZfZ7vk1I,Other,2026-09-20T22:44:05.657178+00:00
Z7r9jZ1AAZ4xK,The Colorado Springs Philharmonic presents Beethoven 9,https://www.ticketmaster.com/event/Z7r9jZ1AAZ4xK,ZFr9jZe777,2027-04-18,14:30:00,2027-04-18T20:30:00Z,,onsale,1900-01-01T06:00:00Z,2027-04-18T20:30:00Z,,,,,KZFzniwnSyZfZ7v7nJ,Music,KnvZfZ7vAvl,Other,KZazBEonSMnZfZ7vk1I,Other,2026-09-20T22:44:05.657178+00:00
Z7r9jZ1AAZIvY,Third Day w/ Zach Williams,https://www.ticketmaster.com/event/Z7r9jZ1AAZIvY,ZFr9jZe1ve,2027-04-24,19:00:00,2027-04-25T01:00:00Z,,onsale,2026-08-14T16:00:00Z,2027-04-25T01:00:00Z,,,,,KZFzniwnSyZfZ7v7nJ,Music,KnvZfZ7vAev,Pop,KZazBEonSMnZfZ7vk1l,Adult Contemporary,2026-09-20T22:44:05.657178+00:00
G5vzZ_CL6UyOd,SAINT LEVANT - AFANDI WORLD TOUR,https://www.ticketmaster.com/saint-levant-afandi-world-tour-denver-colorado-04-25-2027/event/1E0064E7C7DB9803,KovZpZAFFt1A,2027-04-25,19:00:00,2027-04-26T01:00:00Z,America/Denver,rescheduled,2026-07-24T16:00:00Z,2027-04-26T03:00:00Z,,,,LIVE NATION MUSIC,KZFzniwnSyZfZ7v7nJ,Music,KnvZfZ7vAv1,Hip-Hop/Rap,KZazBEonSMnZfZ7vaEI,Trap,2026-09-20T22:44:05.657178+00:00
G5vzZ_3mnVFjD,The Warning - Everything's Falling World Tour,https://www.ticketmaster.com/the-warning-everythings-falling-world-tour-denver-colorado-04-28-2027/event/1E00652BAAD0873B,KovZpZAE6eJA,2027-04-28,18:30:00,2027-04-29T00:30:00Z,America/Denver,onsale,2026-09-18T16:00:00Z,2027-04-29T02:30:00Z,,,,LIVE NATION MUSIC,KZFzniwnSyZfZ7v7nJ,Music,KnvZfZ7vAeA,Rock,KZazBEonSMnZfZ7v6dt,Alternative Rock,2026-09-20T22:44:05.657178+00:00
G5vzZ_31CTAgx,Alaska Thunderf*ck: The Revolution Tour,https://www.ticketmaster.com/alaska-thunderfck-the-revolution-tour-denver-colorado-04-28-2027/event/1E0065228EFC5D62,KovZpZAJeFkA,2027-04-28,19:00:00,2027-04-29T01:00:00Z,America/Denver,onsale,2026-09-18T16:00:00Z,2027-04-29T03:00:00Z,,,,LIVE NATION MUSIC,KZFzniwnSyZfZ7v7nJ,Music,KnvZfZ7vAev,Pop,KZazBEonSMnZfZ7vaEl,Electro Pop,2026-09-20T22:44:05.657178+00:00
Z7r9jZ1A70v48,French 79,https://www.ticketmaster.com/event/Z7r9jZ1A70v48,ZFr9jZdde7,2027-04-28,20:00:00,2027-04-29T02:00:00Z,,onsale,1900-01-01T06:00:00Z,2027-04-29T02:00:00Z,,,,,KZFzniwnSyZfZ7v7nJ,Music,KnvZfZ7vAvl,Other,KZazBEonSMnZfZ7vk1I,Other,2026-09-20T22:44:05.657178+00:00
Z7r9jZ1A7PK0S,FKJ (16 and Over),https://www.ticketmaster.com/event/Z7r9jZ1A7PK0S,Z7r9jZadVI,2027-04-29,20:00:00,2027-04-30T02:00:00Z,,onsale,1900-01-01T06:00:00Z,2027-04-30T02:00:00Z,,,,,KZFzniwnSyZfZ7v7nJ,Music,KnvZfZ7vAvl,Other,KZazBEonSMnZfZ7vk1I,Other,2026-09-20T22:44:05.657178+00:00
Z7r9jZ1A70JuA,"Colorado Symphony Orchestra presents Oundjian Conducts Mahler???s ""Titan"" and Gershwin with Helene Grimaud",https://www.ticketmaster.com/event/Z7r9jZ1A70JuA,Z6r9jZdv1e,2027-04-30,19:30:00,2027-05-01T01:30:00Z,,onsale,1900-01-01T06:00:00Z,2027-05-01T01:30:00Z,,,,,KZFzniwnSyZfZ7v7nJ,Music,KnvZfZ7vAvl,Other,KZazBEonSMnZfZ7vk1I,Other,2026-09-20T22:44:06.065368+00:00
Z7r9jZ1A70Jbk,"Colorado Symphony Orchestra presents Oundjian Conducts Mahler???s ""Titan"" and Gershwin with Helene Grimaud",https://www.ticketmaster.com/event/Z7r9jZ1A70Jbk,Z6r9jZdv1e,2027-05-01,19:30:00,2027-05-02T01:30:00Z,,onsale,1900-01-01T06:00:00Z,2027-05-02T01:30:00Z,,,,,KZFzniwnSyZfZ7v7nJ,Music,KnvZfZ7vAvl,Other,KZazBEonSMnZfZ7vk1I,Other,2026-09-20T22:44:06.065368+00:00
Z7r9jZ1A70Juo,"Colorado Symphony Orchestra presents Oundjian Conducts Mahler???s ""Titan"" and Gershwin with Helene Grimaud",https://www.ticketmaster.com/event/Z7r9jZ1A70Juo,Z6r9jZdv1e,2027-05-02,13:00:00,2027-05-02T19:00:00Z,,onsale,1900-01-01T06:00:00Z,2027-05-02T19:00:00Z,,,,,KZFzniwnSyZfZ7v7nJ,Music,KnvZfZ7vAvl,Other,KZazBEonSMnZfZ7vk1I,Other,2026-09-20T22:44:06.065368+00:00
G5vzZ_8rNYuuu,Mass of the Fermenting Dregs,https://www.ticketmaster.com/mass-of-the-fermenting-dregs-denver-colorado-05-02-2027/event/1E006507A3C0D34D,KovZpZAFFt1A,2027-05-02,19:00:00,2027-05-03T01:00:00Z,America/Denver,onsale,2026-08-13T16:00:00Z,2027-05-03T03:00:00Z,,,,LIVE NATION MUSIC,KZFzniwnSyZfZ7v7nJ,Music,KnvZfZ7vAeF,World,KZazBEonSMnZfZ7v6Jt,World,2026-09-20T22:44:06.065368+00:00
Z7r9jZ1A70dvv,Colorado Symphony Orchestra presents ONE PIECE Music Symphony in Concert,https://www.ticketmaster.com/event/Z7r9jZ1A70dvv,Z6r9jZdv1e,2027-05-06,19:30:00,2027-05-07T01:30:00Z,,onsale,1900-01-01T06:00:00Z,2027-05-07T01:30:00Z,,,,,KZFzniwnSyZfZ7v7nJ,Music,KnvZfZ7vAvl,Other,KZazBEonSMnZfZ7vk1I,Other,2026-09-20T22:44:06.065368+00:00
Z7r9jZ1A70JG0,Colorado Symphony Orchestra presents The Great Outdoors: A Symphonic Adventure,https://www.ticketmaster.com/event/Z7r9jZ1A70JG0,Z6r9jZdv1e,2027-05-09,14:30:00,2027-05-09T20:30:00Z,,onsale,1900-01-01T06:00:00Z,2027-05-09T20:30:00Z,,,,,KZFzniwnSyZfZ7v7nJ,Music,KnvZfZ7vAvl,Other,KZazBEonSMnZfZ7vk1I,Other,2026-09-20T22:44:06.065368+00:00
Z7r9jZ1A70Jua,Colorado Symphony Orchestra presents Brahms' A German Requiem with Anthony Parnther and the Colorado Symphony Chorus,https://www.ticketmaster.com/event/Z7r9jZ1A70Jua,Z6r9jZdv1e,2027-05-14,19:30:00,2027-05-15T01:30:00Z,,onsale,1900-01-01T06:00:00Z,2027-05-15T01:30:00Z,,,,,KZFzniwnSyZfZ7v7nJ,Music,KnvZfZ7vAvl,Other,KZazBEonSMnZfZ7vk1I,Other,2026-09-20T22:44:06.065368+00:00
Z7r9jZ1A7J3av,The Colorado Springs Philharmonic presents Harry Potter & the Sorcerer???s Stone,https://www.ticketmaster.com/event/Z7r9jZ1A7J3av,ZFr9jZe777,2027-05-14,19:30:00,2027-05-15T01:30:00Z,,onsale,1900-01-01T06:00:00Z,2027-05-15T01:30:00Z,,,,,KZFzniwnSyZfZ7v7nJ,Music,KnvZfZ7vAvl,Other,KZazBEonSMnZfZ7vk1I,Other,2026-09-20T22:44:06.065368+00:00
Z7r9jZ1A70JGx,Colorado Symphony Orchestra presents Brahms' A German Requiem with Anthony Parnther and the Colorado Symphony Chorus,https://www.ticketmaster.com/event/Z7r9jZ1A70JGx,Z6r9jZdv1e,2027-05-15,19:30:00,2027-05-16T01:30:00Z,,onsale,1900-01-01T06:00:00Z,2027-05-16T01:30:00Z,,,,,KZFzniwnSyZfZ7v7nJ,Music,KnvZfZ7vAvl,Other,KZazBEonSMnZfZ7vk1I,Other,2026-09-20T22:44:06.065368+00:00
Z7r9jZ1A7J3ae,The Colorado Springs Philharmonic presents Harry Potter & the Sorcerer???s Stone,https://www.ticketmaster.com/event/Z7r9jZ1A7J3ae,ZFr9jZe777,2027-05-15,19:30:00,2027-05-16T01:30:00Z,,onsale,1900-01-01T06:00:00Z,2027-05-16T01:30:00Z,,,,,KZFzniwnSyZfZ7v7nJ,Music,KnvZfZ7vAvl,Other,KZazBEonSMnZfZ7vk1I,Other,2026-09-20T22:44:06.065368+00:00
Z7r9jZ1A70JGU,Colorado Symphony Orchestra presents Brahms' A German Requiem with Anthony Parnther and the Colorado Symphony Chorus,https://www.ticketmaster.com/event/Z7r9jZ1A70JGU,Z6r9jZdv1e,2027-05-16,13:00:00,2027-05-16T19:00:00Z,,onsale,1900-01-01T06:00:00Z,2027-05-16T19:00:00Z,,,,,KZFzniwnSyZfZ7v7nJ,Music,KnvZfZ7vAvl,Other,KZazBEonSMnZfZ7vk1I,Other,2026-09-20T22:44:06.065368+00:00
G5vzZ_1LSPOiU,Niall Horan: Dinner Party Live On Tour,https://www.ticketmaster.com/niall-horan-dinner-party-live-on-denver-colorado-05-16-2027/event/1E0064A7F3960B36,KovZpZAFaJeA,2027-05-16,19:30:00,2027-05-17T01:30:00Z,America/Denver,onsale,2026-05-15T16:00:00Z,2027-05-17T03:30:00Z,,,,LIVE NATION MUSIC,KZFzniwnSyZfZ7v7nJ,Music,KnvZfZ7vAeA,Rock,KZazBEonSMnZfZ7v6F1,Pop,2026-09-20T22:44:06.065368+00:00
G5vzZ_1myctnK,Club Level Seating: Niall Horan,https://www.ticketmaster.com/club-level-seating-niall-horan-denver-colorado-05-16-2027/event/1E0064ABB9B69A93,KovZpZAFaJeA,2027-05-16,19:30:00,2027-05-17T01:30:00Z,America/Denver,onsale,2026-05-22T16:00:00Z,2027-05-17T02:30:00Z,,,,PROMOTED BY VENUE,KZFzniwnSyZfZ7v7nJ,Music,KnvZfZ7vAeA,Rock,KZazBEonSMnZfZ7v6F1,Pop,2026-09-20T22:44:06.065368+00:00
Z7r9jZ1A70JGY,Colorado Symphony Orchestra presents The Eclectic Concerto,https://www.ticketmaster.com/event/Z7r9jZ1A70JGY,Z6r9jZdv1e,2027-05-20,19:00:00,2027-05-21T01:00:00Z,,onsale,1900-01-01T06:00:00Z,2027-05-21T01:00:00Z,,,,,KZFzniwnSyZfZ7v7nJ,Music,KnvZfZ7vAvl,Other,KZazBEonSMnZfZ7vk1I,Other,2026-09-20T22:44:06.065368+00:00
Z7r9jZ1A70JuY,Colorado Symphony Orchestra presents Star Wars: A New Hope in Concert,https://www.ticketmaster.com/event/Z7r9jZ1A70JuY,Z6r9jZdv1e,2027-05-22,19:30:00,2027-05-23T01:30:00Z,,onsale,1900-01-01T06:00:00Z,2027-05-23T01:30:00Z,,,,,KZFzniwnSyZfZ7v7nJ,Music,KnvZfZ7vAvl,Other,KZazBEonSMnZfZ7vk1I,Other,2026-09-20T22:44:06.065368+00:00
Z7r9jZ1AAZtZf,The Colorado Springs Philharmonic presents Rachmaninoff / Copland,https://www.ticketmaster.com/event/Z7r9jZ1AAZtZf,ZFr9jZe777,2027-05-22,19:30:00,2027-05-23T01:30:00Z,,onsale,1900-01-01T06:00:00Z,2027-05-23T01:30:00Z,,,,,KZFzniwnSyZfZ7v7nJ,Music,KnvZfZ7vAvl,Other,KZazBEonSMnZfZ7vk1I,Other,2026-09-20T22:44:06.065368+00:00
Z7r9jZ1A70Jus,Colorado Symphony Orchestra presents Star Wars: A New Hope in Concert,https://www.ticketmaster.com/event/Z7r9jZ1A70Jus,Z6r9jZdv1e,2027-05-23,14:30:00,2027-05-23T20:30:00Z,,onsale,1900-01-01T06:00:00Z,2027-05-23T20:30:00Z,,,,,KZFzniwnSyZfZ7v7nJ,Music,KnvZfZ7vAvl,Other,KZazBEonSMnZfZ7vk1I,Other,2026-09-20T22:44:06.065368+00:00
Z7r9jZ1AAZtZp,The Colorado Springs Philharmonic presents Rachmaninoff / Copland,https://www.ticketmaster.com/event/Z7r9jZ1AAZtZp,ZFr9jZe777,2027-05-23,14:30:00,2027-05-23T20:30:00Z,,onsale,1900-01-01T06:00:00Z,2027-05-23T20:30:00Z,,,,,KZFzniwnSyZfZ7v7nJ,Music,KnvZfZ7vAvl,Other,KZazBEonSMnZfZ7vk1I,Other,2026-09-20T22:44:06.065368+00:00
Z7r9jZ1A70Ju6,Colorado Symphony Orchestra presents Strauss Also sprach Zarathustra with Peter Oundjian,https://www.ticketmaster.com/event/Z7r9jZ1A70Ju6,Z6r9jZdv1e,2027-05-28,19:30:00,2027-05-29T01:30:00Z,,onsale,1900-01-01T06:00:00Z,2027-05-29T01:30:00Z,,,,,KZFzniwnSyZfZ7v7nJ,Music,KnvZfZ7vAvl,Other,KZazBEonSMnZfZ7vk1I,Other,2026-09-20T22:44:06.065368+00:00
Z7r9jZ1A70JG9,Colorado Symphony Orchestra presents Strauss Also sprach Zarathustra with Peter Oundjian,https://www.ticketmaster.com/event/Z7r9jZ1A70JG9,Z6r9jZdv1e,2027-05-29,19:30:00,2027-05-30T01:30:00Z,,onsale,1900-01-01T06:00:00Z,2027-05-30T01:30:00Z,,,,,KZFzniwnSyZfZ7v7nJ,Music,KnvZfZ7vAvl,Other,KZazBEonSMnZfZ7vk1I,Other,2026-09-20T22:44:06.065368+00:00
Z7r9jZ1A70JGJ,Colorado Symphony Orchestra presents Strauss Also sprach Zarathustra with Peter Oundjian,https://www.ticketmaster.com/event/Z7r9jZ1A70JGJ,Z6r9jZdv1e,2027-05-30,13:00:00,2027-05-30T19:00:00Z,,onsale,1900-01-01T06:00:00Z,2027-05-30T19:00:00Z,,,,,KZFzniwnSyZfZ7v7nJ,Music,KnvZfZ7vAvl,Other,KZazBEonSMnZfZ7vk1I,Other,2026-09-20T22:44:06.065368+00:00
Z7r9jZ1A7PdZg,Stick Figure,https://www.ticketmaster.com/event/Z7r9jZ1A7PdZg,ZFr9jZ77ve,2027-06-05,18:00:00,2027-06-06T00:00:00Z,,onsale,1900-01-01T06:00:00Z,2027-06-06T00:00:00Z,,,,,KZFzniwnSyZfZ7v7nJ,Music,KnvZfZ7vAeF,World,KZazBEonSMnZfZ7v6Jt,World,2026-09-20T22:44:06.355282+00:00
Z7r9jZ1AAZgov,(16 and Over),https://www.ticketmaster.com/event/Z7r9jZ1AAZgov,ZFr9jZdde7,2027-06-08,20:00:00,2027-06-09T02:00:00Z,,onsale,1900-01-01T06:00:00Z,2027-06-09T02:00:00Z,,,,,KZFzniwnSyZfZ7v7nJ,Music,KnvZfZ7vAvv,Alternative,KZazBEonSMnZfZ7vAvn,Alternative Rock,2026-09-20T22:44:06.355282+00:00
G5vzZ_8l39sxz,Luke Combs - My Kinda Saturday Night Tour 2027,https://www.ticketmaster.com/luke-combs-my-kinda-saturday-night-denver-colorado-06-19-2027/event/1E00650AD25F18B8,KovZpa3Wne,2027-06-19,17:20:00,2027-06-19T23:20:00Z,America/Denver,onsale,2026-08-21T16:00:00Z,2027-06-19T23:20:00Z,,,,AEG LIVE,KZFzniwnSyZfZ7v7nJ,Music,KnvZfZ7vAv6,Country,KZazBEonSMnZfZ7vAFa,Country,2026-09-20T22:44:06.355282+00:00
G5vzZ_3K6u08y,Kenny Chesney: The Original Vibe Room Tour with Eric Church,https://www.ticketmaster.com/kenny-chesney-the-original-vibe-room-denver-colorado-07-17-2027/event/1E006524C7364439,KovZpa3Wne,2027-07-17,16:30:00,2027-07-17T22:30:00Z,America/Denver,offsale,2026-09-25T16:00:00Z,2027-07-17T22:30:00Z,,,,AEG - TICKETING,KZFzniwnSyZfZ7v7nJ,Music,KnvZfZ7vAv6,Country,KZazBEonSMnZfZ7vAFa,Country,2026-09-20T22:44:06.585672+00:00
Z7r9jZ1A7qU14,Rod Stewart: ONE LAST TIME,https://www.ticketmaster.com/event/Z7r9jZ1A7qU14,ZFr9jZe71a,2027-09-02,19:30:00,2027-09-03T01:30:00Z,,rescheduled,2025-11-14T17:00:00Z,2027-09-03T01:30:00Z,,,,LIVE NATION MUSIC,KZFzniwnSyZfZ7v7nJ,Music,KnvZfZ7vAev,Pop,KZazBEonSMnZfZ7vk1l,Adult Contemporary,2026-09-17T22:38:23.821929+00:00
Z7r9jZ1A7r6o4,Rod Stewart: ONE LAST TIME,https://www.ticketmaster.com/event/Z7r9jZ1A7r6o4,ZFr9jZe71a,2027-09-03,19:30:00,2027-09-04T01:30:00Z,,rescheduled,2025-11-21T17:00:00Z,2027-09-04T01:30:00Z,,,,LIVE NATION MUSIC,KZFzniwnSyZfZ7v7nJ,Music,KnvZfZ7vAev,Pop,KZazBEonSMnZfZ7vk1l,Adult Contemporary,2026-09-17T22:38:23.821929+00:00
